decision_date,dt,horizon,pred_mw,load_plan_mw,actual_mw,mape_hour,mae_mw
2026-08-18,2026-08-19 00:00:00,1,44353.07580639676,43333.0,43515.31,1.9252208162983582,837.765806396761
2026-08-18,2026-08-19 01:00:00,1,42225.924511155805,41270.0,41919.3,0.7314638153685816,306.6245111558019
2026-08-18,2026-08-19 02:00:00,1,39949.22282056247,39191.0,40319.27,0.9177923594289437,370.0471794375262
2026-08-18,2026-08-19 03:00:00,1,39121.76879218831,38232.0,39169.54,0.12196009402124516,47.77120781168924
2026-08-18,2026-08-19 04:00:00,1,38102.12088744773,37284.0,38214.45,0.2939440775734479,112.32911255226645
2026-08-18,2026-08-19 05:00:00,1,38322.92102959514,37330.0,38299.82,0.060316287635664816,23.10102959514188
2026-08-18,2026-08-19 06:00:00,1,38647.36560318191,37662.0,38930.09,0.7262361757141703,282.72439681808464
2026-08-18,2026-08-19 07:00:00,1,41591.80729066217,40344.0,41955.87,0.8677277085133386,364.06270933783526
2026-08-18,2026-08-19 08:00:00,1,48141.73850439658,46649.0,48761.04,1.2700744192564883,619.301495603424
2026-08-18,2026-08-19 09:00:00,1,51308.698426679344,50091.0,52081.19,1.483244859268112,772.4915733206581
2026-08-18,2026-08-19 10:00:00,1,51840.97923492737,51698.0,52883.31,1.9710013708911704,1042.3307650726274
2026-08-18,2026-08-19 11:00:00,1,52545.45442615191,52814.0,53934.14,2.574780229828617,1388.685573848088
2026-08-18,2026-08-19 12:00:00,1,52081.30190427432,52260.0,52729.92,1.2300760094566427,648.6180957256802
2026-08-18,2026-08-19 13:00:00,1,53344.12555797845,53365.0,53909.12,1.0480498327955534,564.9944420215543
2026-08-18,2026-08-19 14:00:00,1,54207.21070698556,54290.0,55259.3,1.9039135367520763,1052.08929301444
2026-08-18,2026-08-19 15:00:00,1,53562.36926839756,53729.0,54540.94,1.7941948407974668,978.5707316024418
2026-08-18,2026-08-19 16:00:00,1,52999.87918808374,53148.0,53485.06,0.907133341378433,485.1808119162597
2026-08-18,2026-08-19 17:00:00,1,52435.18881381965,52231.0,52461.65,0.05043910395565068,26.461186180349614
2026-08-18,2026-08-19 18:00:00,1,50878.69001445181,51011.0,51605.31,1.4080333701089869,726.61998554819
2026-08-18,2026-08-19 19:00:00,1,51653.25313449148,51088.0,52283.31,1.2050822059822062,630.0568655085153
2026-08-18,2026-08-19 20:00:00,1,52400.28826380424,51672.0,52994.28,1.1208600931945032,593.991736195756
2026-08-18,2026-08-19 21:00:00,1,50903.81273291324,50283.0,51271.92,0.7179510092205595,368.10726708675793
2026-08-18,2026-08-19 22:00:00,1,48574.35852548552,48012.0,49287.42,1.4467413277353078,713.0614745144776
2026-08-18,2026-08-19 23:00:00,1,46595.375414220376,45946.0,46997.69,0.856030553373211,402.3145857796262
2026-08-18,2026-08-20 00:00:00,2,45459.72285531696,43591.0,44379.35,2.434404414028065,1080.372855316964
2026-08-18,2026-08-20 01:00:00,2,43093.551903851,41816.0,42565.33,1.2409674818708116,528.2219038510011
2026-08-18,2026-08-20 02:00:00,2,41380.542304740506,40012.0,40915.5,1.1365920121726623,465.04230474050564
2026-08-18,2026-08-20 03:00:00,2,40034.10676442162,38709.0,39693.61,0.8578125406623782,340.4967644216158
2026-08-18,2026-08-20 04:00:00,2,39512.38357159257,37825.0,38798.19,1.8407909533732492,714.1935715925647
2026-08-18,2026-08-20 05:00:00,2,39355.1314662602,37724.0,38828.54,1.356196926951672,526.5914662602008
2026-08-18,2026-08-20 06:00:00,2,39448.94390809125,38032.0,39535.17,0.2180997120000986,86.22609190874937
2026-08-18,2026-08-20 07:00:00,2,42544.24200779172,40728.0,42375.7,0.39773268121051086,168.54200779172243
2026-08-18,2026-08-20 08:00:00,2,49019.942696883205,47222.0,49539.33,1.048434250355822,519.3873031167968
2026-08-18,2026-08-20 09:00:00,2,51713.753343114586,50848.0,52976.45,2.3835056084079085,1262.6966568854114
2026-08-18,2026-08-20 10:00:00,2,52905.965083092015,52475.0,54184.12,2.3589105385636753,1278.154916907988
2026-08-18,2026-08-20 11:00:00,2,53395.48770297488,53764.0,55164.1,3.206092906482869,1768.6122970251163
2026-08-18,2026-08-20 12:00:00,2,53112.27997823572,53125.0,54340.96,2.261056892929903,1228.6800217642813
2026-08-18,2026-08-20 13:00:00,2,54122.6776450177,54248.0,55319.17,2.162889202752499,1196.4923549822997
2026-08-18,2026-08-20 14:00:00,2,54830.13980970516,54982.0,56171.93,2.388720113933852,1341.7901902948433
2026-08-18,2026-08-20 15:00:00,2,54506.0295342492,54266.0,54684.49,0.32634567086717875,178.46046575079527
2026-08-18,2026-08-20 16:00:00,2,53701.31570864927,53514.0,53805.72,0.19403939088767733,104.40429135072918
2026-08-18,2026-08-20 17:00:00,2,52740.26510603283,52464.0,52889.15,0.2815036618421234,148.8848939671734
2026-08-18,2026-08-20 18:00:00,2,51706.44131432373,51304.0,52414.11,1.350149197756612,707.6686856762681
2026-08-18,2026-08-20 19:00:00,2,52450.66706719862,51200.0,53055.76,1.1404849026785795,605.0929328013808
2026-08-18,2026-08-20 20:00:00,2,53093.58423241522,51440.0,53335.8,0.45413356054429627,242.21576758478477
2026-08-18,2026-08-20 21:00:00,2,51804.01385759041,49941.0,52048.97,0.4706263013650187,244.9561424095882
2026-08-18,2026-08-20 22:00:00,2,49555.084402069486,47981.0,50021.62,0.9326679102566386,466.5355979305168
2026-08-18,2026-08-20 23:00:00,2,47085.75056022452,45915.0,47201.51,0.2452452046035818,115.75943977548013
2026-08-20,2026-08-21 00:00:00,1,45300.56928466336,44302.0,45229.82,0.15642176922959528,70.74928466336132
2026-08-20,2026-08-21 01:00:00,1,43097.48420134223,42413.0,42890.96,0.48150985975187344,206.52420134223212
2026-08-20,2026-08-21 02:00:00,1,41532.96629586373,40790.0,41237.55,0.7163769328287553,295.4162958637244
2026-08-20,2026-08-21 03:00:00,1,40061.85989080902,39448.0,39917.63,0.36131877270525165,144.22989080902335
2026-08-20,2026-08-21 04:00:00,1,39239.91016773162,38420.0,38531.33,1.8389714752426647,708.5801677316194
2026-08-20,2026-08-21 05:00:00,1,39244.62785920799,38318.0,39139.87,0.2676499927260568,104.75785920798808
2026-08-20,2026-08-21 06:00:00,1,39713.36793952019,38652.0,39753.11,0.09997220463961154,39.74206047980988
2026-08-20,2026-08-21 07:00:00,1,42860.354036466,41266.0,42875.95,0.03637461918394074,15.595963533996837
2026-08-20,2026-08-21 08:00:00,1,49279.12689159803,47569.0,48819.7,0.941068649741878,459.4268915980356
2026-08-20,2026-08-21 09:00:00,1,52622.47213695736,51056.0,51262.18,2.6535979097208893,1360.2921369573596
2026-08-20,2026-08-21 10:00:00,1,54221.15582208794,52417.0,52566.89,3.146972974980902,1654.2658220879384
2026-08-20,2026-08-21 11:00:00,1,54945.460208375946,53899.0,54260.98,1.2614593550944753,684.4802083759423
2026-08-20,2026-08-21 12:00:00,1,53476.52075671519,52704.0,52760.96,1.356231495247981,715.5607567151892
2026-08-20,2026-08-21 13:00:00,1,53741.72747044371,53371.0,53259.98,0.9045205620499754,481.7474704437045
2026-08-20,2026-08-21 14:00:00,1,55869.962147732535,55000.0,56273.61,0.7172951091416848,403.6478522674661
2026-08-20,2026-08-21 15:00:00,1,55255.44736466277,54537.0,55115.96,0.25307980603579705,139.4873646627675
2026-08-20,2026-08-21 16:00:00,1,54549.59414368625,53915.0,53988.98,1.0383862478717794,560.6141436862454
2026-08-20,2026-08-21 17:00:00,1,53585.60600349351,53083.0,53029.76,1.048177482782319,555.8460034935051
2026-08-20,2026-08-21 18:00:00,1,51994.49809587291,51853.0,52535.89,1.0305181926623739,541.3919041270929
2026-08-20,2026-08-21 19:00:00,1,52624.64016228883,51618.0,53232.25,1.1414318156966319,607.6098377111703
2026-08-20,2026-08-21 20:00:00,1,52496.18548507708,51752.0,53867.39,2.545518754338972,1371.2045149229161
2026-08-20,2026-08-21 21:00:00,1,51312.630558872086,50246.0,51931.1,1.1909423084200268,618.4694411279124
2026-08-20,2026-08-21 22:00:00,1,49436.53760959736,48372.0,49824.31,0.7782794993099458,387.7723904026352
2026-08-20,2026-08-21 23:00:00,1,46970.30971518519,46438.0,47008.66,0.08158131887786796,38.35028481481277
2026-08-21,2026-08-22 00:00:00,1,44414.46425241345,45354.0,45622.21,2.6472758500444242,1207.7457475865522
2026-08-20,2026-08-22 00:00:00,2,44042.16277789976,45406.0,45622.21,3.463328984063337,1580.047222100242
2026-08-20,2026-08-22 01:00:00,2,42348.08852659621,43240.0,43456.81,2.5513181326558123,1108.7214734037843
2026-08-21,2026-08-22 01:00:00,1,42538.61199849618,43219.0,43456.81,2.1128978438680166,918.1980015038207
2026-08-20,2026-08-22 02:00:00,2,41076.71387399149,41558.0,41675.24,1.4361671966580396,598.5261260085099
2026-08-21,2026-08-22 02:00:00,1,40977.20619234381,41618.0,41675.24,1.6749365034399066,698.0338076561893
2026-08-20,2026-08-22 03:00:00,2,39383.71088595565,40096.0,40441.53,2.6156753071517134,1057.8191140443523
2026-08-21,2026-08-22 03:00:00,1,40068.97270128407,40171.0,40441.53,0.9212245400110533,372.5572987159321
2026-08-20,2026-08-22 04:00:00,2,38680.39739743528,39069.0,39471.37,2.0039147426722836,790.9726025647251
2026-08-21,2026-08-22 04:00:00,1,38768.62834751015,39057.0,39471.37,1.7803832309085061,702.7416524898508
2026-08-20,2026-08-22 05:00:00,2,38665.4555924743,38688.0,39309.16,1.6375430243884628,643.7044075256999
2026-08-21,2026-08-22 05:00:00,1,38823.70186132905,38672.0,39309.16,1.234974592870858,485.4581386709542
2026-08-21,2026-08-22 06:00:00,1,38542.56898449945,38576.0,39602.44,2.6762770564150937,1059.8710155005538
2026-08-20,2026-08-22 06:00:00,2,38386.28384290081,38570.0,39602.44,3.070912188994392,1216.1561570991908
2026-08-21,2026-08-22 07:00:00,1,40309.51756139752,40339.0,41550.17,2.985914229959771,1240.6524386024757
2026-08-20,2026-08-22 07:00:00,2,40169.44275894018,40202.0,41550.17,3.323036322257686,1380.7272410598162
2026-08-20,2026-08-22 08:00:00,2,45314.86128435325,44891.0,46193.91,1.9029536916159662,879.048715646757
2026-08-21,2026-08-22 08:00:00,1,46159.67067393049,45215.0,46193.91,0.07412086586633848,34.23932606951712
2026-08-21,2026-08-22 09:00:00,1,48781.26349720861,48001.0,49349.84,1.1521344401347353,568.5765027913876
2026-08-20,2026-08-22 09:00:00,2,48646.02639363561,48019.0,49349.84,1.4261720126435735,703.8136063643833
2026-08-21,2026-08-22 10:00:00,1,50334.56933960318,49933.0,50817.27,0.9498752302058304,482.7006603968184
2026-08-20,2026-08-22 10:00:00,2,49909.56831780817,50042.0,50817.27,1.786207094934123,907.7016821918296
2026-08-21,2026-08-22 11:00:00,1,51506.561456143,51181.0,51964.61,0.8814624873678512,458.0485438570031
2026-08-20,2026-08-22 11:00:00,2,50505.01534569312,51467.0,51964.61,2.808824417823743,1459.5946543068785
2026-08-21,2026-08-22 12:00:00,1,50974.20238181339,50916.0,51620.28,1.251596500806678,646.0776181866095
2026-08-20,2026-08-22 12:00:00,2,50255.45868259912,51293.0,51620.28,2.643963413993256,1364.821317400878
2026-08-21,2026-08-22 13:00:00,1,51531.24867192381,51577.0,52167.59,1.2198020419885005,636.3413280761888
2026-08-20,2026-08-22 13:00:00,2,50768.37627256311,51949.0,52167.59,2.682151365314915,1399.213727436887
2026-08-21,2026-08-22 14:00:00,1,51815.20619902405,51752.0,52121.2,0.5870812663099657,305.99380097594985
2026-08-20,2026-08-22 14:00:00,2,51231.1377464515,52209.0,52121.2,1.7076779766169898,890.0622535484945
2026-08-21,2026-08-22 15:00:00,1,51384.68633886411,50956.0,50823.36,1.1044652279268947,561.3263388641062
2026-08-20,2026-08-22 15:00:00,2,50828.70150901814,51426.0,50823.36,0.010509948610514934,5.341509018137003
2026-08-21,2026-08-22 16:00:00,1,50473.45321440182,50112.0,49521.16,1.9230026404910943,952.2932144018196
2026-08-20,2026-08-22 16:00:00,2,50553.44240938963,50562.0,49521.16,2.0845279258192395,1032.282409389627
2026-08-21,2026-08-22 17:00:00,1,50103.190003749776,49901.0,49522.47,1.1726394175205217,580.7200037497751
2026-08-20,2026-08-22 17:00:00,2,49208.34830723177,50315.0,49522.47,0.6343013439520133,314.1216927682326
2026-08-21,2026-08-22 18:00:00,1,50567.36719407043,50207.0,50802.0,0.46185741886061604,234.63280592957017
2026-08-20,2026-08-22 18:00:00,2,49458.80989416708,50519.0,50802.0,2.6439709181388857,1343.1901058329167
2026-08-20,2026-08-22 19:00:00,2,49990.85343426636,50932.0,51827.8,3.5443267237537395,1836.9465657336405
2026-08-21,2026-08-22 19:00:00,1,51279.72625854961,50715.0,51827.8,1.0574898827470904,548.0737414503965
2026-08-20,2026-08-22 20:00:00,2,50465.144301732194,51517.0,52176.76,3.2804177535512125,1711.6156982678076
2026-08-21,2026-08-22 20:00:00,1,51398.01494954818,51199.0,52176.76,1.492513238560271,778.7450504518201
2026-08-21,2026-08-22 21:00:00,1,49895.63802908,50069.0,50451.66,1.1020885555004587,556.0219709200028
2026-08-20,2026-08-22 21:00:00,2,49070.546530900094,50404.0,50451.66,2.7374985661520546,1381.1134690999097
2026-08-21,2026-08-22 22:00:00,1,48045.5260200536,48215.0,48601.78,1.1445135958938117,556.2539799463993
2026-08-20,2026-08-22 22:00:00,2,47429.373824267655,48548.0,48601.78,2.4122700356496067,1172.4061757323434
2026-08-21,2026-08-22 23:00:00,1,44973.817895388165,46215.0,46494.51,3.2706917539551164,1520.6921046118368
2026-08-20,2026-08-22 23:00:00,2,44508.91397997592,46333.0,46494.51,4.2706031744910975,1985.5960200240806
2026-08-21,2026-08-23 00:00:00,2,42196.498293539415,,44218.08,4.5718441561926415,2021.5817064605872
2026-08-22,2026-08-23 00:00:00,1,44708.09634459143,44546.0,44218.08,1.108180962609479,490.0163445914295
2026-08-22,2026-08-23 01:00:00,1,42150.65787704894,42445.0,41862.69,0.6878867006609963,287.96787704894086
2026-08-21,2026-08-23 01:00:00,2,41029.26015540843,,41862.69,1.990865480912885,833.4298445915701
2026-08-22,2026-08-23 02:00:00,1,40303.427842590085,40750.0,39996.42,0.7675883056285701,307.0078425900865
2026-08-21,2026-08-23 02:00:00,2,39573.57387511188,,39996.42,1.0572099325092628,422.84612488812127
2026-08-22,2026-08-23 03:00:00,1,38785.4359992558,39251.0,38758.64,0.06913555082377142,26.7959992558026
2026-08-21,2026-08-23 03:00:00,2,37874.431102399736,,38758.64,2.2813207522252155,884.2088976002633
2026-08-21,2026-08-23 04:00:00,2,36961.959427614216,,37666.02,1.8692194513404408,704.0605723857807
2026-08-22,2026-08-23 04:00:00,1,38097.7635221058,38122.0,37666.02,1.1462414189388845,431.743522105804
2026-08-21,2026-08-23 05:00:00,2,36646.43702958768,,37310.3,1.7793021509136167,663.8629704123232
2026-08-22,2026-08-23 05:00:00,1,37538.494112287386,37672.0,37310.3,0.6116115718377584,228.19411228738318
2026-08-22,2026-08-23 06:00:00,1,36940.668128484096,36970.0,37012.97,0.19534198827034166,72.30187151590508
2026-08-21,2026-08-23 06:00:00,2,35723.22672945403,,37012.97,3.4845711396463788,1289.7432705459723
2026-08-21,2026-08-23 07:00:00,2,36661.80514641407,,38260.05,4.177320347427484,1598.2448535859294
2026-08-22,2026-08-23 07:00:00,1,37981.806912052736,37609.0,38260.05,0.7272418304400197,278.24308794726676
2026-08-22,2026-08-23 08:00:00,1,39882.41370862747,39745.0,40122.39,0.5981106593414004,239.97629137252807
2026-08-21,2026-08-23 08:00:00,2,38707.50707172446,,40122.39,3.5264173651558135,1414.8829282755396
2026-08-21,2026-08-23 09:00:00,2,40150.97296433785,,41661.09,3.624766024273835,1510.1170356621442
2026-08-22,2026-08-23 09:00:00,1,42048.03735165176,41574.0,41661.09,0.9287979542824275,386.947351651761
2026-08-21,2026-08-23 10:00:00,2,41182.43254835717,,43066.09,4.37387617878203,1883.65745164283
2026-08-22,2026-08-23 10:00:00,1,43507.69705017875,43609.0,43066.09,1.025417097718308,441.60705017875443
2026-08-21,2026-08-23 11:00:00,2,42344.802462260006,,44635.9,5.132858389188961,2291.0975377399955
2026-08-22,2026-08-23 11:00:00,1,45327.65828976572,45044.0,44635.9,1.5497800868039389,691.7582897657194
2026-08-22,2026-08-23 12:00:00,1,45383.54025586941,45679.0,45106.33,0.6145706287108917,277.2102558694096
2026-08-21,2026-08-23 12:00:00,2,42089.33173524286,,45106.33,6.68863608446341,3016.998264757145
2026-08-22,2026-08-23 13:00:00,1,46008.89249567732,46379.0,45430.98,1.2720669808956702,577.9124956773157
2026-08-21,2026-08-23 13:00:00,2,42325.44454509365,,45430.98,6.8357219124622794,3105.535454906356
2026-08-22,2026-08-23 14:00:00,1,45505.23204479036,46396.0,45543.76,0.08459546425161188,38.52795520963991
2026-08-21,2026-08-23 14:00:00,2,41812.3012399784,,45543.76,8.193128454966397,3731.4587600216037
2026-08-22,2026-08-23 15:00:00,1,44937.3100814821,46076.0,44757.62,0.4014737188485409,179.69008148209832
2026-08-21,2026-08-23 15:00:00,2,41635.17158468001,,44757.62,6.976350429982639,3122.4484153199955
2026-08-22,2026-08-23 16:00:00,1,44520.25719546974,45695.0,43833.91,1.5657904929533732,686.3471954697379
2026-08-21,2026-08-23 16:00:00,2,41604.5240136876,,43833.91,5.085984769126006,2229.3859863124017
2026-08-22,2026-08-23 17:00:00,1,44772.68362057068,45925.0,44191.22,1.315789925172189,581.4636205706774
2026-08-21,2026-08-23 17:00:00,2,42080.19115590929,,44191.22,4.77703227946798,2111.0288440907098
2026-08-22,2026-08-23 18:00:00,1,46293.819451255,46839.0,46183.47,0.23893711593131126,110.34945125500235
2026-08-21,2026-08-23 18:00:00,2,43973.754298153006,,46183.47,4.784646328755711,2209.715701846995
2026-08-22,2026-08-23 19:00:00,1,47486.56580669904,47737.0,47997.1,1.0636771665391347,510.53419330095494
2026-08-21,2026-08-23 19:00:00,2,45829.58266241919,,47997.1,4.515933957636624,2167.517337580808
2026-08-22,2026-08-23 20:00:00,1,49305.55561026299,48617.0,49013.84,0.5951698750046845,291.71561026299605
2026-08-21,2026-08-23 20:00:00,2,47984.42493006728,,49013.84,2.100253866933737,1029.4150699327147
2026-08-22,2026-08-23 21:00:00,1,47798.34859668793,47641.0,47692.29,0.22238101103538918,106.05859668792982
2026-08-21,2026-08-23 21:00:00,2,46277.06857216774,,47692.29,2.9674008688453926,1415.2214278322645
2026-08-21,2026-08-23 22:00:00,2,44210.71820951184,,46168.5,4.240514182804638,1957.7817904881595
2026-08-22,2026-08-23 22:00:00,1,46577.391418725965,46125.0,46168.5,0.8856502132968695,408.8914187259652
2026-08-22,2026-08-23 23:00:00,1,44464.85434595451,44344.0,44609.21,0.3236005615107022,144.35565404548834
2026-08-21,2026-08-23 23:00:00,2,42080.94425503643,,44609.21,5.667586906299318,2528.2657449635662
2026-08-22,2026-08-24 00:00:00,2,42280.66219864229,42429.0,42747.75,1.0926605525617357,467.0878013577094
2026-08-23,2026-08-24 00:00:00,1,43113.15297127623,42429.0,42747.75,0.8547887813422405,365.4029712762276
2026-08-23,2026-08-24 01:00:00,1,40997.24930995901,40318.0,40635.08,0.8912725407677424,362.16930995900475
2026-08-22,2026-08-24 01:00:00,2,40215.33552531475,40318.0,40635.08,1.0329608670273291,419.74447468524886
2026-08-23,2026-08-24 02:00:00,1,38949.62051909227,38568.0,38970.52,0.053628950570140416,20.899480907726684
2026-08-22,2026-08-24 02:00:00,2,38429.89155065079,38568.0,38970.52,1.3872754311443773,540.6284493492058
2026-08-22,2026-08-24 03:00:00,2,37497.4975980484,37368.0,37809.93,0.8263236719866948,312.4324019515989
2026-08-23,2026-08-24 03:00:00,1,38054.54771058139,37368.0,37809.93,0.6469668433170632,244.6177105813913
2026-08-22,2026-08-24 04:00:00,2,36228.90284741357,36523.0,36949.07,1.9490805927901014,720.1671525864294
2026-08-23,2026-08-24 04:00:00,1,37514.40181303983,36523.0,36949.07,1.5300298844864917,565.3318130398329
2026-08-22,2026-08-24 05:00:00,2,36810.52497632935,36800.0,36594.74,0.5896611817145001,215.78497632934886
2026-08-23,2026-08-24 05:00:00,1,37518.698745697584,36800.0,36594.74,2.524840306824385,923.958745697586
2026-08-22,2026-08-24 06:00:00,2,37302.54705883579,37381.0,37957.96,1.7266811524228547,655.4129411642061
2026-08-23,2026-08-24 06:00:00,1,37953.14177917517,37381.0,37957.96,0.012693571585071166,4.818220824832679
2026-08-23,2026-08-24 07:00:00,1,42195.664878117386,40601.0,41607.88,1.4126768249605337,587.7848781173889
2026-08-22,2026-08-24 07:00:00,2,41204.11753271204,40601.0,41607.88,0.9703990380859439,403.76246728795377
2026-08-23,2026-08-24 08:00:00,1,49388.209202943566,47384.0,49304.33,0.17012542903141456,83.87920294356445
2026-08-22,2026-08-24 08:00:00,2,48385.94023381444,47384.0,49304.33,1.8626959664304512,918.389766185559
2026-08-23,2026-08-24 09:00:00,1,51965.54807395776,51076.0,53143.36,2.216291792694777,1177.811926042239
2026-08-22,2026-08-24 09:00:00,2,51241.30339917414,51076.0,53143.36,3.579104898195863,1902.056600825861
2026-08-23,2026-08-24 10:00:00,1,52553.83579873921,52984.0,54819.03,4.132131125378889,2265.1942012607906
2026-08-22,2026-08-24 10:00:00,2,53412.80434570396,52984.0,54819.03,2.5652144050999053,1406.2256542960386
2026-08-22,2026-08-24 11:00:00,2,54892.19432970547,54449.0,56281.28,2.4681131457822763,1389.0856702945312
2026-08-23,2026-08-24 11:00:00,1,52721.943812158,54449.0,56281.28,6.324191965502555,3559.3361878419964
2026-08-22,2026-08-24 12:00:00,2,53893.30937535058,54206.0,55692.61,3.230770877230244,1799.3006246494188
2026-08-23,2026-08-24 12:00:00,1,51335.36004969665,54206.0,55692.61,7.823748878537662,4357.249950303354
2026-08-23,2026-08-24 13:00:00,1,51943.92965395065,55109.0,56867.41,8.657824131693982,4923.480346049357
2026-08-22,2026-08-24 13:00:00,2,55061.21881026707,55109.0,56867.41,3.1761446314030017,1806.1911897329337
2026-08-23,2026-08-24 14:00:00,1,52824.36086500667,56020.0,57557.91,8.223976747928019,4733.549134993336
2026-08-22,2026-08-24 14:00:00,2,55967.34960589407,56020.0,57557.91,2.7634088765661065,1590.5603941059308
2026-08-22,2026-08-24 15:00:00,2,55007.052679177104,55310.0,57140.82,3.734225936594706,2133.7673208228953
2026-08-23,2026-08-24 15:00:00,1,52074.055196892055,55310.0,57140.82,8.867154519497522,5066.764803107944
2026-08-23,2026-08-24 16:00:00,1,51607.79650242881,54668.0,55702.1,7.350357522555137,4094.3034975711853
2026-08-22,2026-08-24 16:00:00,2,54560.97550122103,54668.0,55702.1,2.0486202473137793,1141.1244987789687
2026-08-22,2026-08-24 17:00:00,2,53723.00331863888,53738.0,54739.16,1.856361481179325,1016.1566813611207
2026-08-23,2026-08-24 17:00:00,1,51610.80276855561,53738.0,54739.16,5.715026009614315,3128.3572314443954
2026-08-23,2026-08-24 18:00:00,1,50346.66461990161,52888.0,54088.31,6.9176599899283,3741.6453800983872
2026-08-22,2026-08-24 18:00:00,2,52607.13455025087,52888.0,54088.31,2.738439137309203,1481.1754497491274
2026-08-22,2026-08-24 19:00:00,2,53055.073365544384,53031.0,54711.85,3.0281860958012112,1656.7766344556148
2026-08-23,2026-08-24 19:00:00,1,50739.04830587471,53031.0,54711.85,7.261318515322158,3972.8016941252863
2026-08-22,2026-08-24 20:00:00,2,53095.85375309592,53352.0,55081.9,3.605624074158806,1986.0462469040795
2026-08-23,2026-08-24 20:00:00,1,51265.970327049225,53352.0,55081.9,6.927737919263455,3815.929672950777
2026-08-22,2026-08-24 21:00:00,2,51421.06799389242,51637.0,53491.76,3.871048561699184,2070.69200610758
2026-08-23,2026-08-24 21:00:00,1,49684.48816373918,51637.0,53491.76,7.117492182461039,3807.271836260821
2026-08-22,2026-08-24 22:00:00,2,49535.7782688831,49735.0,51404.84,3.635964495010387,1869.0617311168971
2026-08-23,2026-08-24 22:00:00,1,48374.45751414073,49735.0,51404.84,5.895130664465182,3030.3824858592634
2026-08-23,2026-08-24 23:00:00,1,46712.28925228616,47452.0,49016.73,4.701335131319132,2304.4407477138448
2026-08-22,2026-08-24 23:00:00,2,46929.538310746175,47452.0,49016.73,4.258121031847347,2087.1916892538284
2026-08-24,2026-08-25 00:00:00,1,45402.0745480574,44775.0,46379.76,2.1080002396360076,977.6854519426051
2026-08-23,2026-08-25 00:00:00,2,44809.86894047439,44775.0,46379.76,3.38486240447473,1569.8910595256093
2026-08-23,2026-08-25 01:00:00,2,42858.17154453666,42787.0,44092.82,2.800112252886848,1234.6484554633425
2026-08-24,2026-08-25 01:00:00,1,43638.43127806799,42787.0,44092.82,1.0305276957382392,454.3887219320095
2026-08-23,2026-08-25 02:00:00,2,41112.1654225645,40990.0,42567.23,3.4182740512725394,1455.0645774354998
2026-08-24,2026-08-25 02:00:00,1,41870.192621303286,40990.0,42567.23,1.6374976212845362,697.0373786967175
2026-08-24,2026-08-25 03:00:00,1,40940.56360211139,39732.0,40879.83,0.14856618070913669,60.73360211138788
2026-08-23,2026-08-25 03:00:00,2,39662.6226173901,39732.0,40879.83,2.9775255489318333,1217.2073826099004
2026-08-23,2026-08-25 04:00:00,2,38908.96927470477,38798.0,39929.06,2.554757675976422,1020.0907252952311
2026-08-24,2026-08-25 04:00:00,1,39670.61001919692,38798.0,39929.06,0.6472728904789499,258.44998080307414
2026-08-24,2026-08-25 05:00:00,1,39722.20902431997,38785.0,39871.33,0.37400552146123744,149.12097568003082
2026-08-23,2026-08-25 05:00:00,2,38894.85605357917,38785.0,39871.33,2.449062889100595,976.4739464208324
2026-08-24,2026-08-25 06:00:00,1,40082.01761805398,39361.0,40507.64,1.0507212514627389,425.62238194602105
2026-08-23,2026-08-25 06:00:00,2,39293.81991882211,39361.0,40507.64,2.996521350485706,1213.820081177888
2026-08-23,2026-08-25 07:00:00,2,42595.39729393568,42464.0,43521.39,2.1276726365226772,925.9927060643167
2026-08-24,2026-08-25 07:00:00,1,42952.37978814232,42464.0,43521.39,1.3074265593485779,569.010211857676
2026-08-24,2026-08-25 08:00:00,1,49979.85828493976,48363.0,50409.21,0.8517326795247178,429.351715060242
2026-08-23,2026-08-25 08:00:00,2,48807.22020309725,48363.0,50409.21,3.177970448064454,1601.9897969027516
2026-08-23,2026-08-25 09:00:00,2,51586.70133013804,51564.0,53808.35,4.128817683244247,2221.6486698619556
2026-08-24,2026-08-25 09:00:00,1,52612.86703433851,51564.0,53808.35,2.221742472425728,1195.4829656614893
2026-08-23,2026-08-25 10:00:00,2,52595.45486789247,53184.0,55173.77,4.673081306765022,2578.3151321075275
2026-08-24,2026-08-25 10:00:00,1,54229.22467396404,53184.0,55173.77,1.7119463216596533,944.5453260359573
2026-08-23,2026-08-25 11:00:00,2,53956.74047333959,54660.0,56224.31,4.033076664987812,2267.569526660409
2026-08-24,2026-08-25 11:00:00,1,55814.32220354646,54660.0,56224.31,0.7292002275413265,409.9877964535408
2026-08-24,2026-08-25 12:00:00,1,54800.657441785945,54502.0,55527.71,1.309350877632185,727.0525582140544
2026-08-23,2026-08-25 12:00:00,2,53296.31780567453,54502.0,55527.71,4.018520112436598,2231.392194325468
2026-08-23,2026-08-25 13:00:00,2,54072.154178202414,55446.0,56607.17,4.478259241360386,2535.015821797584
2026-08-24,2026-08-25 13:00:00,1,56163.61903705612,55446.0,56607.17,0.7835596850078794,443.55096294387477
2026-08-24,2026-08-25 14:00:00,1,57186.0564418134,55978.0,57788.94,1.0432507642233972,602.8835581866006
2026-08-23,2026-08-25 14:00:00,2,54889.46908132635,55978.0,57788.94,5.017345738948752,2899.470918673651
2026-08-23,2026-08-25 15:00:00,2,54669.10072110121,55152.0,56936.12,3.9816890910353417,2267.0192788987915
2026-08-24,2026-08-25 15:00:00,1,56305.96851398604,55152.0,56936.12,1.1067692811065541,630.151486013965
2026-08-23,2026-08-25 16:00:00,2,53594.7593571657,54317.0,56204.84,4.643871671611019,2610.0806428342985
2026-08-24,2026-08-25 16:00:00,1,55327.095188257736,54317.0,56204.84,1.5616890142241504,877.7448117422609
2026-08-24,2026-08-25 17:00:00,1,54121.309026595445,53551.0,55324.71,2.1751600205487818,1203.400973404554
2026-08-23,2026-08-25 17:00:00,2,53414.71391584705,53551.0,55324.71,3.4523381761114456,1909.9960841529464
2026-08-23,2026-08-25 18:00:00,2,51991.36011743329,53022.0,54128.79,3.9487856325011403,2137.429882566714
2026-08-24,2026-08-25 18:00:00,1,53460.95953448184,53022.0,54128.79,1.2337805177580428,667.8304655181637
2026-08-24,2026-08-25 19:00:00,1,53995.03058582289,53275.0,54716.9,1.3192805407051789,721.869414177112
2026-08-23,2026-08-25 19:00:00,2,52099.134277072255,53275.0,54716.9,4.784199621922562,2617.7657229277465
2026-08-23,2026-08-25 20:00:00,2,52419.42455460333,53387.0,55009.53,4.708466779113859,2590.1054453966717
2026-08-24,2026-08-25 20:00:00,1,54071.76249250822,53387.0,55009.53,1.7047364474697,937.7675074917788
2026-08-23,2026-08-25 21:00:00,2,50916.84283665438,51716.0,53139.07,4.181908270780084,2222.2271633456185
2026-08-24,2026-08-25 21:00:00,1,52391.88894408968,51716.0,53139.07,1.4060860604265708,747.1810559103178
2026-08-23,2026-08-25 22:00:00,2,49300.57883453384,49845.0,51008.54,3.348382771720508,1707.961165466164
2026-08-24,2026-08-25 22:00:00,1,50766.13667323486,49845.0,51008.54,0.4752210644828088,242.40332676513935
2026-08-24,2026-08-25 23:00:00,1,49108.70654827455,47747.0,48641.26,0.9610083050368161,467.4465482745509
2026-08-23,2026-08-25 23:00:00,2,47135.632476684594,47747.0,48641.26,3.0953711382382125,1505.6275233154083
2026-08-24,2026-08-26 00:00:00,2,45760.30901096192,44357.0,46042.51,0.6129139984724542,282.20098903807957
2026-08-25,2026-08-26 00:00:00,1,46041.31448141817,44357.0,46042.51,0.0025965538842901356,1.195518581829674
2026-08-24,2026-08-26 01:00:00,2,43378.51398168386,42345.0,43732.52,0.8094800352601232,354.0060183161404
2026-08-25,2026-08-26 01:00:00,1,43997.88826931758,42345.0,43732.52,0.6067984861553364,265.3682693175797
2026-08-24,2026-08-26 02:00:00,2,41861.17305916268,40504.0,42008.51,0.3507311752721663,147.33694083732553
2026-08-25,2026-08-26 02:00:00,1,42367.65584593689,40504.0,42008.51,0.8549359306885385,359.1458459368878
2026-08-24,2026-08-26 03:00:00,2,40789.71134077077,39306.0,40774.72,0.0367662629461877,14.991340770771785
2026-08-25,2026-08-26 03:00:00,1,40853.56862419861,39306.0,40774.72,0.1933762493000815,78.8486241986102
2026-08-25,2026-08-26 04:00:00,1,39747.178853114245,38407.0,39689.91,0.14429071044565533,57.26885311424121
2026-08-24,2026-08-26 04:00:00,2,39939.582259521885,38407.0,39689.91,0.6290572579325113,249.67225952188164
2026-08-25,2026-08-26 05:00:00,1,40053.76355575545,38543.0,39726.06,0.8249082737010807,327.70355575545545
2026-08-24,2026-08-26 05:00:00,2,40200.42874238547,38543.0,39726.06,1.1940996473988905,474.3687423854717
2026-08-25,2026-08-26 06:00:00,1,40624.32327145747,39114.0,40487.22,0.33863345385894245,137.1032714574685
2026-08-24,2026-08-26 06:00:00,2,40540.0215848824,39114.0,40487.22,0.1304154369759143,52.801584882399766
2026-08-24,2026-08-26 07:00:00,2,43649.59970720598,42142.0,43329.24,0.7393614732360541,320.3597072059856
2026-08-25,2026-08-26 07:00:00,1,43702.85426914619,42142.0,43329.24,0.8622682261359621,373.6142691461937
2026-08-25,2026-08-26 08:00:00,1,50492.94710691736,48216.0,50615.95,0.2430121198607108,123.00289308263746
2026-08-24,2026-08-26 08:00:00,2,50559.80853238751,48216.0,50615.95,0.11091655419385417,56.14146761248412
2026-08-25,2026-08-26 09:00:00,1,53889.44399928444,51572.0,54085.65,0.3627690537426464,196.20600071555964
2026-08-24,2026-08-26 09:00:00,2,53388.338540214914,51572.0,54085.65,1.2892725885425935,697.3114597850872
2026-08-25,2026-08-26 10:00:00,1,55139.89479520545,53206.0,55348.28,0.3764980678614538,208.38520479454746
2026-08-24,2026-08-26 10:00:00,2,55064.73635717316,53206.0,55348.28,0.5122898901769608,283.54364282683673
2026-08-24,2026-08-26 11:00:00,2,55899.994840286745,54670.0,56415.13,0.9131152577566559,515.1351597132525
2026-08-25,2026-08-26 11:00:00,1,56370.78631598495,54670.0,56415.13,0.07860246713079659,44.343684015046165
2026-08-24,2026-08-26 12:00:00,2,55534.605409036834,54396.0,55527.01,0.013678764689170692,7.5954090368322795
2026-08-25,2026-08-26 12:00:00,1,55328.401430963946,54396.0,55527.01,0.35767920699503897,198.608569036056
2026-08-24,2026-08-26 13:00:00,2,56225.253713465005,55351.0,56431.75,0.3659221741927112,206.4962865349953
2026-08-25,2026-08-26 13:00:00,1,56468.51570789465,55351.0,56431.75,0.06515074916983862,36.765707894650404
2026-08-24,2026-08-26 14:00:00,2,57097.76951572027,56200.0,57641.47,0.9432453479755675,543.7004842797323
2026-08-25,2026-08-26 14:00:00,1,57510.14017705091,56200.0,57641.47,0.22783912858067318,131.32982294909016
2026-08-25,2026-08-26 15:00:00,1,56428.73153275556,55610.0,56354.15,0.1323443486514499,74.58153275556106
2026-08-24,2026-08-26 15:00:00,2,56032.26227629558,55610.0,56354.15,0.5711872572018594,321.88772370442166
2026-08-24,2026-08-26 16:00:00,2,55574.28812384184,54753.0,55546.55,0.04993671765724133,27.738123841838387
2026-08-25,2026-08-26 16:00:00,1,55819.006446586674,54753.0,55546.55,0.49050111408660213,272.4564465866715
2026-08-25,2026-08-26 17:00:00,1,54854.361966681,53917.0,54288.29,1.0427146750818572,566.0719666809964
2026-08-24,2026-08-26 17:00:00,2,54338.682150469474,53917.0,54288.29,0.09282324138312989,50.39215046947356
2026-08-25,2026-08-26 18:00:00,1,53693.03558097226,53283.0,53589.95,0.19235991258111534,103.08558097226341
2026-08-24,2026-08-26 18:00:00,2,53534.740512939454,53283.0,53589.95,0.10302209100874946,55.209487060543324
2026-08-24,2026-08-26 19:00:00,2,53857.7909593867,53453.0,54273.94,0.7667566434522749,416.1490406133016
2026-08-25,2026-08-26 19:00:00,1,54241.76415394303,53453.0,54273.94,0.05928415378903581,32.17584605696902
2026-08-25,2026-08-26 20:00:00,1,54401.77178421143,53597.0,54528.04,0.23156566014214333,126.26821578857198
2026-08-24,2026-08-26 20:00:00,2,54047.51760975468,53597.0,54528.04,0.8812390657088017,480.52239024532173
2026-08-24,2026-08-26 21:00:00,2,52303.501382128,51905.0,52777.47,0.8980510393393247,473.9686178720003
2026-08-25,2026-08-26 21:00:00,1,52653.85928953378,51905.0,52777.47,0.23421113301987073,123.61071046622237
2026-08-24,2026-08-26 22:00:00,2,50583.34910151168,49971.0,51090.26,0.9921869618364058,506.9108984883205
2026-08-25,2026-08-26 22:00:00,1,50898.16614861724,49971.0,51090.26,0.3759891834231498,192.09385138276411
2026-08-24,2026-08-26 23:00:00,2,48728.19339862443,47752.0,48769.32,0.08432883906432707,41.12660137556668
2026-08-25,2026-08-26 23:00:00,1,48716.03322625956,47752.0,48769.32,0.10926290081641006,53.28677374043764
2026-08-25,2026-08-27 00:00:00,2,45773.5012554065,46045.0,46301.08,1.1394523509894334,527.5787445934984
2026-08-25,2026-08-27 01:00:00,2,43622.87892289298,43973.0,43932.2,0.7040873826191616,309.3210771070153
2026-08-25,2026-08-27 02:00:00,2,42504.7650852002,42264.0,42078.31,1.0134795936438499,426.4550852001994
2026-08-25,2026-08-27 03:00:00,2,41104.28978419615,40872.0,40325.53,1.9311830103563532,778.7597841961542
2026-08-25,2026-08-27 04:00:00,2,40259.59581557556,39811.0,39696.46,1.4186046200985145,563.1358155755588
2026-08-25,2026-08-27 05:00:00,2,40297.869514712685,39572.0,39826.27,1.1841418107010493,471.5995147126887
2026-08-25,2026-08-27 06:00:00,2,41130.02834426986,40262.0,39896.13,3.0927770294258092,1233.898344269859
2026-08-25,2026-08-27 07:00:00,2,43787.39269464898,43259.0,43016.26,1.7926539746806878,771.1326946489789
2026-08-25,2026-08-27 08:00:00,2,49746.46304563359,49829.0,49804.77,0.1170710242541219,58.30695436640963
2026-08-25,2026-08-27 09:00:00,2,52972.8085478907,53394.0,53429.18,0.8541614378309734,456.37145210929884
2026-08-25,2026-08-27 10:00:00,2,54434.01562976921,55052.0,54942.21,0.9249616464841709,508.1943702307908
2026-08-25,2026-08-27 11:00:00,2,55572.675110203534,56314.0,55901.94,0.5890044062808343,329.2648897964682
2026-08-25,2026-08-27 12:00:00,2,54648.46827939805,55877.0,54579.76,0.1258860049916753,68.7082793980444
2026-08-25,2026-08-27 13:00:00,2,55574.11914888766,56863.0,56161.48,1.0458428999954161,587.3608511123457
2026-08-25,2026-08-27 14:00:00,2,56685.70482229056,57665.0,56937.96,0.4430351521365383,252.25517770944134
2026-08-25,2026-08-27 15:00:00,2,56012.42674083545,56739.0,56114.88,0.18257770339087867,102.45325916454749
2026-08-25,2026-08-27 16:00:00,2,55333.41825895182,55918.0,55059.47,0.4975497565665192,273.94825895181566
2026-08-25,2026-08-27 17:00:00,2,54508.78782877333,55014.0,54551.03,0.07743606532574354,42.24217122666596
2026-08-25,2026-08-27 18:00:00,2,53580.1168561931,54115.0,53744.77,0.30636123999953785,164.6531438068996
2026-08-25,2026-08-27 19:00:00,2,53353.39241853797,54220.0,54367.85,1.8659144723619303,1014.4575814620257
2026-08-25,2026-08-27 20:00:00,2,53502.31111936647,54320.0,54336.72,1.5356261486404177,834.4088806335276
2026-08-25,2026-08-27 21:00:00,2,51891.81771722674,52638.0,52537.59,1.2291623631256359,645.7722827732578
2026-08-25,2026-08-27 22:00:00,2,50169.79751346439,50629.0,50258.77,0.17702877833182912,88.97248653560382
2026-08-25,2026-08-27 23:00:00,2,48209.97901623922,48245.0,46717.76,3.194115077947261,1492.2190162392144
2026-08-27,2026-08-28 00:00:00,1,45825.479716761365,44977.0,45653.56,0.3765746127166588,171.91971676136745
2026-08-27,2026-08-28 01:00:00,1,43164.16283733506,42699.0,43561.94,0.9131300457806539,397.777162664941
2026-08-27,2026-08-28 02:00:00,1,41596.83563468747,41091.0,41954.03,0.8513946462652747,357.1943653125272
2026-08-27,2026-08-28 03:00:00,1,40245.58854227939,39808.0,40750.03,1.2378922364489344,504.44145772061165
2026-08-27,2026-08-28 04:00:00,1,39007.28505623583,38752.0,39694.04,1.7301210553629005,686.7549437641719
2026-08-27,2026-08-28 05:00:00,1,39314.460318910846,38948.0,38966.52,0.8929212023830944,347.9403189108489
2026-08-27,2026-08-28 06:00:00,1,39799.620557795606,39570.0,39938.74,0.3483320760855045,139.11944220439182
2026-08-27,2026-08-28 07:00:00,1,42693.60502633133,41966.0,42707.51,0.032558614793210906,13.904973668672028
2026-08-27,2026-08-28 08:00:00,1,48756.44527340609,47882.0,49275.26,1.0528908961493282,518.8147265939115
2026-08-27,2026-08-28 09:00:00,1,51871.05796363524,51257.0,52633.04,1.44772568022816,761.9820363647596
2026-08-27,2026-08-28 10:00:00,1,53300.40509307735,52234.0,53689.17,0.7241030303181188,388.76490692264633
2026-08-27,2026-08-28 11:00:00,1,54718.94896213195,53392.0,54139.15,1.0709421225341555,579.7989621319502
2026-08-27,2026-08-28 12:00:00,1,52930.08893462518,51894.0,51930.93,1.9240150997202987,999.1589346251785
2026-08-27,2026-08-28 13:00:00,1,53195.75117629412,52131.0,52277.07,1.7573310369041755,918.6811762941215
2026-08-27,2026-08-28 14:00:00,1,54896.94802397976,53553.0,54661.22,0.43125276746432284,235.72802397976193
2026-08-27,2026-08-28 15:00:00,1,54385.113177044994,52723.0,53998.19,0.7165484195766404,386.92317704499146
2026-08-27,2026-08-28 16:00:00,1,54040.796840501374,51741.0,52871.89,2.2108285527553013,1168.906840501375
2026-08-27,2026-08-28 17:00:00,1,53075.17207443618,50868.0,51396.55,3.266020918595077,1678.622074436178
2026-08-27,2026-08-28 18:00:00,1,51695.41951667804,50538.0,50294.0,2.7864546798386307,1401.419516678041
2026-08-27,2026-08-28 19:00:00,1,52553.66066617915,51306.0,50869.94,3.309853847240924,1683.7206661791497
2026-08-27,2026-08-28 20:00:00,1,52753.65330665917,51810.0,50620.3,4.214422487933042,2133.35330665917
2026-08-27,2026-08-28 21:00:00,1,50829.17047379131,50369.0,48858.71,4.0329768710457365,1970.4604737913105
2026-08-27,2026-08-28 22:00:00,1,48924.49084670336,48695.0,45350.67,7.880414659151369,3573.820846703362
2026-08-27,2026-08-28 23:00:00,1,45700.798805891085,46921.0,43668.03,4.655050401612086,2032.7688058910862
2026-08-27,2026-08-29 00:00:00,2,43802.26508782476,,42162.47,3.8892291837379487,1639.7950878247575
2026-08-28,2026-08-29 00:00:00,1,44093.49986155051,43267.0,42162.47,4.5799732832315305,1931.029861550509
2026-08-28,2026-08-29 01:00:00,1,41981.18715157956,41196.0,40260.47,4.273961907497742,1720.7171515795562
2026-08-27,2026-08-29 01:00:00,2,41113.994370580986,,40260.47,2.120005977528291,853.5243705809844
2026-08-27,2026-08-29 02:00:00,2,39838.73300404795,,38883.84,2.4557579808165904,954.8930040479536
2026-08-28,2026-08-29 02:00:00,1,39946.40985792199,39135.0,38883.84,2.732677271385741,1062.569857921997
2026-08-28,2026-08-29 03:00:00,1,39062.05107899363,37888.0,37622.08,3.827462700078329,1439.971078993629
2026-08-27,2026-08-29 03:00:00,2,38873.99316939028,,37622.08,3.327602220266083,1251.9131693902818
2026-08-27,2026-08-29 04:00:00,2,38078.892757007554,,36662.24,3.864064926222609,1416.652757007556
2026-08-28,2026-08-29 04:00:00,1,38421.99111100449,36986.0,36662.24,4.799900690750195,1759.7511110044943
2026-08-28,2026-08-29 05:00:00,1,38324.35397197661,36830.0,36533.8,4.901088777999029,1790.5539719766093
2026-08-27,2026-08-29 05:00:00,2,38151.270361046976,,36533.8,4.427325821696547,1617.4703610469733
2026-08-27,2026-08-29 06:00:00,2,38078.275290461446,,36410.61,4.580163008698414,1667.6652904614457
2026-08-28,2026-08-29 06:00:00,1,37997.49380937005,36892.0,36410.61,4.358300532097779,1586.883809370047
2026-08-28,2026-08-29 07:00:00,1,39755.23060775695,38772.0,38028.08,4.5417770441130605,1727.1506077569502
2026-08-27,2026-08-29 07:00:00,2,40353.36583336423,,38028.08,6.114654837594295,2325.285833364229
2026-08-28,2026-08-29 08:00:00,1,44726.80099896918,42349.0,42444.64,5.376794334854009,2282.1609989691788
2026-08-27,2026-08-29 08:00:00,2,45028.27079428892,,42444.64,6.087060213701702,2583.630794288918
2026-08-28,2026-08-29 09:00:00,1,46666.8388519399,44466.0,44962.98,3.789470475355277,1703.8588519398982
2026-08-27,2026-08-29 09:00:00,2,46871.31068787698,,44962.98,4.2442264455714005,1908.33068787698
2026-08-27,2026-08-29 10:00:00,2,47703.03174087759,,45931.81,3.8561984404219873,1771.2217408775905
2026-08-28,2026-08-29 10:00:00,1,48080.546269095226,45910.0,45931.81,4.678100577998621,2148.7362690952286
2026-08-28,2026-08-29 11:00:00,1,48707.83169183742,46839.0,46749.17,4.189725062150665,1958.6616918374202
2026-08-27,2026-08-29 11:00:00,2,48826.11678260861,,46749.17,4.442745791227119,2076.946782608611
2026-08-28,2026-08-29 12:00:00,1,47958.01508085917,46252.0,45623.88,5.116038094215517,2334.135080859174
2026-08-27,2026-08-29 12:00:00,2,48054.67856619213,,45623.88,5.327908468530371,2430.798566192134
2026-08-27,2026-08-29 13:00:00,2,48427.91525738682,,45792.54,5.755031840091898,2635.3752573868187
2026-08-28,2026-08-29 13:00:00,1,48595.40295882509,46679.0,45792.54,6.1207850860098425,2802.8629588250915
2026-08-27,2026-08-29 14:00:00,2,48594.44544506117,,45919.51,5.82527001063636,2674.9354450611645
2026-08-28,2026-08-29 14:00:00,1,48811.812847906695,46761.0,45919.51,6.298636130713704,2892.3028479066925
2026-08-28,2026-08-29 15:00:00,1,48195.29826542707,46111.0,44719.58,7.772251585160382,3475.7182654270655
2026-08-27,2026-08-29 15:00:00,2,47825.44877687116,,44719.58,6.945210077713522,3105.8687768711607
2026-08-28,2026-08-29 16:00:00,1,47529.82463016877,45393.0,44133.57,7.695399738042422,3396.254630168769
2026-08-27,2026-08-29 16:00:00,2,47054.93860781688,,44133.57,6.619379777835518,2921.368607816883
2026-08-28,2026-08-29 17:00:00,1,47619.30667628014,45485.0,44218.15,7.691766110251417,3401.1566762801376
2026-08-27,2026-08-29 17:00:00,2,47023.641812235306,,44218.15,6.344661213178989,2805.4918122353047
2026-08-27,2026-08-29 18:00:00,2,47403.90310184116,,44901.54,5.573000618333272,2502.3631018411616
2026-08-28,2026-08-29 18:00:00,1,47701.96325490031,46250.0,44901.54,6.236808926598745,2800.4232549003063
2026-08-28,2026-08-29 19:00:00,1,48757.987763619865,47224.0,46124.58,5.7093371118389875,2633.4077636198635
2026-08-27,2026-08-29 19:00:00,2,48016.35545219023,,46124.58,4.1014475409645605,1891.7754521902316
2026-08-27,2026-08-29 20:00:00,2,48592.188822544485,,46251.22,5.061420698836667,2340.9688225444843
2026-08-28,2026-08-29 20:00:00,1,48874.99293268645,47913.0,46251.22,5.672872915971622,2623.77293268645
2026-08-27,2026-08-29 21:00:00,2,46767.571826489606,,44775.38,4.449301885298592,1992.1918264896085
2026-08-28,2026-08-29 21:00:00,1,47296.37240019455,46822.0,44775.38,5.630309335609334,2520.9924001945546
2026-08-28,2026-08-29 22:00:00,1,45408.704337274816,45210.0,42715.56,6.304832096956749,2693.144337274818
2026-08-27,2026-08-29 22:00:00,2,45236.60157733143,,42715.56,5.901927956303115,2521.0415773314307
2026-08-27,2026-08-29 23:00:00,2,43620.18989524688,,40976.9,6.45068293415772,2643.289895246875
2026-08-28,2026-08-29 23:00:00,1,42939.04628557882,43570.0,40976.9,4.788420513945221,1962.1462855788195
2026-08-28,2026-08-30 00:00:00,2,40044.39117128645,41679.0,38639.77,3.6351695967301394,1404.6211712864533
2026-08-29,2026-08-30 00:00:00,1,38159.00197807726,41679.0,38639.77,1.2442310653576178,480.76802192273317
2026-08-28,2026-08-30 01:00:00,2,37291.23234083734,39670.0,36831.27,1.2488364936570053,459.9623408373445
2026-08-29,2026-08-30 01:00:00,1,36851.66148717747,39670.0,36831.27,0.055364605069214125,20.391487177475938
2026-08-29,2026-08-30 02:00:00,1,35085.00741551286,37957.0,35368.85,0.8025213838932793,283.8425844871381
2026-08-28,2026-08-30 02:00:00,2,36175.44990791367,37957.0,35368.85,2.2805375575221545,806.5999079136745
2026-08-29,2026-08-30 03:00:00,1,34194.85647201204,36653.0,34367.62,0.5026927322519319,172.76352798796142
2026-08-28,2026-08-30 03:00:00,2,35505.01449109327,36653.0,34367.62,3.3094944924707312,1137.3944910932696
2026-08-29,2026-08-30 04:00:00,1,33312.7906097605,35926.0,33332.35,0.05867990177559515,19.55939023949759
2026-08-28,2026-08-30 04:00:00,2,34866.77726686905,35926.0,33332.35,4.603417601426404,1534.4272668690537
2026-08-29,2026-08-30 05:00:00,1,32782.767899837,35352.0,33182.12,1.2035159301545522,399.3521001629997
2026-08-28,2026-08-30 05:00:00,2,34378.62530340416,35352.0,33182.12,3.6058735951896854,1196.5053034041557
2026-08-28,2026-08-30 06:00:00,2,33477.407848776085,34152.0,32797.53,2.072954423019314,679.8778487760865
2026-08-29,2026-08-30 06:00:00,1,31929.302728533352,34152.0,32797.53,2.6472337138395696,868.2272714666469
2026-08-28,2026-08-30 07:00:00,2,33885.19233028188,34370.0,33395.69,1.4657649842895322,489.50233028188086
2026-08-29,2026-08-30 07:00:00,1,32092.3085546923,34370.0,33395.69,3.9028432869861436,1303.381445307703
2026-08-29,2026-08-30 08:00:00,1,32980.37975322367,36841.0,35523.13,7.158012953183817,2542.750246776326
2026-08-28,2026-08-30 08:00:00,2,34310.211362004695,36841.0,35523.13,3.4144475388157027,1212.9186379953026
2026-08-29,2026-08-30 09:00:00,1,34561.466987967615,39458.0,36590.68,5.545710033353809,2029.2130120323854
2026-08-28,2026-08-30 09:00:00,2,34610.57652020431,39458.0,36590.68,5.41149680682537,1980.103479795689
2026-08-28,2026-08-30 10:00:00,2,37873.99790769425,41930.0,38572.84,1.8117465354009437,698.8420923057492
2026-08-29,2026-08-30 10:00:00,1,37825.16775506193,41930.0,38572.84,1.9383385950789953,747.6722449380686
2026-08-28,2026-08-30 11:00:00,2,39129.75188127363,43716.0,39335.53,0.52313549283909,205.77811872636812
2026-08-29,2026-08-30 11:00:00,1,39408.2820499893,43716.0,39335.53,0.1849525098283914,72.75204998929985
2026-08-28,2026-08-30 12:00:00,2,39486.97902497152,43812.0,39743.93,0.6465162731226576,256.95097502847784
2026-08-29,2026-08-30 12:00:00,1,38985.30602437285,43812.0,39743.93,1.9087794680273273,758.6239756271534
2026-08-28,2026-08-30 13:00:00,2,39718.30792256926,44884.0,40519.42,1.9771064774143723,801.1120774307346
2026-08-29,2026-08-30 13:00:00,1,40032.51194675807,44884.0,40519.42,1.2016659005531787,486.9080532419248
2026-08-28,2026-08-30 14:00:00,2,39608.54303753216,45094.0,40294.55,1.7024807634477703,686.0069624678436
2026-08-29,2026-08-30 14:00:00,1,39983.06806000941,45094.0,40294.55,0.7730125786008034,311.48193999059004
2026-08-29,2026-08-30 15:00:00,1,39848.84904085111,44803.0,39459.38,0.9870125705247168,389.469040851116
2026-08-28,2026-08-30 15:00:00,2,39019.2252511827,44803.0,39459.38,1.115462911017088,440.1547488172946
2026-08-28,2026-08-30 16:00:00,2,38211.31180693042,44305.0,38855.49,1.6578820472205595,644.1781930695797
2026-08-29,2026-08-30 16:00:00,1,39239.78891166351,44305.0,38855.49,0.9890466229187033,384.29891166351445
2026-08-29,2026-08-30 17:00:00,1,39898.44611759926,43956.0,39437.58,1.168596342877175,460.8661175992602
2026-08-28,2026-08-30 17:00:00,2,38816.91961324956,43956.0,39437.58,1.5737790877392532,620.6603867504382
2026-08-28,2026-08-30 18:00:00,2,41853.23211140013,43917.0,41297.83,1.3448699638700867,555.4021114001298
2026-08-29,2026-08-30 18:00:00,1,40869.09144268778,43917.0,41297.83,1.038162434472278,428.73855731222284
2026-08-29,2026-08-30 19:00:00,1,43283.186950158335,45155.0,43490.6,0.47691466625354323,207.41304984166345
2026-08-28,2026-08-30 19:00:00,2,44525.23290708946,45155.0,43490.6,2.378980531630891,1034.6329070894644
2026-08-29,2026-08-30 20:00:00,1,43425.297508908894,45773.0,44309.64,1.995824139151447,884.3424910911053
2026-08-28,2026-08-30 20:00:00,2,44417.47002339845,45773.0,44309.64,0.2433556747435733,107.83002339844825
2026-08-29,2026-08-30 21:00:00,1,42679.49791178658,44356.0,43056.31,0.8751611278658509,376.81208821341716
2026-08-28,2026-08-30 21:00:00,2,43796.73129568157,44356.0,43056.31,1.7196580377686232,740.4212956815754
2026-08-28,2026-08-30 22:00:00,2,41504.96588084784,43054.0,41575.0,0.1684524814243136,70.03411915215838
2026-08-29,2026-08-30 22:00:00,1,41671.12002157541,43054.0,41575.0,0.23119668448684788,96.12002157540701
2026-08-29,2026-08-30 23:00:00,1,38897.79905109746,41506.0,39993.2,2.7389679968157936,1095.4009489025339
2026-08-28,2026-08-30 23:00:00,2,39229.6243168086,41506.0,39993.2,1.9092637828215717,763.5756831913968
2026-08-29,2026-08-31 00:00:00,2,38372.92866552395,39268.0,38614.43,0.6254173232028852,241.50133447605185
2026-08-30,2026-08-31 00:00:00,1,38659.24861784396,39268.0,38614.43,0.11606701910129795,44.81861784395733
2026-08-30,2026-08-31 01:00:00,1,36748.40271101768,37301.0,36865.46,0.3175256431964123,117.0572889823161
2026-08-29,2026-08-31 01:00:00,2,36354.39326632377,37301.0,36865.46,1.3863023374080432,511.06673367622716
2026-08-29,2026-08-31 02:00:00,2,34561.2286763236,35742.0,35517.56,2.69255918389777,956.3313236764006
2026-08-30,2026-08-31 02:00:00,1,34942.80183980646,35742.0,35517.56,1.618236613645583,574.7581601935381
2026-08-30,2026-08-31 03:00:00,1,33735.678266343384,34593.0,34591.84,2.4750395863782106,856.1617336566123
2026-08-29,2026-08-31 03:00:00,2,33931.027071044235,34593.0,34591.84,1.910314481553343,660.8129289557619
2026-08-30,2026-08-31 04:00:00,1,33238.555902830085,33950.0,33836.3,1.7665764199097358,597.744097169918
2026-08-29,2026-08-31 04:00:00,2,32893.224341508074,33950.0,33836.3,2.7871713470205934,943.0756584919291
2026-08-29,2026-08-31 05:00:00,2,32861.28037022311,33783.0,34140.55,3.747068016704161,1279.2696297768925
2026-08-30,2026-08-31 05:00:00,1,33185.94270345472,33783.0,34140.55,2.7961098943786316,954.607296545284
2026-08-29,2026-08-31 06:00:00,2,34364.6790746329,34476.0,34920.5,1.5916751632052837,555.8209253671012
2026-08-30,2026-08-31 06:00:00,1,33962.56952423957,34476.0,34920.5,2.7431751428542923,957.9304757604332
2026-08-29,2026-08-31 07:00:00,2,38358.86175266289,37307.0,38623.74,0.6857912965888603,264.8782473371102
2026-08-30,2026-08-31 07:00:00,1,38736.52721017415,37307.0,38623.74,0.29201524806803353,112.78721017415228
2026-08-29,2026-08-31 08:00:00,2,45542.62886302867,43985.0,46619.55,2.310020446296307,1076.9211369713303
2026-08-30,2026-08-31 08:00:00,1,44180.0027513954,43985.0,46619.55,5.23288459155999,2439.5472486046056
2026-08-30,2026-08-31 09:00:00,1,46768.85262205244,47877.0,50010.88,6.482644132531869,3242.0273779475538
2026-08-29,2026-08-31 09:00:00,2,48011.017729485415,47877.0,50010.88,3.998854390313833,1999.8622705145826
2026-08-30,2026-08-31 10:00:00,1,47749.64334761364,49950.0,51003.23,6.379177656760887,3253.586652386366
2026-08-29,2026-08-31 10:00:00,2,49372.61343518404,49950.0,51003.23,3.1970848999484263,1630.6165648159658
2026-08-29,2026-08-31 11:00:00,2,50492.395397182525,51452.0,52151.89,3.1820411548219525,1659.4946028174745
2026-08-30,2026-08-31 11:00:00,1,47787.07692366795,51452.0,52151.89,8.369424533477217,4364.813076332051
2026-08-30,2026-08-31 12:00:00,1,46607.18183298875,50883.0,50684.23,8.04401717656805,4077.0481670112567
2026-08-29,2026-08-31 12:00:00,2,49909.43727218386,50883.0,50684.23,1.5286662692047293,774.7927278161442
2026-08-29,2026-08-31 13:00:00,2,50961.25414770274,51906.0,51582.5,1.204373289967061,621.2458522972593
2026-08-30,2026-08-31 13:00:00,1,47587.485037137725,51906.0,51582.5,7.744903722894925,3995.014962862275
2026-08-29,2026-08-31 14:00:00,2,52218.2460352429,52830.0,52725.68,0.962403831979224,507.43396475710324
2026-08-30,2026-08-31 14:00:00,1,47828.12635525062,52830.0,52725.68,9.288744393148423,4897.55364474938
2026-08-29,2026-08-31 15:00:00,2,51422.84637690163,52382.0,52199.89,1.4885924531610484,777.0436230983687
2026-08-30,2026-08-31 15:00:00,1,47633.7586505078,52382.0,52199.89,8.747396497372312,4566.1313494922
2026-08-30,2026-08-31 16:00:00,1,47868.00073263736,51519.0,51283.3,6.65967140835836,3415.299267362643
2026-08-29,2026-08-31 16:00:00,2,50783.57870720048,51519.0,51283.3,0.9744327935205429,499.7212927995206
2026-08-30,2026-08-31 17:00:00,1,47369.81706120687,50513.0,50327.75,5.877339914447057,2957.9329387931284
2026-08-29,2026-08-31 17:00:00,2,50616.476544589525,50513.0,50327.75,0.5736925346146501,288.72654458952456
2026-08-29,2026-08-31 18:00:00,2,49409.94347226281,49438.0,49794.45,0.7721875183623687,384.5065277371905
2026-08-30,2026-08-31 18:00:00,1,46590.0118786912,49438.0,49794.45,6.435331892025714,3204.438121308798
2026-08-30,2026-08-31 19:00:00,1,46858.87069548094,49712.0,50579.86,7.356661929311513,3720.989304519062
2026-08-29,2026-08-31 19:00:00,2,50073.09574604326,49712.0,50579.86,1.0019091669228397,506.7642539567387
2026-08-30,2026-08-31 20:00:00,1,46623.714530589255,49519.0,50595.59,7.850240444692395,3971.875469410741
2026-08-29,2026-08-31 20:00:00,2,50341.40926993128,49519.0,50595.59,0.5023772428955058,254.18073006871418
2026-08-29,2026-08-31 21:00:00,2,48590.70593758001,47733.0,48901.77,0.6360998025633587,311.06406241998775
2026-08-30,2026-08-31 21:00:00,1,45903.341359953854,47733.0,48901.77,6.131533971155119,2998.4286400461424
2026-08-29,2026-08-31 22:00:00,2,46554.14588982439,45894.0,46963.8,0.8722763280986965,409.65411017561564
2026-08-30,2026-08-31 22:00:00,1,43689.45660039188,45894.0,46963.8,6.9720580523895475,3274.343399608122
2026-08-29,2026-08-31 23:00:00,2,44264.59805557712,43887.0,44864.19,1.3364599793797363,599.5919444228857
2026-08-30,2026-08-31 23:00:00,1,42744.94346018651,43887.0,44864.19,4.7236928601931645,2119.2465398134955
2026-08-31,2026-09-01 00:00:00,1,42492.979522620495,40887.0,42485.71,0.017110512265173374,7.269522620495991
2026-08-30,2026-09-01 00:00:00,2,42642.34414113371,40887.0,42485.71,0.36867488182194097,156.63414113371255
2026-08-30,2026-09-01 01:00:00,2,40534.64070979819,38768.0,40461.21,0.18148421611263557,73.43070979818731
2026-08-31,2026-09-01 01:00:00,1,40237.65022198408,38768.0,40461.21,0.5525286515552114,223.55977801592235
2026-08-30,2026-09-01 02:00:00,2,39167.80448634899,37183.0,39118.59,0.12580843621663182,49.214486348995706
2026-08-31,2026-09-01 02:00:00,1,38529.91864840296,37183.0,39118.59,1.504837857389628,588.6713515970332
2026-08-30,2026-09-01 03:00:00,2,37814.36044950847,35780.0,37913.63,0.2618307729740586,99.26955049152457
2026-08-31,2026-09-01 03:00:00,1,37193.37693605752,35780.0,37913.63,1.8997206649494665,720.2530639424804
2026-08-31,2026-09-01 04:00:00,1,36283.927197849305,35020.0,37056.06,2.083688341800754,772.1328021506924
2026-08-30,2026-09-01 04:00:00,2,36800.07843410669,35020.0,37056.06,0.690795421567505,255.98156589330756
2026-08-30,2026-09-01 05:00:00,2,36836.22279673538,35180.0,37175.72,0.913222940307863,339.4972032646183
2026-08-31,2026-09-01 05:00:00,1,36530.60884628761,35180.0,37175.72,1.7353023793820113,645.1111537123943
2026-08-31,2026-09-01 06:00:00,1,37174.59999254541,35771.0,38072.25,2.357754026763827,897.6500074545911
2026-08-30,2026-09-01 06:00:00,2,37962.11147740333,35771.0,38072.25,0.2892881891579123,110.13852259667328
2026-08-30,2026-09-01 07:00:00,2,40918.9087511288,38486.0,41147.2,0.5548159993175609,228.29124887119542
2026-08-31,2026-09-01 07:00:00,1,40346.36188995757,38486.0,41147.2,1.946276077211646,800.8381100424303
2026-08-30,2026-09-01 08:00:00,2,47111.300972984296,44274.0,48059.54,1.9730505681404873,948.2390270157048
2026-08-31,2026-09-01 08:00:00,1,46545.55194068656,44274.0,48059.54,3.1502341872465776,1513.988059313444
2026-08-30,2026-09-01 09:00:00,2,49300.457205329454,47406.0,50876.12,3.0970577054039268,1575.6627946705485
2026-08-31,2026-09-01 09:00:00,1,49193.77112150104,47406.0,50876.12,3.3067554650373503,1682.3488784989604
2026-08-30,2026-09-01 10:00:00,2,50143.14140469427,49098.0,51808.39,3.2142450195918713,1665.248595305733
2026-08-31,2026-09-01 10:00:00,1,50149.167219536816,49098.0,51808.39,3.2026140562622847,1659.2227804631839
2026-08-30,2026-09-01 11:00:00,2,51029.03281279372,50262.0,52929.19,3.5899986136313156,1900.157187206285
2026-08-31,2026-09-01 11:00:00,1,51296.82796030471,50262.0,52929.19,3.0840487823359664,1632.3620396952902
2026-08-30,2026-09-01 12:00:00,2,50335.98066647112,49831.0,51853.41,2.9263829197132494,1517.4293335288821
2026-08-31,2026-09-01 12:00:00,1,50459.68926376801,49831.0,51853.41,2.687809222637425,1393.7207362319969
2026-08-30,2026-09-01 13:00:00,2,51402.71777430253,50979.0,53039.76,3.086443501436414,1637.0422256974707
2026-08-31,2026-09-01 13:00:00,1,51626.56976137014,50979.0,53039.76,2.6643978755368813,1413.1902386298607
2026-08-31,2026-09-01 14:00:00,1,52749.73273982544,51888.0,53903.7,2.140794157311196,1153.9672601745551
2026-08-30,2026-09-01 14:00:00,2,52522.343015919534,51888.0,53903.7,2.5626385277457078,1381.356984080463
2026-08-30,2026-09-01 15:00:00,2,51617.88101367062,51374.0,53110.81,2.810970095032206,1492.9289863293743
2026-08-31,2026-09-01 15:00:00,1,52161.53614190799,51374.0,53110.81,1.7873458493515821,949.273858092005
2026-08-31,2026-09-01 16:00:00,1,52056.74289691198,50921.0,52092.67,0.06896767450779365,35.92710308801907
2026-08-30,2026-09-01 16:00:00,2,51490.992957396105,50921.0,52092.67,1.1550128695724233,601.6770426038929
2026-08-30,2026-09-01 17:00:00,2,50878.94346393315,50405.0,51392.23,0.9987629181820892,513.2865360668511
2026-08-31,2026-09-01 17:00:00,1,51339.74992372066,50405.0,51392.23,0.10211675243387117,52.48007627934567
2026-08-30,2026-09-01 18:00:00,2,49729.50215329076,49670.0,51049.22,2.585187093376232,1319.717846709238
2026-08-31,2026-09-01 18:00:00,1,50531.85111731454,49670.0,51049.22,1.0134706910026503,517.3688826854632
2026-08-30,2026-09-01 19:00:00,2,50674.46172599941,49904.0,51777.95,2.1311934404521327,1103.488274000585
2026-08-31,2026-09-01 19:00:00,1,51250.80920471268,49904.0,51777.95,1.0180796947104311,527.1407952873196
2026-08-30,2026-09-01 20:00:00,2,50188.50382076464,49664.0,51464.63,2.479617903082864,1276.1261792353544
2026-08-31,2026-09-01 20:00:00,1,50720.66560308499,49664.0,51464.63,1.445583883368064,743.9643969150056
2026-08-31,2026-09-01 21:00:00,1,49161.75797507988,47851.0,49793.04,1.2678117763448822,631.2820249201177
2026-08-30,2026-09-01 21:00:00,2,48731.53896783571,47851.0,49793.04,2.1318261190003485,1061.5010321642912
2026-08-31,2026-09-01 22:00:00,1,47181.20941391024,45642.0,47689.7,1.066248238277356,508.4905860897561
2026-08-30,2026-09-01 22:00:00,2,46861.36775419789,45642.0,47689.7,1.7369206470204397,828.3322458021066
2026-08-30,2026-09-01 23:00:00,2,45236.99701641736,43355.0,45479.57,0.5333669240554437,242.57298358264234
2026-08-31,2026-09-01 23:00:00,1,45292.22287459538,43355.0,45479.57,0.41193688815575047,187.34712540461624
2026-09-01,2026-09-02 00:00:00,1,42951.495768326895,41601.0,43046.98,0.22181400802822474,95.4842316731083
2026-08-31,2026-09-02 00:00:00,2,43471.99138763313,41601.0,43046.98,0.9873198715290209,425.0113876331234
2026-09-01,2026-09-02 01:00:00,1,40792.903452889535,39769.0,40895.97,0.2520212801174927,103.06654711046576
2026-08-31,2026-09-02 01:00:00,2,41326.55671667782,39769.0,40895.97,1.052883002109545,430.5867166778189
2026-09-01,2026-09-02 02:00:00,1,38734.39168838863,38029.0,39284.47,1.400243688183586,550.0783116113744
2026-08-31,2026-09-02 02:00:00,2,39235.601204702194,38029.0,39284.47,0.12439723712145558,48.86879529780708
2026-09-01,2026-09-02 03:00:00,1,37448.71138681139,36772.0,38161.62,1.8681298466590626,712.9086131886143
2026-08-31,2026-09-02 03:00:00,2,38161.31338809945,36772.0,38161.62,0.000803456196441674,0.3066119005525252
2026-09-01,2026-09-02 04:00:00,1,36553.6575155734,35956.0,37125.66,1.5407200422203964,572.0024844266009
2026-08-31,2026-09-02 04:00:00,2,37313.74902852949,35956.0,37125.66,0.5066281071622379,188.08902852948813
2026-09-01,2026-09-02 05:00:00,1,36777.26542028681,36094.0,37625.11,2.2534009328163918,847.8445797131935
2026-08-31,2026-09-02 05:00:00,2,37509.55853060263,36094.0,37625.11,0.3071126420557105,115.55146939736733
2026-08-31,2026-09-02 06:00:00,2,38506.15516272836,36744.0,38408.41,0.25448895887218187,97.74516272835899
2026-09-01,2026-09-02 06:00:00,1,37843.66028617598,36744.0,38408.41,1.4703803511366949,564.7497138240215
2026-08-31,2026-09-02 07:00:00,2,41367.58914133755,39401.0,41353.8,0.033344315002605165,13.789141337547335
2026-09-01,2026-09-02 07:00:00,1,41102.62574935406,39401.0,41353.8,0.6073788881455666,251.17425064594136
2026-09-01,2026-09-02 08:00:00,1,47672.90571672199,45142.0,47942.12,0.5615402140706658,269.2142832780155
2026-08-31,2026-09-02 08:00:00,2,47716.69407566727,45142.0,47942.12,0.47020433041495113,225.4259243327324
2026-09-01,2026-09-02 09:00:00,1,50706.65778363134,48578.0,51244.44,1.049445005875106,537.7822163686651
2026-08-31,2026-09-02 09:00:00,2,50296.15427967713,48578.0,51244.44,1.8505143588706803,948.2857203228705
2026-08-31,2026-09-02 10:00:00,2,51317.28590452772,50253.0,52107.74,1.5169610032449616,790.4540954722761
2026-09-01,2026-09-02 10:00:00,1,51366.66326016936,50253.0,52107.74,1.4222008857621566,741.0767398306416
2026-09-01,2026-09-02 11:00:00,1,52495.95260192487,51611.0,53254.45,1.4242892341862958,758.4973980751238
2026-08-31,2026-09-02 11:00:00,2,51809.97583564418,51611.0,53254.45,2.7124008685768337,1444.4741643558154
2026-08-31,2026-09-02 12:00:00,2,51324.43387607843,50793.0,52079.59,1.450003972614927,755.1561239215662
2026-09-01,2026-09-02 12:00:00,1,51550.27409543278,50793.0,52079.59,1.016359584565114,529.3159045672146
2026-08-31,2026-09-02 13:00:00,2,52454.02011289261,51705.0,53358.07,1.6943076972375255,904.0498871073869
2026-09-01,2026-09-02 13:00:00,1,52739.24848389645,51705.0,53358.07,1.1597524350178852,618.8215161035478
2026-08-31,2026-09-02 14:00:00,2,53388.83856001598,52770.0,53852.94,0.8617940635813393,464.10143998402054
2026-09-01,2026-09-02 14:00:00,1,53492.50786772919,52770.0,53852.94,0.6692896103180492,360.4321322708129
2026-08-31,2026-09-02 15:00:00,2,52216.97022624915,52169.0,52711.41,0.9380128016891509,494.43977375085524
2026-09-01,2026-09-02 15:00:00,1,52427.05704242092,52169.0,52711.41,0.5394523834196082,284.3529575790817
2026-08-31,2026-09-02 16:00:00,2,52354.5046289631,51509.0,51858.91,0.955659555827717,495.5946289630956
2026-09-01,2026-09-02 16:00:00,1,52121.22255122745,51509.0,51858.91,0.5058196387611099,262.31255122744915
2026-08-31,2026-09-02 17:00:00,2,51256.124697974,50675.0,51321.51,0.1274033091115195,65.38530202599941
2026-09-01,2026-09-02 17:00:00,1,51155.56240507374,50675.0,51321.51,0.3233490108265779,165.94759492626326
2026-09-01,2026-09-02 18:00:00,1,50731.3744324801,49963.0,51100.89,0.7231098470494319,369.51556751989847
2026-08-31,2026-09-02 18:00:00,2,50511.28916284449,49963.0,51100.89,1.1537975897396449,589.6008371555072
2026-08-31,2026-09-02 19:00:00,2,51538.52816729971,50124.0,52319.53,1.4927539156033909,781.0018327002908
2026-09-01,2026-09-02 19:00:00,1,51605.30758814538,50124.0,52319.53,1.3651162612787653,714.2224118546219
2026-09-01,2026-09-02 20:00:00,1,51305.071948810575,49780.0,51940.63,1.223624070769689,635.5580511894223
2026-08-31,2026-09-02 20:00:00,2,51023.9416963445,49780.0,51940.63,1.7648771369455876,916.6883036555009
2026-08-31,2026-09-02 21:00:00,2,49468.49211933967,48246.0,49997.03,1.0571385553508394,528.5378806603258
2026-09-01,2026-09-02 21:00:00,1,49176.24025245223,48246.0,49997.03,1.6416770107099676,820.7897475477657
2026-08-31,2026-09-02 22:00:00,2,47463.629579498185,46615.0,48001.89,1.1213317236088292,538.2604205018142
2026-09-01,2026-09-02 22:00:00,1,47335.028743583,46615.0,48001.89,1.389239582893499,666.8612564169962
2026-09-01,2026-09-02 23:00:00,1,45569.52533664404,44624.0,45837.16,0.5838814258037933,267.63466335596604
2026-08-31,2026-09-02 23:00:00,2,45829.01305840557,44624.0,45837.16,0.01777366135779408,8.146941594430245
2026-09-01,2026-09-03 00:00:00,2,43845.08599879653,42500.0,43206.08,1.4789724010984766,639.0059987965287
2026-09-02,2026-09-03 00:00:00,1,43441.68234566429,42500.0,43206.08,0.5452990543559771,235.602345664287
2026-09-02,2026-09-03 01:00:00,1,40673.85282620898,40432.0,41107.06,1.053851026541464,433.2071737910155
2026-09-01,2026-09-03 01:00:00,2,41189.53589809817,40432.0,41107.06,0.20063682028870822,82.47589809817146
2026-09-01,2026-09-03 02:00:00,2,39288.43777993245,38785.0,39509.75,0.5601458375908472,221.3122200675498
2026-09-02,2026-09-03 02:00:00,1,38998.737391341085,38785.0,39509.75,1.2933835538289036,511.01260865891527
2026-09-01,2026-09-03 03:00:00,2,37786.88488268505,37401.0,37573.69,0.5674046990994214,213.19488268504938
2026-09-02,2026-09-03 03:00:00,1,37426.60908020388,37401.0,37573.69,0.3914465675213713,147.08091979612072
2026-09-02,2026-09-03 04:00:00,1,36905.4096408855,36740.0,37126.74,0.5961481108077396,221.33035911450133
2026-09-01,2026-09-03 04:00:00,2,37294.78228185107,36740.0,37126.74,0.45261792942518136,168.04228185107058
2026-09-01,2026-09-03 05:00:00,2,37676.137774974326,36871.0,37544.77,0.3498963370246488,131.36777497432922
2026-09-02,2026-09-03 05:00:00,1,37315.155705290745,36871.0,37544.77,0.6115746473057423,229.61429470925214
2026-09-01,2026-09-03 06:00:00,2,38098.90839058592,37533.0,38549.19,1.1680702225236894,450.28160941407987
2026-09-02,2026-09-03 06:00:00,1,37802.33231104397,37533.0,38549.19,1.9374147393396213,746.8576889560354
2026-09-02,2026-09-03 07:00:00,1,41268.25954004154,40238.0,41481.58,0.5142534589050469,213.3204599584642
2026-09-01,2026-09-03 07:00:00,2,41257.947952431874,40238.0,41481.58,0.5391116914257551,223.63204756812775
2026-09-01,2026-09-03 08:00:00,2,47769.35594460464,46392.0,48153.25,0.7972339466087087,383.894055395358
2026-09-02,2026-09-03 08:00:00,1,47174.615883114224,46392.0,48153.25,2.032332432153128,978.6341168857762
2026-09-02,2026-09-03 09:00:00,1,51110.85580311708,49834.0,51193.88,0.16217601963928913,83.02419688291411
2026-09-01,2026-09-03 09:00:00,2,50895.12591994824,49834.0,51193.88,0.5835738179090156,298.75408005175996
2026-09-02,2026-09-03 10:00:00,1,51948.66876918226,51466.0,52217.83,0.5154584761904942,269.16123081774276
2026-09-01,2026-09-03 10:00:00,2,51912.73937083909,51466.0,52217.83,0.5842652388291768,305.0906291609135
2026-09-02,2026-09-03 11:00:00,1,52923.12128827555,52726.0,53033.96,0.20899572976343694,110.83871172444924
2026-09-01,2026-09-03 11:00:00,2,52601.25046433848,52726.0,53033.96,0.8159102877882725,432.7095356615173
2026-09-02,2026-09-03 12:00:00,1,51362.36994093972,51756.0,52197.44,1.5998295300694423,835.0700590602792
2026-09-01,2026-09-03 12:00:00,2,51309.659532188496,51756.0,52197.44,1.7008122770226015,887.7804678115062
2026-09-01,2026-09-03 13:00:00,2,52460.176197239976,52795.0,52954.62,0.9337123045355179,494.4438027600263
2026-09-02,2026-09-03 13:00:00,1,52723.678229147234,52795.0,52954.62,0.4361126014175325,230.94177085276897
2026-09-01,2026-09-03 14:00:00,2,53430.228844533616,53607.0,53841.05,0.7630258983923729,410.8211554663867
2026-09-02,2026-09-03 14:00:00,1,53254.95381958877,53607.0,53841.05,1.0885675156989514,586.0961804112303
2026-09-02,2026-09-03 15:00:00,1,52365.02316755502,53149.0,52691.86,0.6202795506649108,326.8368324449839
2026-09-01,2026-09-03 15:00:00,2,52329.39456702634,53149.0,52691.86,0.6878964473329631,362.4654329736586
2026-09-02,2026-09-03 16:00:00,1,51844.54175638663,52428.0,51523.49,0.6231172546475997,321.0517563866306
2026-09-01,2026-09-03 16:00:00,2,51981.91083341417,52428.0,51523.49,0.8897317192879851,458.4208334141731
2026-09-01,2026-09-03 17:00:00,2,51211.14022652146,51780.0,51184.0,0.05302482518258928,27.140226521456498
2026-09-02,2026-09-03 17:00:00,1,51405.83104003669,51780.0,51184.0,0.4333991873176969,221.83104003668996
2026-09-01,2026-09-03 18:00:00,2,50733.733438266114,51023.0,50841.49,0.2119461127789216,107.75656173388415
2026-09-02,2026-09-03 18:00:00,1,50780.97672730838,51023.0,50841.49,0.11902340527710721,60.51327269161993
2026-09-02,2026-09-03 19:00:00,1,52019.081523584886,51105.0,51894.66,0.23975785482529874,124.42152358488238
2026-09-01,2026-09-03 19:00:00,2,51611.826631444805,51105.0,51894.66,0.5450143975414788,282.83336855519883
2026-09-02,2026-09-03 20:00:00,1,51735.66619280417,50721.0,51673.62,0.1200732458925261,62.04619280416955
2026-09-01,2026-09-03 20:00:00,2,51498.94387865955,50721.0,51673.62,0.3380373222167392,174.6761213404534
2026-09-02,2026-09-03 21:00:00,1,49927.55072009253,49216.0,49855.36,0.14480031854654551,72.19072009252704
2026-09-01,2026-09-03 21:00:00,2,48832.91438186964,49216.0,49855.36,2.0508238595215467,1022.4456181303613
2026-09-02,2026-09-03 22:00:00,1,47189.90962572789,47397.0,47993.44,1.6742504272919698,803.5303742721153
2026-09-01,2026-09-03 22:00:00,2,46712.178275401886,47397.0,47993.44,2.6696601131282036,1281.2617245981164
2026-09-01,2026-09-03 23:00:00,2,44756.75826394754,45104.0,45752.42,2.1761946932041223,995.6617360524615
2026-09-02,2026-09-03 23:00:00,1,44676.6244630277,45104.0,45752.42,2.3513412776248748,1075.7955369722986
2026-09-02,2026-09-04 00:00:00,2,42887.29597200557,42702.0,42694.3,0.45204154185821144,192.99597200557037
2026-09-03,2026-09-04 00:00:00,1,43114.42832500375,42702.0,42694.3,0.9840384430796264,420.128325003745
2026-09-03,2026-09-04 01:00:00,1,40921.14526407721,40691.0,41321.43,0.9687097855103004,400.28473592278897
2026-09-02,2026-09-04 01:00:00,2,41300.93473680026,40691.0,41321.43,0.04959959807716397,20.495263199736655
2026-09-02,2026-09-04 02:00:00,2,39251.290118689096,39152.0,39596.48,0.8717691100595492,345.18988131090737
2026-09-03,2026-09-04 02:00:00,1,39354.367671507855,39152.0,39596.48,0.611449119952452,242.11232849214866
2026-09-03,2026-09-04 03:00:00,1,38166.30787368183,38072.0,38564.62,1.0328433842163482,398.3121263181747
2026-09-02,2026-09-04 03:00:00,2,38194.6735888447,38072.0,38564.62,0.9592896576066416,369.9464111553025
2026-09-02,2026-09-04 04:00:00,2,37015.26863495696,37135.0,37424.91,1.0945687378888564,409.6413650430404
2026-09-03,2026-09-04 04:00:00,1,37210.678855858605,37135.0,37424.91,0.5724292834408914,214.23114414139854
2026-09-02,2026-09-04 05:00:00,2,37188.55623783098,36950.0,37480.22,0.7781804967234031,291.66376216902427
2026-09-03,2026-09-04 05:00:00,1,37044.5428733289,36950.0,37480.22,1.162418808297017,435.67712667110027
2026-09-02,2026-09-04 06:00:00,2,37778.18445930601,37615.0,38493.9,1.8592959941548994,715.7155406939928
2026-09-03,2026-09-04 06:00:00,1,38207.14017403611,37615.0,38493.9,0.7449487476298602,286.75982596389076
2026-09-03,2026-09-04 07:00:00,1,41011.75465644419,40229.0,41609.55,1.4366782230421036,597.7953435558156
2026-09-02,2026-09-04 07:00:00,2,41075.0168436982,40229.0,41609.55,1.284640560404533,534.5331563018044
2026-09-02,2026-09-04 08:00:00,2,47514.727874813165,46529.0,48351.11,1.7298095642206264,836.3821251868358
2026-09-03,2026-09-04 08:00:00,1,47319.55893975174,46529.0,48351.11,2.13345890145699,1031.551060248261
2026-09-03,2026-09-04 09:00:00,1,50472.696888756655,50043.0,51327.66,1.665696646298212,854.963111243349
2026-09-02,2026-09-04 09:00:00,2,50168.58954621465,50043.0,51327.66,2.2581790281991276,1159.0704537853526
2026-09-02,2026-09-04 10:00:00,2,51202.23475976159,51319.0,52369.8,2.229462858820188,1167.5652402384148
2026-09-03,2026-09-04 10:00:00,1,51580.69606940607,51319.0,52369.8,1.5067919499290312,789.1039305939339
2026-09-02,2026-09-04 11:00:00,2,52347.02800380906,52289.0,53585.71,2.311590153775964,1238.6819961909423
2026-09-03,2026-09-04 11:00:00,1,52533.43552989028,52289.0,53585.71,1.9637221753891443,1052.274470109718
2026-09-03,2026-09-04 12:00:00,1,50461.501562063146,51092.0,51495.75,2.008415137048891,1034.2484379368543
2026-09-02,2026-09-04 12:00:00,2,50182.36232456056,51092.0,51495.75,2.550477807274264,1313.3876754394369
2026-09-03,2026-09-04 13:00:00,1,50769.60656413198,51706.0,51102.42,0.6512674661356901,332.81343586801813
2026-09-02,2026-09-04 13:00:00,2,50165.54772457607,51706.0,51102.42,1.8333227182272933,936.8722754239279
2026-09-03,2026-09-04 14:00:00,1,52454.31886844896,52865.0,53080.5,1.1796820518854234,626.1811315510422
2026-09-02,2026-09-04 14:00:00,2,52288.2955001871,52865.0,53080.5,1.492458623812697,792.2044998128986
2026-09-02,2026-09-04 15:00:00,2,51204.05098792853,52338.0,52182.21,1.8745066797122394,978.1590120714682
2026-09-03,2026-09-04 15:00:00,1,51892.49741200842,52338.0,52182.21,0.5551941705642145,289.7125879915766
2026-09-03,2026-09-04 16:00:00,1,50694.73748437874,51621.0,51014.65,0.6270993050452395,319.91251562126126
2026-09-02,2026-09-04 16:00:00,2,50465.81922738433,51621.0,51014.65,1.0758297324703214,548.8307726156709
2026-09-03,2026-09-04 17:00:00,1,50371.48505594332,50872.0,50758.48,0.7624242177005403,386.9949440566852
2026-09-02,2026-09-04 17:00:00,2,50503.061923562746,50872.0,50758.48,0.503202768162596,255.4180764372577
2026-09-03,2026-09-04 18:00:00,1,49629.86434724748,50098.0,50147.75,1.0327196190308048,517.8856527525204
2026-09-02,2026-09-04 18:00:00,2,49413.92921517594,50098.0,50147.75,1.4633174665345177,733.8207848240636
2026-09-03,2026-09-04 19:00:00,1,50820.06301772199,50328.0,50993.74,0.34058490763378324,173.67698227801156
2026-09-02,2026-09-04 19:00:00,2,50440.54782663527,50328.0,50993.74,1.0848236927997927,553.192173364725
2026-09-02,2026-09-04 20:00:00,2,50254.50736256584,49948.0,50635.07,0.7515791672336172,380.5626374341591
2026-09-03,2026-09-04 20:00:00,1,50552.41721854996,49948.0,50635.07,0.16323228436345968,82.65278145003685
2026-09-03,2026-09-04 21:00:00,1,48390.94700617119,48455.0,49038.77,1.3210425013286549,647.8229938288059
2026-09-02,2026-09-04 21:00:00,2,48055.447528747965,48455.0,49038.77,2.0051939949799547,983.3224712520314
2026-09-03,2026-09-04 22:00:00,1,46346.46674359949,46479.0,47219.72,1.849340183297378,873.2532564005087
2026-09-02,2026-09-04 22:00:00,2,45769.9528137564,46479.0,47219.72,3.0702579054759402,1449.7671862436036
2026-09-03,2026-09-04 23:00:00,1,44319.37656542667,44245.0,45237.56,2.029692659315245,918.1834345733296
2026-09-02,2026-09-04 23:00:00,2,43861.58266567131,44245.0,45237.56,3.041670095223277,1375.977334328687
2026-09-04,2026-09-05 00:00:00,1,42182.57939367477,42635.0,42933.86,1.7498557230242713,751.2806063252283
2026-09-03,2026-09-05 00:00:00,2,40717.54350477015,42635.0,42933.86,5.162164536871025,2216.316495229854
2026-09-03,2026-09-05 01:00:00,2,39078.3649231203,40618.0,40909.23,4.475432749234589,1830.8650768797015
2026-09-04,2026-09-05 01:00:00,1,40497.31876104093,40618.0,40909.23,1.0068907162493004,411.91123895907367
2026-09-04,2026-09-05 02:00:00,1,38879.0541369943,38976.0,39135.12,0.6543121958121005,256.0658630057005
2026-09-03,2026-09-05 02:00:00,2,38167.33528369516,38976.0,39135.12,2.4729315160010823,967.7847163048427
2026-09-03,2026-09-05 03:00:00,2,36743.658479757294,37637.0,37928.24,3.1232177402450096,1184.5815202427038
2026-09-04,2026-09-05 03:00:00,1,37712.97696314141,37637.0,37928.24,0.5675534558381532,215.26303685858875
2026-09-03,2026-09-05 04:00:00,2,35665.89388990167,36708.0,36942.4,3.4553957244205282,1276.5061100983294
2026-09-04,2026-09-05 04:00:00,1,36414.54644109426,36708.0,36942.4,1.428855620928101,527.8535589057428
2026-09-04,2026-09-05 05:00:00,1,36544.685004687926,36517.0,36977.64,1.1708562128682987,432.95499531207315
2026-09-03,2026-09-05 05:00:00,2,35659.56091487478,36517.0,36977.64,3.564530037950547,1318.0790851252168
2026-09-03,2026-09-05 06:00:00,2,35980.07025309398,36604.0,37588.67,4.279480351143088,1608.5997469060167
2026-09-04,2026-09-05 06:00:00,1,37122.38324160937,36604.0,37588.67,1.2404981564674311,466.28675839062635
2026-09-04,2026-09-05 07:00:00,1,38721.45177240447,37996.0,39608.27,2.2389723853011656,886.818227595526
2026-09-03,2026-09-05 07:00:00,2,37895.042569027166,37996.0,39608.27,4.325428580881798,1713.227430972831
2026-09-03,2026-09-05 08:00:00,2,41838.06463600618,42236.0,44447.02,5.869809413530573,2608.9553639938167
2026-09-04,2026-09-05 08:00:00,1,43665.1876696356,42236.0,44447.02,1.7590208080640712,781.8323303643992
2026-09-04,2026-09-05 09:00:00,1,45964.61437265468,45029.0,47324.26,2.873041495726129,1359.6456273453223
2026-09-03,2026-09-05 09:00:00,2,45497.5438778338,45029.0,47324.26,3.85999933684373,1826.7161221662027
2026-09-03,2026-09-05 10:00:00,2,46399.7475569339,46610.0,48415.47,4.163385056607114,2015.7224430661008
2026-09-04,2026-09-05 10:00:00,1,47138.80706517643,46610.0,48415.47,2.636890512110226,1276.6629348235729
2026-09-04,2026-09-05 11:00:00,1,48551.692300694165,47870.0,49298.27,1.5144095306099619,746.5776993058316
2026-09-03,2026-09-05 11:00:00,2,47746.15100907612,47870.0,49298.27,3.148424865464599,1552.1189909238747
2026-09-03,2026-09-05 12:00:00,2,46566.43720672486,47638.0,48724.33,4.428778791365914,2157.8927932751394
2026-09-04,2026-09-05 12:00:00,1,47779.81400513578,47638.0,48724.33,1.938489446369452,944.5159948642249
2026-09-03,2026-09-05 13:00:00,2,47043.20148025692,48143.0,49396.98,4.765025148790646,2353.778519743086
2026-09-04,2026-09-05 13:00:00,1,48095.28254398418,48143.0,49396.98,2.635176190965155,1301.6974560158196
2026-09-03,2026-09-05 14:00:00,2,47016.21354166776,48491.0,49066.96,4.179485458916217,2050.746458332236
2026-09-04,2026-09-05 14:00:00,1,47840.94251381061,48491.0,49066.96,2.4986620043087857,1226.0174861893902
2026-09-04,2026-09-05 15:00:00,1,46432.44200487583,47726.0,47884.13,3.0316683108248275,1451.6879951241644
2026-09-03,2026-09-05 15:00:00,2,45836.561767063344,47726.0,47884.13,4.276089453722253,2047.5682329366537
2026-09-03,2026-09-05 16:00:00,2,45100.31366490919,47158.0,46781.05,3.5927717207946652,1680.7363350908126
2026-09-04,2026-09-05 16:00:00,1,45953.81994107461,47158.0,46781.05,1.7683016070083797,827.2300589253937
2026-09-03,2026-09-05 17:00:00,2,45641.762262350094,47113.0,47004.73,2.8996395419139933,1362.9677376499094
2026-09-04,2026-09-05 17:00:00,1,46193.479966438754,47113.0,47004.73,1.7258902105410443,811.2500335612494
2026-09-03,2026-09-05 18:00:00,2,46833.15057698907,47423.0,48240.63,2.917622392184608,1407.4794230109255
2026-09-04,2026-09-05 18:00:00,1,47318.40266663599,47423.0,48240.63,1.9117232369560766,922.2273333640042
2026-09-04,2026-09-05 19:00:00,1,48413.29063433367,47912.0,49816.55,2.816853767806743,1403.2593656663303
2026-09-03,2026-09-05 19:00:00,2,48456.97297682455,47912.0,49816.55,2.7291673613998766,1359.5770231754504
2026-09-03,2026-09-05 20:00:00,2,47985.14141389416,47804.0,49543.29,3.145024454584746,1558.148586105839
2026-09-04,2026-09-05 20:00:00,1,47390.70142390551,47804.0,49543.29,4.344864009020167,2152.5885760944875
2026-09-03,2026-09-05 21:00:00,2,45868.89477951715,46464.0,47756.49,3.9525417811963357,1887.59522048285
2026-09-04,2026-09-05 21:00:00,1,46773.575774646015,46464.0,47756.49,2.058179370707485,982.914225353983
2026-09-04,2026-09-05 22:00:00,1,44691.08255888436,44632.0,45744.43,2.302679126432753,1053.3474411156421
2026-09-03,2026-09-05 22:00:00,2,43386.23321726599,44632.0,45744.43,5.155156120065355,2358.1967827340122
2026-09-04,2026-09-05 23:00:00,1,43268.57211969817,42784.0,43456.66,0.43281715691411843,188.08788030183496
2026-09-03,2026-09-05 23:00:00,2,41240.83530822577,42784.0,43456.66,5.098930041503963,2215.8246917742363
2026-09-05,2026-09-06 00:00:00,1,41156.7585942628,40562.0,41032.51,0.30280524945414566,124.24859426279727
2026-09-04,2026-09-06 00:00:00,2,40202.15049208423,40562.0,41032.51,2.0236624762067317,830.3595079157749
2026-09-04,2026-09-06 01:00:00,2,39088.19503281303,38696.0,38788.54,0.7725349621641662,299.65503281303245
2026-09-05,2026-09-06 01:00:00,1,39207.683256633376,38696.0,38788.54,1.0805852879055904,419.14325663337513
2026-09-05,2026-09-06 02:00:00,1,37951.35518716504,36964.0,37319.85,1.6921428868686317,631.505187165043
2026-09-04,2026-09-06 02:00:00,2,36855.83579998298,36964.0,37319.85,1.2433442257056666,464.01420001701626
2026-09-05,2026-09-06 03:00:00,1,36555.07708912479,35715.0,36182.83,1.028794843092115,372.2470891247867
2026-09-04,2026-09-06 03:00:00,2,35178.09537883848,35715.0,36182.83,2.7768270783725932,1004.7346211615222
2026-09-05,2026-09-06 04:00:00,1,35295.13641969493,34583.0,35101.78,0.5508450559912633,193.35641969493008
2026-09-04,2026-09-06 04:00:00,2,34564.88907456239,34583.0,35101.78,1.5295262104588776,536.8909254376122
2026-09-04,2026-09-06 05:00:00,2,34529.79702520958,34137.0,34888.4,1.027857324470096,358.6029747904249
2026-09-05,2026-09-06 05:00:00,1,35280.253370319515,34137.0,34888.4,1.1231623414072112,391.8533703195135
2026-09-04,2026-09-06 06:00:00,2,34504.52424476808,33676.0,34903.59,1.1433372762856693,399.06575523191714
2026-09-05,2026-09-06 06:00:00,1,35232.78119620979,33676.0,34903.59,0.9431442330424887,329.1911962097947
2026-09-05,2026-09-06 07:00:00,1,35913.388959926626,34234.0,35694.62,0.6128905698579316,218.7689599266232
2026-09-04,2026-09-06 07:00:00,2,34743.59473385806,34234.0,35694.62,2.6643378361835577,951.0252661419436
2026-09-04,2026-09-06 08:00:00,2,37546.197252089405,36265.0,37871.68,0.859435725879061,325.4827479105952
2026-09-05,2026-09-06 08:00:00,1,38859.342383086514,36265.0,37871.68,2.607918061956886,987.6623830865137
2026-09-04,2026-09-06 09:00:00,2,38717.3335588348,38190.0,38898.93,0.46684173874500434,181.59644116520212
2026-09-05,2026-09-06 09:00:00,1,40137.20672561577,38190.0,38898.93,3.183318218819303,1238.2767256157676
2026-09-04,2026-09-06 10:00:00,2,39771.277594962354,40084.0,40711.43,2.3093082336769957,940.1524050376465
2026-09-05,2026-09-06 10:00:00,1,40974.25218274784,40084.0,40711.43,0.6455734489008148,262.822182747841
2026-09-05,2026-09-06 11:00:00,1,42215.56906804632,41517.0,41217.84,2.4206243414170334,997.7290680463266
2026-09-04,2026-09-06 11:00:00,2,40896.866711818,41517.0,41217.84,0.7787241839504317,320.9732881819946
2026-09-05,2026-09-06 12:00:00,1,42237.16361349506,42113.0,41624.27,1.4724429125004803,612.8936134950636
2026-09-04,2026-09-06 12:00:00,2,40844.13554987537,42113.0,41624.27,1.8742297465508169,780.1344501246276
2026-09-05,2026-09-06 13:00:00,1,42795.05829886739,42788.0,42510.16,0.6701887239836047,284.8982988673888
2026-09-04,2026-09-06 13:00:00,2,41416.61071194529,42788.0,42510.16,2.572442183362071,1093.54928805471
2026-09-04,2026-09-06 14:00:00,2,41491.58491885544,42952.0,42800.11,3.057293733928624,1308.5250811445585
2026-09-05,2026-09-06 14:00:00,1,42716.04810257626,42952.0,42800.11,0.1964057976106699,84.06189742374409
2026-09-05,2026-09-06 15:00:00,1,41698.2420985795,42401.0,41596.56,0.2444483355823311,101.68209857950569
2026-09-04,2026-09-06 15:00:00,2,40778.461756478006,42401.0,41596.56,1.9667449508372619,818.0982435219921
2026-09-04,2026-09-06 16:00:00,2,40435.09154444218,42067.0,40975.78,1.3195318199136703,540.6884555578217
2026-09-05,2026-09-06 16:00:00,1,41513.42640977075,42067.0,40975.78,1.312107810444976,537.6464097707503
2026-09-04,2026-09-06 17:00:00,2,41160.66843278189,42550.0,41750.91,1.413721442761645,590.241567218116
2026-09-05,2026-09-06 17:00:00,1,41801.16404548401,42550.0,41750.91,0.12036634766524962,50.254045484005474
2026-09-04,2026-09-06 18:00:00,2,42756.1498004484,43729.0,43621.68,1.9841743819852844,865.5301995515983
2026-09-05,2026-09-06 18:00:00,1,44033.59102443978,43729.0,43621.68,0.9442805147343744,411.9110244397816
2026-09-04,2026-09-06 19:00:00,2,45325.358589774885,44924.0,45744.03,0.9152481979071663,418.6714102251135
2026-09-05,2026-09-06 19:00:00,1,45390.8322653039,44924.0,45744.03,0.7721176614655495,353.19773469609936
2026-09-04,2026-09-06 20:00:00,2,45888.3676293665,45343.0,46000.15,0.24300436114556992,111.78237063350389
2026-09-05,2026-09-06 20:00:00,1,46073.82253666101,45343.0,46000.15,0.16015716614187495,73.67253666101169
2026-09-05,2026-09-06 21:00:00,1,45280.73741580386,44207.0,44708.79,1.2792728584331121,571.9474158038574
2026-09-04,2026-09-06 21:00:00,2,44560.50615755356,44207.0,44708.79,0.3316659709342225,148.28384244644258
2026-09-04,2026-09-06 22:00:00,2,42466.53431628954,42685.0,43223.99,1.7523964902602953,757.455683710461
2026-09-05,2026-09-06 22:00:00,1,43641.98963316889,42685.0,43223.99,0.9670547146824924,417.999633168889
2026-09-04,2026-09-06 23:00:00,2,41114.75943545684,41053.0,41614.9,1.2018305091281216,500.1405645431587
2026-09-05,2026-09-06 23:00:00,1,41571.549745159886,41053.0,41614.9,0.10417003246461164,43.35025484011567
2026-09-05,2026-09-07 00:00:00,2,39890.43092551064,39188.0,39765.36,0.31452230159777567,125.07092551064125
2026-09-06,2026-09-07 00:00:00,1,40310.9702692609,39188.0,39765.36,1.3720742607658987,545.6102692608983
2026-09-05,2026-09-07 01:00:00,2,37667.010313806095,37162.0,37782.74,0.30630305317693485,115.72968619390304
2026-09-06,2026-09-07 01:00:00,1,38149.12543026703,37162.0,37782.74,0.9697164108982825,366.38543026702973
2026-09-06,2026-09-07 02:00:00,1,36892.37056511192,35521.0,36329.34,1.5497957439136716,563.030565111927
2026-09-05,2026-09-07 02:00:00,2,36294.27299447224,35521.0,36329.34,0.09652530304089957,35.06700552775874
2026-09-05,2026-09-07 03:00:00,2,34892.86407078651,34346.0,35321.42,1.2133032285040801,428.5559292134858
2026-09-06,2026-09-07 03:00:00,1,35635.2484353831,34346.0,35321.42,0.8884932581507314,313.8284353831041
2026-09-06,2026-09-07 04:00:00,1,34671.50302966276,33653.0,34508.27,0.4730258273241818,163.23302966276242
2026-09-05,2026-09-07 04:00:00,2,34529.36162864976,33653.0,34508.27,0.06112050430162623,21.09162864976679
2026-09-05,2026-09-07 05:00:00,2,34508.96065066635,33908.0,34761.42,0.7262630506281119,252.4593493336506
2026-09-06,2026-09-07 05:00:00,1,34752.04009218237,33908.0,34761.42,0.026983672754538616,9.379907817630738
2026-09-06,2026-09-07 06:00:00,1,36110.39862717457,34998.0,35881.67,0.6374525688870357,228.72862717456883
2026-09-05,2026-09-07 06:00:00,2,35385.37532652636,34998.0,35881.67,1.3831426281821324,496.2946734736397
2026-09-05,2026-09-07 07:00:00,2,39057.18393508307,38623.0,39732.9,1.7006462274763003,675.7160649169309
2026-09-06,2026-09-07 07:00:00,1,39931.43500491141,38623.0,39732.9,0.49967408598769747,198.53500491140585
2026-09-06,2026-09-07 08:00:00,1,47537.63644679664,45150.0,47220.77,0.6710319353044109,316.8664467966446
2026-09-05,2026-09-07 08:00:00,2,46390.843936780286,45150.0,47220.77,1.7575445364819573,829.9260632197111
2026-09-06,2026-09-07 09:00:00,1,49070.66014197229,48106.0,49987.82,1.8347666652150727,917.1598580277132
2026-09-05,2026-09-07 09:00:00,2,48805.04337681447,48106.0,49987.82,2.366129635550275,1182.7766231855276
2026-09-06,2026-09-07 10:00:00,1,49812.11478199751,49496.0,51038.09,2.4020789531945415,1225.975218002488
2026-09-05,2026-09-07 10:00:00,2,49790.58935807416,49496.0,51038.09,2.4442541676732716,1247.5006419258352
2026-09-06,2026-09-07 11:00:00,1,51207.4011286048,50837.0,51655.6,0.8676675353595765,448.1988713952014
2026-09-05,2026-09-07 11:00:00,2,51094.86260827021,50837.0,51655.6,1.0855306912121594,560.7373917297882
2026-09-05,2026-09-07 12:00:00,2,49256.55092398234,49828.0,50821.44,3.079190743154199,1564.8890760176655
2026-09-06,2026-09-07 12:00:00,1,49437.13603079891,49828.0,50821.44,2.7238582165343863,1384.3039692010934
2026-09-05,2026-09-07 13:00:00,2,50120.14636809008,50510.0,51494.44,2.668819452954386,1374.2936319099244
2026-09-06,2026-09-07 13:00:00,1,50736.344045037375,50510.0,51494.44,1.4721899198488764,758.0959549626277
2026-09-06,2026-09-07 14:00:00,1,51211.99299037639,51268.0,51919.19,1.362111022193549,707.1970096236109
2026-09-05,2026-09-07 14:00:00,2,50819.42833207403,51268.0,51919.19,2.118218076834353,1099.7616679259736
2026-09-05,2026-09-07 15:00:00,2,50154.70047909151,50667.0,50794.03,1.25867059752591,639.3295209084899
2026-09-06,2026-09-07 15:00:00,1,50354.19130893784,50667.0,50794.03,0.8659259583501363,439.8386910621557
2026-09-05,2026-09-07 16:00:00,2,49987.069475499535,49567.0,50084.42,0.19437286984747654,97.35052450046351
2026-09-06,2026-09-07 16:00:00,1,49435.04305778873,49567.0,50084.42,1.2965647644741964,649.3769422112673
2026-09-05,2026-09-07 17:00:00,2,49345.45029618601,48982.0,49620.51,0.5543266359293556,275.0597038139895
2026-09-06,2026-09-07 17:00:00,1,49299.51994723875,48982.0,49620.51,0.6468898702598086,320.99005276125536
2026-09-06,2026-09-07 18:00:00,1,49070.06650950783,49206.0,49606.21,1.0807991388420317,536.1434904921698
2026-09-05,2026-09-07 18:00:00,2,48769.41408909553,49206.0,49606.21,1.6868773302868085,836.7959109044677
2026-09-05,2026-09-07 19:00:00,2,49448.5224003505,50102.0,50419.03,1.9248835204673707,970.5075996494998
2026-09-06,2026-09-07 19:00:00,1,49926.88772211936,50102.0,50419.03,0.9761042167622765,492.14227788063727
2026-09-06,2026-09-07 20:00:00,1,49838.43140778715,50066.0,49979.28,0.28181396813408616,140.8485922128457
2026-09-05,2026-09-07 20:00:00,2,48862.63616298392,50066.0,49979.28,2.2342135321198624,1116.6438370160758
2026-09-05,2026-09-07 21:00:00,2,47693.99972017534,48440.0,48050.4,0.7417217751041788,356.40027982465836
2026-09-06,2026-09-07 21:00:00,1,48837.534565376845,48440.0,48050.4,1.6381436270600118,787.134565376844
2026-09-06,2026-09-07 22:00:00,1,47451.007677226975,46331.0,45929.61,3.312455031137809,1521.3976772269743
2026-09-05,2026-09-07 22:00:00,2,46091.75665686806,46331.0,45929.61,0.3530329494808742,162.14665686806256
2026-09-05,2026-09-07 23:00:00,2,44314.480612863495,44278.0,43554.17,1.74566663275525,760.3106128634972
2026-09-06,2026-09-07 23:00:00,1,45341.89334648925,44278.0,43554.17,4.104597439210181,1787.7233464892488
2026-09-07,2026-09-08 00:00:00,1,41833.73947852796,41582.0,41108.69,1.7637377365417355,725.0494785279589
2026-09-06,2026-09-08 00:00:00,2,41614.53205945816,41582.0,41108.69,1.2304990975342556,505.84205945815484
2026-09-07,2026-09-08 01:00:00,1,40042.3677104321,39584.0,39059.04,2.517541932500395,983.3277104321023
2026-09-06,2026-09-08 01:00:00,2,40576.43250479303,39584.0,39059.04,3.8848689184194782,1517.3925047930315
2026-09-07,2026-09-08 02:00:00,1,38064.93694034138,37983.0,37432.06,1.6907350018710767,632.8769403413826
2026-09-06,2026-09-08 02:00:00,2,38997.44491956353,37983.0,37432.06,4.18193633896594,1565.384919563534
2026-09-06,2026-09-08 03:00:00,2,37323.59983576307,36633.0,36449.23,2.398870526930373,874.3698357630637
2026-09-07,2026-09-08 03:00:00,1,37002.67620698851,36633.0,36449.23,1.5184030142433869,553.4462069885049
2026-09-07,2026-09-08 04:00:00,1,36244.72075513016,35793.0,35715.09,1.482932718719637,529.6307551301652
2026-09-06,2026-09-08 04:00:00,2,36370.60347313059,35793.0,35715.09,1.835396391638927,655.5134731305952
2026-09-06,2026-09-08 05:00:00,2,36461.09539213136,36029.0,35785.45,1.8880449795415903,675.645392131366
2026-09-07,2026-09-08 05:00:00,1,36776.82475804107,36029.0,35785.45,2.770329164621574,991.3747580410709
2026-09-06,2026-09-08 06:00:00,2,37559.80211757863,37161.0,36775.24,2.1333976816429456,784.5621175786291
2026-09-07,2026-09-08 06:00:00,1,37347.64097397213,37161.0,36775.24,1.5564846727638748,572.4009739721296
2026-09-06,2026-09-08 07:00:00,2,41306.0784255121,40074.0,39555.09,4.426708232776381,1750.988425512107
2026-09-07,2026-09-08 07:00:00,1,40794.55337318113,40074.0,39555.09,3.133511700216417,1239.4633731811336
2026-09-06,2026-09-08 08:00:00,2,46848.90702221799,45539.0,45817.91,2.2502052630030125,1030.9970222179836
2026-09-07,2026-09-08 08:00:00,1,47041.66345040024,45539.0,45817.91,2.670906312401067,1223.7534504002397
2026-09-06,2026-09-08 09:00:00,2,49273.62073048748,47906.0,47917.87,2.8293217759626508,1355.7507304874744
2026-09-07,2026-09-08 09:00:00,1,49286.25744214978,47906.0,47917.87,2.8556933815083494,1368.3874421497749
2026-09-07,2026-09-08 10:00:00,1,50581.46619803121,48773.0,48397.7,4.5121280516041296,2183.7661980312114
2026-09-06,2026-09-08 10:00:00,2,49366.11706815212,48773.0,48397.7,2.000956797848082,968.4170681521209
2026-09-07,2026-09-08 11:00:00,1,51004.073720172586,49270.0,48982.78,4.126539408691355,2021.2937201725872
2026-09-06,2026-09-08 11:00:00,2,50061.290968911104,49270.0,48982.78,2.201816574949615,1078.510968911105
2026-09-06,2026-09-08 12:00:00,2,48735.14613216638,48662.0,48364.89,0.7655473467765181,370.2561321663816
2026-09-07,2026-09-08 12:00:00,1,49692.80327353685,48662.0,48364.89,2.74561417081037,1327.9132735368476
2026-09-06,2026-09-08 13:00:00,2,49650.00894566743,49793.0,48989.84,1.3475629756444107,660.1689456674358
2026-09-07,2026-09-08 13:00:00,1,50366.91112297167,49793.0,48989.84,2.810932068713995,1377.0711229716762
2026-09-06,2026-09-08 14:00:00,2,50600.08646662625,50567.0,49411.58,2.405319697581514,1188.5064666262479
2026-09-07,2026-09-08 14:00:00,1,51211.39838688394,50567.0,49411.58,3.642503208527111,1799.8183868839405
2026-09-07,2026-09-08 15:00:00,1,50326.5534467348,49923.0,48658.66,3.4277422492415397,1667.8934467347935
2026-09-06,2026-09-08 15:00:00,2,50027.92306194929,49923.0,48658.66,2.814017200533851,1369.2630619492847
2026-09-06,2026-09-08 16:00:00,2,49745.964519437206,49118.0,48125.22,3.367765424110695,1620.7445194372049
2026-09-07,2026-09-08 16:00:00,1,49907.72179821729,49118.0,48125.22,3.703882908415352,1782.5017982172867
2026-09-06,2026-09-08 17:00:00,2,49934.6715538024,48700.0,48108.09,3.7968282544628225,1826.5815538024035
2026-09-07,2026-09-08 17:00:00,1,49911.49413796899,48700.0,48108.09,3.74865046184331,1803.4041379689952
2026-09-07,2026-09-08 18:00:00,1,49528.12190898689,48679.0,48285.86,2.5727240003323737,1242.2619089868895
2026-09-06,2026-09-08 18:00:00,2,49606.07734389595,48679.0,48285.86,2.7341696801008633,1320.2173438959508
2026-09-06,2026-09-08 19:00:00,2,49965.660901480274,49431.0,49437.85,1.0676251120958453,527.8109014802758
2026-09-07,2026-09-08 19:00:00,1,50117.48447540087,49431.0,49437.85,1.3747249837945523,679.6344754008751
2026-09-07,2026-09-08 20:00:00,1,49718.39188358623,49100.0,48818.7,1.8429247062831062,899.6918835862307
2026-09-06,2026-09-08 20:00:00,2,49736.27581634896,49100.0,48818.7,1.879558071699915,917.5758163489663
2026-09-07,2026-09-08 21:00:00,1,47887.76379274161,47544.0,47017.56,1.8508059387633249,870.2037927416095
2026-09-06,2026-09-08 21:00:00,2,48196.07784440886,47544.0,47017.56,2.506548286233611,1178.5178444088597
2026-09-07,2026-09-08 22:00:00,1,46482.10724158689,45584.0,44947.07,3.4152109171674403,1535.0372415868915
2026-09-06,2026-09-08 22:00:00,2,46510.067896804845,45584.0,44947.07,3.4774188769253374,1562.9978968048454
2026-09-07,2026-09-08 23:00:00,1,43630.55737558637,43538.0,42167.36,3.469976246049961,1463.1973755863728
2026-09-06,2026-09-08 23:00:00,2,44185.697771932704,43538.0,42167.36,4.786493088333497,2018.3377719327036
2026-09-08,2026-09-09 00:00:00,1,40907.902928040734,41171.0,40438.97,1.1596065083772729,468.9329280407328
2026-09-07,2026-09-09 00:00:00,2,41721.16938329542,41171.0,40438.97,3.1707023776703944,1282.1993832954176
2026-09-08,2026-09-09 01:00:00,1,38859.2339143163,39245.0,38611.66,0.6411895119668349,247.57391431629367
2026-09-07,2026-09-09 01:00:00,2,39728.270941071525,39245.0,38611.66,2.8919008948890608,1116.6109410715217
2026-09-07,2026-09-09 02:00:00,2,38460.48713605534,37750.0,37339.48,3.0022033945179034,1121.0071360553338
2026-09-08,2026-09-09 02:00:00,1,37381.15222449237,37750.0,37339.48,0.11160365514561471,41.672224492365785
2026-09-07,2026-09-09 03:00:00,2,37791.472678711216,36580.0,36321.85,4.046111854740927,1469.6226787112173
2026-09-08,2026-09-09 03:00:00,1,36366.76507731321,36580.0,36321.85,0.12365856175611448,44.91507731321326
2026-09-08,2026-09-09 04:00:00,1,35390.97476001303,35729.0,35530.18,0.391794356197947,139.20523998697172
2026-09-07,2026-09-09 04:00:00,2,36662.687309778994,35729.0,35530.18,3.1874516531551307,1132.5073097789937
2026-09-07,2026-09-09 05:00:00,2,37403.77208379039,36030.0,35720.3,4.712928177507993,1683.4720837903878
2026-09-08,2026-09-09 05:00:00,1,36114.84169248019,36030.0,35720.3,1.1045307359685956,394.54169248019025
2026-09-07,2026-09-09 06:00:00,2,38121.531637320055,36927.0,36682.17,3.9238726534445934,1439.3616373200566
2026-09-08,2026-09-09 06:00:00,1,36981.2918933909,36927.0,36682.17,0.8154421981875773,299.121893390904
2026-09-08,2026-09-09 07:00:00,1,39957.37389132875,39430.0,39490.15,1.1831403307628636,467.22389132875105
2026-09-07,2026-09-09 07:00:00,2,41024.78177328096,39430.0,39490.15,3.886112798459773,1534.631773280962
2026-09-07,2026-09-09 08:00:00,2,46513.02129676827,44797.0,46087.82,0.9225893018334729,425.20129676826764
2026-09-08,2026-09-09 08:00:00,1,46020.30970886302,44797.0,46087.82,0.14648184951465082,67.51029113698314
2026-09-07,2026-09-09 09:00:00,2,49228.56655289654,46832.0,48778.77,0.9221154057319266,449.7965528965433
2026-09-08,2026-09-09 09:00:00,1,48785.209618332505,46832.0,48778.77,0.013201682478889816,6.439618332507962
2026-09-07,2026-09-09 10:00:00,2,49788.966630142335,48092.0,48828.37,1.9672920274470196,960.5966301423323
2026-09-08,2026-09-09 10:00:00,1,49401.39365827302,48092.0,48828.37,1.1735465637558944,573.023658273014
2026-09-07,2026-09-09 11:00:00,2,50744.077213088734,49463.0,49630.06,2.244642084028786,1114.0172130887368
2026-09-08,2026-09-09 11:00:00,1,50103.95976947012,49463.0,49630.06,0.9548643895859178,473.89976947012474
2026-09-08,2026-09-09 12:00:00,1,49430.75414990501,48956.0,48704.95,1.4902061287508066,725.804149905016
2026-09-07,2026-09-09 12:00:00,2,49319.029129380106,48956.0,48704.95,1.2608146181858486,614.0791293801085
2026-09-07,2026-09-09 13:00:00,2,50310.11774003286,49996.0,49739.73,1.1467447451621802,570.3877400328565
2026-09-08,2026-09-09 13:00:00,1,50208.91239800556,49996.0,49739.73,0.9432749192759108,469.182398005556
2026-09-08,2026-09-09 14:00:00,1,50492.91058966245,50715.0,50108.88,0.7663922834883875,384.0305896624559
2026-09-07,2026-09-09 14:00:00,2,51362.69971091348,50715.0,50108.88,2.502190651464342,1253.8197109134853
2026-09-07,2026-09-09 15:00:00,2,50163.7391097939,49988.0,49251.01,1.853219070621905,912.7291097939014
2026-09-08,2026-09-09 15:00:00,1,49811.82466752285,49988.0,49251.01,1.1386866330717869,560.814667522849
2026-09-07,2026-09-09 16:00:00,2,50231.78009703509,49472.0,48630.12,3.2935557161592124,1601.6600970350846
2026-09-08,2026-09-09 16:00:00,1,49256.306247115295,49472.0,48630.12,1.2876510424306842,626.1862471152926
2026-09-07,2026-09-09 17:00:00,2,50006.8019634353,48916.0,48393.61,3.3334813489535007,1613.1919634352962
2026-09-08,2026-09-09 17:00:00,1,49290.037001986064,48916.0,48393.61,1.85236646322947,896.4270019860633
2026-09-08,2026-09-09 18:00:00,1,48945.08234667972,48347.0,48404.96,1.1158409110961431,540.1223466797237
2026-09-07,2026-09-09 18:00:00,2,49666.62663151373,48347.0,48404.96,2.606482128099545,1261.6666315137336
2026-09-08,2026-09-09 19:00:00,1,50173.65568035084,49156.0,49440.97,1.4819403428995057,732.6856803508417
2026-09-07,2026-09-09 19:00:00,2,50641.682010608805,49156.0,49440.97,2.4285769688758214,1200.7120106088041
2026-09-08,2026-09-09 20:00:00,1,49626.99073356536,48815.0,48818.83,1.6554283123240783,808.1607335653607
2026-09-07,2026-09-09 20:00:00,2,49776.81832873139,48815.0,48818.83,1.962333650215267,957.988328731386
2026-09-07,2026-09-09 21:00:00,2,48027.72445470069,47078.0,47122.57,1.9208512071830812,905.1544547006924
2026-09-08,2026-09-09 21:00:00,1,47492.27109350803,47078.0,47122.57,0.784552059677629,369.7010935080325
2026-09-08,2026-09-09 22:00:00,1,45588.985040024105,45107.0,45360.11,0.50457337961505,228.87504002410424
2026-09-07,2026-09-09 22:00:00,2,46546.416992126666,45107.0,45360.11,2.6153088961350957,1186.3069921266651
2026-09-08,2026-09-09 23:00:00,1,43174.11222549363,43024.0,43235.14,0.14115317888729453,61.027774506372225
2026-09-07,2026-09-09 23:00:00,2,44940.623369116125,43024.0,43235.14,3.9446694728318814,1705.4833691161257
2026-09-09,2026-09-10 00:00:00,1,40725.84238731409,40525.0,40789.55,0.15618611307531005,63.707612685910135
2026-09-08,2026-09-10 00:00:00,2,40839.38313739538,40525.0,40789.55,0.12217133406810562,49.83313739537698
2026-09-08,2026-09-10 01:00:00,2,39412.698493260825,38652.0,38979.32,1.1118164535985364,433.37849326082505
2026-09-09,2026-09-10 01:00:00,1,38869.48600122442,38652.0,38979.32,0.2817750509131062,109.83399877558259
2026-09-09,2026-09-10 02:00:00,1,37460.523916687154,37113.0,37425.78,0.09283418191192123,34.74391668715543
2026-09-08,2026-09-10 02:00:00,2,37952.60168419043,37113.0,37425.78,1.4076438331824446,526.8216841904286
2026-09-09,2026-09-10 03:00:00,1,36014.98862281219,35688.0,36421.96,1.1173791228912686,406.9713771878087
2026-09-08,2026-09-10 03:00:00,2,36230.732918163536,35688.0,36421.96,0.5250323756230121,191.22708183646319
2026-09-09,2026-09-10 04:00:00,1,35102.96577212125,35120.0,35975.84,2.4262789357489547,872.8742278787468
2026-09-08,2026-09-10 04:00:00,2,35479.16844771867,35120.0,35975.84,1.380569716457836,496.6715522813247
2026-09-08,2026-09-10 05:00:00,2,36217.02276070023,35319.0,36276.2,0.16312965332577936,59.17723929976637
2026-09-09,2026-09-10 05:00:00,1,36074.5294487999,35319.0,36276.2,0.5559307512917533,201.670551200099
2026-09-08,2026-09-10 06:00:00,2,37201.413635811565,36212.0,37098.34,0.2778389432291802,103.07363581156824
2026-09-09,2026-09-10 06:00:00,1,36899.58303406669,36212.0,37098.34,0.5357570336929076,198.7569659333094
2026-09-08,2026-09-10 07:00:00,2,40485.191293118405,38804.0,39676.44,2.0383665800621293,808.7512931184028
2026-09-09,2026-09-10 07:00:00,1,39815.03491609616,38804.0,39676.44,0.34931288214406553,138.5949160961609
2026-09-09,2026-09-10 08:00:00,1,45842.651678844864,44852.0,45705.11,0.3009328253336745,137.54167884486378
2026-09-08,2026-09-10 08:00:00,2,46591.69675415295,44852.0,45705.11,1.9397978785150094,886.5867541529515
2026-09-08,2026-09-10 09:00:00,2,49081.18164723583,47564.0,48421.95,1.3614314318936684,659.2316472358361
2026-09-09,2026-09-10 09:00:00,1,48229.14638596587,47564.0,48421.95,0.39817399760672234,192.80361403412826
2026-09-08,2026-09-10 10:00:00,2,49972.81122454996,49198.0,49309.44,1.3453229737550365,663.3712245499555
2026-09-09,2026-09-10 10:00:00,1,48830.07198908223,49198.0,49309.44,0.9721627560924907,479.36801091777306
2026-09-09,2026-09-10 11:00:00,1,49821.37876139271,50188.0,50483.82,1.3121852478819693,662.4412386072872
2026-09-08,2026-09-10 11:00:00,2,50307.88841417481,50188.0,50483.82,0.34849103301847334,175.93158582518663
2026-09-09,2026-09-10 12:00:00,1,49101.283069130426,49622.0,49549.03,0.9036441901477642,447.7469308695727
2026-09-08,2026-09-10 12:00:00,2,49076.91180045653,49622.0,49549.03,0.9528303572107611,472.1181995434672
2026-09-09,2026-09-10 13:00:00,1,50270.54508661966,50440.0,50535.7,0.5246883161415289,265.1549133803346
2026-09-08,2026-09-10 13:00:00,2,49492.13604602872,50440.0,50535.7,2.065003460862874,1043.5639539712793
2026-09-08,2026-09-10 14:00:00,2,50925.58264784578,51163.0,51311.39,0.7518941742841451,385.80735215421737
2026-09-09,2026-09-10 14:00:00,1,50896.88765217626,51163.0,51311.39,0.8078174218701573,414.50234782374173
2026-09-09,2026-09-10 15:00:00,1,49553.99674717547,50490.0,50621.8,2.1093743265244047,1067.8032528245312
2026-09-08,2026-09-10 15:00:00,2,49582.11861534613,50490.0,50621.8,2.053821445807679,1039.6813846538716
2026-09-08,2026-09-10 16:00:00,2,49639.78768711975,49775.0,50034.18,0.7882457809446441,394.39231288024894
2026-09-09,2026-09-10 16:00:00,1,48875.63777154277,49775.0,50034.18,2.3155015800343426,1158.5422284572269
2026-09-08,2026-09-10 17:00:00,2,49843.94371640227,49436.0,49855.69,0.023560567705982752,11.746283597734873
2026-09-09,2026-09-10 17:00:00,1,48857.00478193922,49436.0,49855.69,2.003151933231256,998.6852180607821
2026-09-08,2026-09-10 18:00:00,2,49590.47284864961,48979.0,49209.42,0.7743494002766369,381.0528486496114
2026-09-09,2026-09-10 18:00:00,1,48272.89362705992,48979.0,49209.42,1.9031445055440115,936.5263729400758
2026-09-08,2026-09-10 19:00:00,2,50303.29352030481,48829.0,50346.93,0.08667157996562916,43.63647969518934
2026-09-09,2026-09-10 19:00:00,1,49492.21235107845,48829.0,50346.93,1.6976559423217048,854.717648921549
2026-09-08,2026-09-10 20:00:00,2,49559.28878780243,48212.0,49652.58,0.1878879449921335,93.29121219757508
2026-09-09,2026-09-10 20:00:00,1,48873.55438625488,48212.0,49652.58,1.5689529400992286,779.0256137451215
2026-09-08,2026-09-10 21:00:00,2,48244.02747779652,46698.0,47689.53,1.1627237211113595,554.4974777965181
2026-09-09,2026-09-10 21:00:00,1,46938.19753355774,46698.0,47689.53,1.5754662846168994,751.3324664422616
2026-09-08,2026-09-10 22:00:00,2,46449.48627376672,44797.0,45634.21,1.786546263793592,815.2762737667217
2026-09-09,2026-09-10 22:00:00,1,45270.28541569992,44797.0,45634.21,0.7974819423850718,363.92458430008264
2026-09-09,2026-09-10 23:00:00,1,43142.58710515012,42534.0,43410.16,0.6163831113496931,267.57289484987996
2026-09-08,2026-09-10 23:00:00,2,43669.60180281608,42534.0,43410.16,0.5976522611666942,259.44180281607987
2026-09-10,2026-09-11 00:00:00,1,40862.54198397184,40347.0,41228.88,0.8885470961815104,366.3380160281595
2026-09-09,2026-09-11 00:00:00,2,40729.46793614247,40347.0,41228.88,1.21131610622827,499.41206385752594
2026-09-09,2026-09-11 01:00:00,2,39269.97055372277,38701.0,39073.59,0.5025915297846308,196.3805537227745
2026-09-10,2026-09-11 01:00:00,1,39463.62225901401,38701.0,39073.59,0.9981991903329414,390.0322590140131
2026-09-10,2026-09-11 02:00:00,1,37694.47756875664,37055.0,37595.39,0.2635630824860283,99.08756875664403
2026-09-09,2026-09-11 02:00:00,2,38077.219691239465,37055.0,37595.39,1.2816190794655018,481.8296912394653
2026-09-09,2026-09-11 03:00:00,2,36334.88506330791,35962.0,36617.1,0.7707189719887314,282.21493669208576
2026-09-10,2026-09-11 03:00:00,1,36559.76801140234,35962.0,36617.1,0.15657162527250876,57.3319885976598
2026-09-10,2026-09-11 04:00:00,1,35776.13951207431,35060.0,35888.58,0.31330436569429837,112.44048792569083
2026-09-09,2026-09-11 04:00:00,2,35379.703676114266,35060.0,35888.58,1.4179338493909077,508.8763238857355
2026-09-09,2026-09-11 05:00:00,2,35742.069458612066,35095.0,36439.31,1.913429593995966,697.2405413879314
2026-09-10,2026-09-11 05:00:00,1,35906.10284104779,35095.0,36439.31,1.4632745761437562,533.2071589522093
2026-09-09,2026-09-11 06:00:00,2,36982.23680659651,36101.0,37189.71,0.5578779544220329,207.47319340348622
2026-09-10,2026-09-11 06:00:00,1,37040.50683388504,36101.0,37189.71,0.40119475552500805,149.20316611495946
2026-09-10,2026-09-11 07:00:00,1,39778.29779218993,38952.0,39956.4,0.4457413776267939,178.1022078100723
2026-09-09,2026-09-11 07:00:00,2,40152.93778448016,38952.0,39956.4,0.49188061106645015,196.5377844801551
2026-09-09,2026-09-11 08:00:00,2,46227.8605203704,44902.0,45835.24,0.8565909557152994,392.6205203704012
2026-09-10,2026-09-11 08:00:00,1,45729.66523771194,44902.0,45835.24,0.23033535395049531,105.57476228805899
2026-09-10,2026-09-11 09:00:00,1,47888.28991122424,47879.0,48716.98,1.7010292690059308,828.6900887757656
2026-09-09,2026-09-11 09:00:00,2,48513.86249747867,47879.0,48716.98,0.4169336903094786,203.1175025213306
2026-09-10,2026-09-11 10:00:00,1,48741.501540237725,49037.0,49464.29,1.4612328606400213,722.788459762276
2026-09-09,2026-09-11 10:00:00,2,48651.001643463685,49037.0,49464.29,1.6441929249086873,813.2883565363154
2026-09-09,2026-09-11 11:00:00,2,49900.95561251464,50333.0,50883.37,1.9307180076425001,982.4143874853617
2026-09-10,2026-09-11 11:00:00,1,49982.55707129162,50333.0,50883.37,1.7703484040235136,900.8129287083793
2026-09-09,2026-09-11 12:00:00,2,48560.05816131121,49165.0,49227.51,1.3558513089302993,667.4518386887939
2026-09-10,2026-09-11 12:00:00,1,48544.839771346335,49165.0,49227.51,1.3867657101764184,682.6702286536674
2026-09-10,2026-09-11 13:00:00,1,49095.52594004831,49614.0,49262.62,0.33919036371124944,167.09405995169072
2026-09-09,2026-09-11 13:00:00,2,49019.9924706476,49614.0,49262.62,0.4925185249026571,242.62752935240133
2026-09-10,2026-09-11 14:00:00,1,50914.24917158954,50757.0,51328.72,0.8074832733223496,414.4708284104636
2026-09-09,2026-09-11 14:00:00,2,50536.99012005385,50757.0,51328.72,1.5424695568994309,791.7298799461496
2026-09-10,2026-09-11 15:00:00,1,50192.97480296657,50134.0,50570.6,0.7467287258474824,377.62519703342696
2026-09-09,2026-09-11 15:00:00,2,50111.06167772678,50134.0,50570.6,0.908706486126761,459.5383222732198
2026-09-10,2026-09-11 16:00:00,1,49048.35320300669,49358.0,50110.9,2.120390567707443,1062.5467969933088
2026-09-09,2026-09-11 16:00:00,2,49031.05070393896,49358.0,50110.9,2.154918981820399,1079.8492960610383
2026-09-09,2026-09-11 17:00:00,2,48702.67007845703,48871.0,49759.75,2.124367428580273,1057.0799215429724
2026-09-10,2026-09-11 17:00:00,1,48774.55506878853,48871.0,49759.75,1.979903297768712,985.1949312114666
2026-09-09,2026-09-11 18:00:00,2,48262.23371470532,48301.0,49118.3,1.7428662744734331,856.0662852946843
2026-09-10,2026-09-11 18:00:00,1,48324.93878561825,48301.0,49118.3,1.615204952902995,793.3612143817518
2026-09-09,2026-09-11 19:00:00,2,49254.4751308979,48619.0,50039.69,1.569184119849862,785.2148691020993
2026-09-10,2026-09-11 19:00:00,1,48944.5568656497,48619.0,50039.69,2.1885290143690024,1095.1331343503043
2026-09-09,2026-09-11 20:00:00,2,48294.317639737084,47948.0,49067.93,1.5766150319830405,773.6123602629159
2026-09-10,2026-09-11 20:00:00,1,48437.190670562726,47948.0,49067.93,1.2854410802275011,630.7393294372741
2026-09-09,2026-09-11 21:00:00,2,47088.80524761495,46321.0,47228.38,0.29553152656314724,139.57475238504412
2026-09-10,2026-09-11 21:00:00,1,46734.8958185708,46321.0,47228.38,1.0448890718445012,493.484181429194
2026-09-09,2026-09-11 22:00:00,2,44480.75349111276,44503.0,45487.21,2.2126142906703676,1006.4565088872405
2026-09-10,2026-09-11 22:00:00,1,44851.47079382589,44503.0,45487.21,1.3976218945371943,635.739206174112
2026-09-09,2026-09-11 23:00:00,2,42482.451926824535,42457.0,43375.39,2.0586283447260407,892.9380731754645
2026-09-10,2026-09-11 23:00:00,1,42868.91381450051,42457.0,43375.39,1.1676579403654626,506.47618549948675
2026-09-10,2026-09-12 00:00:00,2,40433.04131548476,39899.0,41188.25,1.8335537064945395,755.2086845152371
2026-09-11,2026-09-12 00:00:00,1,40382.21343443275,39899.0,41188.25,1.9569575438802338,806.0365655672504
2026-09-11,2026-09-12 01:00:00,1,38584.77493534139,38015.0,39079.98,1.267157927559364,495.205064658614
2026-09-10,2026-09-12 01:00:00,2,38711.81760861777,38015.0,39079.98,0.9420741550590177,368.1623913822332
2026-09-10,2026-09-12 02:00:00,2,37069.793695511566,36330.0,37540.65,1.2542571971674326,470.85630448843585
2026-09-11,2026-09-12 02:00:00,1,36990.60805646883,36330.0,37540.65,1.4651902498522815,550.0419435311705
2026-09-10,2026-09-12 03:00:00,2,35979.305048319315,35166.0,36521.5,1.4845911358533612,542.1949516806853
2026-09-11,2026-09-12 03:00:00,1,35924.10632821693,35166.0,36521.5,1.6357314781240446,597.3936717830729
2026-09-10,2026-09-12 04:00:00,2,34911.29834730957,34088.0,35862.35,2.651950172508026,951.0516526904321
2026-09-11,2026-09-12 04:00:00,1,35114.0523246485,34088.0,35862.35,2.086582935450398,748.2976753514959
2026-09-10,2026-09-12 05:00:00,2,35086.43545806877,33986.0,36204.4,3.087924511747824,1117.9645419312292
2026-09-11,2026-09-12 05:00:00,1,35332.12855202118,33986.0,36204.4,2.4092967925965327,872.2714479788192
2026-09-10,2026-09-12 06:00:00,2,36178.790490012194,34415.0,36646.14,1.2753035107866901,467.3495099878055
2026-09-11,2026-09-12 06:00:00,1,35571.974224292004,34415.0,36646.14,2.931183954730282,1074.1657757079956
2026-09-11,2026-09-12 07:00:00,1,37440.501832196845,35904.0,37904.71,1.224671466430303,464.20816780315363
2026-09-10,2026-09-12 07:00:00,2,37204.51168935463,35904.0,37904.71,1.8472593792311562,700.1983106453699
2026-09-11,2026-09-12 08:00:00,1,41642.965428004245,39964.0,42303.55,1.5615346040598432,660.5845719957579
2026-09-10,2026-09-12 08:00:00,2,41483.63489009459,39964.0,42303.55,1.9381709334214605,819.9151099054143
2026-09-10,2026-09-12 09:00:00,2,44701.17428195109,42633.0,44817.63,0.2598435438217202,116.45571804890642
2026-09-11,2026-09-12 09:00:00,1,43614.04962627576,42633.0,44817.63,2.6855065154588464,1203.5803737242386
2026-09-11,2026-09-12 10:00:00,1,44914.21140311786,44226.0,46270.75,2.9317411040066195,1356.5385968821429
2026-09-10,2026-09-12 10:00:00,2,45781.53444755195,44226.0,46270.75,1.0572890053609412,489.2155524480477
2026-09-11,2026-09-12 11:00:00,1,46662.68223030796,45512.0,47350.62,1.4528590537822774,687.9377696920419
2026-09-10,2026-09-12 11:00:00,2,46517.10963717089,45512.0,47350.62,1.7602945068704714,833.5103628291108
2026-09-11,2026-09-12 12:00:00,1,45391.28001307501,45269.0,46895.06,3.206691679091543,1503.7799869249866
2026-09-10,2026-09-12 12:00:00,2,46029.84824478655,45269.0,46895.06,1.8449955181066922,865.2117552134441
2026-09-11,2026-09-12 13:00:00,1,46419.89510383716,45885.0,47529.1,2.3337384805578876,1109.2048961628388
2026-09-10,2026-09-12 13:00:00,2,46120.52056752521,45885.0,47529.1,2.963614780155297,1408.5794324747912
2026-09-11,2026-09-12 14:00:00,1,46660.69419801291,45894.0,47432.96,1.6281206190528419,772.2658019870869
2026-09-10,2026-09-12 14:00:00,2,46068.21543612324,45894.0,47432.96,2.8772072497199424,1364.7445638767604
2026-09-11,2026-09-12 15:00:00,1,45356.25703131184,45176.0,46424.78,2.3016220404020387,1068.5229686881576
2026-09-10,2026-09-12 15:00:00,2,45664.39278413235,45176.0,46424.78,1.6378908330155701,760.3872158676459
2026-09-11,2026-09-12 16:00:00,1,44643.64417583776,44538.0,45576.02,2.0457596432558933,932.3758241622345
2026-09-10,2026-09-12 16:00:00,2,44691.02265431816,44538.0,45576.02,1.9418048036705124,884.9973456818334
2026-09-11,2026-09-12 17:00:00,1,45361.665210936655,44442.0,45752.55,0.8543453623095278,390.88478906334785
2026-09-10,2026-09-12 17:00:00,2,44982.85644662139,44442.0,45752.55,1.6822965132623564,769.6935533786163
2026-09-10,2026-09-12 18:00:00,2,46133.30534354624,44912.0,46850.15,1.5300797467110754,716.844656453759
2026-09-11,2026-09-12 18:00:00,1,45364.33733741388,44912.0,46850.15,3.1714149529641174,1485.8126625861187
2026-09-11,2026-09-12 19:00:00,1,47008.47581410345,45726.0,48387.53,2.850019800342261,1379.0541858965516
2026-09-10,2026-09-12 19:00:00,2,47163.88151829944,45726.0,48387.53,2.5288508872028848,1223.6484817005621
2026-09-11,2026-09-12 20:00:00,1,46391.97418554925,45399.0,47536.86,2.40841699357247,1144.885814450754
2026-09-10,2026-09-12 20:00:00,2,46884.43916552685,45399.0,47536.86,1.3724525231013414,652.4208344731524
2026-09-11,2026-09-12 21:00:00,1,44967.30023940386,44038.0,45898.44,2.0286958785443234,931.1397605961392
2026-09-10,2026-09-12 21:00:00,2,45586.717876792776,44038.0,45898.44,0.6791562484634033,311.7221232072261
2026-09-10,2026-09-12 22:00:00,2,43396.15825268326,42349.0,43996.97,1.3655752823813638,600.811747316744
2026-09-11,2026-09-12 22:00:00,1,43601.5630855186,42349.0,43996.97,0.8987139670786385,395.4069144813984
2026-09-11,2026-09-12 23:00:00,1,40963.0205214187,40427.0,41754.5,1.8955549188262324,791.4794785812992
2026-09-10,2026-09-12 23:00:00,2,41036.61020823535,40427.0,41754.5,1.7193111922419229,717.8897917646536
2026-09-11,2026-09-13 00:00:00,2,38494.08768718868,37962.0,39517.32,2.5893261810550925,1023.2323128113203
2026-09-12,2026-09-13 00:00:00,1,39109.85829402283,37962.0,39517.32,1.0310965064866997,407.4617059771699
2026-09-11,2026-09-13 01:00:00,2,36341.5473806682,35908.0,37216.2,2.3501932473809757,874.6526193317986
2026-09-12,2026-09-13 01:00:00,1,36563.30766871404,35908.0,37216.2,1.7543229327173522,652.8923312859552
2026-09-12,2026-09-13 02:00:00,1,35311.592180727224,34417.0,35665.04,0.9910203921621188,353.44781927277654
2026-09-11,2026-09-13 02:00:00,2,34886.56208542256,34417.0,35665.04,2.182747908252556,778.4779145774373
2026-09-11,2026-09-13 03:00:00,2,34485.40942306695,33230.0,34239.48,0.7182627279005039,245.9294230669475
2026-09-12,2026-09-13 03:00:00,1,34556.805601586995,33230.0,34239.48,0.9267827711956839,317.325601586992
2026-09-11,2026-09-13 04:00:00,2,33597.03635813085,32175.0,33840.48,0.7193859007589574,243.44364186915482
2026-09-12,2026-09-13 04:00:00,1,33751.95699029257,32175.0,33840.48,0.26158910780057165,88.5230097074309
2026-09-12,2026-09-13 05:00:00,1,33276.11198028712,31842.0,33926.94,1.9183221938462007,650.8280197128843
2026-09-11,2026-09-13 05:00:00,2,33532.84513816414,31842.0,33926.94,1.1615986052259937,394.0948618358598
2026-09-11,2026-09-13 06:00:00,2,33412.126487940404,31596.0,33943.46,1.5653487065243048,531.3335120595948
2026-09-12,2026-09-13 06:00:00,1,33381.518197023826,31596.0,33943.46,1.6555230461955641,561.9418029761728
2026-09-11,2026-09-13 07:00:00,2,33715.819589830986,32034.0,34497.53,2.265989507564782,781.7104101690129
2026-09-12,2026-09-13 07:00:00,1,33632.92188929743,32034.0,34497.53,2.5062899016322837,864.6081107025675
2026-09-11,2026-09-13 08:00:00,2,35453.856104789505,33760.0,35708.36,0.7127291626120469,254.5038952104951
2026-09-12,2026-09-13 08:00:00,1,36117.06255384904,33760.0,35708.36,1.1445570556839955,408.7025538490416
2026-09-12,2026-09-13 09:00:00,1,36895.31311309939,35499.0,37133.0,0.6400961056219714,237.68688690060662
2026-09-11,2026-09-13 09:00:00,2,36783.18623413189,35499.0,37133.0,0.9420562999706678,349.813765868108
2026-09-12,2026-09-13 10:00:00,1,38811.37574117599,37330.0,38532.22,0.7244735475297968,279.1557411759859
2026-09-11,2026-09-13 10:00:00,2,38713.2835315605,37330.0,38532.22,0.46990163442567257,181.0635315604959
2026-09-11,2026-09-13 11:00:00,2,39242.13240037068,38319.0,39840.62,1.5022045330351772,598.4875996293194
2026-09-12,2026-09-13 11:00:00,1,39501.01653252088,38319.0,39840.62,0.8524050767260214,339.6034674791226
2026-09-11,2026-09-13 12:00:00,2,39251.131344016205,38838.0,40160.5,2.2643359917924206,909.3686559837952
2026-09-12,2026-09-13 12:00:00,1,39693.04210192589,38838.0,40160.5,1.1639742983133017,467.4578980741135
2026-09-12,2026-09-13 13:00:00,1,40497.68562968174,39550.0,40736.11,0.5852899806050659,238.4243703182583
2026-09-11,2026-09-13 13:00:00,2,40180.60171483397,39550.0,40736.11,1.363675336614207,555.5082851660336
2026-09-12,2026-09-13 14:00:00,1,40470.8308015673,39582.0,40560.61,0.22134577964359448,89.77919843269774
2026-09-11,2026-09-13 14:00:00,2,40408.15638742266,39582.0,40560.61,0.3758661730613457,152.45361257733748
2026-09-11,2026-09-13 15:00:00,2,39084.75001505889,38871.0,40144.54,2.6399355552239765,1059.7899849411115
2026-09-12,2026-09-13 15:00:00,1,39691.949737959054,38871.0,40144.54,1.12740178873876,452.590262040947
2026-09-11,2026-09-13 16:00:00,2,39270.92033742144,38540.0,39363.23,0.23450733737694282,92.30966257856198
2026-09-12,2026-09-13 16:00:00,1,39072.13334041766,38540.0,39363.23,0.7395141597433469,291.0966595823411
2026-09-11,2026-09-13 17:00:00,2,39837.09267628274,39102.0,40149.19,0.7773440104701133,312.0973237172657
2026-09-12,2026-09-13 17:00:00,1,39835.12375829653,39102.0,40149.19,0.7822480147257495,314.06624170346913
2026-09-12,2026-09-13 18:00:00,1,40850.15824830932,40558.0,42216.74,3.237061297700096,1366.5817516906754
2026-09-11,2026-09-13 18:00:00,2,41338.93508531506,40558.0,42216.74,2.0792816183460334,877.8049146849371
2026-09-11,2026-09-13 19:00:00,2,43912.81300058172,42211.0,44589.97,1.5186307580343272,677.1569994182792
2026-09-12,2026-09-13 19:00:00,1,43901.72211313652,42211.0,44589.97,1.5435038123225446,688.2478868634789
2026-09-12,2026-09-13 20:00:00,1,43790.52661546483,42463.0,44397.21,1.366489886493255,606.6833845351721
2026-09-11,2026-09-13 20:00:00,2,43463.76674752552,42463.0,44397.21,2.102481783144655,933.443252474477
2026-09-11,2026-09-13 21:00:00,2,42067.886988493134,41394.0,43094.27,2.3817157397186755,1026.383011506863
2026-09-12,2026-09-13 21:00:00,1,42050.73802574328,41394.0,43094.27,2.421509806887819,1043.5319742567153
2026-09-11,2026-09-13 22:00:00,2,41038.22013105892,40004.0,41448.84,0.9906667326300904,410.61986894107395
2026-09-12,2026-09-13 22:00:00,1,40990.50723184907,40004.0,41448.84,1.105779481768188,458.3327681509254
2026-09-11,2026-09-13 23:00:00,2,38612.77689157472,38349.0,38455.2,0.4097674477696771,157.57689157472487
2026-09-12,2026-09-13 23:00:00,1,39244.1070473346,38349.0,38455.2,2.051496409678275,788.9070473346001
2026-09-13,2026-09-14 00:00:00,1,37657.85813214654,37487.0,37486.41,0.4573607665992435,171.4481321465355
2026-09-12,2026-09-14 00:00:00,2,37104.65820695676,37487.0,37486.41,1.0183738401283133,381.7517930432441
2026-09-13,2026-09-14 01:00:00,1,35758.33925083264,35481.0,35315.72,1.253320761498398,442.61925083264214
2026-09-12,2026-09-14 01:00:00,2,35622.74188155547,35481.0,35315.72,0.8693632228239123,307.021881555469
2026-09-12,2026-09-14 02:00:00,2,33924.38592066418,33896.0,33887.41,0.10911403575598029,36.975920664175646
2026-09-13,2026-09-14 02:00:00,1,34540.225577177785,33896.0,33887.41,1.9264251153386518,652.815577177782
2026-09-12,2026-09-14 03:00:00,2,33381.9235100075,32884.0,33015.74,1.1091179843538388,366.1835100075041
2026-09-13,2026-09-14 03:00:00,1,33424.88620064171,32884.0,33015.74,1.2392458889054532,409.1462006417132
2026-09-12,2026-09-14 04:00:00,2,32309.47068354888,32285.0,32592.48,0.8683270387866158,283.00931645111996
2026-09-13,2026-09-14 04:00:00,1,32519.512909326448,32285.0,32592.48,0.22387707432374543,72.96709067355187
2026-09-12,2026-09-14 05:00:00,2,33063.51204526032,32704.0,33367.64,0.9114458041973514,304.1279547396771
2026-09-13,2026-09-14 05:00:00,1,32562.40206066943,32704.0,33367.64,2.4132301215506127,805.237939330571
2026-09-13,2026-09-14 06:00:00,1,33665.03380735289,33688.0,34609.27,2.728275380113784,944.2361926471058
2026-09-12,2026-09-14 06:00:00,2,34255.5422088227,33688.0,34609.27,1.0220608269902778,353.72779117729806
2026-09-12,2026-09-14 07:00:00,2,37467.56818709955,36903.0,38393.75,2.4123244353584976,926.1818129004532
2026-09-13,2026-09-14 07:00:00,1,36995.69027020517,36903.0,38393.75,3.641373217762874,1398.0597297948334
2026-09-12,2026-09-14 08:00:00,2,44434.17924777066,43306.0,45435.39,2.2035922927685605,1001.2107522293372
2026-09-13,2026-09-14 08:00:00,1,44427.117382084696,43306.0,45435.39,2.219134947263143,1008.2726179153033
2026-09-13,2026-09-14 09:00:00,1,46433.24234782157,45860.0,48680.5,4.616340530969133,2247.2576521784285
2026-09-12,2026-09-14 09:00:00,2,46283.600662396944,45860.0,48680.5,4.923736070095944,2396.8993376030558
2026-09-12,2026-09-14 10:00:00,2,47038.51772140571,47230.0,49586.53,5.138517009748994,2548.0122785942876
2026-09-13,2026-09-14 10:00:00,1,47297.064804672256,47230.0,49586.53,4.617111129429187,2289.4651953277425
2026-09-13,2026-09-14 11:00:00,1,48158.07221002718,48516.0,50592.14,4.81115799800684,2434.067789972818
2026-09-12,2026-09-14 11:00:00,2,48068.98157198689,48516.0,50592.14,4.987253806644879,2523.1584280131065
2026-09-12,2026-09-14 12:00:00,2,47295.81888651357,47963.0,49337.68,4.1385430232763945,2041.8611134864332
2026-09-13,2026-09-14 12:00:00,1,47068.50431925995,47963.0,49337.68,4.5992752004959545,2269.1756807400525
2026-09-13,2026-09-14 13:00:00,1,47662.5175870082,48698.0,49616.93,3.9390031043673965,1954.4124129917982
2026-09-12,2026-09-14 13:00:00,2,47535.82066064047,48698.0,49616.93,4.194353297069225,2081.1093393595293
2026-09-13,2026-09-14 14:00:00,1,48564.633766193176,49405.0,50260.86,3.374845225105231,1696.226233806825
2026-09-12,2026-09-14 14:00:00,2,48079.60771630728,49405.0,50260.86,4.339862636040696,2181.2522836927237
2026-09-12,2026-09-14 15:00:00,2,48232.57352252879,48698.0,49788.47,3.1250136376378057,1555.8964774712076
2026-09-13,2026-09-14 15:00:00,1,48034.71019103467,48698.0,49788.47,3.522421574644356,1753.759808965333
2026-09-12,2026-09-14 16:00:00,2,47558.87759847204,48074.0,48999.36,2.9397984004851474,1440.4824015279592
2026-09-13,2026-09-14 16:00:00,1,48078.78973478888,48074.0,48999.36,1.8787393655980837,920.5702652111213
2026-09-12,2026-09-14 17:00:00,2,47187.42931707172,47577.0,48676.28,3.058678031534616,1488.8506829282778
2026-09-13,2026-09-14 17:00:00,1,47687.93206111851,47577.0,48676.28,2.030450845630538,988.3479388814885
2026-09-13,2026-09-14 18:00:00,1,47079.79825864295,47722.0,48425.26,2.7784295662161695,1345.4617413570522
2026-09-12,2026-09-14 18:00:00,2,47069.45843329127,47722.0,48425.26,2.7997816980409214,1355.8015667087311
2026-09-12,2026-09-14 19:00:00,2,47781.27612858245,48560.0,49414.83,3.3057968051646625,1633.553871417549
2026-09-13,2026-09-14 19:00:00,1,47595.24698070228,48560.0,49414.83,3.682261012124746,1819.5830192977228
2026-09-13,2026-09-14 20:00:00,1,47120.75758442051,48020.0,48535.21,2.9142810252175404,1414.4524155794861
2026-09-12,2026-09-14 20:00:00,2,47388.76233951344,48020.0,48535.21,2.362094777145408,1146.4476604865558
2026-09-13,2026-09-14 21:00:00,1,45122.58563092648,46298.0,46594.33,3.1586340421109678,1471.7443690735236
2026-09-12,2026-09-14 21:00:00,2,45166.29816383185,46298.0,46594.33,3.064818908584262,1428.0318361681493
2026-09-13,2026-09-14 22:00:00,1,42545.2664727281,44246.0,44767.73,4.964432030107183,2222.4635272719024
2026-09-12,2026-09-14 22:00:00,2,42774.06377092802,44246.0,44767.73,4.453355640484749,1993.6662290719833
2026-09-12,2026-09-14 23:00:00,2,40548.88873377262,41973.0,42008.28,3.474056224695179,1459.3912662273797
2026-09-13,2026-09-14 23:00:00,1,40171.06947793004,41973.0,42008.28,4.37344857268605,1837.2105220699596
2026-09-14,2026-09-15 00:00:00,1,39533.79769241852,39699.0,39163.94,0.9443832577072637,369.8576924185181
2026-09-13,2026-09-15 00:00:00,2,39092.39275410279,39699.0,39163.94,0.18268653740459834,71.54724589721445
2026-09-14,2026-09-15 01:00:00,1,37053.32663888856,37537.0,37690.38,1.6902280133854766,637.053361111437
2026-09-13,2026-09-15 01:00:00,2,36852.94463133181,37537.0,37690.38,2.2218809379692805,837.4353686681861
2026-09-13,2026-09-15 02:00:00,2,35587.83564955876,35982.0,36279.3,1.905947332063312,691.4643504412452
2026-09-14,2026-09-15 02:00:00,1,36149.71909601952,35982.0,36279.3,0.35717586607371365,129.5809039804808
2026-09-13,2026-09-15 03:00:00,2,35041.644142790945,34886.0,35246.63,0.5815757625879482,204.98585720905248
2026-09-14,2026-09-15 03:00:00,1,34708.65168322357,34886.0,35246.63,1.5263255431127043,537.9783167764253
2026-09-13,2026-09-15 04:00:00,2,34459.06238458892,34303.0,34876.63,1.19727053735145,417.567615411077
2026-09-14,2026-09-15 04:00:00,1,34259.45106395911,34303.0,34876.63,1.7696059970269133,617.1789360408875
2026-09-13,2026-09-15 05:00:00,2,34832.43589444717,34602.0,35378.97,1.5447993696617888,546.5341055528334
2026-09-14,2026-09-15 05:00:00,1,34619.598066727805,34602.0,35378.97,2.1463935588633465,759.3719332721957
2026-09-14,2026-09-15 06:00:00,1,35469.5037139868,35616.0,36301.1,2.2908294404665384,831.5962860131986
2026-09-13,2026-09-15 06:00:00,2,35902.19005996964,35616.0,36301.1,1.0988921548668231,398.9099400303603
2026-09-14,2026-09-15 07:00:00,1,38299.4170407364,38357.0,39187.27,2.2656667822575978,887.8529592635969
2026-09-13,2026-09-15 07:00:00,2,38488.55887113935,38357.0,39187.27,1.783005371031579,698.7111288606466
2026-09-13,2026-09-15 08:00:00,2,44155.80316523635,43632.0,45228.52,2.3717708091346945,1072.716834763647
2026-09-14,2026-09-15 08:00:00,1,44552.48566531272,43632.0,45228.52,1.4947080618319504,676.034334687276
2026-09-14,2026-09-15 09:00:00,1,46752.98125563878,45666.0,47695.9,1.9769387816588522,942.9187443612245
2026-09-13,2026-09-15 09:00:00,2,46185.0786794659,45666.0,47695.9,3.167612563205856,1510.8213205341017
2026-09-13,2026-09-15 10:00:00,2,47412.08600113805,46285.0,48039.24,1.305503581784283,627.1539988619479
2026-09-14,2026-09-15 10:00:00,1,47150.26724537019,46285.0,48039.24,1.8505137771326297,888.9727546298091
2026-09-14,2026-09-15 11:00:00,1,48485.97311564439,47289.0,48606.29,0.2475335689179575,120.31688435561227
2026-09-13,2026-09-15 11:00:00,2,48208.44430658004,47289.0,48606.29,0.8185066036102816,397.84569341996394
2026-09-14,2026-09-15 12:00:00,1,46976.42943776005,46968.0,46594.29,0.8201422057510734,382.1394377600518
2026-09-13,2026-09-15 12:00:00,2,47177.777516017486,46968.0,46594.29,1.2522725767845915,583.4875160174852
2026-09-14,2026-09-15 13:00:00,1,47537.02246222949,47788.0,47324.77,0.4485018357817587,212.252462229495
2026-09-13,2026-09-15 13:00:00,2,47537.83271821751,47788.0,47324.77,0.4502139539558582,213.0627182175158
2026-09-14,2026-09-15 14:00:00,1,48325.16710164503,48401.0,47883.12,0.9231794036082541,442.04710164502467
2026-09-13,2026-09-15 14:00:00,2,48290.71084357925,48401.0,47883.12,0.8512203122504222,407.5908435792444
2026-09-14,2026-09-15 15:00:00,1,48055.20687691748,47919.0,47907.97,0.30733274007952976,147.2368769174791
2026-09-13,2026-09-15 15:00:00,2,48089.85013395242,47919.0,47907.97,0.37964483561382706,181.8801339524216
2026-09-14,2026-09-15 16:00:00,1,47405.37081131117,47345.0,47874.14,0.9791699416194795,468.76918868882785
2026-09-13,2026-09-15 16:00:00,2,47912.497901692645,47345.0,47874.14,0.08012238275746593,38.3579016926451
2026-09-14,2026-09-15 17:00:00,1,47491.64948125672,47379.0,47840.31,0.7288007095758361,348.6605187432797
2026-09-13,2026-09-15 17:00:00,2,48274.85518374477,47379.0,47840.31,0.9083243476991872,434.545183744769
2026-09-14,2026-09-15 18:00:00,1,47811.85077875475,47726.0,47787.12,0.051751975751514225,24.730778754747007
2026-09-13,2026-09-15 18:00:00,2,47919.08905498884,47726.0,47787.12,0.27616030216686016,131.96905498884007
2026-09-13,2026-09-15 19:00:00,2,48617.89090428235,48658.0,48927.36,0.6325072428139387,309.4690957176499
2026-09-14,2026-09-15 19:00:00,1,48537.160512299786,48658.0,48927.36,0.7975077496521668,390.1994877002144
2026-09-13,2026-09-15 20:00:00,2,47761.319357909466,47893.0,48076.05,0.6546516240218092,314.730642090537
2026-09-14,2026-09-15 20:00:00,1,47669.40998574701,47893.0,48076.05,0.8458265898571043,406.6400142529965
2026-09-13,2026-09-15 21:00:00,2,45327.7424170264,46024.0,46380.15,2.269090511724526,1052.407582973603
2026-09-14,2026-09-15 21:00:00,1,45838.5284182464,46024.0,46380.15,1.1677874732048072,541.6215817535995
2026-09-13,2026-09-15 22:00:00,2,43114.14660186695,43863.0,44326.69,2.735470205722669,1212.5433981330498
2026-09-14,2026-09-15 22:00:00,1,43669.83418360393,43863.0,44326.69,1.4818517159663167,656.8558163960697
2026-09-14,2026-09-15 23:00:00,1,40928.63394945223,41356.0,41949.91,2.434513090845179,1021.2760505477709
2026-09-13,2026-09-15 23:00:00,2,40918.71714578596,41356.0,41949.91,2.458152721219294,1031.192854214045
2026-09-14,2026-09-16 00:00:00,2,39420.513689027415,39208.0,39161.94,0.6602678238805659,258.5736890274129
2026-09-15,2026-09-16 00:00:00,1,39355.17044018501,39208.0,39161.94,0.49341386097063916,193.23044018500514
2026-09-14,2026-09-16 01:00:00,2,37215.84097542818,37216.0,37870.84,1.7295603281358811,654.9990245718145
2026-09-15,2026-09-16 01:00:00,1,37600.749659114656,37216.0,37870.84,0.7131881439264115,270.090340885341
2026-09-14,2026-09-16 02:00:00,2,36008.84657437507,35872.0,36596.57,1.6059522125295582,587.7234256249285
2026-09-15,2026-09-16 02:00:00,1,36223.809532753454,35872.0,36596.57,1.0185666778240308,372.7604672465459
2026-09-14,2026-09-16 03:00:00,2,34962.00230883274,34824.0,35761.75,2.236321464042606,799.7476911672566
2026-09-15,2026-09-16 03:00:00,1,35051.06118533589,34824.0,35761.75,1.9872875758711661,710.6888146641068
2026-09-14,2026-09-16 04:00:00,2,34521.82834537557,34217.0,35306.95,2.223702853473396,785.121654624425
2026-09-15,2026-09-16 04:00:00,1,34693.26423841178,34217.0,35306.95,1.7381443641782093,613.6857615882182
2026-09-14,2026-09-16 05:00:00,2,34885.97608006056,34594.0,35463.0,1.6271153594998782,577.0239199394418
2026-09-15,2026-09-16 05:00:00,1,34982.122661875575,34594.0,35463.0,1.3559973440612034,480.87733812442457
2026-09-14,2026-09-16 06:00:00,2,35799.784779229994,35591.0,36318.0,1.4268825947739567,518.2152207700055
2026-09-15,2026-09-16 06:00:00,1,36223.69444260513,35591.0,36318.0,0.25966616387156005,94.30555739487318
2026-09-14,2026-09-16 07:00:00,2,38315.51020512737,38283.0,38947.63,1.6229993837176377,632.1197948726258
2026-09-15,2026-09-16 07:00:00,1,39221.85821051052,38283.0,38947.63,0.704094730566471,274.22821051052597
2026-09-14,2026-09-16 08:00:00,2,44716.18468859047,43939.0,45419.2,1.5478372833725167,703.0153114095301
2026-09-15,2026-09-16 08:00:00,1,45521.0272133617,43939.0,45419.2,0.22419420280785773,101.82721336170653
2026-09-14,2026-09-16 09:00:00,2,46687.17133567236,46596.0,48155.41,3.048958911008421,1468.2386643276404
2026-09-15,2026-09-16 09:00:00,1,47459.7650951049,46596.0,48155.41,1.4445830798556247,695.6449048951035
2026-09-14,2026-09-16 10:00:00,2,46753.85854933533,47260.0,48370.47,3.3421454260516175,1616.61145066467
2026-09-15,2026-09-16 10:00:00,1,47990.53406831883,47260.0,48370.47,0.785470828960661,379.93593168116786
2026-09-15,2026-09-16 11:00:00,1,48943.27069723236,48292.0,49439.43,1.0035700305760862,496.15930276764266
2026-09-14,2026-09-16 11:00:00,2,47660.21515784855,48292.0,49439.43,3.598777012905388,1779.2148421514503
2026-09-15,2026-09-16 12:00:00,1,46863.44462237173,47597.0,47806.63,1.9729175171482827,943.185377628266
2026-09-14,2026-09-16 12:00:00,2,46487.55325538456,47597.0,47806.63,2.759192071508565,1319.076744615435
2026-09-15,2026-09-16 13:00:00,1,47582.627723734586,48353.0,48859.21,2.6127771535098776,1276.5822762654134
2026-09-14,2026-09-16 13:00:00,2,47010.03813876347,48353.0,48859.21,3.7846945565360746,1849.1718612365294
2026-09-15,2026-09-16 14:00:00,1,48110.30465699644,48771.0,49246.44,2.3070405556291167,1136.1353430035597
2026-09-14,2026-09-16 14:00:00,2,47724.70741456565,48771.0,49246.44,3.0900357171693034,1521.7325854343508
2026-09-15,2026-09-16 15:00:00,1,48014.56935464741,48186.0,49105.93,2.2224620231255034,1091.3606453525936
2026-09-14,2026-09-16 15:00:00,2,47343.61487660967,48186.0,49105.93,3.5888030699965023,1762.3151233903336
2026-09-15,2026-09-16 16:00:00,1,47544.625719329975,47457.0,48366.75,1.6997716006761354,822.1242806700247
2026-09-14,2026-09-16 16:00:00,2,47302.81529933393,47457.0,48366.75,2.199723365051545,1063.9347006660682
2026-09-15,2026-09-16 17:00:00,1,47664.44403779335,47430.0,47792.11,0.26712769577792417,127.66596220665087
2026-09-14,2026-09-16 17:00:00,2,47322.15603475308,47430.0,47792.11,0.9833296024111877,469.9539652469175
2026-09-14,2026-09-16 18:00:00,2,46811.37024316399,47487.0,47274.91,0.9805195966232682,463.5397568360131
2026-09-15,2026-09-16 18:00:00,1,47347.90703080037,47487.0,47274.91,0.15440966635445422,72.99703080036852
2026-09-14,2026-09-16 19:00:00,2,47268.22384369462,48204.0,48488.43,2.5164893074603145,1220.2061563053794
2026-09-15,2026-09-16 19:00:00,1,48321.278296235,48204.0,48488.43,0.3447249246160318,167.15170376499736
2026-09-14,2026-09-16 20:00:00,2,46553.45345120711,47506.0,47529.45,2.0534564334173564,975.9965487928857
2026-09-15,2026-09-16 20:00:00,1,47218.86980954532,47506.0,47529.45,0.6534478948413567,310.5801904546752
2026-09-14,2026-09-16 21:00:00,2,44766.80593714008,45788.0,45844.79,2.3513774691953424,1077.9840628599195
2026-09-15,2026-09-16 21:00:00,1,45705.17604831961,45788.0,45844.79,0.3045361352519855,139.6139516803887
2026-09-14,2026-09-16 22:00:00,2,42984.26008730971,43953.0,43838.13,1.947779051456544,853.8699126902866
2026-09-15,2026-09-16 22:00:00,1,43862.02467572757,43953.0,43838.13,0.05450660356080392,23.894675727569847
2026-09-15,2026-09-16 23:00:00,1,41466.22501456323,41723.0,41443.09,0.05582357532517817,23.13501456323138
2026-09-14,2026-09-16 23:00:00,2,40731.204960396666,41723.0,41443.09,1.717741219593738,711.8850396033304
2026-09-15,2026-09-17 00:00:00,2,39386.81399681155,38587.0,38558.03,2.149445904812957,828.7839968115513
2026-09-16,2026-09-17 00:00:00,1,39384.411814292456,38587.0,38558.03,2.1432158600749505,826.3818142924574
2026-09-16,2026-09-17 01:00:00,1,37646.523924784815,36723.0,37226.7,1.1277495044815087,419.8239247848178
2026-09-15,2026-09-17 01:00:00,2,37419.30766762066,36723.0,37226.7,0.5173911940103874,192.60766762066487
2026-09-15,2026-09-17 02:00:00,2,36081.67783116765,35146.0,35599.88,1.3533692562100101,481.7978311676561
2026-09-16,2026-09-17 02:00:00,1,36494.79621291758,35146.0,35599.88,2.5138180603911646,894.916212917582
2026-09-15,2026-09-17 03:00:00,2,34814.73716376339,33960.0,34663.91,0.4351129568573999,150.82716376338794
2026-09-16,2026-09-17 03:00:00,1,35581.850273926284,33960.0,34663.91,2.648115212410488,917.9402739262805
2026-09-15,2026-09-17 04:00:00,2,34433.29273411425,33540.0,34161.83,0.79463756512531,271.4627341142477
2026-09-16,2026-09-17 04:00:00,1,34931.23221291313,33540.0,34161.83,2.2522277433999474,769.4022129131263
2026-09-15,2026-09-17 05:00:00,2,34960.63874491154,34037.0,34618.3,0.9888953094506079,342.33874491153983
2026-09-16,2026-09-17 05:00:00,1,35302.110243546376,34037.0,34618.3,1.9752854517592524,683.8102435463734
2026-09-15,2026-09-17 06:00:00,2,36114.34337378024,35169.0,35457.0,1.8539170651218115,657.3433737802407
2026-09-16,2026-09-17 06:00:00,1,36807.43467878919,35169.0,35457.0,3.808654648698964,1350.4346787891918
2026-09-15,2026-09-17 07:00:00,2,38929.05582501803,38018.0,38516.07,1.0722428976217802,412.9858250180332
2026-09-16,2026-09-17 07:00:00,1,38862.748027520494,38018.0,38516.07,0.9000867106132444,346.67802752049465
2026-09-15,2026-09-17 08:00:00,2,44474.08772107477,43538.0,44935.08,1.0259073288068707,460.9922789252305
2026-09-16,2026-09-17 08:00:00,1,45063.18131820692,43538.0,44935.08,0.2850808726877127,128.10131820692186
2026-09-16,2026-09-17 09:00:00,1,47654.125843516376,46100.0,47698.21,0.09242308355727141,44.08415648362279
2026-09-15,2026-09-17 09:00:00,2,47186.1654633943,46100.0,47698.21,1.0735089149167143,512.0445366056956
2026-09-16,2026-09-17 10:00:00,1,48038.1791350505,46874.0,48410.31,0.7687016772862987,372.13086494949675
2026-09-15,2026-09-17 10:00:00,2,47922.33611983334,46874.0,48410.31,1.007995776450638,487.9738801666608
2026-09-16,2026-09-17 11:00:00,1,48668.66800482384,47642.0,49095.86,0.870118163071508,427.19199517615925
2026-09-15,2026-09-17 11:00:00,2,48830.75089823714,47642.0,49095.86,0.5399826009013065,265.10910176286416
2026-09-15,2026-09-17 12:00:00,2,47272.46441243549,46399.0,47422.15,0.315644878109728,149.6855875645124
2026-09-16,2026-09-17 12:00:00,1,47217.96914433383,46399.0,47422.15,0.43056009832150344,204.18085566617083
2026-09-16,2026-09-17 13:00:00,1,47882.26993232922,47169.0,47931.22,0.10212564518654653,48.95006767078303
2026-09-15,2026-09-17 13:00:00,2,47786.26738713177,47169.0,47931.22,0.3024179498628111,144.9526128682337
2026-09-16,2026-09-17 14:00:00,1,48451.885948785,47911.0,48510.7,0.12123933733176077,58.81405121499847
2026-09-15,2026-09-17 14:00:00,2,48580.349978239545,47911.0,48510.7,0.14357652690962538,69.64997823954764
2026-09-16,2026-09-17 15:00:00,1,48152.933632592656,47463.0,48137.69,0.03166673056528832,15.24363259265374
2026-09-15,2026-09-17 15:00:00,2,47803.55817057,47463.0,48137.69,0.6941168748022597,334.1318294299999
2026-09-15,2026-09-17 16:00:00,2,47576.242061394696,47149.0,48033.39,0.9517294919332225,457.14793860530335
2026-09-16,2026-09-17 16:00:00,1,47574.076474546,47149.0,48033.39,0.9562379949739191,459.31352545400296
2026-09-15,2026-09-17 17:00:00,2,47681.77496750346,47144.0,47400.39,0.5936342876154775,281.38496750345803
2026-09-16,2026-09-17 17:00:00,1,47772.67269371112,47144.0,47400.39,0.7854000646642866,372.282693711124
2026-09-15,2026-09-17 18:00:00,2,47301.58216399644,46970.0,46751.19,1.1772794745897146,550.3921639964392
2026-09-16,2026-09-17 18:00:00,1,47500.27303866536,46970.0,46751.19,1.602275875042655,749.0830386653543
2026-09-15,2026-09-17 19:00:00,2,48396.16528760839,47739.0,47701.76,1.4557225720987819,694.4052876083879
2026-09-16,2026-09-17 19:00:00,1,48683.06830730053,47739.0,47701.76,2.0571742160048716,981.3083073005255
2026-09-15,2026-09-17 20:00:00,2,47273.07816561149,46986.0,46780.75,1.0524161446994593,492.3281656114923
2026-09-16,2026-09-17 20:00:00,1,47436.71405987168,46986.0,46780.75,1.4022093700329294,655.9640598716796
2026-09-16,2026-09-17 21:00:00,1,45465.03831945536,45175.0,45040.45,0.9426822322054083,424.58831945536076
2026-09-15,2026-09-17 21:00:00,2,45680.389207968845,45175.0,45040.45,1.4208099785167505,639.9392079688478
2026-09-15,2026-09-17 22:00:00,2,43289.240933477246,43231.0,43172.45,0.2705219033834042,116.79093347724847
2026-09-16,2026-09-17 22:00:00,1,43504.59478855523,43231.0,43172.45,0.7693443122992404,332.1447885552334
2026-09-16,2026-09-17 23:00:00,1,41333.54004051234,41117.0,40977.84,0.868030234176179,355.7000405123399
2026-09-15,2026-09-17 23:00:00,2,40699.12550139843,41117.0,40977.84,0.6801590776906985,278.7144986015701
2026-09-17,2026-09-18 00:00:00,1,39091.972965648456,38623.0,38418.18,1.7538388482964467,673.7929656484557
2026-09-16,2026-09-18 00:00:00,2,38823.40607784784,38623.0,38418.18,1.0547768734693772,405.2260778478376
2026-09-16,2026-09-18 01:00:00,2,37153.59182540123,36894.0,36808.19,0.9383830756177529,345.40182540122623
2026-09-17,2026-09-18 01:00:00,1,37160.61735527364,36894.0,36808.19,0.9574699415364931,352.4273552736413
2026-09-17,2026-09-18 02:00:00,1,35734.7896328277,35360.0,35269.0,1.3206771749346404,465.78963282769837
2026-09-16,2026-09-18 02:00:00,2,36286.11332784515,35360.0,35269.0,2.8838734521680585,1017.1133278451525
2026-09-17,2026-09-18 03:00:00,1,34465.416162924645,34338.0,34314.8,0.4389247873356152,150.61616292464169
2026-09-16,2026-09-18 03:00:00,2,35000.017114161405,34338.0,34314.8,1.9968559168679452,685.2171141614017
2026-09-17,2026-09-18 04:00:00,1,34018.75797519212,33737.0,33913.33,0.3108747362530319,105.42797519212036
2026-09-16,2026-09-18 04:00:00,2,34221.698059575225,33737.0,33913.33,0.909282749807297,308.368059575223
2026-09-17,2026-09-18 05:00:00,1,34468.077510971096,34178.0,34288.05,0.5250444716777211,180.02751097109285
2026-09-16,2026-09-18 05:00:00,2,34845.13894735099,34178.0,34288.05,1.6247320782342207,557.0889473509887
2026-09-17,2026-09-18 06:00:00,1,35626.43816404318,35041.0,35534.43,0.25892680435054605,92.00816404318175
2026-09-16,2026-09-18 06:00:00,2,36268.88941947869,35041.0,35534.43,2.0668951759707173,734.4594194786914
2026-09-17,2026-09-18 07:00:00,1,38597.74620653453,37825.0,38341.89,0.6673020201521945,255.85620653453225
2026-09-16,2026-09-18 07:00:00,2,38837.274002549806,37825.0,38341.89,1.2920176927892877,495.3840025498066
2026-09-16,2026-09-18 08:00:00,2,44285.22306300965,43349.0,44307.47,0.05021035276974364,22.24693699034833
2026-09-17,2026-09-18 08:00:00,1,44158.30617466827,43349.0,44307.47,0.3366561560200317,149.16382533172873
2026-09-16,2026-09-18 09:00:00,2,46853.58335530168,45891.0,46683.43,0.36448340514327665,170.15335530167795
2026-09-17,2026-09-18 09:00:00,1,47397.554130148696,45891.0,46683.43,1.529716497156904,714.1241301486953
2026-09-16,2026-09-18 10:00:00,2,47581.11424713854,46455.0,47823.73,0.5073124845374126,242.615752861464
2026-09-17,2026-09-18 10:00:00,1,47758.30141376375,46455.0,47823.73,0.1368119681092465,65.42858623625216
2026-09-17,2026-09-18 11:00:00,1,48641.9133160276,47365.0,48268.95,0.77267749977492,372.9633160276062
2026-09-16,2026-09-18 11:00:00,2,48027.9674847277,47365.0,48268.95,0.4992495491870007,240.98251527229877
2026-09-17,2026-09-18 12:00:00,1,46948.777780799006,45671.0,45450.17,3.297254511477092,1498.6077807990077
2026-09-16,2026-09-18 12:00:00,2,46717.11141013519,45671.0,45450.17,2.78753943084304,1266.941410135194
2026-09-17,2026-09-18 13:00:00,1,46370.63009997951,46106.0,45076.18,2.871694318328467,1294.4500999795127
2026-09-16,2026-09-18 13:00:00,2,46264.37061196344,46106.0,45076.18,2.635961192726262,1188.1906119634368
2026-09-17,2026-09-18 14:00:00,1,47922.107865250255,47263.0,46665.42,2.692974509283869,1256.6878652502564
2026-09-16,2026-09-18 14:00:00,2,47680.37182869062,47263.0,46665.42,2.1749548781316532,1014.9518286906241
2026-09-17,2026-09-18 15:00:00,1,47661.268168516144,47025.0,46305.02,2.928944137193219,1356.2481685161474
2026-09-16,2026-09-18 15:00:00,2,47279.19502905863,47025.0,46305.02,2.103821635448241,974.1750290586351
2026-09-17,2026-09-18 16:00:00,1,47407.7518445523,46691.0,45626.91,3.9030516082555193,1780.8418445522984
2026-09-16,2026-09-18 16:00:00,2,47341.30643193019,46691.0,45626.91,3.7574239235797218,1714.3964319301886
2026-09-17,2026-09-18 17:00:00,1,47564.67780721218,46616.0,45097.0,5.471933404022844,2467.6778072121815
2026-09-16,2026-09-18 17:00:00,2,47339.363231734525,46616.0,45097.0,4.972311310585018,2242.3632317345255
2026-09-16,2026-09-18 18:00:00,2,46792.94618199179,46350.0,45020.53,3.9369065224060975,1772.4161819917936
2026-09-17,2026-09-18 18:00:00,1,46918.39825277277,46350.0,45020.53,4.215561773201632,1897.8682527727724
2026-09-16,2026-09-18 19:00:00,2,48021.74994485869,46953.0,46211.07,3.9182817988388714,1810.6799448586899
2026-09-17,2026-09-18 19:00:00,1,48161.213784094616,46953.0,46211.07,4.220079266925905,1950.1437840946164
2026-09-16,2026-09-18 20:00:00,2,46677.90154949659,46126.0,45059.1,3.592618471067098,1618.8015494965948
2026-09-17,2026-09-18 20:00:00,1,46568.42636276753,46126.0,45059.1,3.3496593646289723,1509.3263627675333
2026-09-16,2026-09-18 21:00:00,2,44681.05382965216,44460.0,43668.02,2.319852902998959,1013.0338296521659
2026-09-17,2026-09-18 21:00:00,1,44968.14087793946,44460.0,43668.02,2.9772837832799968,1300.1208779394656
2026-09-17,2026-09-18 22:00:00,1,42220.77717727408,42537.0,41454.48,1.8485268112736628,766.2971772740784
2026-09-16,2026-09-18 22:00:00,2,43224.18150769376,42537.0,41454.48,4.269023535438759,1769.7015076937532
2026-09-16,2026-09-18 23:00:00,2,40747.45135158968,40488.0,39449.58,3.289949732265037,1297.8713515896816
2026-09-17,2026-09-18 23:00:00,1,40926.04694607333,40488.0,39449.58,3.7426683530555396,1476.4669460733276
2026-09-17,2026-09-19 00:00:00,2,39160.9757994528,38287.0,37677.17,3.9382092642648026,1483.805799452799
2026-09-18,2026-09-19 00:00:00,1,37788.5722801509,38287.0,37677.17,0.29567581681665095,111.40228015089815
2026-09-18,2026-09-19 01:00:00,1,36242.08619177301,36402.0,36138.14,0.28763569949368656,103.94619177300774
2026-09-17,2026-09-19 01:00:00,2,37100.46473880552,36402.0,36138.14,2.6629061119512984,962.324738805517
2026-09-18,2026-09-19 02:00:00,1,35093.46392249412,34768.0,34619.74,1.3683636055444732,473.72392249412223
2026-09-17,2026-09-19 02:00:00,2,35430.02031549024,34768.0,34619.74,2.340515311467513,810.2803154902431
2026-09-18,2026-09-19 03:00:00,1,33636.145915500165,33670.0,33730.24,0.27896061368028546,94.09408449983312
2026-09-17,2026-09-19 03:00:00,2,34472.32271078454,33670.0,33730.24,2.200051677024948,742.0827107845398
2026-09-18,2026-09-19 04:00:00,1,33338.88305219935,32904.0,33105.57,0.7047546748156025,233.31305219935166
2026-09-17,2026-09-19 04:00:00,2,33821.0189214186,32904.0,33105.57,2.1611134362543925,715.4489214186033
2026-09-17,2026-09-19 05:00:00,2,34239.795861967505,33018.0,33505.37,2.191964637213384,734.425861967502
2026-09-18,2026-09-19 05:00:00,1,33732.21481364307,33018.0,33505.37,0.677040168913422,226.84481364306703
2026-09-17,2026-09-19 06:00:00,2,35212.980609395505,33448.0,33959.67,3.6905853602096452,1253.3106093955066
2026-09-18,2026-09-19 06:00:00,1,34356.79960513638,33448.0,33959.67,1.1694153834132737,397.12960513638245
2026-09-18,2026-09-19 07:00:00,1,36018.925013477194,34799.0,35603.91,1.1656444853309376,415.0150134771902
2026-09-17,2026-09-19 07:00:00,2,36296.43815782669,34799.0,35603.91,1.9450901820240742,692.5281578266877
2026-09-17,2026-09-19 08:00:00,2,40692.34883571576,38474.0,40207.42,1.2060680235532741,484.92883571576385
2026-09-18,2026-09-19 08:00:00,1,39741.84491206013,38474.0,40207.42,1.1579332569457808,465.57508793986926
2026-09-17,2026-09-19 09:00:00,2,44411.70718717736,40879.0,42745.24,3.898602948953757,1666.4671871773608
2026-09-18,2026-09-19 09:00:00,1,42207.8405442486,40879.0,42745.24,1.2572147349070952,537.3994557514015
2026-09-17,2026-09-19 10:00:00,2,44744.49953584814,42053.0,43533.15,2.7825910503791658,1211.3495358481377
2026-09-18,2026-09-19 10:00:00,1,43232.80482509876,42053.0,43533.15,0.6899229090962595,300.34517490123835
2026-09-17,2026-09-19 11:00:00,2,45800.63263494559,43193.0,44274.78,3.446324600473663,1525.8526349455933
2026-09-18,2026-09-19 11:00:00,1,43914.405394843416,43193.0,44274.78,0.8139500753173321,360.37460515658313
2026-09-18,2026-09-19 12:00:00,1,43047.87995441146,42955.0,42882.07,0.3866649963760129,165.80995441145933
2026-09-17,2026-09-19 12:00:00,2,45663.26625347919,42955.0,42882.07,6.485685633830618,2781.196253479189
2026-09-17,2026-09-19 13:00:00,2,45934.89674929661,43566.0,43328.37,6.015750763983525,2606.5267492966086
2026-09-18,2026-09-19 13:00:00,1,44735.98044166173,43566.0,43328.37,3.248703889995702,1407.6104416617309
2026-09-18,2026-09-19 14:00:00,1,44246.02046417209,43885.0,43220.35,2.3731192925834557,1025.6704641720935
2026-09-17,2026-09-19 14:00:00,2,45759.94865376184,43885.0,43220.35,5.875932642289674,2539.5986537618446
2026-09-17,2026-09-19 15:00:00,2,44851.30295219692,43344.0,42070.06,6.610979285974217,2781.2429521969243
2026-09-18,2026-09-19 15:00:00,1,43956.36886361976,43344.0,42070.06,4.4837322875692704,1886.3088636197645
2026-09-17,2026-09-19 16:00:00,2,43884.063651361605,42763.0,41626.46,5.423482206657989,2257.6036513616054
2026-09-18,2026-09-19 16:00:00,1,42796.05903356547,42763.0,41626.46,2.809748975928944,1169.5990335654715
2026-09-17,2026-09-19 17:00:00,2,44918.65246215538,42807.0,42443.73,5.831067302886387,2474.9224621553803
2026-09-18,2026-09-19 17:00:00,1,43133.24817283724,42807.0,42443.73,1.6245466004925428,689.5181728372336
2026-09-17,2026-09-19 18:00:00,2,45682.13211893624,43547.0,43923.99,4.002692193801712,1758.1421189362445
2026-09-18,2026-09-19 18:00:00,1,44788.65914059091,43547.0,43923.99,1.9685578213429953,864.669140590915
2026-09-17,2026-09-19 19:00:00,2,47064.23988968071,44779.0,45464.16,3.519431327183236,1600.07988968071
2026-09-18,2026-09-19 19:00:00,1,45956.8194836136,44779.0,45464.16,1.083621656297178,492.65948361359915
2026-09-17,2026-09-19 20:00:00,2,45523.10031892606,44174.0,44567.44,2.1443015773983354,955.6603189260568
2026-09-18,2026-09-19 20:00:00,1,45456.7541191872,44174.0,44567.44,1.9954346024523693,889.3141191871982
2026-09-18,2026-09-19 21:00:00,1,42718.70380218703,42824.0,42916.65,0.46123403810169084,197.94619781296933
2026-09-17,2026-09-19 21:00:00,2,44542.90316007562,42824.0,42916.65,3.7893292232166753,1626.2531600756192
2026-09-18,2026-09-19 22:00:00,1,40328.018978745735,40991.0,41090.02,1.8544673895370751,762.001021254262
2026-09-17,2026-09-19 22:00:00,2,41391.01871992296,40991.0,41090.02,0.73253485864199,300.9987199229654
2026-09-17,2026-09-19 23:00:00,2,39866.67913734662,38885.0,39149.02,1.8331471320268597,717.6591373466217
2026-09-18,2026-09-19 23:00:00,1,38537.00903918779,38885.0,39149.02,1.5632855198219713,612.0109608122075
2026-09-19,2026-09-20 00:00:00,1,35848.77749948685,36780.0,,,
2026-09-18,2026-09-20 00:00:00,2,36587.83278485391,36780.0,,,
2026-09-18,2026-09-20 01:00:00,2,34490.62721119684,34719.0,,,
2026-09-19,2026-09-20 01:00:00,1,34223.446905857614,34719.0,,,
2026-09-19,2026-09-20 02:00:00,1,32999.60407500084,33162.0,,,
2026-09-18,2026-09-20 02:00:00,2,33136.07470057827,33162.0,,,
2026-09-19,2026-09-20 03:00:00,1,31414.342795603323,31836.0,,,
2026-09-18,2026-09-20 03:00:00,2,32107.72242417792,31836.0,,,
2026-09-19,2026-09-20 04:00:00,1,31078.498717649796,31124.0,,,
2026-09-18,2026-09-20 04:00:00,2,31623.66393158416,31124.0,,,
2026-09-18,2026-09-20 05:00:00,2,31791.82371097564,30969.0,,,
2026-09-19,2026-09-20 05:00:00,1,31334.774583096507,30969.0,,,
2026-09-18,2026-09-20 06:00:00,2,31935.193170040428,30943.0,,,
2026-09-19,2026-09-20 06:00:00,1,31188.864015461542,30943.0,,,
2026-09-18,2026-09-20 07:00:00,2,32248.762608902434,31230.0,,,
2026-09-19,2026-09-20 07:00:00,1,31990.9715507191,31230.0,,,
2026-09-18,2026-09-20 08:00:00,2,33778.19350009915,32474.0,,,
2026-09-19,2026-09-20 08:00:00,1,33606.76841853985,32474.0,,,
2026-09-19,2026-09-20 09:00:00,1,35022.32042918643,33845.0,,,
2026-09-18,2026-09-20 09:00:00,2,34628.68339981291,33845.0,,,
2026-09-18,2026-09-20 10:00:00,2,36598.102931605616,35444.0,,,
2026-09-19,2026-09-20 10:00:00,1,37050.70868861909,35444.0,,,
2026-09-19,2026-09-20 11:00:00,1,37878.0387433977,36760.0,,,
2026-09-18,2026-09-20 11:00:00,2,37482.14497651964,36760.0,,,
2026-09-18,2026-09-20 12:00:00,2,37937.24817806401,37333.0,,,
2026-09-19,2026-09-20 12:00:00,1,37057.8432505086,37333.0,,,
2026-09-18,2026-09-20 13:00:00,2,38677.6248488212,38205.0,,,
2026-09-19,2026-09-20 13:00:00,1,37281.50103835962,38205.0,,,
2026-09-18,2026-09-20 14:00:00,2,38949.38240650714,38442.0,,,
2026-09-19,2026-09-20 14:00:00,1,37262.59587329136,38442.0,,,
2026-09-18,2026-09-20 15:00:00,2,37764.31551796469,38178.0,,,
2026-09-19,2026-09-20 15:00:00,1,37170.21519835471,38178.0,,,
2026-09-19,2026-09-20 16:00:00,1,37567.167145441475,37607.0,,,
2026-09-18,2026-09-20 16:00:00,2,37249.38921239485,37607.0,,,
2026-09-19,2026-09-20 17:00:00,1,37493.097544962344,38119.0,,,
2026-09-18,2026-09-20 17:00:00,2,38440.194869022576,38119.0,,,
2026-09-18,2026-09-20 18:00:00,2,40503.151863960986,39720.0,,,
2026-09-19,2026-09-20 18:00:00,1,39459.70634483101,39720.0,,,
2026-09-19,2026-09-20 19:00:00,1,41774.10995937443,41533.0,,,
2026-09-18,2026-09-20 19:00:00,2,42376.74487146538,41533.0,,,
2026-09-19,2026-09-20 20:00:00,1,41287.020267361884,41380.0,,,
2026-09-18,2026-09-20 20:00:00,2,41861.63963475592,41380.0,,,
2026-09-19,2026-09-20 21:00:00,1,40103.72184305618,40294.0,,,
2026-09-18,2026-09-20 21:00:00,2,40626.52715762556,40294.0,,,
2026-09-18,2026-09-20 22:00:00,2,39559.47800195149,38649.0,,,
2026-09-19,2026-09-20 22:00:00,1,38516.799491093654,38649.0,,,
2026-09-19,2026-09-20 23:00:00,1,36317.48480564675,36441.0,,,
2026-09-18,2026-09-20 23:00:00,2,36676.08692422567,36441.0,,,
2026-09-19,2026-09-21 00:00:00,2,34933.98854303026,35488.0,,,
2026-09-19,2026-09-21 01:00:00,2,33161.24281135028,33490.0,,,
2026-09-19,2026-09-21 02:00:00,2,31839.42293830583,31978.0,,,
2026-09-19,2026-09-21 03:00:00,2,31020.659140084488,31123.0,,,
2026-09-19,2026-09-21 04:00:00,2,30593.07646876195,30636.0,,,
2026-09-19,2026-09-21 05:00:00,2,31396.845146001837,31181.0,,,
2026-09-19,2026-09-21 06:00:00,2,32242.237031403696,32315.0,,,
2026-09-19,2026-09-21 07:00:00,2,35776.27248679036,35602.0,,,
2026-09-19,2026-09-21 08:00:00,2,43213.4076623895,42182.0,,,
2026-09-19,2026-09-21 09:00:00,2,46246.19743977088,44791.0,,,
2026-09-19,2026-09-21 10:00:00,2,46784.676349463116,46497.0,,,
2026-09-19,2026-09-21 11:00:00,2,47179.093507072925,47644.0,,,
2026-09-19,2026-09-21 12:00:00,2,45791.00281035979,46753.0,,,
2026-09-19,2026-09-21 13:00:00,2,46460.8572033103,47430.0,,,
2026-09-19,2026-09-21 14:00:00,2,47260.221602835256,48119.0,,,
2026-09-19,2026-09-21 15:00:00,2,47358.81426476855,47764.0,,,
2026-09-19,2026-09-21 16:00:00,2,46459.061986985376,47186.0,,,
2026-09-19,2026-09-21 17:00:00,2,46505.84936588299,46968.0,,,
2026-09-19,2026-09-21 18:00:00,2,46588.59794008411,46519.0,,,
2026-09-19,2026-09-21 19:00:00,2,47107.561919074265,46924.0,,,
2026-09-19,2026-09-21 20:00:00,2,46122.26005168084,46054.0,,,
2026-09-19,2026-09-21 21:00:00,2,43554.50752634782,44128.0,,,
2026-09-19,2026-09-21 22:00:00,2,41493.81935514521,42181.0,,,
2026-09-19,2026-09-21 23:00:00,2,39854.7691968581,39805.0,,,
