tree
version=v4
num_class=1
num_tree_per_iteration=1
label_index=0
max_feature_idx=16
objective=regression
feature_names=w100 w100_v2 w100_v3 shear hour dow is_weekend wdir_sin wdir_cos wdir_sector ritm_fc gen_lag168 gen_lag336 gen_roll168 err_lag168 gfs_w100 nwp_spread
feature_infos=[0.88921392139213928:10.423845162294006] [0.79070139799758565:108.65654796748015] [0.70310269076367982:1132.6190318823844] [0.32226183256292779:0.83327342605137289] [0:23] [0:6] [0:1] [-0.99999900166848776:0.99874116766767729] [-0.99995128122441967:0.9999999952427403] -1:0:7:1:6:2:3:5 [753.63824999999997:10043.6715] [631.48575000000005:11860.254999999999] [631.48575000000005:11826.555] [3269.8073065476192:8265.0589583333331] [-2921.9802499999996:3403.95975] [0.41217177273282884:12.127379404607128] [8.334166749612848e-06:4.7053594248313715]
tree_sizes=1077 998 1003 911 906 1002 989 1092 1003 1000 997 1002 1003 1001 1006 918 1000 997 1082 1002 919 1083 1093 912 1002 1086 1076 825 1086 913 1001 1083 1003 1003 1080 909 1086 1001 1003 1084 997 1000 1002 1093 1002 1003 1081 992 997 999 1000 1003 1167 1000 1005 916 996 918 1005 1169 1084 911 1084 1022 1077 1080 1077 995 998 1088 996 907 1085 1009 1005 1000 997 920 1007 1173 983 997 1002 995 1001 1082 1094 1089 1075 907 1088 1008 1073 912 1081 1084 914 1000 916 1169 913 1003 1086 1093 1000 1094 998 1006 1004 1005 1090 1004 915 1006 1001 1009 1100 1005 1006 1005 997 832 1007 913 907 1007 1006 919 1007 997 1005 993 1177 1075 999 1026 996 984 1089 1083 995 990 998 1086 1082 1078 1088 1087 990 1008 912 1090 1004 998 987 1003 996 1080 1079 920 989 1078 908 998 997 1003 1080 998 915 1091 907 1083 1108 991 1073 1074 996 1024 1065 899 988 905 1008 984 986 993 1071 904 988 1002 1003 906 909 1072 1006 983 997 1077 1077 911 979 1073 994 1002 987 1086 914 1001 1074 1075 922 906 1071 991 984 993 987 1063 1019 1083 1057 1059 974 990 1074 973 1070 977 985 882 992 1079 988 985 1068 974 1060 984 888 1071 1057 1058 986 992 1154 992 1059 984 885 975 885 984 970 903 888 983 1058 983 983 1049 1058 1061 904 984 982 1072 991 966 973 973 962 1067 988 898 986 970 972 968 1050 989 1046 1158 964 1054 982 961 964 890 984 990 979 905 1051 1064 962 1063 969 978 892 897 885 969 1059 970 973 960 884 972 1061 980 973 971 977 974 1046 966 1140 978 973 971 992 1052 888 1058 971 973 962 1072 971 1051 1058 962 1051 1050 966 883 968 1051 1050 1133 1049 961 1051 1052 967 963 971 981 964 967 964 1051 973 882 1052 955 883 965 963 883 1140 1040 972 885 879 962 891 967 1045 969 1051 959 1050 969 883 1043 1035 960 1042 984 977 1050 965 1043 966 1052 1054 1046 960 961 1045 966 958 965 972 1044 970 967 969 965 883 977 888 1066 881 969 960 1052 960 985 968 966 963 978 1126 1052 887 963 963 962 1048 1046 968 883 872 967 883 964 965 960 963 1053 958 1055 1050 969 969 884 973 1044 963 977 874 970 964 1050 1048 967 886 968 961 1050 961 871 970 964 968 956 1047 966 1046 1050 1047 958 975 963 966 1045 969 948 970 964 887 972 1045 969 880 965 969 900 969 969 962 1048 1041 971 969 975 968 966 957 885 1044 966 971 963 962 1052 975 1054 965 1041 1048 970 1048 972 988 986 963 1047 1041 1044 959 973 1047 964 965 959 962 880 963 964 960 965 1045 984 874 1044 884 1053 966 967 1049 962 1052 891 968 887 970 1045 1068 1057 1049 962 967 1050 972 1039 970 962 964 969 1051 960 959 963 969 967 962 1044 1042 968 968 1052 882 885 966 966 1056 969 1040 967 964 886 963 976 970 886 973 1047 967 971 959 1050 969 1051 972 969 1067 962 957 1046 960 985 963 883 985 1124 1047 887 964 962 970 886 1064 1045 972 1044 964 970 1050 1046 879 968 971 1065 964 879 958 969 1058 966 963 1053 970 882 967 963 1050 883 972 967 1042 968 1045 968 1044 1054 892 966 966 1047 963 1056 974 967 965 970 1042 897 881 1051 968 1044 887 887 968 891 958 962 1042 879 809 1050 1052 1054 1051 959 1045 1052 963 1050 975 972 1054 958 1052 972 1045 1061 974 977 971 1050 967 1042 964 1049 1052 1046 1054 967 964 969 1129 964 970 975 968 877 968 879 972 886 967 1129 883 969 967 1048 1052 964 1054 968 1051 1054 966 1048 967 875 971 1045 965 984 1047 1050 962 971 961 967 968 1135 1056 968 1045 1052 970 973 891 966 907 966 884 883 968 964 970 967 966 1047 1053 970 1053 1046 881 1047 885 977 1069 1050 971 886 969 1067 1046 963 882 973 1059 976 972 1054 891 970 1058 1049 894 974 962 972 1056 966 1056 1045 1050 965 975 966 964 889 884 969 1051 1053 964 972 1139 969 1051 1047

Tree=0
num_leaves=11
num_cat=0
split_feature=0 14 11 0 10 0 13 11 8 0
split_gain=1.21613e+08 4.71031e+07 2.15537e+07 2.0895e+07 1.96925e+07 1.33408e+07 9.2714e+06 4.90463e+06 2.42497e+06 2.70748e+06
threshold=7.8577913346890247 -694.41374999999982 5809.0732500000004 6.4541995866253306 6217.5320000000002 4.9316292740385164 6410.8930498511918 5868.9698750000016 0.8707888117310506 4.0179490171239358
decision_type=2 10 8 2 2 2 10 10 2 2
left_child=1 2 -1 4 5 8 -5 -7 -3 -10
right_child=-2 3 -4 6 -6 7 -8 -9 9 -11
leaf_value=294.95926207856979 388.34353990743688 336.16446924690371 324.87307782827861 355.36113320731198 312.16083126347581 351.48042235534848 336.35392528988746 336.84169455276663 321.04159490750942 331.64551767690102
leaf_weight=102 104 101 147 179 103 132 100 101 108 136
leaf_count=102 104 101 147 179 103 132 100 101 108 136
internal_value=336.912 331.998 312.619 337.024 332.302 335.892 348.549 345.135 329.649 326.952
internal_weight=0 1209 249 960 681 578 279 233 345 244
internal_count=1313 1209 249 960 681 578 279 233 345 244
is_linear=0
shrinkage=1


Tree=1
num_leaves=10
num_cat=0
split_feature=0 14 11 12 0 10 3 3 13
split_gain=1.02714e+08 4.10023e+07 2.53156e+07 1.97547e+07 1.45973e+07 1.66535e+07 8.90964e+06 6.25288e+06 6.12182e+06
threshold=7.295679567956797 -639.16212499999972 1506.7007500000002 7213.3506250000009 4.9316292740385164 5093.2242500000002 0.68847809517878023 0.54778829968049425 5365.2527046130963
decision_type=2 8 10 10 2 2 2 2 10
left_child=1 -1 -3 4 8 -6 7 -7 -4
right_child=-2 2 3 -5 5 6 -8 -9 -10
leaf_value=-33.325235490956587 35.7518157614602 -20.65614574691396 1.0059538047470733 -15.774724067919919 26.416346216201784 1.5645696124899278 -7.5292067446090556 18.500603556632996 -14.63659781885147
leaf_weight=121 171 162 167 147 114 109 108 109 100
leaf_count=121 171 162 167 147 114 109 108 109 100
internal_value=0 -5.8116 -2.53487 0.90265 4.37022 9.96685 4.21457 10.0326 -4.85268
internal_weight=0 1137 1016 854 707 440 326 218 267
internal_count=1308 1137 1016 854 707 440 326 218 267
is_linear=0
shrinkage=0.05


Tree=2
num_leaves=10
num_cat=0
split_feature=0 14 0 13 5 12 7 0 15
split_gain=8.57064e+07 3.56333e+07 1.65584e+07 9.1505e+06 9.80992e+06 7.59376e+06 6.67971e+06 5.53746e+06 1.57065e+06
threshold=7.1941958084697371 -720.7254999999999 6.0186338078252275 5503.4587425595246 1.5000000000000002 6896.6761250000009 0.42182715705046808 4.6493038192708172 4.2196122390016795
decision_type=2 8 2 8 2 8 2 2 2
left_child=1 -1 3 5 -5 8 -4 -6 -3
right_child=-2 2 6 4 7 -7 -8 -9 -10
leaf_value=-34.590459828283279 30.745074922773576 8.8190039616005098 13.839995222800489 -24.805333974538755 -14.818702122981732 -10.483954545105396 -1.0830265051440189 -0.16800458505749705 0.00070518255233764648
leaf_weight=102 180 102 148 121 130 147 152 128 100
leaf_count=102 180 102 148 121 130 147 152 128 100
internal_value=0 -6.40305 -3.60624 -7.67983 -13.0591 -1.8382 6.279 -7.55014 4.45351
internal_weight=0 1130 1028 728 379 349 300 258 202
internal_count=1310 1130 1028 728 379 349 300 258 202
is_linear=0
shrinkage=0.05


Tree=3
num_leaves=9
num_cat=0
split_feature=0 5 11 13 0 4 13 13
split_gain=8.44062e+07 3.27411e+07 1.46428e+07 1.08077e+07 7.10534e+06 1.12899e+07 3.43431e+06 6.25062e+06
threshold=7.2815878810103252 5.5000000000000009 1506.7007500000002 3978.4661979166672 6.6338619973108433 15.500000000000002 6253.1274136904767 5071.9340029761916
decision_type=2 2 10 10 2 2 10 10
left_child=1 2 -1 -4 5 6 7 -5
right_child=-2 -3 3 4 -6 -7 -8 -9
leaf_value=-15.576287113061918 31.80562678392117 -25.308710714728534 16.585778063594706 -3.629666591220432 10.198675013376663 -14.716447740370228 -4.8348198728850393 11.13130884934095
leaf_weight=153 182 167 101 135 121 155 165 153
leaf_count=153 182 167 101 135 121 155 165 153
internal_value=0 -4.8402 -1.36285 1.25722 -0.866488 -3.0686 0.916865 4.2121
internal_weight=0 1150 983 830 729 608 453 288
internal_count=1332 1150 983 830 729 608 453 288
is_linear=0
shrinkage=0.05


Tree=4
num_leaves=9
num_cat=0
split_feature=0 5 0 10 5 10 0 10
split_gain=8.32153e+07 3.32152e+07 1.20661e+07 2.54852e+07 1.47876e+07 7.92195e+06 6.3203e+06 6.1398e+06
threshold=7.2815878810103252 5.5000000000000009 5.034559011456702 6094.9231250000012 2.5000000000000004 4364.6698750000005 3.5527872231667614 5093.2242500000002
decision_type=2 2 2 2 2 2 2 2
left_child=1 2 5 7 -5 6 -1 -4
right_child=-2 -3 3 4 -6 -7 -8 -9
leaf_value=-11.057264477328252 32.380251381874089 -24.559522149118326 22.115047999635113 -20.509513269036503 4.9139344242242009 -19.400523820161823 2.5588775423076964 7.397455917308533
leaf_weight=152 175 177 132 118 111 100 194 153
leaf_count=152 175 177 132 118 111 100 194 153
internal_value=0 -4.65703 -0.987514 4.23409 -8.18636 -7.00523 -3.42278 14.214
internal_weight=0 1137 960 514 229 446 346 285
internal_count=1312 1137 960 514 229 446 346 285
is_linear=0
shrinkage=0.05


Tree=5
num_leaves=10
num_cat=0
split_feature=0 14 0 13 8 5 5 16 13
split_gain=6.21302e+07 2.11882e+07 1.83221e+07 1.2008e+07 1.13275e+07 1.15249e+07 4.18271e+06 2.69286e+06 1.79144e+06
threshold=7.7805197186385326 16.86012500000027 5.7698783767265622 6380.9452492559531 0.95210745033794308 3.5000000000000004 1.5000000000000002 1.0092064762031761 6029.7177083333345
decision_type=2 10 2 10 2 2 2 2 10
left_child=1 4 6 7 5 -1 -3 -4 -8
right_child=-2 2 3 -5 -6 -7 8 -9 -10
leaf_value=-9.2180344394006237 37.352163655941304 -12.964908217532296 24.492685988869997 -0.98889413070678711 -0.99462387092286653 -29.165538733433454 1.6066096930317795 13.002875712311386 -6.6723413487843111
leaf_weight=190 104 112 101 125 179 117 173 103 105
leaf_count=190 104 112 101 125 179 117 173 103 105
internal_value=0 -2.92706 2.52395 11.2141 -10.9914 -16.8202 -4.80698 18.6915 -1.52033
internal_weight=0 1205 719 329 486 307 390 204 278
internal_count=1309 1205 719 329 486 307 390 204 278
is_linear=0
shrinkage=0.05


Tree=6
num_leaves=10
num_cat=0
split_feature=0 14 0 10 0 11 7 13 4
split_gain=5.5081e+07 2.2318e+07 1.46437e+07 1.90846e+07 1.02017e+07 7.68708e+06 6.3193e+06 3.47066e+06 4.69312e+06
threshold=7.2815878810103252 -602.19012499999974 6.1313145203409247 5842.5996250000007 4.6776761009434287 7609.636125 0.41315138530344325 6283.4210944940487 8.5000000000000018
decision_type=2 8 2 2 2 8 2 8 2
left_child=1 -1 3 4 7 -6 -4 8 -3
right_child=-2 2 6 -5 5 -7 -8 -9 -10
leaf_value=-23.562028603399956 26.522802100669253 2.9130253245276734 16.47450940546705 -24.991912341826037 12.12137929377861 -5.3115755865434187 1.4377400269247083 -13.824308348837356 -11.528250906727102
leaf_weight=124 176 127 134 101 172 100 146 126 101
leaf_count=124 176 127 134 101 172 100 146 126 101
internal_value=0 -3.54635 -1.08166 -4.82356 -1.56956 5.7122 8.63391 -7.16458 -3.48421
internal_weight=0 1131 1007 727 626 272 280 354 228
internal_count=1307 1131 1007 727 626 272 280 354 228
is_linear=0
shrinkage=0.05


Tree=7
num_leaves=11
num_cat=0
split_feature=15 14 0 10 0 7 10 13 4 13
split_gain=6.57932e+07 1.85938e+07 1.31717e+07 1.88826e+07 1.22904e+07 1.01423e+07 6.90873e+06 5.09545e+06 4.96849e+06 2.80194e+06
threshold=8.7423464568679119 -694.41374999999982 6.5926481537042605 6534.5297500000006 5.2973005633896735 0.31715296652162867 5225.0711250000013 6253.1274136904767 10.500000000000002 5438.4689360119055
decision_type=2 10 2 2 2 2 2 10 2 10
left_child=1 5 3 4 8 -1 -6 -4 9 -3
right_child=-2 2 7 -5 6 -7 -8 -9 -10 -11
leaf_value=-5.2174708090829709 36.102245644830234 3.6503937062909531 17.181602188682557 -22.473456189415671 18.778077141592437 -26.176171120950734 0.59153458651374369 2.0808099776506426 -11.859425599966199 -6.624780451840369
leaf_weight=113 117 155 125 110 107 118 102 101 160 116
leaf_count=113 117 155 125 110 107 118 102 101 160 116
internal_value=0 -3.16749 -0.14836 -3.33688 -0.0477825 -15.9236 9.90235 10.433 -4.87279 -0.747836
internal_weight=0 1207 976 750 640 231 209 226 431 271
internal_count=1324 1207 976 750 640 231 209 226 431 271
is_linear=0
shrinkage=0.05


Tree=8
num_leaves=10
num_cat=0
split_feature=0 14 0 10 0 10 11 4 11
split_gain=5.59638e+07 2.07276e+07 1.5134e+07 1.90124e+07 1.25176e+07 5.2963e+06 4.43852e+06 6.25046e+06 2.36321e+06
threshold=7.8008120256470104 -694.41374999999982 6.6708573635141306 6534.5297500000006 5.2397100821193243 5115.1527500000002 8481.3856250000008 9.5000000000000018 4612.4537500000015
decision_type=2 8 2 2 2 2 8 2 10
left_child=1 -1 3 4 6 -6 7 8 -3
right_child=-2 2 -4 -5 5 -7 -8 -9 -10
leaf_value=-22.709797178705536 35.743521997244052 -1.8489659658933091 11.660115302956884 -21.590642308999623 17.215512002556071 2.5104744961719643 -12.357733324089565 -9.6416694227764097 8.2679123173772773
leaf_weight=120 101 118 199 126 103 151 148 165 113
leaf_count=120 101 118 199 126 103 151 148 165 113
internal_value=0 -2.95791 -0.847286 -3.54098 -0.691033 8.47354 -4.97008 -2.20904 3.09998
internal_weight=0 1243 1123 924 798 254 544 396 231
internal_count=1344 1243 1123 924 798 254 544 396 231
is_linear=0
shrinkage=0.05


Tree=9
num_leaves=10
num_cat=0
split_feature=0 14 0 10 0 8 12 11 4
split_gain=5.01618e+07 2.09103e+07 1.4015e+07 1.23216e+07 1.06546e+07 6.76208e+06 4.35926e+06 3.71779e+06 4.77771e+06
threshold=7.2633277216610557 -639.16212499999972 6.1313145203409247 5881.7398750000011 4.8067209498727665 0.9066762487745933 3334.4725000000003 8787.0573750000021 8.5000000000000018
decision_type=2 8 2 2 2 2 10 8 2
left_child=1 -1 3 4 7 -4 -6 8 -3
right_child=-2 2 5 -5 6 -7 -8 -9 -10
leaf_value=-23.706672604705979 24.909653313689763 1.2259486609194654 1.3162027315376632 -21.023630198865835 12.394665087137636 16.992078562164306 -0.92424258464524733 -15.554831082750077 -11.389043354117959
leaf_weight=115 180 166 153 101 127 125 119 101 137
leaf_count=115 180 166 153 101 127 125 119 101 137
internal_value=0 -3.48598 -1.22613 -4.7764 -2.25183 8.36471 5.95178 -7.2471 -4.47786
internal_weight=0 1144 1029 751 650 278 246 404 303
internal_count=1324 1144 1029 751 650 278 246 404 303
is_linear=0
shrinkage=0.05


Tree=10
num_leaves=10
num_cat=0
split_feature=0 3 0 10 0 10 10 10 12
split_gain=4.41887e+07 1.51844e+07 1.53194e+07 2.35144e+07 1.16548e+07 1.2476e+07 6.90422e+06 6.66667e+06 5.88525e+06
threshold=7.7805197186385326 0.71397731184781044 6.6708573635141306 6507.9031250000007 4.9150345590114579 5141.3960000000006 3832.7250000000008 5244.9171250000009 4960.7100000000009
decision_type=2 2 2 2 2 2 2 2 8
left_child=1 2 3 4 6 -6 -1 8 -3
right_child=-2 7 -4 -5 5 -7 -8 -9 -10
leaf_value=2.7763962886306679 32.206446038040461 3.6307752379599743 15.197559915851144 -21.546993196306151 24.416146722143772 0.89328557801625097 -12.555065483093262 -20.344957123815487 -11.357422105992427
leaf_weight=178 102 102 170 121 102 126 125 113 183
leaf_count=178 102 102 170 121 102 126 125 113 183
internal_value=0 -2.0515 1.82995 -1.65548 2.87724 11.4167 -3.54846 -10.068 -5.99323
internal_weight=0 1220 822 652 531 228 303 398 285
internal_count=1322 1220 822 652 531 228 303 398 285
is_linear=0
shrinkage=0.05


Tree=11
num_leaves=10
num_cat=0
split_feature=0 5 5 13 13 0 11 14 13
split_gain=3.78426e+07 2.14443e+07 9.21192e+06 2.24639e+07 9.87938e+06 9.69791e+06 1.10674e+07 1.90209e+07 3.42751e+06
threshold=7.7523391228011702 5.5000000000000009 1.5000000000000002 5132.1188556547631 6062.9620312500019 4.8363586358635873 7461.3461250000009 416.14912499999951 5067.721941964287
decision_type=2 2 2 8 10 2 10 8 10
left_child=1 2 3 -1 -5 8 7 -7 -4
right_child=-2 -3 5 4 -6 6 -8 -9 -10
leaf_value=7.0510911751942462 27.445791931505557 -19.579773792268881 -9.7944090804135477 -28.602617785768604 -7.4521816313767637 3.0036793533373967 -4.376422325067951 29.735652827213858 1.984154797949881
leaf_weight=166 108 176 148 103 119 176 133 107 106
leaf_count=166 108 176 148 103 119 176 133 107 106
internal_value=0 -3.41928 -0.730957 -6.86185 -17.2652 2.81947 7.51995 13.1108 -4.87895
internal_weight=0 1234 1058 388 222 670 416 283 254
internal_count=1342 1234 1058 388 222 670 416 283 254
is_linear=0
shrinkage=0.05


Tree=12
num_leaves=10
num_cat=0
split_feature=0 11 14 12 13 0 3 12 8
split_gain=4.6676e+07 1.72188e+07 1.29867e+07 1.60778e+07 1.1378e+07 1.23419e+07 9.46806e+06 1.20877e+07 3.51384e+06
threshold=7.8577913346890247 1506.7007500000002 -674.54962499999976 7423.0843750000013 7384.4301934523819 4.3265715460434935 0.71463745631888853 5088.5527500000007 0.89832463868887169
decision_type=2 10 10 10 10 2 2 8 2
left_child=1 -1 -3 4 5 -4 7 8 -7
right_child=-2 2 3 -5 -6 6 -8 -9 -10
leaf_value=-15.905883454654623 33.018754462825449 -15.720101122205907 -4.1466467792434356 -13.073235172075583 -10.464110137820244 0.92522036608527702 0.41161157310009006 25.63595002454198 14.114970573425294
leaf_weight=189 103 110 168 141 100 102 140 167 100
leaf_count=189 103 110 168 141 100 102 140 167 100
internal_value=0 -2.03541 0.514702 2.46005 5.27883 7.60423 11.4827 15.6831 7.4548
internal_weight=0 1217 1028 918 777 677 509 369 202
internal_count=1320 1217 1028 918 777 677 509 369 202
is_linear=0
shrinkage=0.05


Tree=13
num_leaves=10
num_cat=0
split_feature=15 5 5 10 13 1 14 12 8
split_gain=3.52484e+07 1.60635e+07 1.10546e+07 1.46951e+07 1.12199e+07 7.59167e+06 7.32952e+06 4.68059e+06 1.65373e+06
threshold=8.7423464568679119 5.5000000000000009 1.5000000000000002 6431.6417500000016 5124.4507886904767 26.949520421120663 106.39037500000019 3987.1552500000003 0.94349588223473047
decision_type=2 2 2 2 8 2 8 10 2
left_child=1 2 3 4 -1 7 -7 -4 -8
right_child=-2 -3 5 -5 -6 6 8 -9 -10
leaf_value=8.6503082271935288 26.006629689361741 -16.651013284463151 3.4741928060734 -23.845669936180116 -11.300856831276583 -2.8455993768080923 9.6660241664261441 -8.4857937916731228 17.989350511550906
leaf_weight=138 115 182 172 100 144 103 148 156 100
leaf_count=138 115 182 172 100 144 103 148 156 100
internal_value=0 -2.92715 -0.573007 -7.37735 -1.53752 3.25506 8.36584 -2.21409 13.0222
internal_weight=0 1243 1061 382 282 679 351 328 248
internal_count=1358 1243 1061 382 282 679 351 328 248
is_linear=0
shrinkage=0.05


Tree=14
num_leaves=10
num_cat=0
split_feature=1 14 11 12 13 1 12 11 12
split_gain=4.18794e+07 2.3455e+07 1.36128e+07 1.61064e+07 1.14558e+07 1.0162e+07 1.65874e+07 7.1937e+06 3.51183e+06
threshold=61.744886851997151 -720.7254999999999 1506.7007500000002 7423.0843750000013 7239.3719122023822 28.061393870447962 4400.7466250000007 5868.9698750000016 4089.0537500000005
decision_type=2 8 10 10 10 2 8 10 10
left_child=1 -1 -3 4 5 8 7 -7 -4
right_child=-2 2 3 -5 -6 6 -8 -9 -10
leaf_value=-24.598507963936285 31.529711702823644 -12.457653627447462 6.5201244463659309 -12.823376339957827 -10.665420642852784 -6.6292429132461557 23.568119774272738 12.336123256921768 -4.0099724502404994
leaf_weight=106 100 184 146 147 100 100 187 100 173
leaf_count=106 100 184 146 147 100 100 187 100 173
internal_value=0 -2.10385 -0.00672585 2.39723 5.1732 7.41663 12.8629 2.85344 0.809445
internal_weight=0 1243 1137 953 806 706 387 200 319
internal_count=1343 1243 1137 953 806 706 387 200 319
is_linear=0
shrinkage=0.05


Tree=15
num_leaves=9
num_cat=0
split_feature=1 5 10 16 13 13 4 12
split_gain=2.16348e+07 1.73309e+07 7.96766e+06 6.38238e+06 6.07772e+06 7.11872e+06 3.89391e+06 4.37127e+06
threshold=53.021540194077296 5.5000000000000009 6655.4568750000008 1.4428442844284433 5079.3613028273821 6315.4483363095251 13.500000000000002 1995.7810000000002
decision_type=2 2 2 2 10 10 2 10
left_child=1 2 3 4 6 -6 7 -1
right_child=-2 -3 -4 -5 5 -7 -8 -9
leaf_value=-14.969334011005635 15.898350736073084 -18.307353954676426 -10.420438353717328 11.111594376356706 11.807049009769777 -3.1551697665452956 2.4090770606790581 -1.1878884854854321
leaf_weight=132 168 165 176 138 158 160 111 102
leaf_count=132 168 165 176 138 158 160 111 102
internal_value=0 -3.31903 -0.787738 1.32881 -0.707425 4.27889 -5.3035 -8.96204
internal_weight=0 1142 977 801 663 318 345 234
internal_count=1310 1142 977 801 663 318 345 234
is_linear=0
shrinkage=0.05


Tree=16
num_leaves=10
num_cat=0
split_feature=0 14 11 15 10 0 8 12 4
split_gain=2.53687e+07 1.37335e+07 9.36255e+06 1.32844e+07 4.86776e+06 7.8213e+06 6.29315e+06 4.60502e+06 6.51328e+06
threshold=7.8008120256470104 -720.7254999999999 7048.5988750000006 6.6397348068140163 6094.9231250000012 4.5899326043715485 0.94864129199499481 6304.9237500000008 15.500000000000002
decision_type=2 8 8 2 2 2 2 10 2
left_child=1 -1 3 4 5 6 -3 8 -4
right_child=-2 2 7 -5 -6 -7 -8 -9 -10
leaf_value=-17.647129192164069 24.4873381511938 4.411414272857435 -8.6101896787562033 15.054015395091131 -10.065308287651233 10.274334842237559 -10.999000756005596 -14.470872657889622 7.1592370044200795
leaf_weight=114 105 132 164 195 101 176 133 109 109
leaf_count=114 105 132 164 195 101 176 133 109 109
internal_value=0 -1.11448 0.569812 3.8625 -0.163973 2.10368 -3.32287 -5.78283 -2.31397
internal_weight=0 1233 1119 737 542 441 265 382 273
internal_count=1338 1233 1119 737 542 441 265 382 273
is_linear=0
shrinkage=0.05


Tree=17
num_leaves=10
num_cat=0
split_feature=0 5 5 10 11 13 14 0 13
split_gain=2.18216e+07 1.10601e+07 1.06608e+07 1.92449e+07 1.05804e+07 1.00096e+07 8.75e+06 1.21693e+07 7.7626e+06
threshold=7.8008120256470104 5.5000000000000009 1.5000000000000002 5987.3358750000016 7419.4412500000008 5132.1188556547631 401.67312500000031 4.9150345590114579 5149.2331622023821
decision_type=2 2 2 2 10 8 10 2 8
left_child=1 2 3 5 6 -1 8 -8 -4
right_child=-2 -3 4 -5 -6 -7 7 -9 -10
leaf_value=10.535146470620083 22.47753255224228 -13.529438704837956 -6.4664798888522128 -24.135539280401694 -6.9739278855744535 -9.1623753722291443 3.1809565055783438 27.665436013700333 9.4797022111126861
leaf_weight=130 100 173 142 111 170 128 101 102 165
leaf_count=130 100 173 142 111 170 128 101 102 165
internal_value=0 -1.81617 0.115571 -6.72699 3.82867 0.762733 7.42953 15.4835 2.10394
internal_weight=0 1222 1049 369 680 258 510 203 307
internal_count=1322 1222 1049 369 680 258 510 203 307
is_linear=0
shrinkage=0.05


Tree=18
num_leaves=11
num_cat=0
split_feature=15 3 10 15 15 14 12 11 13 12
split_gain=2.76745e+07 1.13602e+07 1.74e+07 1.38105e+07 1.1842e+07 6.24132e+06 5.2969e+06 8.11574e+06 8.55902e+06 4.87267e+06
threshold=8.7423464568679119 0.65169855779463914 5060.5880000000006 6.8188902223555692 5.6055480548054808 296.75737499999997 6925.1222500000013 2945.4400000000005 6410.8930498511918 4890.243625000001
decision_type=2 2 2 2 2 8 10 10 8 10
left_child=1 3 4 6 -3 -4 7 -1 9 -9
right_child=-2 2 5 -5 -6 -7 -8 8 -10 -11
leaf_value=-7.2380028001773056 24.940607595985586 -7.9159937630472959 -27.176299845695496 19.956511138934715 11.35810717208045 -9.5977142091183101 -10.456368538379671 4.8399070274482661 -4.0286083889401647 20.006557948873677
leaf_weight=156 110 185 100 102 140 102 100 103 121 109
leaf_count=156 110 185 100 102 140 102 100 103 121 109
internal_value=0 -1.2466 -6.77594 2.97042 0.386696 -18.3 0.0288597 2.17308 6.58187 12.6379
internal_weight=0 1218 527 691 325 202 589 489 333 212
internal_count=1328 1218 527 691 325 202 589 489 333 212
is_linear=0
shrinkage=0.05


Tree=19
num_leaves=10
num_cat=0
split_feature=2 14 12 11 3 3 12 4 16
split_gain=1.99464e+07 1.1424e+07 7.40966e+06 9.22415e+06 4.93327e+06 6.56424e+06 6.00895e+06 3.2599e+06 2.42308e+06
threshold=372.34607014793772 -720.7254999999999 7638.8025000000007 1506.7007500000002 0.71586402442283148 0.534676184809462 5298.5196250000008 16.500000000000004 0.86779789090020121
decision_type=2 8 10 10 2 2 8 2 2
left_child=1 -1 3 -3 5 6 -5 -7 -6
right_child=-2 2 -4 4 8 7 -8 -9 -10
leaf_value=-18.640596721649171 15.080120989616882 -9.3994247223713696 -12.25834787154761 -7.758560113368496 1.9803100941544873 15.801206543385607 8.4546708214957764 4.6647010841539931 -8.3843470551349508
leaf_weight=100 188 183 127 124 118 159 106 112 108
leaf_count=100 188 183 127 124 118 159 106 112 108
internal_value=0 -2.50117 -0.944808 0.634115 3.15975 5.92609 -0.286375 11.1987 -2.97271
internal_weight=0 1137 1037 910 727 501 230 271 226
internal_count=1325 1137 1037 910 727 501 230 271 226
is_linear=0
shrinkage=0.05


Tree=20
num_leaves=9
num_cat=0
split_feature=0 14 16 11 3 13 15 13
split_gain=2.17178e+07 1.23456e+07 8.353e+06 4.97329e+06 4.92249e+06 6.4854e+06 6.24911e+06 3.95449e+06
threshold=7.8577913346890247 -639.16212499999972 1.452588314386994 1461.8552500000003 0.67576227896536623 5079.3613028273821 6.1298588192152561 5503.4587425595246
decision_type=2 8 2 10 2 10 2 10
left_child=1 -1 3 -3 6 -6 7 -5
right_child=-2 2 -4 4 5 -7 -8 -9
leaf_value=-16.3871447134763 22.211908161292957 -10.217847407253741 9.4070873613846597 4.450123103042869 -14.484446319887196 0.73616555014321972 12.956129361028259 -6.1477310248991337
leaf_weight=128 103 153 195 190 118 172 115 164
leaf_count=128 103 153 195 190 118 172 115 164
internal_value=0 -1.68567 0.0142345 -1.99411 -0.336355 -5.45705 2.82996 -0.459617
internal_weight=0 1235 1107 912 759 290 469 354
internal_count=1338 1235 1107 912 759 290 469 354
is_linear=0
shrinkage=0.05


Tree=21
num_leaves=11
num_cat=0
split_feature=0 3 10 0 0 8 10 0 10 10
split_gain=1.9017e+07 8.77664e+06 1.02209e+07 1.10574e+07 9.4652e+06 8.93702e+06 7.2324e+06 7.5572e+06 4.06888e+06 3.42476e+06
threshold=7.8577913346890247 0.64058307198457864 5130.5347500000007 5.184993499349936 6.6043729372937312 0.88114418652073301 6094.9231250000012 5.0098704314875944 3832.7250000000008 3020.5996250000003
decision_type=2 2 2 2 2 2 2 2 2 2
left_child=1 4 3 9 6 -4 7 8 -1 -3
right_child=-2 2 5 -5 -6 -7 -8 -9 -10 -11
leaf_value=4.2256639367196618 21.697828951588658 0.029457167996705037 -24.265598987352732 14.502408550262452 16.811060380824259 -5.2922714341501269 -11.17086057955364 13.968504403125156 -7.8045694165113506 -12.123078631781617
leaf_weight=164 101 131 101 100 107 161 106 121 123 104
leaf_count=164 101 131 101 100 107 161 106 121 123 104
internal_value=0 -0.879863 -5.20868 0.577014 3.28166 -12.6064 0.465223 3.48832 -0.93015 -5.34869
internal_weight=0 1218 597 335 621 262 514 408 287 235
internal_count=1319 1218 597 335 621 262 514 408 287 235
is_linear=0
shrinkage=0.05


Tree=22
num_leaves=11
num_cat=0
split_feature=15 11 3 15 11 7 11 11 14 7
split_gain=1.58982e+07 1.02391e+07 6.05579e+06 1.18708e+07 5.57191e+06 4.37346e+06 8.02352e+06 3.02783e+06 1.37289e+06 3.21888e+06
threshold=8.7423464568679119 2387.2200000000007 0.64058307198457864 6.381997922014425 3379.0362500000006 0.40074225709312644 6386.7641250000006 7920.0148750000008 527.25900000000013 0.42728401754088968
decision_type=2 8 2 2 10 2 10 8 10 2
left_child=1 -1 3 7 -4 6 -6 8 9 -3
right_child=-2 2 4 -5 5 -7 -8 -9 -10 -11
leaf_value=-15.735039988110465 17.897720330933463 11.069354963892758 3.9308906677791051 17.27537730331095 3.4882988884415429 -16.70905632543564 -14.547350299905199 -6.5343330833646993 -1.8215213998616173 -1.1391537647052059
leaf_weight=120 111 101 140 117 142 100 109 144 139 116
leaf_count=120 111 101 140 117 142 100 109 144 139 116
internal_value=0 -1.8617 -0.359167 2.93833 -4.50286 -7.86675 -4.34392 -0.416545 2.05807 4.54315
internal_weight=0 1228 1108 617 491 351 251 500 356 217
internal_count=1339 1228 1108 617 491 351 251 500 356 217
is_linear=0
shrinkage=0.05


Tree=23
num_leaves=9
num_cat=0
split_feature=15 3 10 15 10 7 0 13
split_gain=2.07212e+07 1.23114e+07 1.78081e+07 8.455e+06 7.00199e+06 6.97276e+06 6.00949e+06 3.59915e+06
threshold=8.7423464568679119 0.69613980361678729 5528.589750000001 6.8188902223555692 6487.7246250000007 0.04405632420691509 4.9150345590114579 6029.7177083333345
decision_type=2 2 2 2 2 2 2 8
left_child=1 3 5 4 6 -3 7 -1
right_child=-2 2 -4 -5 -6 -7 -8 -9
leaf_value=2.2274889768168911 20.519632933322374 -10.119229950010777 -25.080763662258786 13.158453385707212 -10.397902135941999 4.3824140471081403 9.5116987642629187 -9.2645186762376266
leaf_weight=179 111 160 120 136 141 172 179 110
leaf_count=179 111 160 120 136 141 172 179 110
internal_value=0 -2.06293 -8.57299 1.8868 -0.630356 -2.60633 2.31243 -2.14663
internal_weight=0 1197 452 745 609 332 468 289
internal_count=1308 1197 452 745 609 332 468 289
is_linear=0
shrinkage=0.05


Tree=24
num_leaves=10
num_cat=0
split_feature=15 5 5 11 10 12 0 8 8
split_gain=1.55508e+07 8.65642e+06 8.3437e+06 8.37717e+06 7.75036e+06 5.22464e+06 5.12398e+06 6.96436e+06 4.11203e+06
threshold=8.7423464568679119 5.5000000000000009 1.5000000000000002 7393.6912500000008 6094.9231250000012 3445.8260000000005 5.0006431198675436 0.93239925805207879 0.90207405283405706
decision_type=2 2 2 8 2 10 2 2 2
left_child=1 2 4 6 8 -5 -4 -8 -1
right_child=-2 -3 3 5 -6 -7 7 -9 -10
leaf_value=7.4408560935223464 18.442591884889101 -10.991442720492682 1.8809330568573941 4.1873769377873948 -16.332676598894487 -10.475815001765236 6.0116461324365176 22.942834075826866 -5.4445371720194817
leaf_weight=101 114 180 174 121 109 122 146 104 160
leaf_count=101 114 180 174 121 109 122 146 104 160
internal_value=0 -0.869893 0.886981 4.22738 -5.13476 -3.17439 8.46943 13.055 -0.458236
internal_weight=0 1217 1037 667 370 243 424 250 261
internal_count=1331 1217 1037 667 370 243 424 250 261
is_linear=0
shrinkage=0.05


Tree=25
num_leaves=11
num_cat=0
split_feature=0 14 0 4 16 11 12 3 13 13
split_gain=2.22034e+07 1.21678e+07 7.31583e+06 5.89159e+06 4.62717e+06 6.06217e+06 5.30498e+06 4.11464e+06 3.85512e+06 1.16766e+06
threshold=7.8577913346890247 -720.7254999999999 6.4888474958606981 12.500000000000002 1.5479909102021316 1506.7007500000002 6896.6761250000009 0.72090616642973393 6380.9452492559531 4760.9137745535727
decision_type=2 8 2 2 2 10 10 2 10 10
left_child=1 -1 4 -4 5 -3 7 8 9 -7
right_child=-2 2 3 -5 -6 6 -8 -9 -10 -11
leaf_value=-17.787000238348586 22.662923073768617 -13.285225996043948 16.51351780653 1.2019704333423864 6.4912657245496908 3.3452026190666055 -12.189705093780368 -6.8361053091766202 -4.3298037986332014 10.597752631211483
leaf_weight=109 100 144 100 169 120 104 101 137 107 119
leaf_count=109 100 144 100 169 120 104 101 137 107 119
internal_value=0 -1.85155 -0.273931 6.894 -2.59145 -4.12224 -1.79923 0.447962 3.47195 7.2154
internal_weight=0 1210 1101 269 832 712 568 467 330 223
internal_count=1310 1210 1101 269 832 712 568 467 330 223
is_linear=0
shrinkage=0.05


Tree=26
num_leaves=11
num_cat=0
split_feature=5 5 10 0 13 8 11 0 13 13
split_gain=1.17183e+07 1.38803e+07 1.36069e+07 1.11047e+07 7.87097e+06 5.85242e+06 8.2162e+06 1.01751e+07 3.91898e+06 2.98518e+06
threshold=5.5000000000000009 1.5000000000000002 6534.5297500000006 7.5428028914002523 5132.1188556547631 0.88114418652073301 7609.636125 4.4461223900167797 5029.6087202380959 5166.851205357144
decision_type=2 2 2 2 8 2 10 2 10 8
left_child=1 2 4 5 -1 8 7 -7 -3 -9
right_child=-2 3 -4 -5 -6 6 -8 9 -10 -11
leaf_value=8.6857487336137247 -11.369178005018384 -10.371614600396626 -21.514077542559935 21.396279235405501 -8.2412717302920111 -1.9605165339433233 -5.1322153232922068 10.77160372027941 3.5577738648653034 22.583662383452705
leaf_weight=133 193 102 101 101 142 104 107 100 100 115
leaf_count=133 193 102 101 101 142 104 107 100 100 115
internal_value=0 1.98386 -5.81909 6.00842 -0.0547491 3.53362 6.85737 10.879 -3.47588 17.0897
internal_weight=0 1105 376 729 275 628 426 319 202 215
internal_count=1298 1105 376 729 275 628 426 319 202 215
is_linear=0
shrinkage=0.05


Tree=27
num_leaves=8
num_cat=0
split_feature=14 11 5 1 11 13 10
split_gain=1.27608e+07 1.4956e+07 1.34488e+07 9.64997e+06 1.22548e+07 9.044e+06 2.80739e+06
threshold=59.139999999999652 4154.0075000000006 1.5000000000000002 32.326021739208777 7048.5988750000006 4771.129851190477 4180.3218750000005
decision_type=10 8 2 2 10 10 2
left_child=1 -1 -2 6 -5 -3 -4
right_child=2 5 3 4 -6 -7 -8
leaf_value=-17.329929954070018 -7.6709124135248592 -8.3563808265220683 4.4898804347623473 22.245684552054875 2.6113289816038954 8.0273586978689266 -6.1738471475619718
leaf_weight=199 198 166 154 173 147 171 103
leaf_count=199 198 166 154 173 147 171 103
internal_value=0 -6.46108 3.57299 7.43138 13.2262 -0.04297 0.216091
internal_weight=0 536 775 577 320 337 257
internal_count=1311 536 775 577 320 337 257
is_linear=0
shrinkage=0.05


Tree=28
num_leaves=11
num_cat=0
split_feature=14 0 10 0 11 10 11 14 8 5
split_gain=1.47727e+07 1.58611e+07 1.10568e+07 7.33673e+06 7.19189e+06 6.13596e+06 6.19767e+06 4.81012e+06 2.65462e+06 1.93774e+06
threshold=-720.7254999999999 6.6708573635141306 6655.4568750000008 4.621078774544122 7393.6912500000008 4681.4075000000012 6884.7753750000002 401.67312500000031 0.8607828668238815 3.5000000000000004
decision_type=8 2 2 2 10 2 8 8 2 2
left_child=-1 2 3 8 7 -5 -7 -3 -2 -10
right_child=1 4 -4 5 -6 6 -8 -9 9 -11
leaf_value=-17.767197556807616 1.6558768844604494 9.4219048205543974 -16.700685507223149 11.99684219688003 0.061423445224761966 6.1068340346857086 -9.2526034060391513 24.258184316724837 -11.586631874051589 -2.7861188144033608
leaf_weight=107 105 119 109 171 100 163 110 101 145 110
leaf_count=107 105 119 109 171 100 163 110 101 145 110
internal_value=0 1.60054 -1.7568 0.269179 11.1795 4.57002 -0.0819503 16.2331 -5.03519 -7.79033
internal_weight=0 1233 913 804 320 444 273 220 360 255
internal_count=1340 1233 913 804 320 444 273 220 360 255
is_linear=0
shrinkage=0.05


Tree=29
num_leaves=9
num_cat=0
split_feature=5 15 5 10 13 13 13 13
split_gain=1.30257e+07 1.33739e+07 7.02548e+06 1.11995e+07 7.9474e+06 1.08457e+07 7.5854e+06 5.85981e+06
threshold=5.5000000000000009 8.64326849351602 1.5000000000000002 6534.5297500000006 5081.3232953869056 6253.1274136904767 4172.3910319940487 5124.4507886904767
decision_type=2 2 2 2 10 10 10 8
left_child=1 2 3 7 6 -6 -4 -1
right_child=-2 -3 4 -5 5 -7 -8 -9
leaf_value=7.648120203775953 -12.060191475686118 19.173177496277461 5.4384886422753338 -19.668000714302064 18.389314757693899 0.33751040084585959 -9.8179836389350612 -6.8854916386405636
leaf_weight=129 199 101 160 100 154 181 166 150
leaf_count=129 199 101 160 100 154 181 166 150
internal_value=0 1.80271 0.11577 -5.31139 3.22756 8.63595 -2.33014 -0.16565
internal_weight=0 1141 1040 379 661 335 326 279
internal_count=1340 1141 1040 379 661 335 326 279
is_linear=0
shrinkage=0.05


Tree=30
num_leaves=10
num_cat=0
split_feature=15 3 10 15 10 7 15 15 10
split_gain=8.1511e+06 7.07712e+06 1.37991e+07 6.82752e+06 7.18507e+06 4.79915e+06 4.03634e+06 3.05992e+06 1.94733e+06
threshold=8.7423464568679119 0.69613980361678729 5758.8316250000016 6.8188902223555692 6534.5297500000006 -0.0405627603679901 4.5488034914602586 5.75631174228534 3882.9592500000003
decision_type=2 2 2 2 2 2 2 2 2
left_child=1 3 5 4 6 -3 8 -7 -1
right_child=-2 2 -4 -5 -6 7 -8 -9 -10
leaf_value=2.4754290765590881 12.638347709930695 -8.9913729132508209 -22.401885191064615 11.42015670377312 -10.908583031331792 -3.1831278934657021 9.2170884012753245 8.6147898410273864 -5.4710658350411592
leaf_weight=178 111 139 104 141 136 107 141 113 136
leaf_count=178 111 139 104 141 136 107 141 113 136
internal_value=0 -1.52625 -6.36441 1.53394 -0.824698 -1.71845 2.18939 2.87671 -0.966365
internal_weight=0 1195 463 732 591 359 455 220 314
internal_count=1306 1195 463 732 591 359 455 220 314
is_linear=0
shrinkage=0.05


Tree=31
num_leaves=11
num_cat=0
split_feature=14 0 10 11 12 0 11 0 8 12
split_gain=1.05893e+07 1.26641e+07 8.84204e+06 4.97334e+06 9.4936e+06 3.96424e+06 2.63945e+06 3.71655e+06 3.44832e+06 5.07246e+06
threshold=-771.53750000000002 6.4720597059705982 6217.5320000000002 7609.636125 4368.1068750000004 5.7889177806669574 6683.4167500000012 3.8842912068984683 0.98116562570022314 6324.1136250000009
decision_type=8 2 2 10 8 2 10 2 2 8
left_child=-1 2 5 4 -3 6 7 -2 9 -9
right_child=1 3 -4 -5 -6 -7 -8 8 -10 -11
leaf_value=-15.666143341625437 -5.6540740560010541 2.9742659091949464 -14.713009834314386 0.18101364474430262 22.786856947406648 8.6704292110963301 -8.5390312821464214 7.6418041815757753 9.8377442934115749 -7.5770817861084119
leaf_weight=102 194 118 120 107 124 110 113 100 120 121
leaf_count=102 194 118 120 107 124 110 113 100 120 121
internal_value=0 1.10038 -2.1022 9.15731 13.1262 -0.105766 -1.59555 -0.128986 3.01432 -0.690708
internal_weight=0 1227 878 349 242 758 648 535 341 221
internal_count=1329 1227 878 349 242 758 648 535 341 221
is_linear=0
shrinkage=0.05


Tree=32
num_leaves=10
num_cat=0
split_feature=11 12 11 0 10 10 11 14 12
split_gain=8.86306e+06 5.81397e+06 1.95634e+07 2.17725e+07 9.43987e+06 6.12843e+06 4.68823e+06 4.58225e+06 3.65319e+06
threshold=2261.2446250000007 5384.4587500000007 6884.7753750000002 6.1675264748697112 7391.9315000000015 4816.6130000000003 5905.0932500000008 106.39037500000019 6386.7641250000006
decision_type=8 8 8 2 2 2 10 10 10
left_child=-1 4 3 8 6 -4 7 -2 -3
right_child=1 2 5 -5 -6 -7 -8 -9 -10
leaf_value=-13.536093400146649 -12.441758497634737 9.2503862844754572 2.2838663064980813 31.464549505939853 -16.723209771156313 -11.473471549476486 6.2089325531615014 1.1278993612454262 -3.1181340991860571
leaf_weight=115 101 146 158 104 100 166 191 162 101
leaf_count=115 101 146 158 104 100 166 191 162 101
internal_value=0 0.97956 4.0951 12.2733 -2.81645 -4.76465 0.246714 -4.08326 4.19281
internal_weight=0 1229 675 351 554 324 454 263 247
internal_count=1344 1229 675 351 554 324 454 263 247
is_linear=0
shrinkage=0.05


Tree=33
num_leaves=10
num_cat=0
split_feature=5 15 12 4 4 12 12 10 13
split_gain=9.33841e+06 8.8946e+06 6.97951e+06 1.07558e+07 7.83958e+06 7.23895e+06 5.71959e+06 4.27636e+06 1.95165e+06
threshold=5.5000000000000009 8.563980009112024 6304.9237500000008 15.500000000000002 16.500000000000004 5088.5527500000007 3169.8525000000004 4927.9083750000009 3342.1109590773813
decision_type=2 2 10 2 2 10 8 2 10
left_child=1 2 4 -4 5 6 -1 8 -8
right_child=-2 -3 3 -5 -6 -7 7 -9 -10
leaf_value=4.9107533202608886 -10.524345552259021 14.789267889251057 1.9968872990921467 -19.329818449570581 11.92057016860543 12.191068488597871 -7.0868443684350879 -13.802749344928205 2.2842003353571489
leaf_weight=173 180 117 137 104 173 100 105 121 118
leaf_count=173 180 117 137 104 173 100 105 121 118
internal_value=0 1.72459 0.241981 -7.20634 2.51419 -0.123255 -2.50514 -6.23464 -2.12817
internal_weight=0 1148 1031 241 790 617 517 344 223
internal_count=1328 1148 1031 241 790 617 517 344 223
is_linear=0
shrinkage=0.05


Tree=34
num_leaves=11
num_cat=0
split_feature=0 10 0 3 0 10 16 15 3 12
split_gain=7.06949e+06 8.39211e+06 1.36544e+07 1.04855e+07 1.03804e+07 3.7017e+06 3.6999e+06 3.07937e+06 2.57057e+06 1.48848e+06
threshold=7.8008120256470104 5842.5996250000007 6.4888474958606981 0.64058307198457864 5.2973005633896735 3020.5996250000003 1.0895381204787153 2.7233973397339741 0.69713687402262681 6896.6761250000009
decision_type=2 2 2 2 2 2 2 2 2 8
left_child=1 4 -3 -4 5 7 -6 -1 9 -7
right_child=-2 2 3 -5 6 8 -8 -9 -10 -11
leaf_value=-2.8860461148348726 12.62236120261035 -17.695186302241158 11.277025103171667 -9.6250389655431121 5.3550441445295629 2.131185514862473 18.147596785068512 8.0979670476913466 -11.220070285079755 -6.1138143837451935
leaf_weight=121 103 170 120 120 130 111 100 135 113 108
leaf_count=121 103 170 120 120 130 111 100 135 113 108
internal_value=0 -1.01516 -6.85352 0.825993 1.91116 -1.61154 10.917 2.9063 -5.09518 -1.93484
internal_weight=0 1228 410 240 818 588 230 256 332 219
internal_count=1331 1228 410 240 818 588 230 256 332 219
is_linear=0
shrinkage=0.05


Tree=35
num_leaves=9
num_cat=0
split_feature=14 11 0 3 3 13 14 0
split_gain=8.16169e+06 1.0435e+07 1.49376e+07 8.07085e+06 8.02546e+06 1.17602e+07 6.60712e+06 1.32514e+06
threshold=16.86012500000027 6654.7398750000011 6.0453239768421296 0.67576227896536623 0.59926290384591197 5108.068815476191 -245.04224999999994 4.621078774544122
decision_type=10 10 2 2 2 8 8 2
left_child=4 2 7 -3 6 -6 -1 -2
right_child=1 3 -4 -5 5 -7 -8 -9
leaf_value=11.917256635742692 -1.2740193761572867 3.1749391843817829 19.974209242412023 -13.784528053413005 -23.648219717139067 -2.2660364310620196 -5.1405114505767822 5.1672665571075642
leaf_weight=104 167 173 175 118 101 177 125 153
leaf_count=104 167 173 175 118 101 177 125 153
internal_value=0 3.81171 8.22892 -3.7021 -4.32491 -10.0344 2.60625 1.80572
internal_weight=0 786 495 291 507 278 229 320
internal_count=1293 786 495 291 507 278 229 320
is_linear=0
shrinkage=0.05


Tree=36
num_leaves=11
num_cat=0
split_feature=15 14 7 12 1 8 14 11 16 13
split_gain=1.19127e+07 6.58015e+06 4.85025e+06 4.65396e+06 7.04169e+06 8.1168e+06 5.55003e+06 4.34911e+06 2.45068e+06 1.99428e+06
threshold=8.7423464568679119 -720.7254999999999 0.60918835010560135 7556.3323750000009 18.719221434725906 0.88827056008891014 801.179125 3343.8312500000006 0.83292079207920822 5438.4689360119055
decision_type=2 8 2 10 2 2 10 10 2 8
left_child=1 -1 3 4 9 8 7 -7 -6 -3
right_child=-2 2 -4 -5 5 6 -8 -9 -10 -11
leaf_value=-13.36243306473569 14.948737185276471 -3.2711768622751594 9.9105843248367318 -10.580321514817674 -0.083316991116740916 3.8457806105236361 -1.79767192182157 16.122034475763638 -10.846963765599707 -12.836137414357879
leaf_weight=111 117 108 100 127 101 139 144 150 111 110
leaf_count=111 117 108 100 127 101 139 144 150 111 110
internal_value=0 -1.76483 -0.583788 -1.64383 -0.328721 2.29702 6.22172 10.2175 -5.719 -8.09753
internal_weight=0 1201 1090 990 863 645 433 289 212 218
internal_count=1318 1201 1090 990 863 645 433 289 212 218
is_linear=0
shrinkage=0.05


Tree=37
num_leaves=10
num_cat=0
split_feature=0 10 3 15 3 13 10 3 13
split_gain=7.4594e+06 9.54054e+06 7.17411e+06 5.12746e+06 4.35176e+06 2.98094e+06 2.1543e+06 1.80929e+06 4.10338e+06
threshold=6.8789184474002978 6680.1892500000004 0.69613980361678729 4.636049716082721 0.7112217373707711 5850.6047738095249 5198.4525000000003 0.56099779508480851 5469.2313831845249
decision_type=2 2 2 2 2 8 2 2 8
left_child=1 3 -2 7 6 -6 -5 8 -1
right_child=2 -3 -4 4 5 -7 -8 -9 -10
leaf_value=4.1483695761153569 14.415746913637435 -13.822239107921206 -2.6810025285272037 14.001869923928206 -6.4970171863712922 4.4887842983968795 4.1919382537564926 -7.9818087146667667 -8.0020997415296744
leaf_weight=152 154 145 102 102 123 124 124 167 128
leaf_count=152 154 145 102 102 123 124 124 167 128
internal_value=0 -1.90182 7.60376 -0.0230559 3.60564 -0.981878 8.61943 -3.86282 -1.40613
internal_weight=0 1065 256 920 473 247 226 447 280
internal_count=1321 1065 256 920 473 247 226 447 280
is_linear=0
shrinkage=0.05


Tree=38
num_leaves=10
num_cat=0
split_feature=14 16 11 8 3 13 15 10 0
split_gain=8.21292e+06 8.77737e+06 5.89958e+06 5.71166e+06 3.32747e+06 5.78767e+06 5.76157e+06 4.80069e+06 4.53285e+06
threshold=-402.90250000000009 1.452588314386994 5952.9287500000009 0.79318268157920147 0.69485467442395865 5047.1090840773822 6.5238634974608578 4364.6698750000005 5.7400823415674909
decision_type=8 2 10 2 2 10 2 2 2
left_child=-1 3 -3 -2 6 -6 7 -5 -9
right_child=1 2 -4 4 5 -7 -8 8 -10
leaf_value=-10.0093592488192 9.7991340100228257 17.739467892547449 1.3401620336098246 4.7900509205957258 -14.001471991340319 -0.10629800848844576 10.481719597700602 -12.678472962447094 0.45548015241700468
leaf_weight=187 111 120 101 144 138 164 107 141 123
leaf_count=187 111 120 101 144 138 164 107 141 123
internal_value=0 1.28967 10.2448 -0.842954 -2.28882 -6.45575 0.1547 -2.55361 -6.55924
internal_weight=0 1149 221 928 817 302 515 408 264
internal_count=1336 1149 221 928 817 302 515 408 264
is_linear=0
shrinkage=0.05


Tree=39
num_leaves=11
num_cat=0
split_feature=5 15 5 8 12 4 13 4 10 3
split_gain=6.34329e+06 8.70949e+06 5.39554e+06 1.03707e+07 5.38487e+06 8.63015e+06 6.04614e+06 5.24321e+06 5.02669e+06 2.60865e+06
threshold=5.5000000000000009 8.64326849351602 1.5000000000000002 0.83285692342679873 3913.7600000000002 14.500000000000002 4660.0974858630971 15.500000000000002 5410.621000000001 0.53718411974879554
decision_type=2 2 2 2 10 2 10 2 2 2
left_child=1 2 3 -1 5 6 -4 9 -5 -6
right_child=-2 -3 4 8 7 -7 -8 -9 -10 -11
leaf_value=9.1642229376584297 -8.4559495660993793 15.375621720973184 -5.39670316929167 -3.5336968734187466 -2.9620855466992246 18.960498429694265 10.286033890040025 -10.711591060634133 -16.951076829151845 8.2389077161842916
leaf_weight=100 189 102 132 155 102 106 115 111 127 106
leaf_count=100 189 102 132 155 102 106 115 111 127 106
internal_value=0 1.42454 0.0744396 -4.67039 2.77165 7.02646 1.90498 -1.93666 -9.57628 2.74611
internal_weight=0 1156 1054 382 672 353 247 319 282 208
internal_count=1345 1156 1054 382 672 353 247 319 282 208
is_linear=0
shrinkage=0.05


Tree=40
num_leaves=10
num_cat=0
split_feature=5 5 8 11 15 14 12 13 13
split_gain=7.21527e+06 9.02868e+06 9.63778e+06 8.10466e+06 7.92556e+06 1.27556e+07 6.46324e+06 4.62904e+06 3.28397e+06
threshold=5.5000000000000009 1.5000000000000002 0.83431779922254157 7920.0148750000008 6.6397348068140163 363.20212500000008 4856.4187500000007 5079.3613028273821 6614.0354598214299
decision_type=2 2 2 10 2 10 8 8 8
left_child=1 2 -1 4 7 -6 -4 -3 -9
right_child=-2 3 6 -5 5 -7 -8 8 -10
leaf_value=9.3196966395378116 -8.579789564257764 -2.5646081114661765 -18.816480101644995 -5.0168847585815231 3.7435535406624831 28.399269235367871 -3.1990052076874589 15.02897581726897 3.0234583855599397
leaf_weight=100 183 169 102 153 108 102 189 102 129
leaf_count=100 183 169 102 153 108 102 189 102 129
internal_value=0 2.10666 -4.07142 5.27262 7.85343 15.7192 -8.67317 3.72391 8.3246
internal_weight=0 1154 391 763 610 210 291 400 231
internal_count=1337 1154 391 763 610 210 291 400 231
is_linear=0
shrinkage=0.05


Tree=41
num_leaves=10
num_cat=0
split_feature=5 15 5 10 13 12 4 13 13
split_gain=9.58758e+06 6.67266e+06 4.67614e+06 7.08931e+06 6.21007e+06 4.41851e+06 8.76644e+06 6.73123e+06 5.17238e+06
threshold=5.5000000000000009 8.64326849351602 1.5000000000000002 6217.5320000000002 4724.1026607142858 4052.0387500000006 14.500000000000002 4660.0974858630971 6380.9452492559531
decision_type=2 2 2 2 10 10 2 10 10
left_child=1 2 3 4 -1 6 7 -4 -7
right_child=-2 -3 5 -5 -6 8 -8 -9 -10
leaf_value=-9.192350902557374 -10.068128524274391 14.021063360195715 -5.5975115620306815 -14.831753102257139 6.7103034778211104 3.5443215225379507 19.004458735461508 10.92771996926583 -10.35691334854052
leaf_weight=100 197 103 137 105 159 191 106 112 103
leaf_count=100 197 103 137 105 159 191 106 112 103
internal_value=0 1.89629 0.663466 -3.87261 0.570282 3.20758 6.96202 1.83552 -1.32584
internal_weight=0 1116 1013 364 259 649 355 249 294
internal_count=1313 1116 1013 364 259 649 355 249 294
is_linear=0
shrinkage=0.05


Tree=42
num_leaves=10
num_cat=0
split_feature=5 11 15 8 10 8 11 13 16
split_gain=6.73935e+06 6.33633e+06 9.11953e+06 7.18817e+06 4.3563e+06 1.28831e+07 3.53972e+06 6.81697e+06 1.01604e+06
threshold=5.5000000000000009 6908.167625000001 6.6397348068140163 0.9066762487745933 4180.3218750000005 0.92946223143241891 4284.1401250000008 5438.4689360119055 0.59090770188129971
decision_type=2 8 2 2 2 2 10 10 2
left_child=1 2 6 -4 -3 -6 8 -8 -1
right_child=-2 4 3 -5 5 -7 7 -9 -10
leaf_value=0.087760290274253264 -8.2660969414241574 4.8540141272832429 5.0468358075876036 22.427175062722885 2.4139071888471926 -19.610860908240603 12.151240812388945 -4.0000284788283436 -6.4466318531859699
leaf_weight=104 193 114 139 104 159 114 142 121 139
leaf_count=104 193 114 139 104 159 114 142 121 139
internal_value=0 1.83978 4.52397 12.4853 -3.35522 -6.78325 0.700628 4.72043 -3.65002
internal_weight=0 1136 749 243 387 273 506 263 243
internal_count=1329 1136 749 243 387 273 506 263 243
is_linear=0
shrinkage=0.05


Tree=43
num_leaves=11
num_cat=0
split_feature=0 11 13 13 13 3 12 13 13 4
split_gain=8.7311e+06 4.36041e+06 3.04384e+06 8.12187e+06 5.89552e+06 5.37147e+06 4.49123e+06 4.43396e+06 3.40557e+06 3.43471e+06
threshold=7.8577913346890247 2387.2200000000007 6315.4483363095251 5090.1668883928587 4042.0245089285722 0.68847809517878023 6304.9237500000008 6780.4274873511904 7454.5650744047625 10.500000000000002
decision_type=2 8 8 10 10 2 10 8 8 2
left_child=1 -1 3 4 -3 -6 -5 -4 -9 -10
right_child=-2 2 7 6 5 -7 -8 8 9 -11
leaf_value=-9.1098897596505974 14.911977279663086 8.4888665561492633 -11.821904400079559 15.545194087453655 -0.24484367243787078 -14.236585853276431 2.3971288268305675 6.3784990741794267 -10.014622314193034 2.424397769144603
leaf_weight=130 100 104 101 143 188 108 119 133 110 112
leaf_count=130 100 104 101 143 188 108 119 133 110 112
internal_value=0 -0.44275 0.565057 2.73033 -1.75185 -5.34994 9.57336 -2.57839 0.0514492 -3.73908
internal_weight=0 1248 1118 662 400 296 262 456 355 222
internal_count=1348 1248 1118 662 400 296 262 456 355 222
is_linear=0
shrinkage=0.05


Tree=44
num_leaves=10
num_cat=0
split_feature=14 5 10 0 12 10 11 3 14
split_gain=7.32511e+06 9.2121e+06 7.70421e+06 5.68644e+06 4.39127e+06 4.13553e+06 3.91066e+06 3.77827e+06 1.60661e+06
threshold=-602.19012499999974 1.5000000000000002 6217.5320000000002 6.4888474958606981 3987.1552500000003 4322.9445000000005 7083.7040000000006 0.69485467442395865 448.07687500000026
decision_type=8 2 2 2 10 2 10 2 10
left_child=-1 2 5 4 7 -2 -5 -3 -6
right_child=1 3 -4 6 8 -7 -8 -9 -10
leaf_value=-10.540315321087839 -7.7554793808438367 9.7444613873639856 -17.217856412172321 14.90397595474106 -8.337688076496125 5.5697668598175056 2.7287213181136947 -1.4839350656032564 -0.15250726575436802
leaf_weight=144 109 187 100 167 106 125 109 125 138
leaf_count=144 109 187 100 167 106 125 109 125 138
internal_value=0 1.41283 -5.60153 4.2287 1.31633 -0.637292 10.0956 5.24591 -3.70836
internal_weight=0 1166 334 832 556 234 276 312 244
internal_count=1310 1166 334 832 556 234 276 312 244
is_linear=0
shrinkage=0.05


Tree=45
num_leaves=10
num_cat=0
split_feature=5 15 10 1 10 11 12 14 13
split_gain=5.10739e+06 7.69369e+06 4.31831e+06 4.63747e+06 6.16186e+06 3.54918e+06 4.07843e+06 1.87566e+06 2.29377e+06
threshold=5.5000000000000009 8.563980009112024 7213.1593750000011 20.665838879643783 4681.4075000000012 6967.0636250000007 4745.1537500000013 536.9752500000003 4724.1026607142858
decision_type=2 2 2 2 2 8 8 10 10
left_child=1 2 3 7 -5 6 -6 8 -1
right_child=-2 -3 -4 4 5 -7 -8 -9 -10
leaf_value=-5.7306164147525003 -7.9100240024015864 13.036359832216712 -7.4979321812505777 11.667852678094592 -2.8356320888096214 -6.2128727085554782 11.269423682944289 -9.0484331544840124 4.575259888880324
leaf_weight=116 187 119 177 175 102 134 103 106 101
leaf_count=116 187 119 177 175 102 134 103 106 101
internal_value=0 1.00907 -0.402419 1.09807 4.04838 0.115018 4.2513 -3.59686 -0.933872
internal_weight=0 1133 1014 837 514 339 205 323 217
internal_count=1320 1133 1014 837 514 339 205 323 217
is_linear=0
shrinkage=0.05


Tree=46
num_leaves=11
num_cat=0
split_feature=14 0 11 12 10 0 3 11 8 14
split_gain=6.21849e+06 6.10457e+06 4.77069e+06 7.61852e+06 4.20149e+06 2.67708e+06 5.26986e+06 1.99379e+06 1.76115e+06 2.14505e+06
threshold=-826.26949999999988 6.5518107366292195 7609.636125 4165.9275000000007 5933.0506250000008 4.8363586358635873 0.7112217373707711 1590.4848750000001 0.87841777489102257 461.6936250000004
decision_type=8 2 10 8 2 2 2 10 2 10
left_child=-1 4 3 -3 5 7 -7 -2 -9 -10
right_child=1 2 -4 -5 -6 6 -8 8 9 -11
leaf_value=-12.147005609035492 -8.2639986596221018 0.72569871994487034 -2.7578199042677882 18.371177756425109 -8.6317557498721253 9.307332470696732 -4.303357468015057 5.1408577248601635 1.9176769835016003 -7.9184568694818793
leaf_weight=100 105 114 100 132 163 179 118 101 115 107
leaf_count=100 105 114 100 132 163 179 118 101 115 107
internal_value=0 0.816814 6.4507 10.194 -1.37837 0.252388 3.89972 -2.27859 -0.332865 -2.82316
internal_weight=0 1234 346 246 888 725 297 428 323 222
internal_count=1334 1234 346 246 888 725 297 428 323 222
is_linear=0
shrinkage=0.05


Tree=47
num_leaves=10
num_cat=0
split_feature=3 0 10 4 10 7 0 8 11
split_gain=4.87567e+06 7.15455e+06 7.90498e+06 5.79961e+06 5.20671e+06 4.48051e+06 3.69355e+06 2.68063e+06 2.80239e+06
threshold=0.7112217373707711 6.8789184474002978 6909.1327500000007 17.500000000000004 5528.589750000001 0.15211460679705976 5.6855977264393118 0.9686268972901324 4746.6350000000011
decision_type=2 2 2 2 2 2 2 2 10
left_child=1 2 6 -3 5 -2 7 8 -1
right_child=4 3 -4 -5 -6 -7 -8 -9 -10
leaf_value=-8.7295946683538599 -6.4904745271968354 17.765378996644703 -13.71774520465306 1.3368876502730629 -14.641490712121268 5.8296379020658593 8.0710126052164064 3.5836578423447083 1.8042662628822859
leaf_weight=152 197 105 105 110 107 118 146 180 108
leaf_count=152 197 105 105 110 107 118 146 180 108
internal_value=0 1.39453 -1.0839 9.3601 -5.11224 -1.87532 1.17984 -1.10677 -4.35399
internal_weight=0 906 691 215 422 315 586 440 260
internal_count=1328 906 691 215 422 315 586 440 260
is_linear=0
shrinkage=0.05


Tree=48
num_leaves=10
num_cat=0
split_feature=14 5 10 13 13 11 14 0 14
split_gain=5.30568e+06 6.7185e+06 5.31313e+06 4.18085e+06 4.14119e+06 1.24499e+07 9.67947e+06 5.68595e+06 2.93338e+06
threshold=-720.7254999999999 1.5000000000000002 6217.5320000000002 5132.1188556547631 5166.851205357144 4978.982500000001 387.85100000000006 4.2978172817281743 536.9752500000003
decision_type=8 2 2 8 10 10 8 2 10
left_child=-1 2 3 -2 6 -6 -3 -8 -7
right_child=1 4 -4 -5 5 8 7 -9 -10
leaf_value=-10.71608543049576 5.3707369663404378 -8.9837888562802188 -15.03470348316489 -8.1117042682481859 21.257973273254578 7.5404654852275188 -3.6476554012298585 11.496862509974674 -2.5702692672293237
leaf_weight=117 115 194 103 115 105 116 100 163 188
leaf_count=117 115 194 103 115 105 116 100 163 188
internal_value=0 0.438826 -5.59695 -1.37048 2.75974 6.4146 -0.51123 5.73849 1.28777
internal_weight=0 1199 333 230 866 409 457 263 304
internal_count=1316 1199 333 230 866 409 457 263 304
is_linear=0
shrinkage=0.05


Tree=49
num_leaves=10
num_cat=0
split_feature=13 4 3 13 0 10 5 13 0
split_gain=5.09649e+06 8.85263e+06 1.00368e+07 5.01331e+06 4.52209e+06 5.92203e+06 4.91242e+06 4.87781e+06 3.97926e+06
threshold=4771.129851190477 15.500000000000002 0.69923370096537574 7410.9377008928577 6.8319901434587917 4449.4368750000012 3.5000000000000004 5090.1668883928587 5.8453164760920542
decision_type=10 2 2 10 2 2 2 10 2
left_child=1 2 -1 4 5 7 8 -2 -7
right_child=3 -3 -4 -5 -6 6 -8 -9 -10
leaf_value=-1.1177983547442527 -0.50755819927562373 6.4626134247847009 -19.539662688064578 -7.6064393472213014 10.603600704549541 -5.3272815690321087 -11.393960554952976 13.394056418457547 8.4750538990597857
leaf_weight=181 110 142 125 104 198 102 108 148 107
leaf_count=181 110 142 125 104 198 102 108 148 107
internal_value=0 -3.85511 -8.64307 2.69992 4.08655 1.84242 -2.73533 7.46701 1.73899
internal_weight=0 448 306 877 773 575 317 258 209
internal_count=1325 448 306 877 773 575 317 258 209
is_linear=0
shrinkage=0.05


Tree=50
num_leaves=10
num_cat=0
split_feature=14 11 7 11 15 8 5 13 13
split_gain=5.33788e+06 1.28388e+07 1.0949e+07 7.88566e+06 1.11327e+07 6.61796e+06 1.22335e+06 2.6777e+06 1.00112e+06
threshold=16.86012500000027 4842.3587500000012 0.34615249817885974 6654.7398750000011 6.6397348068140163 0.89284064806933106 1.5000000000000002 5079.3613028273821 6024.8598586309536
decision_type=10 10 2 10 2 2 2 10 8
left_child=1 2 8 4 6 -5 -2 -8 -1
right_child=3 -3 -4 5 -6 -7 7 -9 -10
leaf_value=-4.1138004562229789 -2.5722047918155546 9.1021376001230188 -17.494593341195067 5.6123246175748811 17.757418985894862 -9.8622438162402375 -1.8225162169028974 8.8308678278202812 2.9095185699462895
leaf_weight=103 122 138 184 111 149 183 116 120 100
leaf_count=103 122 138 184 111 149 183 116 120 100
internal_value=0 -3.99177 -8.66092 2.49503 6.27286 -4.0198 1.49297 3.59446 -0.654037
internal_weight=0 525 387 801 507 294 358 236 203
internal_count=1326 525 387 801 507 294 358 236 203
is_linear=0
shrinkage=0.05


Tree=51
num_leaves=10
num_cat=0
split_feature=13 0 10 12 13 0 16 13 13
split_gain=4.58239e+06 5.66648e+06 1.03485e+07 8.25245e+06 6.52694e+06 5.20008e+06 2.96607e+06 2.38095e+06 2.73208e+06
threshold=7384.4301934523819 6.6708573635141306 5198.4525000000003 3913.7600000000002 6037.4356845238099 4.8363586358635873 0.88290773521796628 4506.7177566964301 5332.7113891369054
decision_type=10 2 2 8 8 2 2 10 10
left_child=1 2 5 -3 -4 7 -7 -1 -9
right_child=-2 3 4 -5 -6 6 -8 8 -10
leaf_value=-4.4567955200161249 -9.4603492614135014 -2.733991895433058 -14.613246849179269 14.633351501944469 0.13131469427234066 3.9182982024024513 16.036456583976747 8.2733828950297923 -2.3256824178281037
leaf_weight=168 103 114 166 171 137 102 100 129 115
leaf_count=168 103 114 166 171 137 102 100 129 115
internal_value=0 1.52845 -0.385415 7.68641 -7.94656 3.3459 9.91739 0.123959 3.27792
internal_weight=0 1202 917 285 303 614 202 412 244
internal_count=1305 1202 917 285 303 614 202 412 244
is_linear=0
shrinkage=0.05


Tree=52
num_leaves=12
num_cat=0
split_feature=14 5 10 12 4 0 11 3 14 0 13
split_gain=5.49049e+06 6.10365e+06 5.09954e+06 3.80122e+06 5.56122e+06 5.51031e+06 5.46832e+06 5.77924e+06 5.10049e+06 3.38746e+06 2.86903e+06
threshold=-720.7254999999999 1.5000000000000002 6217.5320000000002 6500.3456250000008 14.500000000000002 3.5527872231667614 3870.4553750000005 0.70156862838921941 288.2758750000001 6.3264256981253686 5132.1188556547631
decision_type=8 2 2 10 2 2 10 2 8 2 8
left_child=-1 2 10 5 -5 -3 8 9 -7 -8 -2
right_child=1 3 -4 4 -6 6 7 -9 -10 -11 -12
leaf_value=-10.90475724251182 5.0600912930672628 -5.7771200430275194 -13.762899877627692 5.4433226912629378 -11.027424484549217 5.1701690747187694 1.0824550073797052 -7.26022321233655 19.781908659270556 13.607657737776918 -5.9504013786470988
leaf_weight=108 114 101 108 102 103 117 110 101 122 106 123
leaf_count=108 114 101 108 102 103 117 110 101 122 106 123
internal_value=0 0.86244 -4.7578 3.11184 -2.83222 4.96653 6.91817 2.61262 12.6289 7.22908 -0.654215
internal_weight=0 1207 345 862 205 657 556 317 239 216 237
internal_count=1315 1207 345 862 205 657 556 317 239 216 237
is_linear=0
shrinkage=0.05


Tree=53
num_leaves=10
num_cat=0
split_feature=5 11 12 0 14 12 11 10 0
split_gain=4.56978e+06 4.44645e+06 5.37845e+06 5.05403e+06 1.00166e+07 5.25717e+06 4.57428e+06 1.97327e+06 2.95054e+06
threshold=5.5000000000000009 6884.7753750000002 4645.4502500000008 5.0006431198675436 223.68625000000023 5280.3630000000012 4053.4950000000003 3060.8093750000003 3.3231406473980734
decision_type=2 10 8 2 10 8 8 2 2
left_child=1 3 -3 7 6 -6 -5 8 -1
right_child=-2 2 -4 4 5 -7 -8 -9 -10
leaf_value=-3.518723000062479 -7.0310257940696035 4.7121630368897547 -9.7892311041613667 -8.7043862944782386 6.4236563201572583 21.477523093345837 5.7917369309623368 -4.9800805403318016 8.1449788542288655
leaf_weight=111 189 104 166 101 115 117 118 173 106
leaf_count=111 189 104 166 101 115 117 118 173 106
internal_value=0 1.37908 -4.20351 3.17135 6.77577 14.0155 -0.89369 -0.996832 2.17875
internal_weight=0 1111 270 841 451 232 219 390 217
internal_count=1300 1111 270 841 451 232 219 390 217
is_linear=0
shrinkage=0.05


Tree=54
num_leaves=10
num_cat=0
split_feature=3 6 8 13 10 7 0 10 12
split_gain=4.97476e+06 7.70511e+06 7.89846e+06 3.5297e+06 3.61972e+06 3.52179e+06 4.89931e+06 3.50786e+06 3.86513e+06
threshold=0.64058307198457864 1.0000000180025095e-35 0.85419711777926743 6024.8598586309536 4518.1601250000012 0.02595509350583269 6.3264256981253686 5741.0952500000012 6896.6761250000009
decision_type=2 2 2 8 2 2 2 2 8
left_child=5 2 -2 4 -4 -1 7 8 -7
right_child=1 -3 3 -5 -6 6 -8 -9 -10
leaf_value=10.338339882426792 11.948069725988004 -12.055199136439057 -1.4337338953018188 1.5780602805915922 -14.886829215288163 7.0552572815144643 7.7082143572873854 -10.241302089691162 -5.2239970065929278
leaf_weight=117 104 194 100 174 100 122 172 105 135
leaf_count=117 104 194 100 174 100 122 172 105 135
internal_value=0 -3.65117 -0.240323 -3.62961 -8.16028 2.48166 0.760258 -2.54098 0.605065
internal_weight=0 672 478 374 200 651 534 362 257
internal_count=1323 672 478 374 200 651 534 362 257
is_linear=0
shrinkage=0.05


Tree=55
num_leaves=9
num_cat=0
split_feature=13 3 13 11 5 13 12 11
split_gain=5.09713e+06 9.4884e+06 3.03202e+06 9.31009e+06 5.48814e+06 3.39311e+06 2.72259e+06 9.17735e+06
threshold=4771.129851190477 0.69923370096537574 5469.2313831845249 4532.3325000000013 1.5000000000000002 6283.4210944940487 5323.2556250000007 7254.9400000000014
decision_type=8 2 8 10 2 10 8 8
left_child=1 -1 3 -2 5 -4 -6 -8
right_child=2 -3 4 -5 6 -7 7 -9
leaf_value=1.6376606678420846 -3.4630462990390316 -16.595639344565569 -13.345998427447151 14.304833179218754 -1.7622621794438733 -0.74030051790177831 17.39598851575764 -0.87533608662184847
leaf_weight=176 139 120 102 157 193 112 109 186
leaf_count=176 139 120 102 157 193 112 109 186
internal_value=0 -5.75422 1.71696 5.96113 -0.0726095 -6.74862 2.85499 5.87576
internal_weight=0 296 998 296 702 214 488 295
internal_count=1294 296 998 296 702 214 488 295
is_linear=0
shrinkage=0.05


Tree=56
num_leaves=10
num_cat=0
split_feature=3 13 7 0 10 7 10 4 10
split_gain=3.89802e+06 7.4896e+06 4.60596e+06 5.17514e+06 3.68167e+06 2.90979e+06 5.25857e+06 2.79231e+06 2.34936e+06
threshold=0.69788032944177336 4748.5616488095247 0.02595509350583269 6.2931918191819198 5987.3358750000016 0.04405632420691509 6217.5320000000002 4.5000000000000009 8117.5650000000005
decision_type=2 8 2 2 2 2 2 2 2
left_child=2 -2 -1 4 7 -3 -7 -4 -5
right_child=1 5 3 8 -6 6 -8 -9 -10
leaf_value=10.986221536227635 -13.593535966941012 -5.0343065878013515 -5.4467750486612321 10.596835981839455 -10.822346252874278 9.3240362371504304 -5.0352084589454371 4.3852824436990838 0.8588558397203121
leaf_weight=140 123 154 125 149 101 160 106 171 106
leaf_count=140 123 154 125 149 101 160 106 171 106
internal_value=0 -2.74249 2.7576 0.990716 -2.5794 0.435311 3.60193 0.233231 6.54889
internal_weight=0 543 792 652 397 420 266 296 255
internal_count=1335 543 792 652 397 420 266 296 255
is_linear=0
shrinkage=0.05


Tree=57
num_leaves=9
num_cat=0
split_feature=5 5 11 2 13 12 13 8
split_gain=4.12661e+06 4.90078e+06 5.0363e+06 5.06338e+06 5.14952e+06 4.9271e+06 4.53474e+06 6.87516e+06
threshold=5.5000000000000009 1.0000000180025095e-35 7254.9400000000014 42.304600039708681 6601.2711622023817 6005.8556250000011 5086.3451391369063 0.95210745033794308
decision_type=2 2 10 2 10 10 10 2
left_child=1 -1 3 -3 6 -4 7 -5
right_child=-2 2 5 4 -6 -7 -8 -9
leaf_value=-6.8054053826039071 -7.1674451755980657 -6.0873272175882382 2.8350246800075878 -2.7683197841145635 -2.6893509210259827 -12.382378709663465 15.018742427997248 12.033584528069319
leaf_weight=179 192 102 110 153 135 103 167 161
leaf_count=179 192 102 110 153 135 103 167 161
internal_value=0 0.771455 2.22823 4.23122 5.93981 -4.52363 8.36171 4.82119
internal_weight=0 1110 931 718 616 213 481 314
internal_count=1302 1110 931 718 616 213 481 314
is_linear=0
shrinkage=0.05


Tree=58
num_leaves=10
num_cat=0
split_feature=14 1 10 4 12 11 1 3 12
split_gain=4.58188e+06 6.31834e+06 4.74206e+06 3.62077e+06 3.42114e+06 8.32446e+06 2.62059e+06 5.54123e+06 1.57193e+06
threshold=-826.26949999999988 37.593017755495161 4612.8626250000007 6.5000000000000009 3672.9137500000002 6908.167625000001 18.099155725500768 0.71975820053914819 963.26200000000006
decision_type=8 2 2 2 8 10 2 2 10
left_child=-1 2 6 -4 -3 -6 8 -8 -2
right_child=1 4 3 -5 5 -7 7 -9 -10
leaf_value=-10.299126239851411 -6.8453266245073978 -0.70620888034502671 -1.0998480785638094 -12.583741509461323 15.283299391045757 -1.7855137357701374 12.367062048992869 -3.5878103458055173 0.72847280913385859
leaf_weight=102 113 150 128 148 181 118 118 101 174
leaf_count=102 113 150 128 148 181 118 118 101 174
internal_value=0 0.728398 -1.98593 -7.25788 5.4558 8.54711 0.889678 5.00888 -2.25355
internal_weight=0 1231 782 276 449 299 506 219 287
internal_count=1333 1231 782 276 449 299 506 219 287
is_linear=0
shrinkage=0.05


Tree=59
num_leaves=12
num_cat=0
split_feature=10 14 0 3 4 0 0 10 12 13 3
split_gain=3.97068e+06 7.92584e+06 5.66807e+06 3.82742e+06 3.44725e+06 3.0592e+06 2.82033e+06 1.72314e+06 1.12721e+06 936009 2.42588e+06
threshold=4518.1601250000012 -694.41374999999982 6.5926481537042605 0.64058307198457864 12.500000000000002 4.412573201764622 5.6855977264393118 7530.4365000000007 3486.4720000000002 6037.4356845238099 0.55385212536724027
decision_type=2 10 2 2 2 2 2 2 10 8 2
left_child=5 -2 3 6 -4 9 -3 -6 -7 10 -1
right_child=1 2 4 -5 7 8 -8 -9 -10 -11 -12
leaf_value=7.4356150507926948 -15.583046052951625 -5.9696459203958518 11.823275372678159 -11.546468765117504 5.5903204294124453 11.728196372270585 5.0576756328906658 -3.2070001600250126 4.2208394489288334 -3.8672726257174626 -3.1922441289231589
leaf_weight=104 101 128 102 135 101 100 106 124 100 102 111
leaf_count=104 101 128 102 135 101 100 106 124 100 102 111
internal_value=0 -2.49402 -0.594606 -4.84221 4.19856 3.13231 -0.974364 0.742019 7.97452 0.0772967 1.94867
internal_weight=0 797 696 369 327 517 234 225 200 317 215
internal_count=1314 797 696 369 327 517 234 225 200 317 215
is_linear=0
shrinkage=0.05


Tree=60
num_leaves=11
num_cat=0
split_feature=13 3 13 0 11 13 14 13 0 14
split_gain=4.64869e+06 7.06556e+06 4.31896e+06 4.21898e+06 2.04526e+06 7.83028e+06 6.41428e+06 3.93262e+06 2.86746e+06 922957
threshold=4771.129851190477 0.70050660395298137 7410.9377008928577 7.0088953339778435 4875.6825000000008 5332.7113891369054 59.139999999999652 6734.5962790178583 4.412573201764622 271.33187499999968
decision_type=8 2 10 2 10 10 8 10 2 10
left_child=1 9 3 4 6 -6 -2 -7 -8 -1
right_child=2 -3 -4 -5 5 7 8 -9 -10 -11
leaf_value=-3.3775704636573796 -11.544918027845753 -15.164648509704001 -8.308888158974824 9.3201106000605023 15.230609666347505 -6.3475561880597882 -3.2699813534001834 6.3270680778166835 7.0994769354255842 3.3822669266485699
leaf_weight=100 119 123 108 172 100 153 122 102 147 102
leaf_count=100 119 123 108 172 100 153 122 102 147 102
internal_value=0 -5.71698 1.14739 2.26355 0.629995 3.37252 -1.87928 -1.27771 2.3966 0.0358128
internal_weight=0 325 1023 915 743 355 388 255 269 202
internal_count=1348 325 1023 915 743 355 388 255 269 202
is_linear=0
shrinkage=0.05


Tree=61
num_leaves=9
num_cat=0
split_feature=13 10 13 0 10 13 16 4
split_gain=4.71514e+06 6.18838e+06 2.5263e+06 4.40121e+06 4.4809e+06 3.51854e+06 3.28603e+06 1.79511e+06
threshold=4771.129851190477 5528.589750000001 6380.9452492559531 6.4888474958606981 3627.9993750000008 6759.6497321428587 1.1479328488404406 13.500000000000002
decision_type=8 2 8 2 2 8 2 2
left_child=1 -1 3 4 -2 -4 7 -7
right_child=2 -3 5 -5 -6 6 -8 -9
leaf_value=-0.81407245999759015 6.1256615028959338 -15.373519530255571 -10.169819007158281 10.221120241551828 -5.1933258391195736 -5.9280048938982333 7.6163964881553312 2.2724242290828083
leaf_weight=194 165 117 100 156 186 163 111 113
leaf_count=194 165 117 100 156 186 163 111 113
internal_value=0 -6.29142 0.762804 3.23327 0.127566 -1.80912 0.351264 -2.57058
internal_weight=0 311 994 507 351 487 387 276
internal_count=1305 311 994 507 351 487 387 276
is_linear=0
shrinkage=0.05


Tree=62
num_leaves=11
num_cat=0
split_feature=3 10 6 7 0 15 10 4 10 10
split_gain=4.15063e+06 7.13112e+06 9.74352e+06 7.38083e+06 4.79152e+06 4.2686e+06 3.92161e+06 2.76759e+06 1.82816e+06 1.50519e+06
threshold=0.64058307198457864 5032.0805000000009 1.0000000180025095e-35 0.42728401754088968 5.2076929915213759 6.5238634974608578 6663.3981250000006 4.5000000000000009 3882.9592500000003 3020.5996250000003
decision_type=2 2 2 2 2 2 2 2 2 2
left_child=5 4 3 -3 9 6 7 -1 -9 -2
right_child=1 2 -4 -5 -6 -7 -8 8 -10 -11
leaf_value=-1.8506664259895604 1.6914866828835096 -12.002790590265009 -20.546681588286656 6.5979230249877538 11.15921914434433 10.885597001743317 -8.1978704793780448 10.775740266571875 2.1968515424375181 -5.991993276139965
leaf_weight=191 143 101 109 113 100 125 102 115 135 115
leaf_count=191 143 101 109 113 100 125 102 115 135 115
internal_value=0 -2.99204 -8.37865 -2.18092 1.86795 2.55513 0.637431 2.68097 6.14314 -1.73332
internal_weight=0 681 323 214 358 668 543 441 250 258
internal_count=1349 681 323 214 358 668 543 441 250 258
is_linear=0
shrinkage=0.05


Tree=63
num_leaves=10
num_cat=1
split_feature=5 11 5 15 14 7 11 9 3
split_gain=5.20094e+06 2.63152e+06 4.10705e+06 4.21656e+06 4.92701e+06 3.87471e+06 2.47166e+06 3.70577e+06 3.24837e+06
threshold=5.5000000000000009 7393.6912500000008 1.0000000180025095e-35 6.6397348068140163 378.28499999999946 0.37393059161188685 5905.0932500000008 0 0.51979986201364492
decision_type=2 10 2 2 8 2 10 9 2
left_child=1 2 -1 6 -5 -3 7 8 -4
right_child=-2 5 3 4 -6 -7 -8 -9 -10
leaf_value=-4.4895096245266144 -7.4411183257692874 -10.354947847240377 -4.003414382980865 3.3571467299794047 18.144307576552034 3.2291123014229997 8.7402786384820939 -6.8680568054318432 7.0029721198603516
leaf_weight=168 194 106 103 129 100 104 100 126 192
leaf_count=168 194 106 103 129 100 104 100 126 192
internal_value=0 1.42168 2.57675 4.15959 9.81442 -3.6276 1.67407 -0.00436285 3.05646
internal_weight=0 1128 918 750 229 210 521 421 295
internal_count=1322 1128 918 750 229 210 521 421 295
cat_boundaries=0 1
cat_threshold=3
is_linear=0
shrinkage=0.05


Tree=64
num_leaves=11
num_cat=0
split_feature=13 13 12 7 13 5 13 5 0 13
split_gain=4.12218e+06 6.20156e+06 3.90476e+06 6.15714e+06 3.80739e+06 4.57821e+06 3.5874e+06 3.64505e+06 4.12206e+06 3.0619e+06
threshold=5039.3636532738101 3993.7879761904774 6455.7137500000008 0.29742577976977425 5469.2313831845249 1.5000000000000002 6380.9452492559531 4.5000000000000009 5.3820562611816749 6918.3104523809534
decision_type=8 10 8 2 8 2 8 2 2 8
left_child=1 -1 3 -3 -2 9 -7 8 -8 -6
right_child=4 2 -4 -5 5 6 7 -9 -10 -11
leaf_value=6.652948298370629 9.306376723402499 5.8541960952305558 -14.828240251995268 -11.358086938278698 -11.532954482793809 10.13275381616644 -2.1890569165862841 -6.4874919414389556 11.19875491585648 0.74977384794105606
leaf_weight=114 173 101 105 107 100 148 116 114 114 103
leaf_count=114 173 101 105 107 100 148 116 114 114 103
internal_value=0 -3.33155 -6.96807 -3.0002 2.66905 1.01688 3.62358 0.82312 4.44664 -5.30083
internal_weight=0 427 313 208 868 695 492 344 230 203
internal_count=1295 427 313 208 868 695 492 344 230 203
is_linear=0
shrinkage=0.05


Tree=65
num_leaves=11
num_cat=0
split_feature=3 14 10 11 3 15 10 7 0 10
split_gain=4.02917e+06 5.9227e+06 1.05487e+07 8.40898e+06 8.78536e+06 3.91945e+06 4.35563e+06 3.07706e+06 2.21507e+06 3.09392e+06
threshold=0.64058307198457864 16.86012500000027 5477.6962500000009 6908.167625000001 0.7152912156644774 6.5238634974608578 6655.4568750000008 0.084376727121343739 5.362036203620363 3882.9592500000003
decision_type=2 8 2 10 2 2 2 2 2 2
left_child=5 2 -2 4 -3 6 8 -6 9 -1
right_child=1 3 -4 -5 7 -7 -8 -9 -10 -11
leaf_value=6.3588307768106462 2.1415454552746289 15.572952551122697 -20.598160630581429 -9.9707884919455676 -7.473993834972382 11.952685925337647 -7.7845820609331131 4.6185591982291632 10.232503429814882 -3.1503091956940166
leaf_weight=180 102 126 102 127 100 111 100 111 102 163
leaf_count=180 102 126 102 127 100 111 100 111 102 163
internal_value=0 -2.12786 -9.22831 0.993885 5.12597 3.38886 1.64467 -1.11251 3.76361 1.83991
internal_weight=0 668 204 464 337 656 545 211 445 343
internal_count=1324 668 204 464 337 656 545 211 445 343
is_linear=0
shrinkage=0.05


Tree=66
num_leaves=11
num_cat=0
split_feature=13 4 14 8 12 4 12 0 7 5
split_gain=4.94214e+06 5.01598e+06 4.58764e+06 2.62745e+06 2.7206e+06 5.31421e+06 9.85072e+06 7.63348e+06 3.09232e+06 839238
threshold=4760.9137745535727 6.5000000000000009 288.2758750000001 0.79318268157920147 2719.2775000000006 16.500000000000004 4913.8135000000011 5.6054688802213564 0.33180526839621155 2.5000000000000004
decision_type=8 2 10 2 10 2 10 2 2 2
left_child=1 -1 -3 -2 9 6 -6 -8 -7 -5
right_child=3 2 -4 4 5 8 7 -9 -10 -11
leaf_value=3.7636906905339496 8.2769801657673323 -17.418274021856856 -2.3480759829430298 2.7868523383140564 -6.2358740483192694 -13.51649762237072 1.7121375453162504 19.19555266982033 -1.5422269128326678 9.1548525345091729
leaf_weight=101 141 101 101 105 188 100 154 105 117 102
leaf_count=101 141 101 101 105 188 100 154 105 117 102
internal_value=0 -5.33422 -9.88318 1.9449 0.919842 -0.64041 2.47619 8.80001 -7.06032 5.92471
internal_weight=0 303 202 1012 871 664 447 259 217 207
internal_count=1315 303 202 1012 871 664 447 259 217 207
is_linear=0
shrinkage=0.05


Tree=67
num_leaves=10
num_cat=0
split_feature=13 8 10 0 10 14 7 0 10
split_gain=2.21494e+06 3.1563e+06 2.3668e+06 2.72606e+06 2.09682e+06 4.04706e+06 2.11868e+06 2.47743e+06 1.6485e+06
threshold=4771.129851190477 0.91299788836275464 2516.0477500000002 4.3265715460434935 7014.482750000001 59.139999999999652 0.25255162048585017 5.4359644297763117 4645.7676250000013
decision_type=8 2 2 2 2 10 2 2 2
left_child=1 -1 -2 -4 6 -6 8 -8 -5
right_child=2 -3 3 4 5 -7 7 -9 -10
leaf_value=-9.3390963028371328 8.8102067002972344 0.99149955616471519 -5.7711092158929631 4.4429515550011081 -9.4963868098683886 3.0089633896284633 1.2526263609396675 10.961386243856637 -4.240432705311548
leaf_weight=125 103 181 134 114 101 180 113 157 105
leaf_count=125 103 181 134 114 101 180 113 157 105
internal_value=0 -3.22852 1.62893 0.810714 1.95612 -1.48584 3.93402 6.89809 0.279685
internal_weight=0 306 1007 904 770 281 489 270 219
internal_count=1313 306 1007 904 770 281 489 270 219
is_linear=0
shrinkage=0.05


Tree=68
num_leaves=10
num_cat=0
split_feature=11 13 13 13 12 12 15 7 14
split_gain=3.15267e+06 3.629e+06 2.9103e+06 4.72689e+06 6.99607e+06 7.72054e+06 9.26329e+06 4.31786e+06 637819
threshold=1461.8552500000003 7319.4136011904775 6769.4835550595253 6410.8930498511918 3672.9137500000002 6304.9237500000008 5.6055480548054808 0.30188382027270316 136.91737499999957
decision_type=10 10 10 10 8 10 2 2 10
left_child=-1 2 3 4 -2 6 8 -7 -6
right_child=1 -3 -4 -5 5 7 -8 -9 -10
leaf_value=-6.0139236731978292 -6.5219527274370197 -7.9450745619979557 8.3514113000686603 -9.2785724480946854 5.7893269940918568 -9.6451520444773067 19.586103249632796 4.3101658306951114 0.30036627536470245
leaf_weight=185 176 102 151 102 102 107 138 115 110
leaf_count=185 176 102 151 102 102 107 138 115 110
internal_value=0 1.0394 1.9549 0.818581 2.19547 4.87775 9.5041 -2.41605 2.94128
internal_weight=0 1103 1001 850 748 572 350 222 212
internal_count=1288 1103 1001 850 748 572 350 222 212
is_linear=0
shrinkage=0.05


Tree=69
num_leaves=11
num_cat=0
split_feature=13 13 13 14 8 0 12 12 10 11
split_gain=3.26232e+06 3.70303e+06 2.7989e+06 3.58368e+06 5.2485e+06 4.22857e+06 2.88357e+06 3.23444e+06 2.02528e+06 1.90531e+06
threshold=4748.5616488095247 3978.4661979166672 7410.9377008928577 -1542.6836249999994 0.79318268157920147 6.0072146103499247 4052.0387500000006 6590.9387500000003 4612.8626250000007 4726.2925000000005
decision_type=8 10 10 10 2 2 10 10 2 10
left_child=1 -1 3 -2 -5 8 -7 -8 9 -6
right_child=2 -3 -4 4 5 6 7 -9 -10 -11
leaf_value=2.6525944667703967 -4.6840588582109435 -8.5954624719760915 -6.2989009671282066 14.520732171058654 -3.5427874031633437 -0.21278533640361968 16.226426913437333 3.6653275625378479 -6.1690798609591226 5.7592020657436906
leaf_weight=119 147 190 101 100 101 105 103 102 139 121
leaf_count=119 147 190 101 100 101 105 103 102 139 121
internal_value=0 -4.26369 1.60129 2.47048 3.83457 2.242 6.5253 9.97651 -1.43618 1.52722
internal_weight=0 309 1019 918 771 671 310 205 361 222
internal_count=1328 309 1019 918 771 671 310 205 361 222
is_linear=0
shrinkage=0.05


Tree=70
num_leaves=10
num_cat=0
split_feature=8 5 14 7 0 11 0 5 11
split_gain=3.03628e+06 1.12659e+07 8.97434e+06 6.23272e+06 6.07855e+06 3.55221e+06 2.63756e+06 2.64753e+06 1.87759e+06
threshold=0.92526156616181343 4.5000000000000009 335.57862500000061 0.52260299747206151 6.4888474958606981 6683.4167500000012 3.9300735629118475 3.5000000000000004 3703.4207500000007
decision_type=2 2 10 2 2 10 2 2 10
left_child=1 3 -3 8 5 6 -2 -8 -1
right_child=4 2 -4 -5 -6 -7 7 -9 -10
leaf_value=-6.586131190854899 -4.3391299080848702 -22.582266298532488 -2.059983526928383 9.1534850875432578 13.548738731624926 -7.3808678472991547 1.5247017690044626 11.427065304347447 1.4619771727033566
leaf_weight=142 100 100 114 191 107 113 189 105 148
leaf_count=142 100 100 114 191 107 113 189 105 148
internal_value=0 -2.10591 -11.6498 2.14024 2.7195 0.434042 2.67537 5.06126 -2.47882
internal_weight=0 695 214 481 614 507 394 294 290
internal_count=1309 695 214 481 614 507 394 294 290
is_linear=0
shrinkage=0.05


Tree=71
num_leaves=9
num_cat=0
split_feature=10 5 3 5 10 12 4 13
split_gain=3.57423e+06 7.80218e+06 8.00213e+06 7.1882e+06 5.37932e+06 3.16433e+06 1.89763e+06 4.4723e+06
threshold=5198.4525000000003 4.5000000000000009 0.60528756605176615 1.5000000000000002 7263.7992500000009 4625.6637500000006 14.500000000000002 4544.3085111607152
decision_type=2 2 2 2 2 8 2 10
left_child=5 3 -3 -2 -5 -1 7 -7
right_child=1 2 -4 4 -6 6 -8 -9
leaf_value=8.5419108850122605 -6.5096269384674406 -0.2577583715753648 -19.36828318834305 -0.1511825477083524 14.182700212945541 -6.8792388384084449 5.0766855496771726 4.38968499171592
leaf_weight=162 184 103 117 144 120 185 158 168
leaf_count=162 184 103 117 144 120 185 158 168
internal_value=0 -2.70996 -10.4211 1.07675 6.36422 2.45277 0.522357 -1.51612
internal_weight=0 668 220 448 264 673 511 353
internal_count=1341 668 220 448 264 673 511 353
is_linear=0
shrinkage=0.05


Tree=72
num_leaves=11
num_cat=0
split_feature=13 3 14 13 5 3 13 5 11 0
split_gain=2.13115e+06 6.65324e+06 7.26143e+06 4.98346e+06 4.53312e+06 3.38015e+06 3.13184e+06 2.7292e+06 4.84654e+06 1.53315e+06
threshold=5086.3451391369063 0.63752543744624324 230.89674999999991 5469.2313831845249 1.5000000000000002 0.52177074205233442 6845.0656450892866 4.5000000000000009 6007.3450000000003 5.3820562611816749
decision_type=8 2 10 8 2 2 8 2 10 2
left_child=1 9 -3 -2 6 -6 -5 8 -7 -1
right_child=3 2 -4 4 5 7 -8 -9 -10 -11
leaf_value=0.033168562859683844 11.136160742441813 -17.184579974062302 0.28259586185968222 -12.374172669887542 -4.635541351366852 15.299054776962663 -0.43796508566277925 -0.34170418210225567 1.0244048784454836 7.9602161987288174
leaf_weight=154 120 119 119 100 118 122 122 146 116 101
leaf_count=154 120 119 119 100 118 122 122 146 116 101
internal_value=0 -2.43863 -8.45099 1.69896 0.134784 2.7658 -5.81464 5.04017 8.34166 3.1729
internal_weight=0 493 238 844 724 502 222 384 238 255
internal_count=1337 493 238 844 724 502 222 384 238 255
is_linear=0
shrinkage=0.05


Tree=73
num_leaves=10
num_cat=0
split_feature=5 7 5 12 11 2 8 12 13
split_gain=2.70364e+06 4.02402e+06 3.82693e+06 4.52777e+06 4.2394e+06 5.16939e+06 2.54772e+06 2.13353e+06 1.39962e+06
threshold=5.5000000000000009 0.6119992593891338 1.0000000180025095e-35 3169.8525000000004 7993.7987500000008 295.53566661720964 0.88114418652073301 5352.1175000000012 3744.8374322916675
decision_type=2 2 2 10 10 2 2 10 10
left_child=1 2 -1 6 5 7 -4 -5 -8
right_child=-2 -3 3 4 -6 -7 8 -9 -10
leaf_value=-7.0289026282504654 -5.5539282345523446 10.089810296698152 -0.85286770784854893 -7.3433400343446174 -9.9655160905951163 9.6452275175159272 4.4462827108940983 1.0156872554923055 12.228413837772656
leaf_weight=167 192 107 100 136 118 118 106 174 127
leaf_count=167 192 107 100 136 118 118 106 174 127
internal_value=0 0.854338 -0.0903993 1.22784 -1.57465 0.73872 5.82291 -2.6515 8.68805
internal_weight=0 1153 1046 879 546 428 333 310 233
internal_count=1345 1153 1046 879 546 428 333 310 233
is_linear=0
shrinkage=0.05


Tree=74
num_leaves=10
num_cat=0
split_feature=12 11 10 3 5 15 7 11 15
split_gain=2.12027e+06 2.09142e+06 2.58143e+06 5.35301e+06 4.47858e+06 4.47701e+06 4.1875e+06 3.34476e+06 2.89293e+06
threshold=8242.3378750000029 1461.8552500000003 5198.4525000000003 0.65169855779463914 3.5000000000000004 8.4062114544787843 0.26064608257049132 5039.3122500000009 6.1298588192152561
decision_type=10 10 2 2 2 2 2 10 2
left_child=1 -1 4 8 6 -5 7 -3 -4
right_child=-2 2 3 5 -6 -7 -8 -9 -10
leaf_value=-4.2937325364723806 -6.729367317557335 2.6633312800656199 -0.8084680720560814 -12.774930088834246 11.481641311669836 1.2046592666107474 8.3602845038137144 -9.8067649298670272 8.9375103039776587
leaf_weight=180 105 115 173 129 147 103 124 101 136
leaf_count=180 105 115 173 129 147 103 124 101 136
internal_value=0 0.678108 1.54866 -0.828558 4.18948 -6.56847 1.03669 -3.16759 3.48102
internal_weight=0 1208 1028 541 487 232 340 216 309
internal_count=1313 1208 1028 541 487 232 340 216 309
is_linear=0
shrinkage=0.05


Tree=75
num_leaves=10
num_cat=0
split_feature=11 10 1 12 15 10 8 7 7
split_gain=2.19688e+06 2.0879e+06 4.54679e+06 1.85495e+06 3.02059e+06 2.73496e+06 2.86011e+06 2.29579e+06 1.34757e+06
threshold=1461.8552500000003 6909.1327500000007 46.676091355310312 6304.9237500000008 3.7329969108021919 4469.8098750000008 0.95910770775169751 0.28911242237189688 0.53338050862724373
decision_type=10 2 2 10 2 2 2 2 2
left_child=-1 3 -3 4 -2 -6 -7 -5 -4
right_child=1 2 8 7 5 6 -8 -9 -10
leaf_value=-4.7894088161553396 -2.4434121051116993 -10.57740309302296 -2.1498955938827109 -6.3710702850037269 11.185995035427378 -1.197901322868433 8.2437354873151403 3.6973951373387268 5.7126984206112956
leaf_weight=191 152 112 108 119 152 178 146 108 110
leaf_count=191 152 112 108 119 152 178 146 108 110
internal_value=0 0.988972 -2.38928 2.29286 3.69304 5.65258 3.05666 -1.58079 1.81747
internal_weight=0 1185 330 855 628 476 324 227 218
internal_count=1376 1185 330 855 628 476 324 227 218
is_linear=0
shrinkage=0.05


Tree=76
num_leaves=10
num_cat=0
split_feature=5 14 7 11 15 10 1 3 16
split_gain=2.63062e+06 3.88566e+06 8.0224e+06 3.5752e+06 6.87883e+06 2.80195e+06 2.40281e+06 2.07043e+06 1.71663e+06
threshold=1.0000000180025095e-35 -184.00262500000005 0.40761187051661435 4639.7763750000004 5.75631174228534 3882.9592500000003 33.78028296464273 0.69991913392725424 0.901297074151859
decision_type=2 8 2 8 2 2 2 2 2
left_child=-1 2 -2 4 -3 7 -7 -5 -8
right_child=1 3 -4 5 -6 6 8 -9 -10
leaf_value=-5.276414753424155 5.037842853864035 0.81920202754487925 -14.241533647142015 10.560325945592396 17.671955679649233 -6.4380231951704676 4.9795255099835041 0.46110253744196189 -2.6747924178838733
leaf_weight=185 105 149 111 102 102 161 147 101 146
leaf_count=185 105 149 111 102 102 161 147 101 146
internal_value=0 1.15786 -4.86961 2.59171 7.66773 0.652471 -1.53095 5.53559 1.16543
internal_weight=0 1124 216 908 251 657 454 203 293
internal_count=1309 1124 216 908 251 657 454 203 293
is_linear=0
shrinkage=0.05


Tree=77
num_leaves=9
num_cat=0
split_feature=11 13 13 13 13 3 11 15
split_gain=2.2391e+06 2.4106e+06 3.09393e+06 3.82623e+06 4.13513e+06 3.72405e+06 3.36012e+06 3.07275e+06
threshold=1461.8552500000003 7239.3719122023822 6759.6497321428587 6380.9452492559531 5090.1668883928587 0.70050660395298137 5147.9050000000016 5.4987679323487919
decision_type=10 10 10 10 10 2 10 2
left_child=-1 2 3 4 5 7 -6 -2
right_child=1 -3 -4 -5 6 -7 -8 -9
leaf_value=-4.7713951326027901 -1.5882657964303704 -6.2632798162478842 8.3707255679151871 -8.5324129047960344 12.461781981936657 -7.2593526992129114 1.9702016929627726 9.1067643119293518
leaf_weight=195 193 103 151 101 128 164 189 103
leaf_count=195 193 103 151 101 128 164 189 103
internal_value=0 1.02959 1.75958 0.622586 1.81262 -1.21537 6.20655 2.13332
internal_weight=0 1132 1029 878 777 460 317 296
internal_count=1327 1132 1029 878 777 460 317 296
is_linear=0
shrinkage=0.05


Tree=78
num_leaves=10
num_cat=0
split_feature=10 14 11 12 3 0 0 14 3
split_gain=3.47258e+06 7.36891e+06 5.07985e+06 5.47048e+06 4.12897e+06 4.23812e+06 3.18439e+06 4.04208e+06 3.82393e+06
threshold=4681.4075000000012 -639.16212499999972 4681.9312500000005 4726.2925000000005 0.69485467442395865 6.2815892700381157 4.3265715460434935 554.39212499999996 0.72723870663756551
decision_type=2 10 10 8 2 2 2 8 2
left_child=6 -2 3 -3 5 -4 7 -1 -8
right_child=1 2 4 -5 -6 -7 8 -9 -10
leaf_value=5.1272368862932804 -14.884977731466293 -1.3681601374204888 -7.2319580815732483 14.527192332983018 -10.889882808465224 4.6555704072694093 12.539832535407074 -6.5864485299083562 -0.010458433684313073
leaf_weight=153 100 118 128 100 130 181 142 142 106
leaf_count=153 100 118 128 100 130 181 142 142 106
internal_value=0 -2.24034 -0.315739 5.92329 -3.41393 -0.268713 2.99952 -0.511215 7.1756
internal_weight=0 757 657 218 439 309 543 295 248
internal_count=1300 757 657 218 439 309 543 295 248
is_linear=0
shrinkage=0.05


Tree=79
num_leaves=12
num_cat=0
split_feature=13 3 10 0 12 12 10 6 13 3 3
split_gain=2.89431e+06 5.75374e+06 3.20894e+06 4.62554e+06 3.18006e+06 2.26269e+06 2.49691e+06 3.61123e+06 1.21621e+06 1.11501e+06 970464
threshold=4771.129851190477 0.69923370096537574 7571.1913750000012 6.5053394228311729 5589.4738750000006 2846.4150000000004 2516.0477500000002 1.0000000180025095e-35 5960.3719270833344 0.56099779508480851 0.55973687992693133
decision_type=8 2 2 2 10 8 2 2 8 2 2
left_child=1 10 3 5 -4 -2 -7 8 -8 -10 -1
right_child=2 -3 4 -5 -6 6 7 -9 9 -11 -12
leaf_value=-2.7085643681287768 7.8549686033748891 -13.159292272452653 -10.728121103063227 11.427859161688588 1.0174532979945927 6.7787187819253836 -7.9908999657285396 5.6525912323447525 -5.6973923348913011 1.5922671039899192 4.2063864068498891
leaf_weight=100 103 116 100 127 136 105 138 122 102 108 103
leaf_count=100 103 116 100 127 136 105 138 122 102 108 103
internal_value=0 -4.2761 1.16756 2.67064 -3.95949 1.03028 -0.192229 -1.74957 -4.34458 -1.94842 0.800007
internal_weight=0 319 1041 805 236 678 575 470 348 210 203
internal_count=1360 319 1041 805 236 678 575 470 348 210 203
is_linear=0
shrinkage=0.05


Tree=80
num_leaves=10
num_cat=0
split_feature=10 5 8 1 15 3 5 4 5
split_gain=2.68901e+06 4.85028e+06 7.5497e+06 5.99845e+06 3.25423e+06 4.19197e+06 2.64416e+06 1.89928e+06 974949
threshold=4518.1601250000012 4.5000000000000009 0.89832463868887169 33.78028296464273 3.7329969108021919 0.72670940149411245 1.5000000000000002 15.500000000000002 3.5000000000000004
decision_type=2 2 2 2 2 2 2 2 2
left_child=4 3 -3 -2 8 -6 -5 -8 -1
right_child=1 2 -4 6 5 -7 7 -9 -10
leaf_value=-4.1164111042022702 -7.0022599145052915 -15.26773079665502 2.2131998012179421 -1.2117824449210333 12.73103315529861 -0.38732030391693117 12.167932824312 2.8339756738155262 2.0222620018967636
leaf_weight=155 187 150 105 145 127 117 109 109 111
leaf_count=155 187 150 105 145 127 117 109 109 111
internal_value=0 -2.36981 -8.0697 0.272867 2.27049 6.44068 4.02066 7.50095 -1.55478
internal_weight=0 805 255 550 510 244 363 218 266
internal_count=1315 805 255 550 510 244 363 218 266
is_linear=0
shrinkage=0.05


Tree=81
num_leaves=10
num_cat=0
split_feature=13 13 3 10 0 11 3 11 0
split_gain=2.96229e+06 6.40736e+06 5.00906e+06 2.53723e+06 3.81256e+06 2.94621e+06 3.59455e+06 1.63707e+06 1.54163e+06
threshold=5094.1165543154775 5469.2313831845249 0.69788032944177336 7014.482750000001 4.621078774544122 3532.5338750000005 0.66776681897382795 6455.7137500000008 5.6855977264393118
decision_type=8 8 2 2 2 10 2 10 2
left_child=2 -2 8 4 -3 -6 -7 -5 -1
right_child=1 3 -4 7 5 6 -8 -9 -10
leaf_value=-1.9903753082013944 13.096268538215705 -3.4917632648478385 -9.2326340641113038 -8.7679315103934368 12.605490255827952 8.7925686283089295 -4.0790717884627261 0.1692951509267977 5.0974345620940715
leaf_weight=176 114 184 188 104 101 107 110 101 136
leaf_count=176 114 184 188 104 101 107 110 101 136
internal_value=0 2.09621 -2.78558 0.322505 2.23661 5.55114 2.26777 -4.36471 1.09918
internal_weight=0 821 500 707 502 318 217 205 312
internal_count=1321 821 500 707 502 318 217 205 312
is_linear=0
shrinkage=0.05


Tree=82
num_leaves=10
num_cat=0
split_feature=16 8 11 12 7 8 4 0 14
split_gain=3.18697e+06 4.69537e+06 3.2629e+06 2.52679e+06 4.78014e+06 3.8884e+06 5.81313e+06 2.75453e+06 1.90713e+06
threshold=1.4012915180406926 0.94593656373952595 1400.9818750000002 3500.2175000000002 0.45153454091902412 0.84981274471920398 17.500000000000004 5.8120798190930207 491.34200000000016
decision_type=2 2 10 8 2 2 2 2 10
left_child=2 -2 -1 4 -4 -5 7 8 -7
right_child=1 -3 3 5 -6 6 -8 -9 -10
leaf_value=-7.4647658547629483 -0.68724721166658109 12.115298366084581 2.6551082406725204 8.164238547234886 -12.384933776497842 3.7939258249366987 -9.815385256851874 9.7047483210470169 -5.2006299497416393
leaf_weight=161 161 129 112 177 100 136 124 102 104
leaf_count=161 161 129 112 177 100 136 124 102 104
internal_value=0 5.00768 -0.935033 0.294543 -4.43925 1.8553 -0.541019 2.82162 -0.103715
internal_weight=0 290 1016 855 212 643 466 342 240
internal_count=1306 290 1016 855 212 643 466 342 240
is_linear=0
shrinkage=0.05


Tree=83
num_leaves=10
num_cat=0
split_feature=10 0 7 5 10 11 0 3 0
split_gain=2.27734e+06 3.29195e+06 4.15884e+06 8.01268e+06 3.92879e+06 3.57292e+06 2.71099e+06 3.66981e+06 2.66179e+06
threshold=4410.6033750000006 6.4888474958606981 0.41315138530344325 4.5000000000000009 5842.5996250000007 6386.7641250000006 3.5096565212076771 0.72723870663756551 4.412573201764622
decision_type=2 2 2 2 2 8 2 2 2
left_child=6 4 -3 -4 5 -2 -1 8 -8
right_child=1 2 3 -5 -6 -7 7 -9 -10
leaf_value=-2.4483375501879578 4.3569937678362356 9.5465031116704147 5.3594085097312929 -12.062143209630793 -10.434924314942277 -7.2281539532316827 3.8921083270935783 -1.2625297689437867 15.261437931627331
leaf_weight=169 151 120 165 110 171 119 105 130 101
leaf_count=169 151 120 165 110 171 119 105 130 101
internal_value=0 -1.53537 1.77987 -1.60921 -4.5048 -0.749053 2.71719 5.31532 9.46639
internal_weight=0 836 395 275 441 270 505 336 206
internal_count=1341 836 395 275 441 270 505 336 206
is_linear=0
shrinkage=0.05


Tree=84
num_leaves=10
num_cat=0
split_feature=5 14 15 10 16 8 1 14 3
split_gain=2.10874e+06 3.18407e+06 4.62959e+06 2.3031e+06 1.7604e+06 1.75041e+06 1.97924e+06 2.04039e+06 957767
threshold=5.5000000000000009 -553.73987499999987 8.563980009112024 7246.9818750000004 1.4428442844284433 0.84981274471920398 18.719221434725906 125.20200000000001 0.64354077747071747
decision_type=2 8 2 2 2 2 2 10 2
left_child=1 -1 3 4 5 -3 -7 -8 -9
right_child=-2 2 -4 -5 -6 6 7 8 -10
leaf_value=9.0581679358368827 -4.8769217421099089 4.0882367004559734 10.064327847013381 -7.1181376241786145 5.4177296695113188 -7.5421393928889717 -6.1205357888649257 4.6926506567344388 -1.3264303767491903
leaf_weight=105 194 127 101 140 120 140 116 139 126
leaf_count=105 194 127 101 140 120 140 116 139 126
internal_value=0 0.771693 -0.0906263 -1.2202 -0.145052 -1.1752 -2.45822 -0.590115 1.83075
internal_weight=0 1114 1009 908 768 648 521 381 265
internal_count=1308 1114 1009 908 768 648 521 381 265
is_linear=0
shrinkage=0.05


Tree=85
num_leaves=11
num_cat=0
split_feature=13 14 3 1 13 1 13 3 13 5
split_gain=2.2755e+06 2.97145e+06 5.41588e+06 4.35779e+06 2.57278e+06 2.13324e+06 2.6675e+06 2.56977e+06 2.25933e+06 2.57817e+06
threshold=5039.3636532738101 223.68625000000023 0.60255403250312944 32.326021739208777 7384.4301934523819 47.212296209534081 5365.2527046130963 0.6912397236079636 6006.3600818452387 2.5000000000000004
decision_type=8 10 2 2 10 2 10 2 10 2
left_child=1 2 -1 -3 5 6 7 -2 -8 -10
right_child=4 3 -4 -5 -6 -7 8 -9 9 -11
leaf_value=1.3301260661152963 9.6696991228077511 -4.8122715064721513 -14.769143320753608 8.8709810362671906 -5.5464061014860579 7.6721522102195223 -7.5564982337043407 -0.27577700204828864 6.3817008856406883 -3.9614149685700735
leaf_weight=103 146 129 106 106 103 178 105 117 121 120
leaf_count=103 146 129 106 106 103 178 105 117 121 120
internal_value=0 -2.49771 -6.83505 1.35975 1.88456 2.8571 1.44974 5.24529 -1.43531 1.2316
internal_weight=0 444 209 235 890 787 609 263 346 241
internal_count=1334 444 209 235 890 787 609 263 346 241
is_linear=0
shrinkage=0.05


Tree=86
num_leaves=11
num_cat=0
split_feature=11 12 4 13 13 11 5 14 7 10
split_gain=2.39785e+06 2.80535e+06 1.07975e+07 3.12109e+06 2.10682e+06 1.76073e+06 5.35631e+06 5.09843e+06 2.88304e+06 2.16013e+06
threshold=2261.2446250000007 853.08850000000018 13.500000000000002 4748.5616488095247 7384.4301934523819 4875.6825000000008 2.5000000000000004 194.43887500000031 0.46853681572873079 4770.9222500000005
decision_type=8 10 2 10 10 10 2 10 2 2
left_child=-1 2 -2 -3 5 6 -5 -7 9 -9
right_child=1 3 -4 4 -6 7 -8 8 -10 -11
leaf_value=-6.9234541115007904 -4.3863216455424983 -7.1432189145882932 17.347327226934567 6.8033176086550844 -6.1033476781845097 10.676261576181279 -8.3302578186466754 2.0345469580428435 6.8264796762466435 -7.8332707420597236
leaf_weight=114 124 150 106 102 100 160 137 101 100 123
leaf_count=114 124 150 106 102 100 160 137 101 100 123
internal_value=0 0.66387 5.63006 -0.510049 0.698913 1.63975 -1.87158 3.37365 -0.232577 -3.38394
internal_weight=0 1203 230 973 823 723 239 484 324 224
internal_count=1317 1203 230 973 823 723 239 484 324 224
is_linear=0
shrinkage=0.05


Tree=87
num_leaves=11
num_cat=0
split_feature=14 6 11 3 12 4 12 4 14 0
split_gain=2.35079e+06 5.41826e+06 4.74858e+06 2.56024e+06 3.50183e+06 2.54522e+06 2.39921e+06 4.80414e+06 2.17496e+06 1.63825e+06
threshold=16.86012500000027 1.0000000180025095e-35 4092.9800000000005 0.70728631942887399 6873.0156250000009 3.5000000000000004 4368.1068750000004 18.500000000000004 -322.82487499999996 5.3205598337611555
decision_type=8 2 8 2 8 2 10 2 10 2
left_child=1 8 9 5 -5 -4 -7 -8 -1 -2
right_child=2 -3 3 4 -6 6 7 -9 -10 -11
leaf_value=5.1255989832471514 3.0994589449132532 -12.249148523612101 -4.9036181565431454 -11.10242266436418 1.2483546911721879 7.5137750946794242 6.8937101705358659 -8.2038175907789501 -4.1291121884346005 11.855089061754244
leaf_weight=129 103 122 130 120 110 175 109 102 125 111
leaf_count=129 103 122 130 120 110 175 109 102 125 111
internal_value=0 -3.58865 1.07526 -0.808186 -5.19553 1.14741 3.18533 -0.404621 0.571115 7.64093
internal_weight=0 376 960 746 230 516 386 211 254 214
internal_count=1336 376 960 746 230 516 386 211 254 214
is_linear=0
shrinkage=0.05


Tree=88
num_leaves=11
num_cat=0
split_feature=14 0 4 3 12 11 3 8 14 13
split_gain=2.45319e+06 2.26074e+06 1.58005e+06 1.65601e+06 3.03871e+06 1.37808e+06 1.55269e+06 950973 745549 631958
threshold=-720.7254999999999 6.0298849329377395 2.5000000000000004 0.56693514952373192 3379.0362500000006 4681.9312500000005 0.69878488308568654 0.94593656373952595 66.141624999999991 6527.5025967261909
decision_type=8 2 2 2 10 10 2 2 10 10
left_child=-1 2 -2 7 8 -3 9 -4 -5 -7
right_child=1 5 3 4 -6 6 -8 -9 -10 -11
leaf_value=-6.9224908821979314 -6.9462501201629641 7.2765736673051951 0.035350143723189835 -1.2684103749213964 -7.3538708655039473 6.5149827101400923 -3.4994920397940135 6.2580038076740205 4.593146244602071 1.0464210078120233
leaf_weight=118 100 151 128 109 165 112 105 118 108 100
leaf_count=118 100 151 128 109 165 112 105 118 108 100
internal_value=0 0.634109 -1.10885 -0.179325 -2.23975 3.34538 1.47279 3.0202 1.64886 3.93547
internal_weight=0 1196 728 628 382 468 317 246 217 212
internal_count=1314 1196 728 628 382 468 317 246 217 212
is_linear=0
shrinkage=0.05


Tree=89
num_leaves=9
num_cat=0
split_feature=10 5 7 7 2 14 11 3
split_gain=2.00311e+06 4.89877e+06 8.02226e+06 5.41848e+06 3.77229e+06 2.55631e+06 2.52399e+06 1.22729e+06
threshold=4707.9080000000004 4.5000000000000009 0.41616009634130829 0.52035970222858474 36.698392280554849 -898.29912499999989 6096.9351250000009 0.71975820053914819
decision_type=2 2 2 2 2 10 8 2
left_child=4 3 -3 6 -1 -6 -2 -7
right_child=1 2 -4 -5 5 7 -8 -9
leaf_value=-4.667846766833601 1.8962673652126936 3.9555829362113877 -13.957023680355491 9.5076646269618212 11.61742638243307 5.0494760163128376 -6.3834939387989733 -1.227611534877588
leaf_weight=145 198 101 164 143 101 192 172 131
leaf_count=145 198 101 164 143 101 192 172 131
internal_value=0 -1.60969 -7.12995 1.2419 2.29386 4.67463 -1.9527 2.50366
internal_weight=0 778 265 513 569 424 370 323
internal_count=1347 778 265 513 569 424 370 323
is_linear=0
shrinkage=0.05


Tree=90
num_leaves=11
num_cat=0
split_feature=11 13 12 3 11 0 12 14 10 4
split_gain=2.14967e+06 2.71966e+06 2.27525e+06 2.7381e+06 3.38902e+06 2.62365e+06 3.839e+06 2.22789e+06 1.25208e+06 1.23819e+06
threshold=1860.6670000000001 7410.9377008928577 7615.7300000000005 0.69613980361678729 3896.4395000000004 5.6855977264393118 4165.9275000000007 536.9752500000003 4578.1466250000012 10.500000000000002
decision_type=10 10 10 2 10 2 8 10 2 2
left_child=9 2 3 5 -5 7 -7 -2 -6 -1
right_child=1 -3 -4 4 8 6 -8 -9 -10 -11
leaf_value=-7.5507498308059269 6.3615571054693776 -6.2021740400791172 -3.015935093164444 6.8530068374286266 0.29758236402557009 3.3076231196278432 15.876880390880522 -3.0609028903733599 -7.2542848123674801 0.038797249883975621
leaf_weight=109 146 100 160 118 105 122 121 110 115 106
leaf_count=109 146 100 160 118 105 122 121 110 115 106
internal_value=0 1.65872 2.44717 3.49149 0.0167402 5.84513 9.56639 2.31284 -3.64998 -3.80893
internal_weight=0 1097 997 837 338 499 243 256 220 215
internal_count=1312 1097 997 837 338 499 243 256 220 215
is_linear=0
shrinkage=0.05


Tree=91
num_leaves=10
num_cat=0
split_feature=16 8 13 3 14 8 13 13 12
split_gain=2.40977e+06 3.92171e+06 2.93146e+06 3.19684e+06 2.58295e+06 2.30164e+06 1.7175e+06 1.01755e+06 1.55231e+06
threshold=1.470033114422554 0.94593656373952595 4771.129851190477 0.70050660395298137 -322.82487499999996 0.82702876702490424 4594.8602090773811 5503.4587425595246 4368.1068750000004
decision_type=2 2 10 2 10 2 8 10 10
left_child=2 -2 3 6 -4 -6 -1 -7 -9
right_child=1 -3 4 -5 5 7 -8 8 -10
leaf_value=3.9301791055449122 -0.40404864800149121 12.525210259708704 8.6064355698396575 -9.7319951829894293 5.9713296425876337 1.8793195576607429 -4.9876508827256689 1.0332950992657126 -5.8968589893894494
leaf_weight=116 138 102 106 149 134 158 101 139 193
leaf_count=116 138 102 106 149 134 158 101 139 193
internal_value=0 5.09089 -0.440705 -4.09268 1.39028 0.164463 -0.220516 -1.42354 -2.99538
internal_weight=0 240 1096 366 730 624 217 490 332
internal_count=1336 240 1096 366 730 624 217 490 332
is_linear=0
shrinkage=0.05


Tree=92
num_leaves=11
num_cat=0
split_feature=3 10 5 12 7 12 5 0 10 14
split_gain=2.78985e+06 5.05558e+06 7.55773e+06 3.23836e+06 3.04596e+06 2.14968e+06 2.08561e+06 2.12159e+06 3.61402e+06 1.83631e+06
threshold=0.66207026611656683 4849.3181250000007 4.5000000000000009 4204.136375000001 0.18037553283415778 5701.7337500000012 5.5000000000000009 5.6437213165761024 7180.7051250000013 510.0025
decision_type=2 2 2 10 2 8 2 2 2 8
left_child=6 4 3 -3 5 -2 7 9 -9 -1
right_child=1 2 -4 -5 -6 -7 -8 8 -10 -11
leaf_value=2.8465379787771496 4.2423216717243193 -7.3029170349949881 -17.426751205656263 5.1752497001759066 9.3007630287732894 -5.7414352863262863 9.0488959398269664 11.023922062714895 -0.82058727689784217 -4.5341458079741175
leaf_weight=149 100 105 108 103 103 117 100 120 139 194
leaf_count=149 100 105 108 103 103 117 100 120 139 194
internal_value=0 -2.20972 -6.69571 -1.12382 2.2202 -1.14063 2.36212 1.25136 4.66722 -1.32796
internal_weight=0 636 316 208 320 217 702 602 259 343
internal_count=1338 636 316 208 320 217 702 602 259 343
is_linear=0
shrinkage=0.05


Tree=93
num_leaves=9
num_cat=0
split_feature=3 7 0 13 7 14 7 10
split_gain=1.77638e+06 2.2561e+06 2.44767e+06 2.09561e+06 2.2499e+06 1.87498e+06 1.38249e+06 1.08365e+06
threshold=0.69613980361678729 0.02595509350583269 6.2815892700381157 5094.1165543154775 0.27822997175252467 -194.43287500000017 0.45490834940494179 8160.3492500000011
decision_type=2 2 2 8 2 10 2 2
left_child=1 -1 5 -2 -5 -3 -7 -4
right_child=3 2 7 4 -6 6 -8 -9
leaf_value=7.4273320256606912 -6.2878021387343708 -7.0334261911255984 6.9878023491789962 -3.6203378360635705 4.4251108106403123 -2.5927474525239731 4.6705161545493388 0.29719623480692947
leaf_weight=141 188 126 151 180 168 162 110 101
leaf_count=141 188 126 151 180 168 162 110 101
internal_value=0 1.69399 0.4503 -2.03423 0.263672 -1.99116 0.344602 4.30625
internal_weight=0 791 650 536 348 398 272 252
internal_count=1327 791 650 536 348 398 272 252
is_linear=0
shrinkage=0.05


Tree=94
num_leaves=11
num_cat=0
split_feature=13 5 3 13 13 5 14 3 13 4
split_gain=1.72201e+06 5.48501e+06 4.59711e+06 4.8994e+06 4.19415e+06 4.15528e+06 8.07164e+06 8.73521e+06 4.19618e+06 1.85194e+06
threshold=5166.851205357144 1.5000000000000002 0.51117759218219583 6601.2711622023817 6837.7285796130955 2.5000000000000004 401.67312500000031 0.64058307198457864 4314.8293452380958 14.500000000000002
decision_type=8 2 2 8 8 2 10 2 10 2
left_child=5 4 -3 -4 -2 8 7 -7 -1 -5
right_child=1 2 3 9 -6 6 -8 -9 -10 -11
leaf_value=-3.749211355013268 -12.485512521173115 -5.6833906749687575 12.180470719713915 -2.3136485237440616 1.2067397870894139 -1.3428786659240723 3.207666866199391 -21.761201329502192 10.460193965694693 6.4842027471179051
leaf_weight=107 108 101 190 139 116 100 148 110 101 105
leaf_count=107 108 101 190 139 116 100 148 110 101 105
internal_value=0 1.17399 3.92432 6.16022 -5.39488 -2.46991 -5.73543 -12.0382 3.15055 1.47231
internal_weight=0 759 535 434 224 566 358 210 208 244
internal_count=1325 759 535 434 224 566 358 210 208 244
is_linear=0
shrinkage=0.05


Tree=95
num_leaves=11
num_cat=0
split_feature=10 5 3 5 15 10 14 10 0 12
split_gain=2.91525e+06 3.82299e+06 7.08547e+06 3.15287e+06 2.9885e+06 2.49748e+06 1.7381e+06 1.44448e+06 1.54698e+06 1.10056e+06
threshold=5225.0711250000013 4.5000000000000009 0.60528756605176615 1.5000000000000002 6.3264409774310773 7308.1447500000013 -276.74925000000002 2516.0477500000002 4.3265715460434935 6801.9046250000001
decision_type=2 2 2 2 2 2 8 2 2 8
left_child=4 3 -3 -2 6 -5 -1 -8 -9 -10
right_child=1 2 -4 5 -6 -7 7 8 9 -11
leaf_value=6.6791237459324382 -4.7763883802980027 1.3042252472468787 -16.89501952293816 -0.66142072244123984 9.6111755560984662 9.2358137877091124 3.9780738058016283 -6.2555563852296654 4.2699680215061298 -3.0237489171747893
leaf_weight=101 187 105 109 143 113 115 129 141 101 106
leaf_count=101 187 105 109 143 113 115 129 141 101 106
internal_value=0 -2.47384 -7.96548 0.16708 2.17445 3.75014 0.720552 -0.541116 -2.21633 0.535021
internal_weight=0 659 214 445 691 258 578 477 348 207
internal_count=1350 659 214 445 691 258 578 477 348 207
is_linear=0
shrinkage=0.05


Tree=96
num_leaves=9
num_cat=0
split_feature=12 5 8 0 10 7 12 13
split_gain=1.55214e+06 1.60301e+06 4.48815e+06 3.25165e+06 3.22218e+06 3.26208e+06 2.74721e+06 747285
threshold=8242.3378750000029 1.0000000180025095e-35 0.81855491997912566 5.8453164760920542 4578.1466250000012 -0.094064084619419355 4856.4187500000007 5181.2097916666671
decision_type=10 2 2 2 2 2 8 8
left_child=1 -1 -3 4 5 -4 -5 -7
right_child=-2 2 3 6 -6 7 -8 -9
leaf_value=-3.722950877370061 -5.7192439226346599 -5.7218122789666461 -4.1208553189212838 2.4811048091522285 -5.3686419455257397 3.5690307021141052 11.251456594757919 9.5032501291384737
leaf_weight=185 107 185 103 196 169 100 164 113
leaf_count=185 107 185 103 196 169 100 164 113
internal_value=0 0.562367 1.33206 2.8764 0.204169 3.18456 6.47649 6.71723
internal_weight=0 1215 1030 845 485 316 360 213
internal_count=1322 1215 1030 845 485 316 360 213
is_linear=0
shrinkage=0.05


Tree=97
num_leaves=10
num_cat=0
split_feature=16 8 13 3 10 0 12 10 13
split_gain=1.79826e+06 3.9698e+06 3.11176e+06 2.55153e+06 2.42256e+06 2.31909e+06 2.97625e+06 1.9835e+06 1.40881e+06
threshold=1.470033114422554 0.94864129199499481 5039.3636532738101 0.69143375676715468 7650.0631250000015 5.3366989476725468 4502.1175000000012 4380.225875000001 4612.8060111607147
decision_type=2 2 10 2 2 2 10 2 10
left_child=2 -2 3 8 5 7 -7 -4 -1
right_child=1 -3 4 -5 -6 6 -8 -9 -10
leaf_value=2.2432966175934541 -1.1931797779178706 11.639156141905028 4.4473287547788312 -7.8415029825662321 -3.7216524295184925 2.2925080645829441 13.74139407896528 -5.0172023216485977 -5.1060681822276353
leaf_weight=184 138 107 124 190 138 128 102 100 101
leaf_count=184 138 107 124 190 138 128 102 100 101
internal_value=0 4.41115 -0.338902 -3.35333 2.07977 3.8432 7.36984 0.222092 -0.361215
internal_weight=0 245 1067 475 592 454 230 224 285
internal_count=1312 245 1067 475 592 454 230 224 285
is_linear=0
shrinkage=0.05


Tree=98
num_leaves=9
num_cat=0
split_feature=5 8 5 12 12 1 1 3
split_gain=2.43002e+06 3.27203e+06 6.20788e+06 5.28504e+06 4.46642e+06 4.7995e+06 2.72203e+06 1.61091e+06
threshold=1.0000000180025095e-35 0.92526156616181343 4.5000000000000009 5384.4587500000007 6304.9237500000008 28.480359844360503 37.593017755495161 0.70728631942887399
decision_type=2 2 2 8 10 2 2 2
left_child=-1 2 6 -4 5 7 -2 -3
right_child=1 4 3 -5 -6 -7 -8 -9
leaf_value=-5.5198399388977375 -2.1755148843551679 4.7955246654050105 -17.172810030877592 -1.5186046334286023 -5.3178234293929538 12.051148409599609 6.4459249610900891 -3.2079761446327781
leaf_weight=191 192 145 100 117 117 176 175 111
leaf_count=191 192 145 100 117 117 176 175 111
internal_value=0 0.576754 -2.02846 -8.73252 3.34806 5.69506 1.93553 1.32526
internal_weight=0 1133 584 217 549 432 367 256
internal_count=1324 1133 584 217 549 432 367 256
is_linear=0
shrinkage=0.05


Tree=99
num_leaves=12
num_cat=0
split_feature=10 6 7 8 12 12 0 12 14 13 7
split_gain=1.59119e+06 3.73685e+06 5.75522e+06 3.96662e+06 4.0289e+06 5.489e+06 2.79429e+06 2.81711e+06 2.41783e+06 1.63088e+06 982427
threshold=5032.0805000000009 1.0000000180025095e-35 0.51082616952379356 0.95530112361429342 4824.5128750000013 2816.6125000000006 4.254308764209755 5518.6168750000006 737.58000000000004 6006.3600818452387 0.074668312648017612
decision_type=2 2 2 2 10 10 2 10 8 8 2
left_child=6 3 -3 4 5 -2 9 8 -8 10 -1
right_child=1 2 -4 -5 -6 -7 7 -9 -10 -11 -12
leaf_value=4.297073526144028 7.0638871087346757 0.88270839154720315 -15.110815086801137 -7.7548547047835132 10.007788752818454 -9.1422123555953689 12.799639758268993 -2.1658604828715329 2.561133850667928 -7.0298434658050546 -2.6942201595495243
leaf_weight=100 105 113 112 104 138 104 120 100 111 100 101
leaf_count=100 105 113 112 104 138 104 120 100 111 100 101
internal_value=0 -1.81535 -7.07851 0.810395 3.3775 -1.00039 1.67447 4.84488 7.87984 -1.81194 0.784035
internal_weight=0 676 225 451 347 209 632 331 231 301 201
internal_count=1308 676 225 451 347 209 632 331 231 301 201
is_linear=0
shrinkage=0.05


Tree=100
num_leaves=9
num_cat=0
split_feature=11 10 14 11 0 14 11 13
split_gain=1.33951e+06 2.04588e+06 2.00358e+06 2.26459e+06 1.63868e+06 1.35786e+06 1.35699e+06 800470
threshold=2387.2200000000007 6909.1327500000007 -294.30324999999988 4092.9800000000005 6.8319901434587917 990.88162500000055 6506.0815000000011 4689.728769345239
decision_type=8 2 8 8 2 8 10 10
left_child=-1 2 -2 -4 -3 6 -5 -7
right_child=1 4 3 5 -6 7 -8 -9
leaf_value=-4.3195875217665494 7.9556043255608531 -7.5623597955592334 6.2767369340447825 -5.4132344038633819 0.1105355920504086 0.01532131516223037 1.4161089383489718 5.3899141599392069
leaf_weight=134 128 107 170 178 199 172 123 116
leaf_count=134 128 107 170 178 199 172 123 116
internal_value=0 0.952789 2.16894 1.19306 -2.57247 -0.274209 -2.62251 2.18009
internal_weight=0 1193 887 759 306 589 301 288
internal_count=1327 1193 887 759 306 589 301 288
is_linear=0
shrinkage=0.05


Tree=101
num_leaves=10
num_cat=0
split_feature=3 13 16 3 15 10 7 4 3
split_gain=1.44193e+06 2.67858e+06 4.6281e+06 4.1464e+06 1.79194e+06 2.23412e+06 1.96022e+06 1.29938e+06 2.13598e+06
threshold=0.69878488308568654 5927.6305461309539 1.4318598526519326 0.73515435512648553 6.6397348068140163 6487.7246250000007 0.51643914541819569 3.5000000000000004 0.55527296729161024
decision_type=2 10 2 2 2 2 2 2 2
left_child=4 2 3 -2 5 7 -6 -1 -9
right_child=1 -3 -4 -5 6 -7 -8 8 -10
leaf_value=-2.2455780278916326 -13.898654211167809 3.0936159081842707 4.5306429845271721 -0.90588941227306019 10.340727846762714 -5.9646579980850225 0.58545848497977626 6.6346452527779807 -1.9108126699415029
leaf_weight=149 139 174 101 110 102 124 104 195 117
leaf_count=149 139 174 101 110 102 124 104 195 117
internal_value=0 -1.97648 -4.49705 -8.15888 1.40534 -0.00686834 5.41574 1.59566 3.4301
internal_weight=0 524 350 249 791 585 206 461 312
internal_count=1315 524 350 249 791 585 206 461 312
is_linear=0
shrinkage=0.05


Tree=102
num_leaves=11
num_cat=0
split_feature=13 12 12 5 13 13 13 11 11 8
split_gain=1.6259e+06 3.57039e+06 3.8035e+06 6.35771e+06 2.42068e+06 2.45309e+06 1.97895e+06 1.93188e+06 1.54986e+06 1.52076e+06
threshold=5896.606912202381 7213.3506250000009 3719.3775000000005 4.5000000000000009 6438.9044062500006 6780.4274873511904 7384.4301934523819 5020.9005000000006 3107.1687500000003 0.91222802153959759
decision_type=8 10 8 2 8 8 8 8 10 2
left_child=1 2 -1 7 -2 -6 -7 8 -4 -8
right_child=4 -3 3 -5 5 6 9 -9 -10 -11
leaf_value=-6.3320502307223183 8.5320199986037455 -9.799271118318714 -2.966834009473569 12.057815811886051 -6.5397457756996165 7.0625472897160666 -5.1771532449722288 -6.9513026724741298 5.4296354046256283 2.9080783337354661
leaf_weight=174 114 111 107 123 100 137 100 103 113 139
leaf_count=174 114 111 107 123 100 137 100 103 113 139
internal_value=0 -1.54073 -0.0621807 2.38391 1.98772 0.420382 2.27148 -1.29996 1.3459 -0.474864
internal_weight=0 731 620 446 590 476 376 323 220 239
internal_count=1321 731 620 446 590 476 376 323 220 239
is_linear=0
shrinkage=0.05


Tree=103
num_leaves=11
num_cat=0
split_feature=10 14 11 14 0 10 8 14 12 11
split_gain=2.75326e+06 4.81385e+06 3.57598e+06 4.89905e+06 2.80303e+06 2.61952e+06 2.04193e+06 1.95328e+06 1.07228e+06 1.7493e+06
threshold=4612.8626250000007 -658.70575000000019 4978.982500000001 288.2758750000001 5.9165666566656681 7924.3781250000011 0.93239925805207879 -898.29912499999989 4605.6617500000002 4804.7018750000007
decision_type=2 10 10 10 2 2 2 10 8 10
left_child=7 -2 3 -3 -4 6 -6 -1 -9 -10
right_child=1 2 4 -5 5 -7 -8 8 9 -11
leaf_value=7.4563767359273072 -12.245923875359928 -1.9422252082353015 -10.096553031322175 12.328583773576989 6.654272014055497 -7.5497146557359134 -3.0500462560370418 4.9771224017496465 -4.3914907740941276 3.306204258525459
leaf_weight=146 102 139 113 106 117 102 101 108 160 137
leaf_count=146 102 139 113 106 117 102 101 108 160 137
internal_value=0 -2.11886 -0.595318 4.23208 -3.32676 -0.936174 2.15823 2.49813 0.710718 -0.840702
internal_weight=0 780 678 245 433 320 218 551 405 297
internal_count=1331 780 678 245 433 320 218 551 405 297
is_linear=0
shrinkage=0.05


Tree=104
num_leaves=10
num_cat=0
split_feature=13 13 13 13 16 11 11 4 13
split_gain=1.49724e+06 2.30888e+06 2.26754e+06 2.5305e+06 2.26746e+06 2.19857e+06 3.30598e+06 2.15801e+06 946659
threshold=5086.3451391369063 4931.5767633928581 5469.2313831845249 5896.606912202381 1.1479328488404406 4960.7100000000009 3192.9375000000005 13.500000000000002 7005.0001934523816
decision_type=8 10 8 8 2 8 10 2 8
left_child=1 5 -2 -4 7 6 -1 8 -5
right_child=2 -3 3 4 -6 -7 -8 -9 -10
leaf_value=-2.5590218173441039 7.4912057285233749 -8.8818782863050405 -6.8467829885744607 -0.70419773014764941 6.0746293123691313 -4.9660480685436577 9.5537420144081118 3.8311572416329094 -7.0522609255530613
leaf_weight=129 127 101 107 126 186 156 100 162 110
leaf_count=129 127 101 107 126 186 156 100 162 110
internal_value=0 -2.15332 1.35065 0.222062 1.51721 -0.388164 2.73039 -0.612639 -3.66304
internal_weight=0 486 818 691 584 385 229 398 236
internal_count=1304 486 818 691 584 385 229 398 236
is_linear=0
shrinkage=0.05


Tree=105
num_leaves=11
num_cat=0
split_feature=13 3 10 0 12 12 10 5 5 13
split_gain=1.56098e+06 2.66586e+06 1.98251e+06 3.57178e+06 2.95456e+06 2.32841e+06 2.25318e+06 2.92786e+06 2.81956e+06 2.42111e+06
threshold=4760.9137745535727 0.69923370096537574 7502.0387500000006 6.4631532597704231 5496.6426250000013 2846.4150000000004 2516.0477500000002 4.5000000000000009 2.5000000000000004 5149.2331622023821
decision_type=8 2 2 2 10 8 2 2 2 10
left_child=1 -1 3 5 -4 -2 -7 8 9 -8
right_child=2 -3 4 -5 -6 6 7 -9 -10 -11
leaf_value=-0.016175823004206242 7.0111480858656439 -9.7257204055786133 -10.255936396837235 9.0262261124967633 1.156713392852827 5.3680318238600249 4.0535579916274198 4.0795751206013335 -11.175636855826891 -6.2657579806217782
leaf_weight=181 101 116 100 131 131 106 101 119 121 130
leaf_count=181 101 116 100 131 131 106 101 119 121 130
internal_value=0 -3.80846 0.301526 1.46805 -3.78383 0.00769252 -1.21822 -2.70047 -4.99259 -1.75385
internal_weight=0 297 1040 809 231 678 577 471 352 231
internal_count=1337 297 1040 809 231 678 577 471 352 231
is_linear=0
shrinkage=0.05


Tree=106
num_leaves=10
num_cat=0
split_feature=4 11 4 12 10 11 8 10 15
split_gain=1.72002e+06 1.89513e+06 2.18469e+06 3.54683e+06 2.99658e+06 4.1519e+06 3.86895e+06 2.94619e+06 776682
threshold=21.500000000000004 1308.4832500000002 17.500000000000004 5088.5527500000007 5225.0711250000013 3978.9895000000006 0.8913825677464472 5717.6577500000012 4.1434574012956862
decision_type=2 10 2 10 2 10 2 2 2
left_child=1 -1 3 4 5 -3 -6 8 -5
right_child=-2 2 -4 7 6 -7 -8 -9 -10
leaf_value=-5.5623466061100819 6.0020605471399096 9.4719562826228554 -4.6068220011036223 4.5276428249394787 -10.400574479393057 -3.5170901780933828 1.9802355461770837 11.131870717856721 -1.5855883995937829
leaf_weight=165 108 116 192 107 148 131 110 131 101
leaf_count=165 108 116 192 107 148 131 110 131 101
internal_value=0 -0.585478 0.207169 1.3023 -1.35337 2.58303 -5.12193 5.25837 1.5592
internal_weight=0 1201 1036 844 505 247 258 339 208
internal_count=1309 1201 1036 844 505 247 258 339 208
is_linear=0
shrinkage=0.05


Tree=107
num_leaves=10
num_cat=0
split_feature=12 15 5 10 7 3 0 12 15
split_gain=1.44131e+06 1.74093e+06 2.44572e+06 2.29689e+06 4.0004e+06 3.72342e+06 3.57271e+06 2.26511e+06 1.2618e+06
threshold=8242.3378750000029 2.9451056216732794 1.0000000180025095e-35 5032.0805000000009 -0.094064084619419355 0.70050660395298137 6.7534725694791717 4985.6865000000007 5.19603904834928
decision_type=10 2 2 2 2 2 2 8 2
left_child=1 -1 -3 4 -4 6 7 -5 -6
right_child=-2 2 3 5 8 -7 -8 -9 -10
leaf_value=-4.572424909707272 -5.9692585116215788 -4.7668078595399859 -3.4028753384505168 -5.2476788943082511 5.568814936392009 -6.302277507739408 8.5969000911242084 4.5475144393373244 12.728472258329392
leaf_weight=165 102 160 101 142 160 168 152 101 100
leaf_count=165 102 160 101 142 160 168 152 101 100
internal_value=0 0.212252 0.940547 1.92883 5.04201 -0.0673628 2.58445 -1.17643 8.32253
internal_weight=0 1249 1084 924 361 563 395 243 260
internal_count=1351 1249 1084 924 361 563 395 243 260
is_linear=0
shrinkage=0.05


Tree=108
num_leaves=10
num_cat=0
split_feature=10 5 7 7 12 14 1 4 16
split_gain=2.03795e+06 4.3847e+06 6.47471e+06 4.02383e+06 2.83966e+06 1.9459e+06 1.30029e+06 1.17373e+06 1.34627e+06
threshold=5130.5347500000007 4.5000000000000009 0.51082616952379356 0.33692794181558616 4745.1537500000013 -898.29912499999989 28.061393870447962 11.500000000000002 0.82396711893411545
decision_type=2 2 2 2 10 10 2 2 2
left_child=5 3 -3 -2 -5 -1 7 8 -7
right_child=1 2 -4 4 -6 6 -8 -9 -10
leaf_value=6.8081434276868711 -6.6654458947479727 0.75103238978475906 -16.851761707055918 -0.012946638495651717 9.5591810832652016 4.5034658453988694 5.4915671709671763 -4.5051799274821374 -2.6086213953911312
leaf_weight=159 128 106 103 194 129 141 103 140 126
leaf_count=159 128 106 103 194 129 141 103 140 126
internal_value=0 -1.93739 -7.92403 0.836908 3.80998 1.97863 0.472958 -0.797108 1.1472
internal_weight=0 660 209 451 323 669 510 407 267
internal_count=1329 660 209 451 323 669 510 407 267
is_linear=0
shrinkage=0.05


Tree=109
num_leaves=10
num_cat=0
split_feature=12 4 12 7 10 4 11 11 11
split_gain=1.46331e+06 1.78032e+06 2.47795e+06 4.7109e+06 4.23865e+06 2.70998e+06 4.47971e+06 1.42684e+06 4.53107e+06
threshold=8242.3378750000029 20.500000000000004 5088.5527500000007 0.2013750641920993 7058.5436250000012 14.500000000000002 1461.8552500000003 4092.9800000000005 5952.9287500000009
decision_type=10 2 10 2 2 2 10 10 10
left_child=1 2 4 -4 5 6 -1 -8 -9
right_child=-2 -3 3 -5 -6 -7 7 8 -10
leaf_value=-9.9074244978047226 -5.1686810419938283 6.1523772094812657 -2.8804945697909909 8.84852970966271 -10.122536688075108 6.6406996040853841 4.920642274153697 -8.6093984736095788 5.4964838889695837
leaf_weight=119 107 144 152 196 117 131 154 110 118
leaf_count=119 107 144 152 196 117 131 154 110 118
internal_value=0 0.925351 0.239214 3.72551 -1.38059 0.237782 -1.43643 1.20244 -1.30899
internal_weight=0 1241 1097 348 749 632 501 382 228
internal_count=1348 1241 1097 348 749 632 501 382 228
is_linear=0
shrinkage=0.05


Tree=110
num_leaves=11
num_cat=0
split_feature=5 8 3 3 12 12 10 7 15 14
split_gain=1.36586e+06 2.32317e+06 1.7441e+06 1.80429e+06 2.92328e+06 3.88498e+06 1.69151e+06 1.68995e+06 1.64041e+06 973718
threshold=1.0000000180025095e-35 0.77103858515298584 0.69613980361678729 0.5313826743517166 5908.5311250000013 4204.136375000001 4927.9083750000009 -0.022655687367580963 4.0297418630751975 383.63387500000005
decision_type=2 2 2 2 10 8 2 2 2 10
left_child=-1 -2 3 8 5 -5 7 -4 -3 -8
right_child=1 2 6 4 -6 -7 9 -9 -10 -11
leaf_value=-4.3080914679614288 -6.8478130555847319 3.6162220850586895 -3.1549673690199853 1.9427634059906005 -1.6886777525549537 14.564848340859934 -8.1938322773166732 5.7146470407987469 -4.29857147451657 -1.2505906693935396
leaf_weight=186 103 128 100 125 111 119 102 116 134 100
leaf_count=186 103 128 100 125 111 119 102 116 134 100
internal_value=0 0.313475 1.02614 2.71554 5.03836 8.09862 -1.46753 1.60834 -0.431802 -4.75658
internal_weight=0 1138 1035 617 355 244 418 216 262 202
internal_count=1324 1138 1035 617 355 244 418 216 262 202
is_linear=0
shrinkage=0.05


Tree=111
num_leaves=10
num_cat=0
split_feature=12 5 0 12 7 11 14 11 7
split_gain=1.29296e+06 1.43229e+06 2.43375e+06 2.04935e+06 3.65144e+06 2.51691e+06 3.21115e+06 6.87619e+06 807620
threshold=8242.3378750000029 1.0000000180025095e-35 3.3231406473980734 3576.5320000000006 0.44833732213304217 1901.4648750000003 176.37475000000009 5063.868625000001 0.3717597178403283
decision_type=10 2 2 8 2 10 10 10 2
left_child=1 -1 -3 4 -4 -5 -7 -8 -9
right_child=-2 2 3 5 -6 6 7 8 -10
leaf_value=-3.3024781541331958 -4.9535285111930634 -5.6431974820444522 4.229626643474286 -2.7450169753437201 -7.9186616218696209 10.924820022302516 11.391515151432584 -5.5099653386268299 0.37881905070522381
leaf_weight=184 108 107 130 121 118 170 140 119 114
leaf_count=184 108 107 130 121 118 170 140 119 114
internal_value=0 0.757569 1.49069 2.32767 -1.55061 3.77618 5.22934 2.63354 -2.62876
internal_weight=0 1203 1019 912 248 664 543 373 233
internal_count=1311 1203 1019 912 248 664 543 373 233
is_linear=0
shrinkage=0.05


Tree=112
num_leaves=9
num_cat=0
split_feature=5 12 11 13 0 10 11 7
split_gain=1.64023e+06 2.17983e+06 4.0151e+06 2.3339e+06 4.10576e+06 3.08968e+06 2.02164e+06 5.48163e+06
threshold=5.5000000000000009 2816.6125000000006 7193.9707500000013 6601.2711622023817 6.1313145203409247 2013.4711250000003 1947.6683750000004 0.25255162048585017
decision_type=2 8 10 10 2 2 10 2
left_child=1 -1 3 4 5 -3 -7 -8
right_child=-2 2 -4 -5 -6 6 7 -9
leaf_value=5.8017571895975957 -4.3779966260476781 7.9258951102197175 -6.779902190253849 -5.2736946985784883 9.0852347382868839 -8.0538349494934085 -5.3828577905011601 9.0386145348350215
leaf_weight=176 186 100 189 113 174 100 169 108
leaf_count=176 186 100 189 113 174 100 169 108
internal_value=0 0.689357 -0.2548 1.35939 2.51076 0.112523 -1.95999 0.239955
internal_weight=0 1129 953 764 651 477 377 277
internal_count=1315 1129 953 764 651 477 377 277
is_linear=0
shrinkage=0.05


Tree=113
num_leaves=10
num_cat=0
split_feature=10 16 13 14 14 7 16 8 3
split_gain=2.70735e+06 2.24089e+06 3.54767e+06 2.90292e+06 2.75247e+06 2.21486e+06 1.58661e+06 1.33834e+06 1.49276e+06
threshold=7391.9315000000015 1.5479909102021316 5076.30549107143 215.29899999999955 -147.03600000000048 0.3951189149017032 0.70922925625895916 0.85164508712988651 0.69409952299281197
decision_type=2 2 10 10 8 2 2 2 2
left_child=1 2 4 -4 -1 -5 -2 -6 -9
right_child=6 -3 3 5 7 -7 -8 8 -10
leaf_value=-9.9464995477062015 0.44482734226712994 6.7955129381020871 8.8366947368532429 -3.084179884901626 4.1985410356521609 6.1767847040324533 -7.4607240164918567 0.60936928728352424 -6.7580298554897311
leaf_weight=104 102 150 160 173 100 103 168 161 120
leaf_count=104 102 150 160 173 100 103 168 161 120
internal_value=0 1.1283 0.205298 3.47825 -2.73698 0.371905 -4.47418 -0.769032 -2.53685
internal_weight=0 1071 921 436 485 276 270 381 281
internal_count=1341 1071 921 436 485 276 270 381 281
is_linear=0
shrinkage=0.05


Tree=114
num_leaves=10
num_cat=0
split_feature=14 11 10 11 13 3 12 4 4
split_gain=1.58435e+06 5.7601e+06 5.29757e+06 3.21788e+06 2.28259e+06 1.5176e+06 1.96224e+06 4.44252e+06 1.87131e+06
threshold=59.139999999999652 4875.6825000000008 5842.5996250000007 4092.9800000000005 5132.1188556547631 0.72394504837700102 4309.4613750000008 17.500000000000004 15.500000000000002
decision_type=8 10 2 8 10 2 10 2 2
left_child=1 2 -1 4 -2 6 8 -8 -5
right_child=3 -3 -4 5 -6 -7 7 -9 -10
leaf_value=-1.1504152695806522 1.7146845445298311 5.2381829290013568 -15.500465156303513 0.56888586328287793 12.064635723590852 -4.927022248906578 2.6936863928726043 -9.6753481100345482 9.3199147653579715
leaf_weight=159 114 152 108 157 100 149 194 116 100
leaf_count=159 114 152 108 157 100 149 194 116 100
internal_value=0 -2.53165 -6.95493 1.17135 6.55111 -0.436571 0.743459 -1.93473 3.97396
internal_weight=0 419 267 930 214 716 567 310 257
internal_count=1349 419 267 930 214 716 567 310 257
is_linear=0
shrinkage=0.05


Tree=115
num_leaves=10
num_cat=0
split_feature=5 8 11 16 14 12 4 16 4
split_gain=1.61005e+06 1.42887e+06 1.45403e+06 1.91075e+06 1.61115e+06 1.276e+06 2.36876e+06 1.93779e+06 1.84976e+06
threshold=1.0000000180025095e-35 0.77234870333900862 8481.3856250000008 1.452588314386994 -308.21374999999983 4605.6617500000002 14.500000000000002 0.59090770188129971 7.5000000000000009
decision_type=2 2 10 2 8 10 2 2 2
left_child=-1 -2 3 4 -3 6 7 -6 -7
right_child=1 2 -4 -5 5 8 -8 -9 -10
leaf_value=-4.4544200003755341 -5.2188056143203587 5.9020092116461864 -3.9274206550304704 6.2119105697946351 3.5547972247275439 1.8791474369856027 7.7630302379337639 -5.5275357552937106 -6.8342854242746531
leaf_weight=196 101 117 130 188 110 104 104 126 147
leaf_count=196 101 117 130 188 110 104 104 126 147
internal_value=0 0.455559 1.01415 1.73111 0.541299 -0.519958 1.47622 -1.29424 -3.22394
internal_weight=0 1127 1026 896 708 591 340 236 251
internal_count=1323 1127 1026 896 708 591 340 236 251
is_linear=0
shrinkage=0.05


Tree=116
num_leaves=11
num_cat=0
split_feature=10 13 13 13 13 12 3 8 15 12
split_gain=1.83108e+06 1.1981e+06 2.32274e+06 2.37441e+06 3.02365e+06 3.79448e+06 4.83544e+06 5.17828e+06 2.08071e+06 1.71367e+06
threshold=2013.4711250000003 7410.9377008928577 6769.4835550595253 6438.9044062500006 5946.3511607142864 7070.5512500000013 0.71397731184781044 0.92850145358987124 4.817595648453735 5077.3042500000001
decision_type=2 10 10 10 10 10 2 2 2 8
left_child=-1 2 3 4 5 6 7 9 -9 -2
right_child=1 -3 -4 -5 -6 -7 -8 8 -10 -11
leaf_value=6.2658573560692652 -6.5628674050857292 -5.6865451368313398 5.6298263382142588 -8.1391739132334902 7.8876441641495774 -9.4012666127761886 -6.5132892220321557 4.0507139811292294 13.572063341736794 2.2319819439413413
leaf_weight=108 116 103 155 103 104 119 184 128 104 106
leaf_count=108 116 103 155 103 104 119 184 128 104 106
internal_value=0 -0.526206 -0.0512148 -0.96466 -0.106385 -1.20464 0.324198 3.09534 8.31891 -2.36352
internal_weight=0 1222 1119 964 861 757 638 454 232 222
internal_count=1330 1222 1119 964 861 757 638 454 232 222
is_linear=0
shrinkage=0.05


Tree=117
num_leaves=10
num_cat=0
split_feature=13 3 10 12 11 13 12 13 12
split_gain=1.26092e+06 4.03424e+06 1.58156e+06 4.34141e+06 2.12383e+06 4.8568e+06 4.4763e+06 2.26689e+06 1.61149e+06
threshold=4724.1026607142858 0.69923370096537574 7014.482750000001 5088.5527500000007 4875.6825000000008 5296.0675505952386 4236.7195000000002 5850.6047738095249 2625.5810000000006
decision_type=8 2 2 10 10 10 10 8 10
left_child=1 -1 4 -4 7 -6 -7 -2 -9
right_child=2 -3 3 -5 5 6 -8 8 -10
leaf_value=1.3815440159936192 -6.0108314709386974 -10.854856711736431 -10.288854918841807 2.6138691394757001 13.401891777448567 8.9572406314015378 -4.6113217483412834 -1.2595779641684663 6.778598786962843
leaf_weight=179 138 108 112 156 107 100 155 158 103
leaf_count=179 138 108 112 156 107 100 155 158 103
internal_value=0 -3.22309 0.52485 -2.77831 1.68812 4.46125 0.709683 -0.827851 1.91258
internal_weight=0 287 1029 268 761 362 255 399 261
internal_count=1316 287 1029 268 761 362 255 399 261
is_linear=0
shrinkage=0.05


Tree=118
num_leaves=10
num_cat=0
split_feature=3 6 8 11 15 12 13 11 13
split_gain=1.13234e+06 3.35163e+06 4.45169e+06 1.94828e+06 1.78651e+06 1.16086e+06 1.274e+06 1.23409e+06 1.12191e+06
threshold=0.65169855779463914 1.0000000180025095e-35 0.85419711777926743 5905.0932500000008 6.8930781967085606 4368.1068750000004 5365.2527046130963 4875.6825000000008 5838.3660863095247
decision_type=2 2 2 10 2 10 10 10 8
left_child=4 2 -2 8 5 7 -7 -1 -4
right_child=1 -3 3 -5 -6 6 -8 -9 -10
leaf_value=-0.41650669509649618 9.5139644164665071 -7.6545404426513173 -2.727986026738654 -7.331499732676007 6.9976051858327928 0.926785768943579 -5.667274067499867 6.3980809486137247 4.2822189831039283
leaf_weight=178 102 186 128 126 103 147 146 106 103
leaf_count=178 102 186 128 126 103 147 146 106 103
internal_value=0 -1.99256 0.301834 -2.3302 0.931805 -0.150998 -2.35899 2.12697 0.397776
internal_weight=0 645 459 357 680 577 293 284 231
internal_count=1325 645 459 357 680 577 293 284 231
is_linear=0
shrinkage=0.05


Tree=119
num_leaves=10
num_cat=0
split_feature=4 7 5 13 5 13 5 14 3
split_gain=1.90289e+06 1.9601e+06 1.82898e+06 1.81506e+06 6.10171e+06 5.22163e+06 4.08175e+06 1.90496e+06 2.4558e+06
threshold=1.5000000000000002 0.61642116844618922 1.0000000180025095e-35 5181.2097916666671 2.5000000000000004 4594.8602090773811 1.5000000000000002 346.18474999999995 0.69991913392725424
decision_type=2 2 2 8 2 10 2 8 2
left_child=-1 2 -2 4 -4 -6 -5 -8 -9
right_child=1 -3 3 6 5 -7 7 8 -10
leaf_value=-6.3847329760910174 -5.1538362936540087 7.1454231609316441 8.2908080517703837 -6.0291004857885735 3.0245517343546435 -10.57542169888286 9.6708597879340186 6.5151696640643344 -2.6777359641389924
leaf_weight=109 154 102 110 109 113 188 137 168 128
leaf_count=109 154 102 110 109 113 188 137 168 128
internal_value=0 0.513036 -0.0980783 0.718907 -1.7869 -5.46978 2.61907 4.79609 2.53986
internal_weight=0 1209 1107 953 411 301 542 433 296
internal_count=1318 1209 1107 953 411 301 542 433 296
is_linear=0
shrinkage=0.05


Tree=120
num_leaves=10
num_cat=0
split_feature=11 10 0 14 7 8 0 10 15
split_gain=1.42866e+06 1.07076e+06 1.58429e+06 1.54774e+06 1.49771e+06 1.78022e+06 1.51973e+06 938829 560159
threshold=2261.2446250000007 7180.7051250000013 6.5518107366292195 -744.34987500000034 0.3717597178403283 0.97847079604404563 4.6493038192708172 8039.261375000001 4.7097779222366691
decision_type=8 2 2 10 2 2 2 2 2
left_child=-1 2 3 -2 5 -5 -7 -3 -6
right_child=1 7 -4 4 8 6 -8 -9 -10
leaf_value=-5.4393239603439971 4.3062727287571922 -6.0575820525667892 6.5744610413261091 -6.5001489343302596 -0.083006305194326821 -4.3180712387257936 3.9064539645195007 0.023880497614542643 4.9403822684288023
leaf_weight=120 186 110 115 175 112 102 125 150 110
leaf_count=120 186 110 115 175 112 102 125 150 110
internal_value=0 0.285874 1.08272 0.303024 -0.890252 -2.7106 0.210852 -2.54905 2.40606
internal_weight=0 1185 925 810 624 402 227 260 222
internal_count=1305 1185 925 810 624 402 227 260 222
is_linear=0
shrinkage=0.05


Tree=121
num_leaves=8
num_cat=0
split_feature=11 4 11 12 12 7 14
split_gain=1.06765e+06 1.2998e+06 2.71507e+06 1.6017e+06 1.44211e+06 3.89354e+06 2.51801e+06
threshold=1506.7007500000002 11.500000000000002 5905.0932500000008 5088.5527500000007 5012.1907500000007 0.43656138290274199 470.48974999999933
decision_type=10 2 10 8 10 2 8
left_child=-1 2 3 -2 6 -6 -3
right_child=1 4 -4 -5 5 -7 -8
leaf_value=-3.0358836048221227 -2.9678931257357966 -2.481445315657862 7.4434286461663008 3.6825409258787447 -7.6208958481830322 4.4215038661686874 7.1339150290335382
leaf_weight=197 195 151 194 169 183 106 124
leaf_count=197 195 151 194 169 183 106 124
internal_value=0 0.955079 2.66601 0.119808 -0.737655 -3.20396 1.85421
internal_weight=0 1122 558 364 564 289 275
internal_count=1319 1122 558 364 564 289 275
is_linear=0
shrinkage=0.05


Tree=122
num_leaves=10
num_cat=0
split_feature=10 12 8 16 5 4 12 16 7
split_gain=1.58143e+06 2.11051e+06 2.0733e+06 2.13253e+06 2.32561e+06 1.38967e+06 3.45857e+06 1.43255e+06 1.18255e+06
threshold=6878.3922500000017 5384.4587500000007 0.79201889620928811 0.24202975853141021 1.0000000180025095e-35 15.500000000000002 5088.5527500000007 0.62596259625962658 0.27822997175252467
decision_type=2 8 2 2 2 2 10 2 2
left_child=2 -2 -1 -4 -5 6 7 -6 -9
right_child=1 -3 3 4 5 -7 -8 8 -10
leaf_value=7.0799454240525357 -6.7635681532197083 1.0604962683859325 -5.9242908920764927 -5.9729278254508973 2.5471623845930615 5.8699657736606499 7.3692296487821949 -0.58187189658100791 -7.986119314389569
leaf_weight=122 177 168 125 100 112 186 139 104 112
leaf_count=122 177 168 125 100 112 186 139 104 112
internal_value=0 -2.95359 0.972383 0.123724 1.12771 2.2151 0.759411 -2.0417 -4.42111
internal_weight=0 345 1000 878 753 653 467 328 216
internal_count=1345 345 1000 878 753 653 467 328 216
is_linear=0
shrinkage=0.05


Tree=123
num_leaves=9
num_cat=0
split_feature=14 3 4 7 11 5 12 15
split_gain=1.44888e+06 6.00404e+06 2.66157e+06 4.02834e+06 2.54008e+06 2.38876e+06 2.02237e+06 1.49793e+06
threshold=-83.292499999999777 0.58385194694120723 3.5000000000000004 0.52183470102190854 6699.5410000000002 3.5000000000000004 4890.243625000001 5.1127571090442387
decision_type=8 2 2 2 10 2 10 2
left_child=1 -1 -2 4 5 6 7 -4
right_child=2 -3 3 -5 -6 -7 -8 -9
leaf_value=6.3849285533553681 -4.5638363696589614 -8.1011056744803991 1.2971168142734188 9.3015489467552737 -4.4353826386481527 7.5863154084819149 5.2484209933523402 -7.3357243328094484
leaf_weight=114 165 192 101 168 180 157 118 100
leaf_count=114 165 192 101 168 180 157 118 100
internal_value=0 -2.70435 1.23262 2.39332 0.624135 2.5374 0.052508 -2.99783
internal_weight=0 306 989 824 656 476 319 201
internal_count=1295 306 989 824 656 476 319 201
is_linear=0
shrinkage=0.05


Tree=124
num_leaves=9
num_cat=0
split_feature=5 14 4 12 0 11 10 12
split_gain=1.1823e+06 3.73833e+06 2.35092e+06 2.94591e+06 2.2009e+06 2.17795e+06 890819 317296
threshold=5.5000000000000009 -720.7254999999999 17.500000000000004 6159.1568750000015 6.0186338078252275 4978.982500000001 3627.9993750000008 3846.0587500000006
decision_type=2 10 2 10 2 10 2 8
left_child=1 -1 4 -4 6 -6 -3 -8
right_child=-2 2 3 -5 5 -7 7 -9
leaf_value=7.4452727975997526 -3.1795649827429742 1.6653911688860425 0.72882676886730513 -10.528008993251904 9.5411041741333307 0.33364624399265264 -0.76385612063040254 -4.3132279040766699
leaf_weight=188 198 188 122 111 126 131 107 153
leaf_count=188 198 188 122 111 126 131 107 153
internal_value=0 1.01007 -0.27971 -4.63387 1.15932 4.84781 -0.956614 -2.85252
internal_weight=0 1126 938 233 705 257 448 260
internal_count=1324 1126 938 233 705 257 448 260
is_linear=0
shrinkage=0.05


Tree=125
num_leaves=10
num_cat=0
split_feature=13 0 10 16 14 14 13 5 12
split_gain=1.27301e+06 1.76094e+06 5.08325e+06 4.39622e+06 4.03185e+06 2.06329e+06 1.15576e+06 2.04013e+06 1.94155e+06
threshold=7384.4301934523819 6.2815892700381157 5741.0952500000012 0.91040354035403548 307.48924999999957 -308.21374999999983 4931.5767633928581 2.5000000000000004 8026.7225000000008
decision_type=10 2 2 2 8 8 8 2 8
left_child=1 2 5 -3 -5 -1 -7 -8 -9
right_child=-2 3 -4 4 -6 6 7 8 -10
leaf_value=7.0455237191502409 -5.710369928253507 8.7440366946629116 -10.406140348000918 -8.1554418771206834 5.1553180942294796 2.649251934455501 1.8841842055657492 -10.144368438588248 -0.97444427542148093
leaf_weight=101 103 175 128 119 109 180 177 108 124
leaf_count=101 103 175 128 119 109 180 177 108 124
internal_value=0 0.0779636 -1.25482 2.78322 -1.79196 0.442813 -0.689401 -2.15873 -5.2432
internal_weight=0 1221 818 403 228 690 589 409 232
internal_count=1324 1221 818 403 228 690 589 409 232
is_linear=0
shrinkage=0.05


Tree=126
num_leaves=10
num_cat=0
split_feature=14 11 5 11 0 3 7 13 14
split_gain=1.25604e+06 3.22141e+06 5.77153e+06 3.02668e+06 3.07481e+06 2.38848e+06 2.10104e+06 1.24694e+06 1.00501e+06
threshold=59.139999999999652 4875.6825000000008 4.5000000000000009 4224.8462500000014 5.3366989476725468 0.71280471904125808 0.10215237023458758 6143.7569166666681 685.78112500000009
decision_type=10 10 2 10 2 2 2 10 10
left_child=1 2 5 4 -2 -1 -5 8 -8
right_child=3 -3 -4 6 -6 -7 7 -9 -10
leaf_value=-3.5285864941977167 0.17584173631668093 4.8505997764480702 -13.249111996960437 -5.0546202762863217 12.188349252625516 5.8846465070854945 -4.6351068335771561 4.6771858112772087 2.2467690995309204
leaf_weight=185 100 143 117 170 114 106 100 179 113
leaf_count=185 100 143 117 170 114 106 100 179 113
internal_value=0 -1.60713 -3.8705 1.51464 6.57503 -0.0997112 -0.412269 1.601 -0.984159
internal_weight=0 551 408 776 214 291 562 392 213
internal_count=1327 551 408 776 214 291 562 392 213
is_linear=0
shrinkage=0.05


Tree=127
num_leaves=9
num_cat=0
split_feature=16 16 13 5 3 14 13 16
split_gain=1.23061e+06 1.85221e+06 1.81027e+06 2.54625e+06 1.56761e+06 1.21581e+06 2.24313e+06 1.11095e+06
threshold=1.0831374804147087 0.82396711893411545 5039.3636532738101 3.5000000000000004 0.63204820109316417 223.68625000000023 4887.6527455357145 0.43002633596693035
decision_type=2 2 10 2 2 8 10 2
left_child=1 2 4 7 -1 -2 -7 -4
right_child=5 -3 3 -5 -6 6 -8 -9
leaf_value=0.93134220871660445 -1.2097599111852193 -5.4317506405726945 -4.021248995866932 7.7591309067229153 -6.4210729622677576 9.7038641628918345 0.59693902269264176 3.0123018033229392
leaf_weight=144 168 189 122 142 146 111 173 104
leaf_count=144 168 189 122 142 146 111 173 104
internal_value=0 -1.06904 0.184073 2.51218 -2.77022 2.16186 4.15634 -0.784571
internal_weight=0 847 658 368 290 452 284 226
internal_count=1299 847 658 368 290 452 284 226
is_linear=0
shrinkage=0.05


Tree=128
num_leaves=10
num_cat=0
split_feature=13 14 4 13 13 5 13 12 3
split_gain=1.68924e+06 2.18429e+06 1.98408e+06 1.75061e+06 2.36078e+06 2.55993e+06 2.82939e+06 1.54077e+06 1.09485e+06
threshold=4771.129851190477 -43.455874999999644 2.5000000000000004 4910.2443452380967 5162.8877604166673 1.5000000000000002 6315.4483363095251 4564.6135000000004 0.64354077747071747
decision_type=8 10 2 10 10 2 10 10 2
left_child=1 -1 -2 -4 -5 -6 -7 -8 -3
right_child=2 8 3 4 5 6 7 -9 -10
leaf_value=-8.8740198460647033 -4.7452416990624107 3.6628738239699725 6.5480904089993448 -5.0769347394957691 -2.8872548977776273 9.4086790138833667 5.3721668560569196 -2.9703845952167987 -3.6811690151101288
leaf_weight=105 122 102 174 132 164 170 102 121 101
leaf_count=105 122 102 174 132 164 170 102 121 101
internal_value=0 -3.01934 1.22315 2.06689 0.935203 2.35998 4.54967 0.845491 0.00894118
internal_weight=0 308 985 863 689 557 393 223 203
internal_count=1293 308 985 863 689 557 393 223 203
is_linear=0
shrinkage=0.05


Tree=129
num_leaves=10
num_cat=0
split_feature=11 12 4 12 1 11 7 14 4
split_gain=1.16853e+06 1.96793e+06 3.19843e+06 2.93266e+06 3.05843e+06 3.00849e+06 3.00778e+06 3.31096e+06 953580
threshold=1901.4648750000003 6304.9237500000008 17.500000000000004 5432.0000000000009 28.061393870447962 6852.170000000001 0.42182715705046808 318.73999999999984 10.500000000000002
decision_type=10 10 2 8 2 10 2 10 2
left_child=8 3 -3 5 -5 6 7 -2 -1
right_child=1 2 -4 4 -6 -7 -8 -9 -10
leaf_value=-6.3826581168819123 8.4587716662458003 1.8569814008284125 -8.1667340354642999 1.7355873423174395 13.52094146945689 6.3834900738419718 -6.4780244308213399 -4.0976817162831622 0.2973262073056212
leaf_weight=111 105 188 138 121 101 148 192 105 103
leaf_count=111 105 188 138 121 101 148 192 105 103
internal_value=0 0.871234 -2.38619 2.24678 7.09739 0.288891 -1.95489 2.18054 -3.16753
internal_weight=0 1098 326 772 222 550 402 210 214
internal_count=1312 1098 326 772 222 550 402 210 214
is_linear=0
shrinkage=0.05


Tree=130
num_leaves=10
num_cat=0
split_feature=11 10 1 8 8 12 16 5 10
split_gain=1.65422e+06 1.71021e+06 3.58802e+06 2.34977e+06 1.48012e+06 1.35686e+06 1.02234e+06 1.37272e+06 1.9698e+06
threshold=2387.2200000000007 7058.5436250000012 42.926233557765585 0.9953286577289514 0.79201889620928811 5088.5527500000007 0.28902056872353971 1.5000000000000002 3832.7250000000008
decision_type=8 2 2 2 2 10 2 2 2
left_child=-1 2 3 4 -2 -3 -6 -8 -9
right_child=1 5 -4 -5 6 -7 7 8 -10
leaf_value=-5.1579715394598296 4.8750947171991523 -6.2992059946970178 10.306755763775595 6.9415854014223441 -5.9420529686487642 0.7213526939934698 -4.4919699527629433 6.1736588031053543 -1.7931537498374881
leaf_weight=127 110 131 111 128 104 145 146 128 197
leaf_count=127 110 131 111 128 104 145 146 128 197
internal_value=0 0.842841 1.87447 0.723197 -0.438779 -2.61087 -1.45535 -0.464651 1.34454
internal_weight=0 1200 924 813 685 276 575 471 325
internal_count=1327 1200 924 813 685 276 575 471 325
is_linear=0
shrinkage=0.05


Tree=131
num_leaves=10
num_cat=0
split_feature=16 5 5 11 16 1 12 5 16
split_gain=1.19373e+06 1.9669e+06 1.81015e+06 1.24548e+06 1.90958e+06 1.08025e+06 1.00304e+06 885199 634890
threshold=1.1748133146647997 1.0000000180025095e-35 4.5000000000000009 9360.8856250000026 0.60159488171039366 35.934474424263108 5088.5527500000007 4.5000000000000009 0.28902056872353971
decision_type=2 2 2 8 2 2 10 2 2
left_child=1 -1 6 4 5 8 -2 -6 -3
right_child=2 3 -4 -5 7 -7 -8 -9 -10
leaf_value=-7.1300803208025174 1.1538672929856835 -1.7155075123676888 -3.4473184804795154 -4.7161947517943892 -0.45076396080163805 7.251994027824046 6.8621208506617055 -6.2368416652679448 3.611718766157292
leaf_weight=128 164 104 118 139 195 107 145 100 121
leaf_count=128 164 104 118 139 195 107 145 100 121
internal_value=0 -1.39286 1.82075 -0.434159 0.515128 3.11617 3.8325 -2.41215 1.14936
internal_weight=0 894 427 766 627 332 309 295 225
internal_count=1321 894 427 766 627 332 309 295 225
is_linear=0
shrinkage=0.05


Tree=132
num_leaves=12
num_cat=0
split_feature=11 13 12 0 11 13 15 8 13 10 7
split_gain=1.00358e+06 1.18367e+06 1.19129e+06 1.52837e+06 2.31937e+06 2.61659e+06 2.07381e+06 1.88324e+06 1.65371e+06 1.09179e+06 455957
threshold=1860.6670000000001 7384.4301934523819 2261.2446250000007 6.8319901434587917 3870.4553750000005 4931.5767633928581 6.4416608327499434 0.86632064599742575 5503.4587425595246 8060.8230000000012 0.34615249817885974
decision_type=10 10 8 2 10 10 2 2 10 2 2
left_child=10 2 -2 4 5 -4 7 -6 -9 -5 -1
right_child=1 -3 3 9 6 -7 -8 8 -10 -11 -12
leaf_value=-0.78022765186097898 -3.8590493007033482 -4.411026354827503 10.992162194252016 9.1888986946287616 6.1201426863670356 -0.4175595586252685 -6.395623107375922 2.1049882751311699 -6.0659148140291199 1.9611876563670543 -5.4656798191070557
leaf_weight=108 102 101 100 105 116 101 135 137 113 104 100
leaf_count=108 102 101 100 105 116 101 135 137 113 104 100
internal_value=0 0.750598 1.26523 1.83897 0.721517 5.25892 -1.09888 0.85484 -1.58826 5.59233 -3.03285
internal_weight=0 1114 1013 911 702 201 501 366 250 209 208
internal_count=1322 1114 1013 911 702 201 501 366 250 209 208
is_linear=0
shrinkage=0.05


Tree=133
num_leaves=11
num_cat=0
split_feature=10 0 10 3 4 7 11 14 3 12
split_gain=968093 2.07138e+06 2.1186e+06 3.04277e+06 2.05588e+06 1.65097e+06 785698 664616 1.74973e+06 1.37423e+06
threshold=7906.507125000001 7.0088953339778435 5777.1615000000011 0.60528756605176615 3.5000000000000004 0.49840052098464266 5485.9666250000009 571.29187499999955 0.72547646831750678 7638.8025000000007
decision_type=2 2 2 2 2 2 10 8 2 8
left_child=1 2 4 -4 -1 7 -2 9 -9 -6
right_child=6 -3 3 -5 5 -7 -8 8 -10 -11
leaf_value=-5.3811080203020483 -0.94212799811363235 6.1695311090967682 -0.11329635332028072 -11.047330087867746 4.8561290876399843 7.2156630419767822 -7.1943609489072671 1.8927480242964698 -6.236283757020761 -2.5387624254226684
leaf_weight=133 100 111 144 114 169 104 101 164 111 100
leaf_count=133 100 111 144 114 169 104 101 164 111 100
internal_value=0 -0.322746 -1.01634 -4.94461 0.28135 1.44355 -4.0838 0.34006 -1.38842 2.1071
internal_weight=0 1150 1039 258 781 648 201 544 275 269
internal_count=1351 1150 1039 258 781 648 201 544 275 269
is_linear=0
shrinkage=0.05


Tree=134
num_leaves=10
num_cat=0
split_feature=13 13 12 12 13 16 3 13 13
split_gain=1.23448e+06 2.07217e+06 2.04708e+06 2.4057e+06 1.88642e+06 2.45285e+06 1.63299e+06 1.88508e+06 306043
threshold=5039.3636532738101 5469.2313831845249 5671.5701250000011 2625.5810000000006 5850.6047738095249 1.1479328488404406 0.50973065633407788 7410.9377008928577 6627.05616889881
decision_type=8 8 10 10 8 2 2 8 10
left_child=2 -2 3 -1 -3 6 -6 8 -8
right_child=1 4 -4 -5 5 -7 7 -9 -10
leaf_value=-4.0424489456137236 6.0103544167512979 -6.4744803423928747 -8.5002546450495711 4.4309737058910166 -6.5497407483163288 5.5305303939102872 5.5049899171380439 -3.9259130955581933 1.6594987887427921
leaf_weight=193 169 101 100 148 107 197 102 142 105
leaf_count=193 169 101 100 148 107 197 102 142 105
internal_value=0 1.00628 -2.2096 -0.364834 -0.115323 0.868253 -1.14593 0.510821 3.55438
internal_weight=0 923 441 341 754 653 456 349 207
internal_count=1364 923 441 341 754 653 456 349 207
is_linear=0
shrinkage=0.05


Tree=135
num_leaves=10
num_cat=1
split_feature=13 13 12 7 11 5 0 9 12
split_gain=1.54998e+06 1.845e+06 1.18232e+06 3.37772e+06 2.38139e+06 3.83091e+06 3.22549e+06 1.51568e+06 1.7494e+06
threshold=7384.4301934523819 7044.6583288690481 3719.3775000000005 0.44833732213304217 7393.6912500000008 4.5000000000000009 6.1313145203409247 0 6950.2427500000003
decision_type=10 8 8 2 8 2 2 9 8
left_child=1 2 3 -1 5 6 7 -4 -9
right_child=-2 -3 4 -5 -6 -7 -8 8 -10
leaf_value=2.4379508059199928 -6.0641863470767987 5.0552925632728476 -7.6485735811685265 -8.5107361932073182 -5.3708069691692835 8.3898870301103887 6.6202052020225217 3.3631692638692936 -5.3290930933044081
leaf_weight=137 101 180 104 145 137 167 119 129 105
leaf_count=137 101 180 104 145 137 167 119 129 105
internal_value=0 0.380513 -0.426257 -3.19169 0.598517 1.90909 -0.459166 -2.95161 -0.515188
internal_weight=0 1223 1043 282 761 624 457 338 234
internal_count=1324 1223 1043 282 761 624 457 338 234
cat_boundaries=0 1
cat_threshold=128
is_linear=0
shrinkage=0.05


Tree=136
num_leaves=10
num_cat=0
split_feature=10 14 14 11 10 3 5 0 0
split_gain=940453 2.76995e+06 2.42343e+06 1.8777e+06 1.63876e+06 1.84016e+06 1.61368e+06 1.15031e+06 1.08573e+06
threshold=5842.5996250000007 -43.455874999999644 -322.82487499999996 3945.3612500000004 2674.9426250000006 0.7227479532947777 2.5000000000000004 4.4951272905068294 7.2177467746774679
decision_type=2 8 8 8 2 2 2 2 2
left_child=2 -2 -1 -4 -5 7 -3 -6 -8
right_child=1 6 3 4 5 -7 8 -9 -10
leaf_value=7.0067022953401592 -7.7294157471690141 -3.7545279276371009 3.8899161611459192 3.62176567460889 -5.4271179217383976 -8.7852615439466071 6.2531737860625363 1.1188302541291841 -0.66912445953914101
leaf_weight=136 143 140 195 107 105 112 123 186 105
leaf_count=136 143 140 195 107 105 112 123 186 105
internal_value=0 -1.82399 0.895695 -0.283165 -1.87876 -3.33919 0.470784 -1.24311 3.06527
internal_weight=0 511 841 705 510 403 368 291 228
internal_count=1352 511 841 705 510 403 368 291 228
is_linear=0
shrinkage=0.05


Tree=137
num_leaves=10
num_cat=0
split_feature=10 0 11 15 12 11 13 7 16
split_gain=951868 1.79335e+06 1.64647e+06 1.43141e+06 1.74292e+06 1.73191e+06 1.84082e+06 911758 719818
threshold=6805.0721250000006 6.8319901434587917 2387.2200000000007 2.9451056216732794 6304.9237500000008 3896.4395000000004 4666.4050074404777 0.52260299747206151 0.814117522863398
decision_type=2 2 8 2 10 8 10 2 2
left_child=2 -2 -1 -4 5 -5 -7 -3 -8
right_child=1 7 3 4 -6 6 8 -9 -10
leaf_value=-4.8761592279462258 -6.7218439204047531 -2.7205258987063452 -2.4918141405793683 9.1148313645773857 -1.4056467018228895 -1.4435971016009179 8.0827787527368091 3.5768156567896447 2.6937241220098782
leaf_weight=102 124 105 158 134 188 169 121 127 127
leaf_count=102 124 105 158 134 188 169 121 127 127
internal_value=0 -1.86772 1.14335 1.82784 2.75139 4.16976 2.5807 0.726726 5.32306
internal_weight=0 356 999 897 739 551 417 232 248
internal_count=1355 356 999 897 739 551 417 232 248
is_linear=0
shrinkage=0.05


Tree=138
num_leaves=11
num_cat=0
split_feature=13 13 12 14 3 13 13 3 13 13
split_gain=1.41802e+06 1.68154e+06 1.94956e+06 2.6114e+06 3.109e+06 1.66803e+06 2.63372e+06 2.20344e+06 1.84988e+06 2.81065e+06
threshold=7384.4301934523819 5039.3636532738101 5671.5701250000011 480.08200000000039 0.59657680338635743 5469.2313831845249 5927.6305461309539 0.50441687681469582 6558.8215498511909 7044.6583288690481
decision_type=10 8 10 10 2 8 8 2 8 8
left_child=1 2 3 4 -1 -3 -7 -8 -9 -10
right_child=-2 5 -4 -5 -6 6 7 8 9 -11
leaf_value=3.5221490578424368 -5.3968410241951066 6.7697993383779149 -7.8589427329526096 6.7381234154981726 -8.0858808554708954 -5.7662498204384818 -3.8707048922214868 9.8269017992196268 -1.9388241353177886 8.0930853319748977
leaf_weight=105 103 154 101 102 128 118 106 108 171 118
leaf_count=105 103 154 101 102 128 118 106 108 171 118
internal_value=0 0.714249 -1.7698 0.0660343 -2.85479 2.11173 0.956583 2.53371 4.2437 2.15725
internal_weight=0 1211 436 335 233 775 621 503 397 289
internal_count=1314 1211 436 335 233 775 621 503 397 289
is_linear=0
shrinkage=0.05


Tree=139
num_leaves=11
num_cat=0
split_feature=3 6 14 7 14 11 4 12 14 15
split_gain=1.46776e+06 3.27301e+06 5.50459e+06 2.78424e+06 2.62701e+06 2.05607e+06 1.9792e+06 1.02097e+06 808805 465746
threshold=0.58244051218004744 1.0000000180025095e-35 401.67312500000031 0.51845976763752333 -225.15187499999954 5868.9698750000016 2.5000000000000004 3486.4720000000002 59.139999999999652 4.2742899289929008
decision_type=2 2 8 2 8 10 2 10 10 2
left_child=4 3 -3 5 -1 8 -6 -8 -2 -9
right_child=1 2 -4 -5 6 -7 7 9 -10 -11
leaf_value=9.322055120468141 -0.95582405388355252 -13.265005307049714 1.9970500743717228 8.2438947019010484 -4.8353588404105263 -5.4694290085470092 -1.6568323314189912 6.8829699097327826 4.3481689803842185 2.1939675161051095
leaf_weight=100 150 129 109 101 130 161 100 103 138 109
leaf_count=100 150 129 109 101 130 161 100 103 138 109
internal_value=0 -1.37662 -6.27524 0.743144 2.00372 -0.944108 0.347983 2.50771 1.58567 4.47211
internal_weight=0 788 238 550 542 449 442 312 288 212
internal_count=1330 788 238 550 542 449 442 312 288 212
is_linear=0
shrinkage=0.05


Tree=140
num_leaves=10
num_cat=0
split_feature=10 0 3 6 7 11 16 15 16
split_gain=1.17185e+06 2.37046e+06 2.46576e+06 2.05102e+06 4.71832e+06 3.40461e+06 2.36762e+06 857003 693144
threshold=4612.8626250000007 4.3265715460434935 0.71728126171082629 1.0000000180025095e-35 0.2013750641920993 5262.7250000000013 1.1479328488404406 6.150906757342403 0.814117522863398
decision_type=2 2 2 2 2 10 2 2 2
left_child=1 8 -3 4 -2 -5 7 -6 -1
right_child=3 2 -4 5 6 -7 -8 -9 -10
leaf_value=0.96242072327800521 -9.0027293576922638 10.729628526346874 0.57627501844421147 -12.186015683589595 -3.2388077285610333 -0.43258977087238171 7.6608009467459031 2.5046096395779323 -3.8440045786575534
leaf_weight=159 106 113 127 101 119 158 157 143 142
leaf_count=159 106 113 127 101 119 158 157 143 142
internal_value=0 1.6503 5.35681 -1.37492 0.421329 -5.01597 2.80546 -0.104042 -1.30506
internal_weight=0 541 240 784 525 259 419 262 301
internal_count=1325 541 240 784 525 259 419 262 301
is_linear=0
shrinkage=0.05


Tree=141
num_leaves=10
num_cat=0
split_feature=13 10 3 10 0 7 8 12 12
split_gain=1.29238e+06 1.5722e+06 1.52574e+06 1.63702e+06 2.56049e+06 2.70139e+06 1.66847e+06 1.84818e+06 872237
threshold=4760.9137745535727 5432.563000000001 0.49167650387539319 7502.0387500000006 6.4631532597704231 0.3951189149017032 0.98323758125013172 5518.6168750000006 5737.547375000001
decision_type=8 2 2 2 2 2 2 8 10
left_child=1 -1 -2 4 5 6 7 -4 -5
right_child=2 -3 3 8 -6 -7 -8 -9 -10
leaf_value=0.38786994607261061 -3.6500580645247598 -6.8133755452705147 1.08587659406662 -5.3240771009190251 9.2775941011600924 7.4958561371354495 3.0175510234627989 -8.4342134351913742 1.0702418331551342
leaf_weight=178 149 132 100 101 133 136 163 104 113
leaf_count=178 149 132 100 101 133 136 163 104 113
internal_value=0 -2.67847 1.01701 1.83512 3.10794 1.47659 -0.753977 -3.7675 -1.94764
internal_weight=0 310 999 850 636 503 367 204 214
internal_count=1309 310 999 850 636 503 367 204 214
is_linear=0
shrinkage=0.05


Tree=142
num_leaves=10
num_cat=0
split_feature=4 4 12 5 12 13 7 7 13
split_gain=950506 1.1263e+06 3.62319e+06 4.1877e+06 2.41739e+06 3.13699e+06 2.14132e+06 1.94505e+06 3.6729e+06
threshold=21.500000000000004 18.500000000000004 5088.5527500000007 5.5000000000000009 2846.4150000000004 4887.6527455357145 0.30771799597985372 0.10577286572386595 5729.8759375000018
decision_type=2 2 10 2 8 10 2 2 10
left_child=1 2 3 4 -1 6 -6 -4 -9
right_child=-2 -3 7 -5 5 -7 -8 8 -10
leaf_value=4.5886065696797722 4.0279104445064275 -4.5479182854294775 -1.1717939024049093 -11.153398237303572 5.6493139414806066 -7.4828626439871035 -3.927716794720403 13.380191425482431 0.88215280558711806
leaf_weight=164 114 168 123 111 127 183 108 108 129
leaf_count=164 114 168 123 111 127 183 108 108 129
internal_value=0 -0.746038 -0.13947 -2.25338 -0.55595 -2.57439 1.24796 3.9298 6.57746
internal_weight=0 1221 1053 693 582 418 235 360 237
internal_count=1335 1221 1053 693 582 418 235 360 237
is_linear=0
shrinkage=0.05


Tree=143
num_leaves=11
num_cat=0
split_feature=13 10 14 14 0 12 13 3 10 8
split_gain=1.58765e+06 1.75568e+06 2.37062e+06 1.73616e+06 1.68724e+06 1.58678e+06 1.51267e+06 788812 1.17729e+06 1.63958e+06
threshold=4771.129851190477 7650.0631250000015 -322.82487499999996 480.08200000000039 6.4631532597704231 6386.7641250000006 4137.0024069940482 0.72394504837700102 3882.9592500000003 0.95616766488096994
decision_type=8 2 8 10 2 10 10 2 2 2
left_child=3 2 -2 6 7 -3 -1 8 -4 -10
right_child=1 5 4 -5 -6 -7 -8 -9 9 -11
leaf_value=-1.0809304443060184 9.5975699971023118 -6.4418724194294272 5.1041412712873955 2.3348546877241971 7.0682011606400481 2.0126736370416789 -9.7132797165672375 -2.2520073752453986 2.7277324581219826 -5.3892870276576224
leaf_weight=102 103 119 155 114 114 104 101 188 162 101
leaf_count=102 103 119 155 114 114 104 101 188 162 101
internal_value=0 1.43633 2.50263 -2.60291 1.48766 -2.49895 -5.37584 0.437853 1.64765 -0.38945
internal_weight=0 1046 823 317 720 223 203 606 418 263
internal_count=1363 1046 823 317 720 223 203 606 418 263
is_linear=0
shrinkage=0.05


Tree=144
num_leaves=11
num_cat=0
split_feature=13 11 13 12 12 12 16 11 13 4
split_gain=986123 1.93718e+06 1.33755e+06 1.55375e+06 1.04642e+06 1.6503e+06 1.85901e+06 1.85566e+06 3.03551e+06 1.02548e+06
threshold=5094.1165543154775 3484.9258750000004 4931.5767633928581 1243.7531250000002 2816.6125000000006 5384.4587500000007 0.78825938149370389 7393.6912500000008 6640.0596130952381 13.500000000000002
decision_type=8 8 10 10 8 8 2 10 8 2
left_child=2 -2 3 -1 -3 6 -6 8 -7 -5
right_child=1 4 -4 9 5 7 -8 -9 -10 -11
leaf_value=-4.0493597634230989 7.5876854192752106 4.9358923902878402 -6.4459791904097203 5.481644361442136 0.64643399059772499 9.6305593698648586 -8.94728245957225 -4.055640931414743 -0.61117822760566676 -1.1826566493069686
leaf_weight=158 104 104 111 124 100 118 102 117 187 108
leaf_count=158 104 104 111 124 100 118 102 117 187 108
internal_value=0 1.20442 -1.6034 -0.225133 0.292526 -0.481368 -4.19792 1.29764 3.3512 2.3793
internal_weight=0 832 501 390 728 624 202 422 305 232
internal_count=1333 832 501 390 728 624 202 422 305 232
is_linear=0
shrinkage=0.05


Tree=145
num_leaves=11
num_cat=0
split_feature=10 14 15 7 12 4 11 3 14 10
split_gain=1.41036e+06 2.546e+06 2.21464e+06 1.89867e+06 2.6768e+06 1.93403e+06 1.88195e+06 1.82535e+06 968634 783516
threshold=4145.9725000000008 -826.26949999999988 3.6463507461857305 0.5270847033853906 6984.4762500000006 5.5000000000000009 4746.6350000000011 0.72723870663756551 850.72074999999984 2674.9426250000006
decision_type=2 10 2 2 10 2 10 2 10 2
left_child=2 -2 9 4 5 -3 -7 -4 -8 -1
right_child=1 3 7 -5 -6 6 8 -9 -10 -11
leaf_value=1.2316654685425432 -8.3629770466202018 5.237544490242005 10.782268355369569 4.105434683789599 -9.0301129210229014 2.286192244921355 -8.5190867838350322 1.5268097001732441 -1.6618960704618289 -4.5132680234909062
leaf_weight=146 111 125 100 188 102 149 103 114 103 100
leaf_count=146 111 125 100 188 102 149 103 114 103 100
internal_value=0 -1.28359 2.13213 -0.263059 -1.67419 -0.111053 -1.99436 5.85179 -5.09049 -1.10367
internal_weight=0 881 460 770 582 480 355 214 206 246
internal_count=1341 881 460 770 582 480 355 214 206 246
is_linear=0
shrinkage=0.05


Tree=146
num_leaves=11
num_cat=0
split_feature=11 12 13 4 8 7 12 0 5 4
split_gain=1.12181e+06 1.09577e+06 1.67532e+06 1.06876e+06 3.0362e+06 2.39502e+06 2.47964e+06 2.45445e+06 1.24851e+06 693060
threshold=1860.6670000000001 1.0000000180025095e-35 4760.9137745535727 16.500000000000004 0.88827056008891014 0.57506574241085595 5088.5527500000007 5.0982306563989743 3.5000000000000004 10.500000000000002
decision_type=10 10 10 2 2 2 10 2 2 2
left_child=9 -2 -3 5 -5 6 8 -8 -4 -1
right_child=1 2 3 4 -6 -7 7 -9 -10 -11
leaf_value=-6.1475256380167878 5.4851547417131448 -4.8202486623053584 -2.4594795226570101 4.1206768238544464 -6.7000277637589907 -4.5891270938294904 2.4974716290560637 13.265073321759701 4.6019487984691345 -0.46837236401580634
leaf_weight=110 103 149 155 120 141 108 110 102 105 105
leaf_count=110 103 149 155 120 141 108 110 102 105 105
internal_value=0 0.57699 0.0663426 0.9321 -1.72499 2.12779 3.66471 7.67811 0.392251 -3.37399
internal_weight=0 1093 990 841 261 580 472 212 260 215
internal_count=1308 1093 990 841 261 580 472 212 260 215
is_linear=0
shrinkage=0.05


Tree=147
num_leaves=11
num_cat=0
split_feature=0 10 3 10 14 14 14 12 7 4
split_gain=846945 2.76974e+06 1.84498e+06 2.12064e+06 1.46115e+06 1.38883e+06 1.05677e+06 1.39305e+06 1.72149e+06 1.03895e+06
threshold=6.2815892700381157 6094.9231250000012 0.71397731184781044 7391.9315000000015 -898.29912499999989 -147.03600000000048 292.0562500000006 7304.1262500000012 0.2297213641603866 17.500000000000004
decision_type=2 2 2 2 10 10 10 8 2 2
left_child=1 4 3 -2 -1 -6 -7 8 -8 -5
right_child=2 -3 -4 9 5 6 7 -9 -10 -11
leaf_value=4.2014619412248608 8.1670474841788003 -8.3692739881078406 -4.0007901557076435 3.8473273825645453 -5.9350209537361351 4.0341423109958043 -7.1500288280708197 3.7089852056503299 1.4659274066870029 -3.0404737700016131
leaf_weight=182 148 105 104 110 112 133 131 100 104 109
leaf_count=182 148 105 104 110 112 133 131 100 104 109
internal_value=0 -0.756157 1.87778 3.54364 0.292895 -0.933587 0.263338 -1.23373 -3.33701 0.419152
internal_weight=0 867 471 367 762 580 468 335 235 219
internal_count=1338 867 471 367 762 580 468 335 235 219
is_linear=0
shrinkage=0.05


Tree=148
num_leaves=10
num_cat=0
split_feature=3 5 7 7 12 15 11 14 7
split_gain=883835 2.58039e+06 2.86854e+06 1.61625e+06 1.28379e+06 1.21151e+06 1.16968e+06 1.8524e+06 721803
threshold=0.69613980361678729 4.5000000000000009 0.04405632420691509 0.02595509350583269 9012.8650000000016 7.239468391283574 4842.3587500000012 300.1569999999993 0.47510688284350872
decision_type=2 2 2 2 8 2 10 10 2
left_child=3 2 -2 -1 6 -4 -5 -8 -9
right_child=1 -3 5 4 -6 -7 7 8 -10
leaf_value=5.8396035763952474 -5.1480927978001594 -7.052802377474773 0.71335321548912267 -2.1534254123767216 -4.070182542641958 7.6645762288892598 8.6387076515257366 -2.7056709587574006 3.0681953745373227
leaf_weight=144 141 154 144 168 150 111 100 100 118
leaf_count=144 141 154 144 168 150 111 100 100 118
internal_value=0 -1.56095 0.574772 1.05635 -0.0266543 3.73918 1.22135 3.00425 0.419633
internal_weight=0 550 396 780 636 255 486 318 218
internal_count=1330 550 396 780 636 255 486 318 218
is_linear=0
shrinkage=0.05


Tree=149
num_leaves=10
num_cat=0
split_feature=13 13 13 13 4 11 11 5 8
split_gain=1.33459e+06 1.32997e+06 1.64126e+06 1.3442e+06 2.67945e+06 2.57216e+06 2.20471e+06 2.17195e+06 1.29718e+06
threshold=7384.4301934523819 6734.5962790178583 6348.9505342261918 6024.8598586309536 9.5000000000000018 5608.3720000000003 6908.167625000001 2.5000000000000004 0.9233285070444347
decision_type=10 10 10 8 2 10 8 2 2
left_child=1 2 3 4 5 8 7 -6 -1
right_child=-2 -3 -4 -5 6 -7 -8 -9 -10
leaf_value=-3.7510645916227432 -5.6969481544587222 4.3202480137086754 -6.4941333731802393 3.901414158271284 3.0113772225685609 9.3392002372458442 -9.7521371699795871 -4.9691705100079808 3.8893011712560468
leaf_weight=122 103 171 101 196 156 101 101 188 102
leaf_count=122 103 171 101 196 156 101 101 188 102
internal_value=0 0.226555 -0.42951 0.204576 -0.736438 2.71489 -3.25707 -1.35008 -0.271969
internal_weight=0 1238 1067 966 770 325 445 344 224
internal_count=1341 1238 1067 966 770 325 445 344 224
is_linear=0
shrinkage=0.05


Tree=150
num_leaves=9
num_cat=0
split_feature=11 12 4 7 14 5 11 16
split_gain=1.35383e+06 1.09096e+06 2.50707e+06 1.44901e+06 5.2291e+06 4.66619e+06 3.10494e+06 291701
threshold=1400.9818750000002 6304.9237500000008 17.500000000000004 0.43992243281430071 368.53837500000014 4.5000000000000009 5147.9050000000016 1.1816042715382651
decision_type=10 10 2 2 10 2 10 2
left_child=-1 3 7 5 -5 6 -2 -3
right_child=1 2 -4 4 -6 -7 -8 -9
leaf_value=-3.9637224082689033 5.1770256428795065 3.637928553040211 -6.9609733649413954 -6.6536980605125429 6.009749837849764 12.225589018798711 -3.9968589381857238 -0.14420956826210024
leaf_weight=185 187 104 137 180 149 114 182 100
leaf_count=185 187 104 137 180 149 114 182 100
internal_value=0 0.643929 -1.72941 1.64062 -0.91858 3.38384 0.652237 1.78394
internal_weight=0 1153 341 812 329 483 369 204
internal_count=1338 1153 341 812 329 483 369 204
is_linear=0
shrinkage=0.05


Tree=151
num_leaves=11
num_cat=0
split_feature=11 11 10 13 13 13 10 12 13 12
split_gain=761322 1.20988e+06 1.93466e+06 1.70716e+06 1.65105e+06 2.38695e+06 2.19584e+06 1.84109e+06 1.21583e+06 644164
threshold=1461.8552500000003 3945.3612500000004 5842.5996250000007 4506.7177566964301 5296.0675505952386 6734.5962790178583 5225.0711250000013 5384.4587500000007 4952.0647619047631 4309.4613750000008
decision_type=10 10 2 10 10 10 2 10 10 10
left_child=-1 2 8 -3 6 7 -5 -6 -2 -7
right_child=1 3 -4 4 5 9 -8 -9 -10 -11
leaf_value=-3.1616253856331746 9.6978459137501112 -6.8740790265798566 -2.2478860913696934 8.8643005810818583 -9.7434005444158203 5.0541590220523336 -0.83189291403843812 -1.2149962214015475 2.0138980346031135 -0.37206912082908428
leaf_weight=188 101 100 118 106 110 106 130 149 105 113
leaf_count=188 101 100 118 106 110 106 130 149 105 113
internal_value=0 0.272972 2.85707 -0.755589 0.101342 -1.5881 3.52318 -4.8371 5.78127 2.25432
internal_weight=0 1138 324 814 714 478 236 259 206 219
internal_count=1326 1138 324 814 714 478 236 259 206 219
is_linear=0
shrinkage=0.05


Tree=152
num_leaves=10
num_cat=0
split_feature=1 10 10 14 14 14 7 10 1
split_gain=1.05083e+06 1.84158e+06 1.39147e+06 1.96723e+06 1.73457e+06 1.35249e+06 1.3803e+06 1.58134e+06 960193
threshold=46.676091355310312 7971.9385000000011 5777.1615000000011 491.34200000000016 -826.26949999999988 -155.75637499999945 0.13823986436366206 3627.9993750000008 25.006434758604204
decision_type=2 2 2 8 10 10 2 2 2
left_child=2 -2 4 -4 -1 -6 7 -7 -8
right_child=1 -3 3 -5 5 6 8 -9 -10
leaf_value=4.7733960415034193 6.8831321620278887 -1.113342057996326 -7.8178956006565237 0.87464525122796344 -5.8718145996610698 1.3450176083764367 -0.022673160330693526 -6.8351551954899366 6.1460193467171251
leaf_weight=184 144 144 137 124 107 129 133 109 120
leaf_count=184 144 144 137 124 107 129 133 109 120
internal_value=0 2.8849 -0.526935 -3.68811 0.528137 -0.778097 0.331939 -2.40136 2.90319
internal_weight=0 288 1043 261 782 598 491 238 253
internal_count=1331 288 1043 261 782 598 491 238 253
is_linear=0
shrinkage=0.05


Tree=153
num_leaves=10
num_cat=0
split_feature=10 15 3 14 5 7 10 4 5
split_gain=834978 1.52443e+06 1.61401e+06 2.49624e+06 1.85876e+06 3.3042e+06 1.53129e+06 1.02017e+06 816292
threshold=2013.4711250000003 3.2525183073862949 0.64058307198457864 -308.21374999999983 4.5000000000000009 0.26723885280282117 7308.1447500000013 14.500000000000002 2.5000000000000004
decision_type=2 2 2 10 2 2 2 2 2
left_child=-1 -2 3 -3 5 7 8 -4 -5
right_child=1 2 4 6 -6 -7 -8 -9 -10
leaf_value=4.0390964797082942 -5.8878093408756573 9.1825201001167311 -0.58647813820838934 5.7913583708465648 -5.9011311085159717 4.7916982357877158 -4.2597541601667483 -7.57951969444205 0.13682291368385413
leaf_weight=106 122 100 100 109 185 197 124 109 154
leaf_count=106 122 100 100 109 185 197 124 109 154
internal_value=0 -0.590418 0.00910123 2.14039 -1.74714 0.145687 0.320722 -4.23357 2.48034
internal_weight=0 1200 1078 487 591 406 387 209 263
internal_count=1306 1200 1078 487 591 406 387 209 263
is_linear=0
shrinkage=0.05


Tree=154
num_leaves=10
num_cat=0
split_feature=1 7 5 10 5 16 12 11 15
split_gain=853677 2.366e+06 3.50974e+06 1.35976e+06 2.04862e+06 1.16685e+06 1.23894e+06 885716 531470
threshold=39.458363824207446 0.41315138530344325 4.5000000000000009 3882.9592500000003 3.5000000000000004 1.0831374804147087 6801.9046250000001 3846.0587500000006 5.1317617872898413
decision_type=2 2 2 2 2 2 8 10 2
left_child=3 -2 -3 4 7 6 8 -1 -5
right_child=1 2 -4 5 -6 -7 -8 -9 -10
leaf_value=1.4260130714234851 7.2611732433523457 3.6866357511944248 -7.2193426593276104 -4.6663325475711446 5.3432039250027055 0.99637416074065133 -8.7371228589503858 -4.9256129926183956 0.43782825469970704
leaf_weight=105 140 189 121 102 176 147 108 115 102
leaf_count=105 140 189 121 102 176 147 108 115 102
internal_value=0 1.86622 -0.570214 -0.824281 1.32245 -2.67636 -4.40678 -1.89416 -2.11425
internal_weight=0 450 310 855 396 459 312 220 204
internal_count=1305 450 310 855 396 459 312 220 204
is_linear=0
shrinkage=0.05


Tree=155
num_leaves=10
num_cat=0
split_feature=4 14 4 16 14 13 4 3 12
split_gain=1.13728e+06 1.12083e+06 1.39893e+06 1.08188e+06 1.9246e+06 2.09319e+06 1.52576e+06 1.33845e+06 833653
threshold=21.500000000000004 -1939.5552499999992 18.500000000000004 0.82396711893411545 546.4607500000003 5166.851205357144 15.500000000000002 0.70791112019137725 5088.5527500000007
decision_type=2 10 2 2 10 10 2 2 10
left_child=1 -1 3 4 5 -3 7 8 -5
right_child=-2 2 -4 6 -6 -7 -8 -9 -10
leaf_value=-4.7018308093673307 4.8517159340674425 1.4098202527802568 -4.3729073380362502 -2.4232077857722407 -1.6920341966957446 10.442738189075305 4.4050441309025414 -6.0124521190469915 3.5548670945781291
leaf_weight=133 114 145 146 138 151 115 114 143 101
leaf_count=133 114 145 146 138 151 115 114 143 101
internal_value=0 -0.376824 0.16945 0.900634 2.79767 5.40515 -0.671304 -2.18623 0.103092
internal_weight=0 1186 1053 907 411 260 496 382 239
internal_count=1300 1186 1053 907 411 260 496 382 239
is_linear=0
shrinkage=0.05


Tree=156
num_leaves=10
num_cat=0
split_feature=4 3 11 14 11 15 13 8 13
split_gain=1.22149e+06 2.22336e+06 1.92123e+06 1.87518e+06 2.43878e+06 2.75763e+06 1.00122e+06 642174 635553
threshold=2.5000000000000004 0.56783897809778294 3379.0362500000006 -194.43287500000017 4092.9800000000005 5.75631174228534 5960.3719270833344 0.88114418652073301 4961.8885863095247
decision_type=2 2 10 8 10 2 10 2 10
left_child=-1 2 -2 -3 5 -5 8 -4 -6
right_child=1 3 7 4 6 -7 -8 -9 -10
leaf_value=-4.3806337667548139 -2.247488576889038 -5.5832512802494474 8.9313681409472512 -0.60499673739884252 -1.9057896516855484 10.457692227363587 0.49700884611107582 3.781931572235548 -7.4738530166593256
leaf_weight=161 100 186 105 129 103 100 172 143 102
leaf_count=161 100 186 105 129 103 100 172 143 102
internal_value=0 0.271892 3.60305 -1.1918 0.156074 4.22587 -2.31603 5.96214 -4.67624
internal_weight=0 1140 348 792 606 229 377 248 205
internal_count=1301 1140 348 792 606 229 377 248 205
is_linear=0
shrinkage=0.05


Tree=157
num_leaves=11
num_cat=0
split_feature=4 4 12 7 14 11 13 13 0 4
split_gain=1.35636e+06 981246 1.6335e+06 3.54526e+06 1.67158e+06 1.74611e+06 2.06279e+06 1.76034e+06 1.42153e+06 768137
threshold=21.500000000000004 1.5000000000000002 3576.5320000000006 0.44833732213304217 1269.8450000000005 3165.6062500000003 5332.7113891369054 4760.9137745535727 6.2815892700381157 12.500000000000002
decision_type=2 2 8 2 8 10 10 10 2 2
left_child=1 -1 3 -3 5 -4 7 -7 -8 -6
right_child=-2 2 4 -5 9 6 8 -9 -10 -11
leaf_value=-4.6368009036047422 5.5292525507509716 2.0759864116484121 -2.3267409941424493 -9.1204309601050166 -5.7058345437049871 2.6273607233195633 -2.0502688174586625 11.423886681353952 5.5503437236243611 0.44620010129456383
leaf_weight=114 112 155 138 130 100 103 155 127 102 103
leaf_count=114 112 155 138 130 100 103 155 127 102 103
internal_value=0 -0.21874 0.233784 -3.03115 1.35758 2.63793 4.04475 7.48457 0.966317 -2.58436
internal_weight=0 1227 1113 285 828 625 487 230 257 203
internal_count=1339 1227 1113 285 828 625 487 230 257 203
is_linear=0
shrinkage=0.05


Tree=158
num_leaves=11
num_cat=0
split_feature=10 5 7 7 13 15 7 10 16 10
split_gain=1.20253e+06 3.03001e+06 2.89825e+06 2.39271e+06 1.16128e+06 1.14794e+06 1.27201e+06 951790 725808 1.58156e+06
threshold=5141.3960000000006 4.5000000000000009 0.33692794181558616 0.51082616952379356 6062.9620312500019 3.2887427631652058 -0.11140841114137455 2237.0975000000003 1.0455031614272545 4259.2112500000012
decision_type=2 2 2 2 8 2 2 2 2 2
left_child=5 2 -2 -3 -4 7 -7 -1 9 -8
right_child=1 3 4 -5 -6 6 8 -9 -10 -11
leaf_value=2.0746830589366407 -5.7966209785143539 -1.1189828079826427 0.052061523575531815 -11.793666976575668 5.9874607287512891 -1.6130159427722295 6.3647434627259534 -4.4273791267474492 7.9700509135539725 -1.8082060627417988
leaf_weight=106 120 106 152 104 180 114 143 120 104 101
leaf_count=106 120 106 152 104 180 114 143 120 104 101
internal_value=0 -1.44274 0.862969 -6.40549 3.27005 1.54239 2.97085 -1.37774 4.47246 2.98168
internal_weight=0 662 452 210 332 688 462 226 348 244
internal_count=1350 662 452 210 332 688 462 226 348 244
is_linear=0
shrinkage=0.05


Tree=159
num_leaves=9
num_cat=0
split_feature=5 8 11 15 11 10 0 11
split_gain=1.44242e+06 1.22395e+06 1.82997e+06 1.51224e+06 1.41065e+06 1.22566e+06 1.7889e+06 1.25329e+06
threshold=1.0000000180025095e-35 0.81855491997912566 5918.0372500000003 6.6625801469035801 5690.4673750000011 4322.9445000000005 5.6855977264393118 6096.9351250000009
decision_type=2 2 8 2 10 2 2 8
left_child=-1 2 -2 5 -5 7 -7 -3
right_child=1 3 -4 4 -6 6 -8 -9
leaf_value=-4.1652973522742593 -7.7547569213561651 -0.66035912348388948 1.6477072050938242 7.6071329694215954 0.97174011414701289 -5.6394806930979531 1.8632427780763479 5.8490949756517185
leaf_weight=198 103 177 104 147 176 182 141 127
leaf_count=198 103 177 104 147 176 182 141 127
internal_value=0 0.453051 -3.03081 1.21217 3.99156 -0.219644 -2.3643 2.05905
internal_weight=0 1157 207 950 323 627 323 304
internal_count=1355 1157 207 950 323 627 323 304
is_linear=0
shrinkage=0.05


Tree=160
num_leaves=10
num_cat=0
split_feature=13 10 12 14 4 14 13 15 0
split_gain=1.41548e+06 1.90742e+06 1.8611e+06 1.70671e+06 1.10384e+06 1.24331e+06 888480 464859 435811
threshold=5039.3636532738101 6655.4568750000008 5032.8700000000008 230.89674999999991 6.5000000000000009 448.07687500000026 5746.8981250000006 4.1043798824326885 5.1188146592437036
decision_type=8 2 8 8 2 10 10 2 2
left_child=4 3 -3 -2 -1 -6 7 -5 -8
right_child=1 2 -4 6 5 -7 8 -9 -10
leaf_value=1.3284786075353623 6.8797472715726373 -6.9806841363672349 1.1852095876734683 0.93122443932074095 -6.5739709504611827 -0.062941129693464076 0.99021605483376163 -3.7875723097584038 5.6466805372238156
leaf_weight=136 171 122 163 108 191 119 101 101 100
leaf_count=136 171 122 163 108 191 119 101 101 100
internal_value=0 1.04006 -2.31037 2.68355 -2.42701 -4.07458 0.933432 -1.34915 3.30687
internal_weight=0 866 285 581 446 310 410 209 201
internal_count=1312 866 285 581 446 310 410 209 201
is_linear=0
shrinkage=0.05


Tree=161
num_leaves=11
num_cat=0
split_feature=10 0 0 3 10 7 10 11 11 16
split_gain=1.33098e+06 1.61576e+06 1.24232e+06 1.57572e+06 1.03676e+06 1.06277e+06 914800 1.19005e+06 916652 882605
threshold=6940.2165000000014 6.8319901434587917 6.0186338078252275 0.71397731184781044 2674.9426250000006 -0.10840777582355555 4707.9080000000004 5746.4165000000012 5905.0932500000008 0.91040354035403548
decision_type=2 2 2 2 2 2 2 8 8 2
left_child=2 -2 4 -4 -1 -6 8 -8 -7 -3
right_child=1 9 3 -5 5 6 7 -9 -10 -11
leaf_value=2.9775724987407308 -8.1421364938645144 2.8667594630122188 7.5614113176241524 -0.79194801373056845 -5.953633948205745 -0.79426364283760398 1.1977441591637159 -6.0266071542364656 5.314127280161931 -3.4815295042085257
leaf_weight=182 105 100 128 101 103 150 107 122 104 121
leaf_count=182 105 100 128 101 103 150 107 122 104 121
internal_value=0 -3.03532 0.644945 3.87718 -0.318833 -1.34263 -0.359333 -2.65104 1.70681 -0.609001
internal_weight=0 326 997 229 768 586 483 229 254 221
internal_count=1323 326 997 229 768 586 483 229 254 221
is_linear=0
shrinkage=0.05


Tree=162
num_leaves=9
num_cat=0
split_feature=7 16 12 7 15 10 7 11
split_gain=988608 1.30038e+06 1.70476e+06 2.9467e+06 1.54276e+06 1.77921e+06 1.52618e+06 968958
threshold=-0.24611475809740127 1.1479328488404406 3426.6762500000009 0.52929179376193913 6.5238634974608578 4145.9725000000008 0.18797285152606205 4612.4537500000015
decision_type=2 2 8 2 2 2 2 10
left_child=-1 2 -2 4 5 -4 -3 -8
right_child=1 6 3 -5 -6 -7 7 -9
leaf_value=-5.031714259515895 -5.1182424622712679 7.1724980705231438 0.35278440158833901 6.416658699190295 3.7350735396430608 -6.4549327542842967 -3.1701288261583875 2.8267232446275519
leaf_weight=101 194 120 189 148 105 195 112 169
leaf_count=101 194 120 189 148 105 195 112 169
internal_value=0 0.113827 -1.01459 0.235185 -1.63569 -3.10426 2.45227 0.436519
internal_weight=0 1232 831 637 489 384 401 281
internal_count=1333 1232 831 637 489 384 401 281
is_linear=0
shrinkage=0.05


Tree=163
num_leaves=10
num_cat=0
split_feature=16 16 10 12 12 8 8 5 0
split_gain=768379 1.61122e+06 1.40245e+06 1.51909e+06 1.39537e+06 1.95717e+06 1.3727e+06 1.94136e+06 595598
threshold=1.1479328488404406 0.95779716860574882 4290.2633750000014 5737.547375000001 6005.8556250000011 0.92526156616181343 0.97847079604404563 2.5000000000000004 6.4720597059705982
decision_type=2 2 2 8 10 2 2 2 2
left_child=1 2 3 -1 5 8 7 -2 -4
right_child=6 -3 4 -5 -6 -7 -8 -9 -10
leaf_value=7.4967080114022737 4.2880755865002333 -6.0457964386790994 -6.0670406354665758 0.046543078194010448 -6.4522981885178341 4.2435200745189512 6.2859164664725302 -3.4808641140687402 -0.63676101647171324
leaf_weight=106 146 128 100 193 116 148 119 179 102
leaf_count=106 146 128 100 193 116 148 119 179 102
internal_value=0 -0.853648 0.015104 2.68774 -1.69974 -0.124608 1.69146 0.00918264 -3.32502
internal_weight=0 893 765 299 466 350 444 325 202
internal_count=1337 893 765 299 466 350 444 325 202
is_linear=0
shrinkage=0.05


Tree=164
num_leaves=10
num_cat=0
split_feature=14 5 12 15 4 11 11 15 4
split_gain=847678 1.44073e+06 1.7972e+06 3.16354e+06 2.88041e+06 2.29142e+06 1.35739e+06 1.22875e+06 1.11963e+06
threshold=-602.19012499999974 1.5000000000000002 6304.9237500000008 5.1708462512917972 16.500000000000004 4726.2925000000005 5120.9475000000011 4.743272938404953 14.500000000000002
decision_type=8 2 10 2 2 10 8 2 2
left_child=-1 7 3 6 -4 -5 -3 -2 -9
right_child=1 2 4 5 -6 -7 -8 8 -10
leaf_value=-3.6741941968006877 1.6196356246548316 3.1148954913256661 2.8003226771033729 11.29266949570092 -8.3936579574659032 2.8551664832310801 -3.7680421817733585 -8.4290834467009752 -1.0024099761364507
leaf_weight=134 124 126 130 137 103 195 166 101 102
leaf_count=134 124 126 130 137 103 195 166 101 102
internal_value=0 0.521606 1.59899 2.99813 -2.14809 6.33691 -0.798007 -2.30198 -4.69745
internal_weight=0 1184 857 624 233 332 292 327 203
internal_count=1318 1184 857 624 233 332 292 327 203
is_linear=0
shrinkage=0.05


Tree=165
num_leaves=10
num_cat=0
split_feature=13 13 13 11 3 7 15 16 14
split_gain=922019 1.74265e+06 1.33228e+06 1.13861e+06 1.23027e+06 2.07649e+06 1.21904e+06 1.70301e+06 747216
threshold=7410.9377008928577 6734.5962790178583 6315.4483363095251 2387.2200000000007 0.72723870663756551 0.02595509350583269 5.6055480548054808 0.91040354035403548 401.67312500000031
decision_type=10 10 10 8 2 2 2 2 8
left_child=1 2 3 -1 5 -5 8 -8 -7
right_child=-2 -3 -4 4 -6 6 7 -9 -10
leaf_value=-4.4926348935002869 -4.4076707096787189 4.9526829720898107 -5.8547912176917585 7.2647040292836627 -2.9203095941529802 1.1034364145053062 7.6265435619889024 -0.90540970868842552 -4.2366421729713286
leaf_weight=115 111 176 102 138 173 114 107 129 154
leaf_count=115 111 176 102 138 173 114 107 129 154
internal_value=0 0.354087 -0.43017 0.164789 0.821971 1.83041 0.342443 2.96289 -1.96512
internal_weight=0 1208 1032 930 815 642 504 236 268
internal_count=1319 1208 1032 930 815 642 504 236 268
is_linear=0
shrinkage=0.05


Tree=166
num_leaves=11
num_cat=0
split_feature=7 7 0 10 14 7 10 10 7 16
split_gain=885514 1.06514e+06 803890 2.31064e+06 2.00237e+06 1.60502e+06 1.4707e+06 1.05597e+06 1.04135e+06 780343
threshold=-0.19564328777165305 -0.078086185941451267 3.5096565212076771 4518.1601250000012 -602.19012499999974 0.52035970222858474 6680.1892500000004 5574.2093750000013 0.57506574241085595 0.82396711893411545
decision_type=2 2 2 2 10 2 2 2 2 2
left_child=-1 -2 -3 9 -5 6 7 -6 -7 -4
right_child=1 2 3 4 5 8 -8 -9 -10 -11
leaf_value=-4.0213898967524049 5.1621781139198797 -4.074768714471297 7.8523370153195149 -7.4564066631959225 -2.5147474863949948 7.4179655243754388 -5.4114843621850017 3.6823117482576437 0.28859848522004627 1.9753263879858929
leaf_weight=122 109 110 111 101 136 100 160 139 105 115
leaf_count=122 109 110 111 101 136 100 160 139 105 115
internal_value=0 0.452129 -0.0245609 0.436166 -0.91363 0.118902 -1.6 0.617584 3.76634 4.86182
internal_weight=0 1186 1077 967 741 640 435 275 205 226
internal_count=1308 1186 1077 967 741 640 435 275 205 226
is_linear=0
shrinkage=0.05


Tree=167
num_leaves=10
num_cat=0
split_feature=10 0 10 14 12 11 4 12 7
split_gain=775848 1.93066e+06 1.93379e+06 979498 1.0116e+06 1.00532e+06 2.22807e+06 2.34011e+06 1.18961e+06
threshold=7988.192250000001 6.8789184474002978 6655.4568750000008 -553.73987499999987 2786.0127500000003 6361.3830000000007 14.500000000000002 2868.1325000000002 0.25255162048585017
decision_type=2 2 2 8 8 10 2 10 2
left_child=1 2 3 -1 -5 6 7 -6 -9
right_child=-2 -3 -4 4 5 -7 -8 8 -10
leaf_value=5.080503672599793 -3.1817798955196683 5.9307861143264224 -6.4186778834742357 4.5053128580645767 -6.6811584902356076 -4.2309664340790167 5.3510714202527181 -2.1583644052517825 5.0993596707690854
leaf_weight=100 176 138 117 101 150 167 151 116 110
leaf_count=100 176 138 117 101 150 167 151 116 110
internal_value=0 0.382936 -0.373589 0.416662 -0.169984 -0.850395 0.220868 -1.8394 1.37416
internal_weight=0 1150 1012 895 795 694 527 376 226
internal_count=1326 1150 1012 895 795 694 527 376 226
is_linear=0
shrinkage=0.05


Tree=168
num_leaves=9
num_cat=0
split_feature=0 10 13 3 13 13 13 13
split_gain=1.20185e+06 1.64478e+06 1.85114e+06 1.53355e+06 2.3567e+06 1.8418e+06 1.05278e+06 1.29432e+06
threshold=6.0298849329377395 4612.8626250000007 6062.9620312500019 0.71817554845182829 6558.8215498511909 5181.2097916666671 5090.1668883928587 4931.5767633928581
decision_type=2 2 10 2 10 8 10 8
left_child=1 6 -3 4 5 -2 7 -1
right_child=3 2 -4 -5 -6 -7 -8 -9
leaf_value=1.9033881513232533 2.9586120339839357 -7.6358692744631824 0.88713940768014821 -3.6172530518770216 -1.7400654248215937 11.361802302433713 3.6489087975890948 -4.2511121610561053
leaf_weight=176 184 162 105 100 154 101 179 166
leaf_count=176 184 162 105 100 154 101 179 166
internal_value=0 -1.09314 -4.28412 1.97074 3.24364 5.93658 0.542162 -1.08388
internal_weight=0 788 267 539 439 285 521 342
internal_count=1327 788 267 539 439 285 521 342
is_linear=0
shrinkage=0.05


Tree=169
num_leaves=11
num_cat=0
split_feature=13 12 4 12 13 16 5 5 7 3
split_gain=1.00647e+06 1.86399e+06 3.14868e+06 2.41297e+06 2.16678e+06 1.48205e+06 3.46405e+06 2.09648e+06 1.46511e+06 1.23595e+06
threshold=5047.1090840773822 5737.547375000001 17.500000000000004 2625.5810000000006 4625.3227596726201 0.61271266015490522 4.5000000000000009 2.5000000000000004 0.15211460679705976 0.67949392497888728
decision_type=10 10 2 10 8 2 2 2 2 2
left_child=1 2 3 4 -1 7 8 -2 -7 -10
right_child=5 -3 -4 -5 -6 6 -8 -9 9 -11
leaf_value=-0.52864780286947888 -0.42657471440972822 -7.9936098816371199 6.8958069684288716 3.6025061711810888 -9.7788411152451786 -3.3702473300518379 -8.0426318449132577 8.824546344418172 0.7413719027650123 7.5847694263376049
leaf_weight=120 124 101 110 105 134 101 119 121 153 116
leaf_count=120 124 101 110 105 134 101 119 121 153 116
internal_value=0 -1.8322 -0.505332 -2.77309 -5.40867 0.968215 -0.622096 4.14235 1.76451 3.69243
internal_weight=0 570 469 359 254 734 489 245 370 269
internal_count=1304 570 469 359 254 734 489 245 370 269
is_linear=0
shrinkage=0.05


Tree=170
num_leaves=9
num_cat=0
split_feature=16 8 5 12 16 5 0 14
split_gain=636342 623463 4.36148e+06 1.81502e+06 2.10477e+06 5.15735e+06 1.45312e+06 994398
threshold=0.11822015534886844 0.97847079604404563 3.5000000000000004 8462.6425000000017 0.5952234112300131 4.5000000000000009 5.8453164760920542 -674.54962499999976
decision_type=2 2 2 8 2 2 2 10
left_child=-1 3 -3 4 -2 6 -6 -5
right_child=1 2 -4 7 5 -7 -8 -9
leaf_value=-3.3396522760391236 6.0494636329009355 -2.4463901988498828 9.0327298971888137 -0.23064080548286436 -0.77832667555585011 -8.577175098135525 5.8172213226870495 -6.968989615400961
leaf_weight=106 173 191 146 100 149 137 190 121
leaf_count=106 173 191 146 100 149 137 190 121
internal_value=0 0.700905 2.52676 -0.00635199 1.32633 -0.390276 2.91829 -3.91996
internal_weight=0 1207 337 870 649 476 339 221
internal_count=1313 1207 337 870 649 476 339 221
is_linear=0
shrinkage=0.05


Tree=171
num_leaves=11
num_cat=0
split_feature=10 15 14 5 1 11 11 11 16 8
split_gain=868030 2.22941e+06 1.763e+06 3.20177e+06 1.98379e+06 1.70887e+06 1.43414e+06 1.26522e+06 1.06656e+06 960639
threshold=3060.8093750000003 2.7233973397339741 -52.435124999999964 4.5000000000000009 21.354369716726811 4384.8025000000007 2846.4150000000004 7461.3461250000009 1.0660510495493993 0.90207405283405706
decision_type=2 2 8 2 2 10 10 10 2 2
left_child=1 -1 3 -2 -4 6 -6 8 -7 -9
right_child=2 -3 4 -5 5 7 -8 9 -10 -11
leaf_value=-1.9894355680515519 0.21910312338308857 7.2375240735709667 -5.0015152112081438 -11.236403557333617 1.3082544728842649 -5.3658213609165246 9.5181962994695866 6.2570945901870729 1.2888377132324074 -0.59041173003968739
leaf_weight=134 154 128 138 101 110 143 103 100 104 105
leaf_count=134 154 128 138 101 110 143 103 100 104 105
internal_value=0 2.51839 -0.696237 -4.31818 0.453943 1.58605 5.27832 -0.153887 -2.56386 2.74984
internal_weight=0 262 1058 255 803 665 213 452 247 205
internal_count=1320 262 1058 255 803 665 213 452 247 205
is_linear=0
shrinkage=0.05


Tree=172
num_leaves=11
num_cat=1
split_feature=16 10 13 10 13 2 9 10 13 2
split_gain=1.14751e+06 1.19954e+06 2.46126e+06 2.10299e+06 1.61362e+06 1.40779e+06 1.33672e+06 1.31119e+06 1.11493e+06 736995
threshold=1.8809867097820903 7906.507125000001 5039.3636532738101 4290.2633750000014 4594.8602090773811 296.85541422848377 0 3687.0222500000004 6037.4356845238099 168.38966776773717
decision_type=2 2 10 2 8 2 9 2 10 2
left_child=1 2 3 6 -5 7 -1 -4 -9 -10
right_child=-2 -3 5 4 -6 -7 -8 8 9 -11
leaf_value=-4.4416761844845141 4.4816055617332458 -5.167417654110368 5.2595582338540181 -2.3163913802345202 -11.127900723430599 7.2160869090557105 2.3150644170651162 -4.8266764830390949 -1.8095104446505557 4.1591068401651565
leaf_weight=108 100 157 114 101 107 100 183 119 101 106
leaf_count=108 100 157 114 101 107 100 183 119 101 106
internal_value=0 -1.0939 -0.478366 -3.00992 -6.84924 1.86098 -0.265671 0.643909 -0.970153 1.24688
internal_weight=0 1196 1039 499 208 540 291 440 326 207
internal_count=1296 1196 1039 499 208 540 291 440 326 207
cat_boundaries=0 1
cat_threshold=136
is_linear=0
shrinkage=0.05


Tree=173
num_leaves=10
num_cat=0
split_feature=10 0 16 12 11 3 10 0 14
split_gain=1.1698e+06 655518 1.78449e+06 1.62878e+06 748722 1.14891e+06 1.77032e+06 1.19451e+06 513495
threshold=1952.7477500000002 6.4888474958606981 0.901297074151859 5384.4587500000007 1860.6670000000001 0.56693514952373192 4469.8098750000008 5.3820562611816749 499.81450000000046
decision_type=2 2 2 8 10 2 2 2 10
left_child=-1 4 -3 -4 -2 7 -7 8 -6
right_child=1 2 3 -5 5 6 -8 -9 -10
leaf_value=4.7685482145524496 -5.0577954503826632 4.2969595717400626 -6.9750834188461299 1.8228652116414663 1.4452411277252333 0.6423426826960511 -6.3508882635897335 5.7707922025918963 -3.4637517137527469
leaf_weight=102 133 194 100 111 114 180 182 100 100
leaf_count=102 133 194 100 111 114 180 182 100 100
internal_value=0 -0.806446 0.835654 -2.34678 -1.62851 -0.953814 -2.87359 1.25943 -0.848681
internal_weight=0 1214 405 211 809 676 362 314 214
internal_count=1316 1214 405 211 809 676 362 314 214
is_linear=0
shrinkage=0.05


Tree=174
num_leaves=11
num_cat=0
split_feature=4 1 5 8 5 12 4 8 14 12
split_gain=681421 2.85871e+06 2.14904e+06 1.6843e+06 3.76184e+06 1.79651e+06 1.97412e+06 1.01567e+06 945645 800667
threshold=6.5000000000000009 34.167725193828339 5.5000000000000009 0.78718110153833443 1.0000000180025095e-35 3015.1575000000007 16.500000000000004 0.95474494077760641 473.45962500000002 5473.0875000000015
decision_type=2 2 2 2 2 10 2 2 8 10
left_child=1 7 3 -2 -5 8 9 -1 -6 -7
right_child=2 -3 -4 4 5 6 -8 -9 -10 -11
leaf_value=-3.3272778531163931 6.5510958717132999 8.3985688866396266 -6.0362611525542249 -8.6367300622231138 1.6441368494147348 -0.29895827951885406 -4.233398403543414 3.057374863764819 8.3231999588903971 5.9365827801203963
leaf_weight=160 104 123 143 113 105 105 198 102 107 101
leaf_count=160 104 123 143 113 105 105 198 102 107 101
internal_value=0 2.11042 -0.37358 0.598525 -0.250675 1.28768 -0.668338 -0.84165 5.01517 2.75827
internal_weight=0 385 976 833 729 616 404 262 212 206
internal_count=1361 385 976 833 729 616 404 262 212 206
is_linear=0
shrinkage=0.05


Tree=175
num_leaves=11
num_cat=0
split_feature=3 5 3 7 11 5 13 10 0 16
split_gain=713316 3.7398e+06 2.08029e+06 1.72818e+06 2.46731e+06 2.63807e+06 1.47199e+06 1.13916e+06 648710 1.1135e+06
threshold=0.58244051218004744 5.5000000000000009 0.54778829968049425 0.52260299747206151 6908.167625000001 3.5000000000000004 6052.3133430059534 6177.6658750000015 4.621078774544122 0.7809225366981144
decision_type=2 2 2 2 10 2 8 2 2 2
left_child=2 3 7 4 5 6 -2 8 9 -1
right_child=1 -3 -4 -5 -6 -7 -8 -9 -10 -11
leaf_value=3.3177258586883549 -4.4045180052340385 -9.537053458044463 7.3163532018661499 5.5381317963565353 -6.6576554915062474 7.5570637912585825 2.9090653468401007 -4.7153474836673555 4.1995541071305516 -4.1253481411697841
leaf_weight=100 167 107 120 137 133 116 117 103 122 101
leaf_count=100 167 107 120 137 133 116 117 103 122 101
internal_value=0 -0.856864 1.50135 0.529375 -0.758054 1.20356 -1.39153 -0.136673 1.3234 -0.422326
internal_weight=0 777 546 670 533 400 284 426 323 201
internal_count=1323 777 546 670 533 400 284 426 323 201
is_linear=0
shrinkage=0.05


Tree=176
num_leaves=10
num_cat=0
split_feature=10 12 8 14 16 0 10 10 0
split_gain=850388 952464 1.54653e+06 857325 1.15456e+06 1.94763e+06 1.55816e+06 1.42336e+06 1.23327e+06
threshold=2237.0975000000003 6304.9237500000008 0.89739128759917253 1171.5847500000002 0.75891755842250885 6.5236773677367745 4518.1601250000012 6655.4568750000008 5.2076929915213759
decision_type=2 10 2 10 2 2 2 2 2
left_child=-1 3 -3 4 5 6 -2 8 -6
right_child=1 2 -4 -5 7 -7 -8 -9 -10
leaf_value=4.0533588507963767 3.5766257151625211 0.87179494912807753 -6.1463547169407713 4.4956547075960813 -3.1375730340821404 7.8791044019460692 -4.0073310148456818 -6.5105851030349733 3.7395453838051349
leaf_weight=124 133 156 158 119 140 100 138 120 122
leaf_count=124 133 156 158 119 140 100 138 120 122
internal_value=0 -0.298362 -2.65963 0.551912 -0.0713359 1.91534 -0.285315 -2.0008 0.0647493
internal_weight=0 1186 314 872 753 371 271 382 262
internal_count=1310 1186 314 872 753 371 271 382 262
is_linear=0
shrinkage=0.05


Tree=177
num_leaves=10
num_cat=0
split_feature=13 13 13 13 12 12 13 16 8
split_gain=1.12033e+06 1.11192e+06 1.87323e+06 1.61493e+06 1.47953e+06 2.23292e+06 2.56401e+06 1.78387e+06 1.27718e+06
threshold=7319.4136011904775 6769.4835550595253 6438.9044062500006 5838.3660863095247 7070.5512500000013 3719.3775000000005 4647.6477619047628 0.82057233501127913 0.95210745033794308
decision_type=10 10 10 10 10 10 10 2 2
left_child=1 2 3 4 5 6 8 -7 -1
right_child=-2 -3 -4 -5 -6 7 -8 -9 -10
leaf_value=-2.5290526188951632 -5.5045473037981516 3.9665625226418708 -6.8928984049324686 5.0449770566395351 -6.1898089614483203 8.0477074424105322 -8.2321649689828202 -0.06990750364009167 3.8853105257897482
leaf_weight=179 102 151 107 140 109 124 124 149 137
leaf_count=179 102 151 107 140 109 124 124 149 137
internal_value=0 -0.0497405 -0.617057 0.0809831 -0.764466 0.0649343 -2.13909 3.61721 0.251858
internal_weight=0 1220 1069 962 822 713 440 273 316
internal_count=1322 1220 1069 962 822 713 440 273 316
is_linear=0
shrinkage=0.05


Tree=178
num_leaves=11
num_cat=0
split_feature=13 0 16 10 14 7 12 14 3 12
split_gain=747421 864361 1.07114e+06 835384 1.28404e+06 1.222e+06 1.72229e+06 2.20688e+06 872643 233296
threshold=7410.9377008928577 6.8319901434587917 0.89070295918480824 5758.8316250000016 -898.29912499999989 0.28911242237189688 7920.0148750000008 491.34200000000016 0.5904064878864802 6304.9237500000008
decision_type=10 2 2 2 10 2 8 10 2 8
left_child=1 3 -3 4 -1 6 7 -6 -5 -7
right_child=-2 2 -4 8 5 9 -8 -9 -10 -11
leaf_value=4.5467224233605892 -3.7794470632076265 7.0257181380011815 0.49231225431781928 0.20442488760717456 0.43533005636671318 4.442544795513153 2.9522878522926992 -9.1995623063265803 -6.0224720302716044 1.0984128615178099
leaf_weight=178 100 110 146 124 115 100 113 123 103 109
leaf_count=178 100 110 146 124 115 100 113 123 103 109
internal_value=0 0.71676 3.29964 0.0315621 0.847457 -0.328381 -2.1307 -4.54405 -2.621 2.69848
internal_weight=0 1221 256 965 738 560 351 238 227 209
internal_count=1321 1221 256 965 738 560 351 238 227 209
is_linear=0
shrinkage=0.05


Tree=179
num_leaves=9
num_cat=0
split_feature=10 14 12 13 4 14 5 12
split_gain=872678 2.16049e+06 2.24527e+06 1.82167e+06 1.76707e+06 1.56783e+06 1.29494e+06 583821
threshold=6507.9031250000007 35.524749999999592 6220.841625 5071.9340029761916 14.500000000000002 251.8466249999988 3.5000000000000004 5505.5550000000012
decision_type=2 8 8 10 2 10 2 10
left_child=3 -2 -3 4 6 -5 -1 -7
right_child=1 2 -4 5 -6 7 -8 -9
leaf_value=0.23204636052250863 -6.3273784537550428 4.5972936302258827 -4.5660275322086408 7.5434416586576507 3.8112596348220231 -0.88637292508725773 -6.0570907686270923 4.0715381284929668
leaf_weight=176 142 181 106 172 153 135 153 106
leaf_count=176 142 181 106 172 153 135 153 106
internal_value=0 -1.28293 1.21293 1.45991 -0.628158 3.89684 -2.69269 1.29429
internal_weight=0 429 287 895 482 413 329 241
internal_count=1324 429 287 895 482 413 329 241
is_linear=0
shrinkage=0.05


Tree=180
num_leaves=10
num_cat=0
split_feature=10 14 14 12 15 14 7 12 4
split_gain=705899 2.09338e+06 1.42272e+06 1.41131e+06 1.41078e+06 1.28674e+06 913025 931827 987288
threshold=5225.0711250000013 -52.435124999999964 1269.8450000000005 3396.2362500000004 6.1298588192152561 -826.26949999999988 0.28911242237189688 3379.0362500000006 10.500000000000002
decision_type=2 8 10 10 2 10 2 10 2
left_child=5 -2 3 -3 -5 -1 7 -7 -9
right_child=1 2 -4 4 -6 6 -8 8 -10
leaf_value=4.9387430416609712 -5.912446690437406 -2.7616701530443657 -4.4220537312262884 -0.70385465710838835 6.7991953734195594 1.7984831960155416 2.9968302384666776 -0.11071140565604808 -6.8267474981290963
leaf_weight=167 172 111 113 101 165 130 161 107 112
leaf_count=167 172 111 113 101 165 130 161 107 112
internal_value=0 -1.16677 0.499062 1.97409 3.95029 1.12943 -0.11794 -1.55484 -3.5454
internal_weight=0 662 490 377 266 677 510 349 219
internal_count=1339 662 490 377 266 677 510 349 219
is_linear=0
shrinkage=0.05


Tree=181
num_leaves=9
num_cat=0
split_feature=16 4 5 13 7 12 5 7
split_gain=986028 642855 1.91948e+06 1.88974e+06 1.17017e+06 1.29602e+06 1.41474e+06 1.03534e+06
threshold=1.9422192219221934 6.5000000000000009 5.5000000000000009 5785.1372313988113 0.53653740940828587 6025.4506250000004 1.5000000000000002 0.11129445540687362
decision_type=2 2 2 8 2 10 2 2
left_child=1 3 4 -1 5 6 -3 -8
right_child=-2 2 -4 -5 -6 -7 7 -9
leaf_value=4.738575789958074 4.5375268158912663 -3.7632112584773854 -6.9981509957202652 -2.5169592806462493 3.6562454708748393 -5.5661001455358097 -1.4587224280148483 4.825986797993
leaf_weight=181 100 159 129 178 144 140 113 156
leaf_count=181 100 159 129 178 144 140 113 156
internal_value=0 -0.630154 -1.38626 1.14112 -0.369504 -1.39012 -0.0241409 2.18594
internal_weight=0 1200 841 359 712 568 428 269
internal_count=1300 1200 841 359 712 568 428 269
is_linear=0
shrinkage=0.05


Tree=182
num_leaves=10
num_cat=0
split_feature=15 10 11 13 4 14 14 13 11
split_gain=1.00605e+06 1.24417e+06 1.63388e+06 1.24033e+06 1.23354e+06 2.87721e+06 2.49543e+06 1.1499e+06 1.10538e+06
threshold=8.2776861019435284 4612.8626250000007 5952.9287500000009 4931.5767633928581 5.5000000000000009 284.47750000000002 -147.03600000000048 6006.3600818452387 1860.6670000000001
decision_type=2 2 10 10 2 8 8 8 10
left_child=1 2 3 8 5 -3 -6 -8 -1
right_child=-2 4 -4 -5 6 -7 7 -9 -10
leaf_value=-1.3833417819096494 3.4916808590917534 7.1019617100954058 6.8253628562287538 -3.4127572700134303 -10.571032368903067 -4.4257431676327172 -4.7870500615136384 1.3336138277697418 5.0194943677101822
leaf_weight=130 167 100 101 181 102 118 145 163 140
leaf_count=130 167 100 101 181 102 118 145 163 140
internal_value=0 -0.654646 1.07708 -0.210231 -2.1768 0.862195 -3.79265 -1.54787 1.93665
internal_weight=0 1180 552 451 628 218 410 308 270
internal_count=1347 1180 552 451 628 218 410 308 270
is_linear=0
shrinkage=0.05


Tree=183
num_leaves=10
num_cat=0
split_feature=13 3 4 3 3 11 13 13 5
split_gain=1.0985e+06 911139 822052 759444 2.0651e+06 1.57588e+06 2.0658e+06 2.24653e+06 852060
threshold=4748.5616488095247 0.59657680338635743 2.5000000000000004 0.56693514952373192 0.52177074205233442 3294.7815000000005 4931.5767633928581 5946.3511607142864 2.5000000000000004
decision_type=8 2 2 2 2 8 10 10 2
left_child=1 -1 -2 4 -4 -5 -7 -8 -9
right_child=2 -3 3 5 -6 6 7 8 -10
leaf_value=0.39330545646172982 -3.0732951086806501 -5.0670286673036493 0.17651916842220883 5.9731205224400696 9.1470182211399074 4.9754781868498208 -7.3736501099258067 -3.2765883591175085 2.6432434125100417
leaf_weight=135 127 176 179 101 100 118 151 100 155
leaf_count=135 127 176 179 101 100 118 151 100 155
internal_value=0 -2.69679 0.693506 1.22269 3.39175 0.254423 -0.847845 -2.54034 0.321741
internal_weight=0 311 1031 904 279 625 524 406 255
internal_count=1342 311 1031 904 279 625 524 406 255
is_linear=0
shrinkage=0.05


Tree=184
num_leaves=10
num_cat=0
split_feature=11 12 12 13 15 11 3 0 15
split_gain=676811 761819 1.42854e+06 2.76576e+06 3.86788e+06 1.9618e+06 1.24749e+06 938327 836927
threshold=1461.8552500000003 6455.7137500000008 3576.5320000000006 6410.8930498511918 5.6055480548054808 6629.5200000000013 0.57675011777641749 6.0298849329377395 6.0418583525019178
decision_type=10 10 8 10 2 10 2 2 2
left_child=-1 2 5 4 6 8 -4 -3 -2
right_child=1 7 3 -5 -6 -7 -8 -9 -10
leaf_value=-3.0069682366036354 -1.0924100151062013 0.58948027495096422 4.0120624094759973 -3.339400081735262 11.261079141230418 4.0354754875687995 -3.3560359377861029 -4.9785844336460983 -7.398985115257469
leaf_weight=188 100 169 135 142 145 102 100 137 111
leaf_count=188 100 169 135 142 145 102 100 137 111
internal_value=0 0.230791 1.01291 2.61434 4.83916 -1.65786 0.876701 -1.90341 -4.41009
internal_weight=0 1141 835 522 380 313 235 306 211
internal_count=1329 1141 835 522 380 313 235 306 211
is_linear=0
shrinkage=0.05


Tree=185
num_leaves=10
num_cat=0
split_feature=13 13 5 4 7 11 5 12 0
split_gain=990306 1.07228e+06 903568 2.16474e+06 1.37275e+06 1.20091e+06 1.32277e+06 2.24054e+06 715670
threshold=7319.4136011904775 7044.6583288690481 5.5000000000000009 2.5000000000000004 0.52183470102190854 6852.170000000001 3.5000000000000004 5384.4587500000007 5.0885241301907973
decision_type=10 8 2 2 2 8 2 10 2
left_child=1 2 3 -1 5 6 7 8 -5
right_child=-2 -3 -4 4 -6 -7 -8 -9 -10
leaf_value=-6.1401538523383765 -4.8899797287317792 4.1344219113007572 -3.8874678687544062 -0.67712582147173717 5.0149261232915814 -3.6413884276929114 6.0233544121617859 4.6815353012747236 -6.4724910869002343
leaf_weight=115 101 156 151 114 182 161 115 144 100
leaf_count=115 101 156 151 114 182 161 115 144 100
internal_value=0 0.259033 -0.299711 0.282192 1.1873 0.0885203 1.35811 -0.140504 -3.38524
internal_weight=0 1238 1082 931 816 634 473 358 214
internal_count=1339 1238 1082 931 816 634 473 358 214
is_linear=0
shrinkage=0.05


Tree=186
num_leaves=11
num_cat=0
split_feature=11 13 13 16 0 12 16 3 0 8
split_gain=962650 885508 1.10525e+06 2.31071e+06 1.31727e+06 1.48788e+06 1.17505e+06 1.18777e+06 793441 473509
threshold=1461.8552500000003 7410.9377008928577 5166.851205357144 1.4785270193686049 5.2397100821193243 3913.7600000000002 1.470033114422554 0.58752844152932371 5.362036203620363 0.92021562108842703
decision_type=10 10 10 2 2 10 2 2 2 2
left_child=-1 2 6 4 -4 -6 7 9 -9 -2
right_child=1 -3 3 -5 5 -7 -8 8 -10 -11
leaf_value=-2.9303310659413784 3.8548404226303101 -3.4923306984476525 1.1094759361436035 -3.4941432790936164 2.3175131021159712 10.157325708787173 4.5157317368489398 -1.0588292492760552 -7.0459269836970737 -1.0109016995728017
leaf_weight=183 100 101 151 106 101 151 106 117 105 100
leaf_count=183 100 101 151 106 101 151 106 117 105 100
internal_value=0 0.976808 1.41209 3.07461 4.80237 7.01518 -0.190613 -1.37278 -3.89056 1.42197
internal_weight=0 1138 1037 509 403 252 528 422 222 200
internal_count=1321 1138 1037 509 403 252 528 422 222 200
is_linear=0
shrinkage=0.05


Tree=187
num_leaves=9
num_cat=0
split_feature=4 0 10 10 14 8 12 5
split_gain=722188 575671 1.48454e+06 1.3403e+06 1.01048e+06 839420 1.33396e+06 1.50031e+06
threshold=1.5000000000000002 6.8319901434587917 6094.9231250000012 8178.9776250000004 -308.21374999999983 0.8835790288393367 2786.0127500000003 2.5000000000000004
decision_type=2 2 2 2 8 2 10 2
left_child=-1 2 4 -3 -2 -6 -7 -8
right_child=1 3 -4 -5 5 6 7 -9
leaf_value=-4.0408945351316223 4.5573329866394516 4.9747874653520014 -4.4265853980861642 -2.2101164082500424 2.7923697190782044 1.9310562359320151 0.058268086322479776 -7.2107323617168833
leaf_weight=114 129 165 189 107 163 185 144 140
leaf_count=114 129 165 189 107 163 185 144 140
internal_value=0 0.120228 -0.460462 2.14837 0.524554 -0.298592 -1.37285 -3.52504
internal_weight=0 1222 950 272 761 632 469 284
internal_count=1336 1222 950 272 761 632 469 284
is_linear=0
shrinkage=0.05


Tree=188
num_leaves=10
num_cat=0
split_feature=3 6 4 11 7 11 4 15 15
split_gain=848705 1.71756e+06 3.52199e+06 2.34831e+06 2.09439e+06 1.18352e+06 1.11832e+06 779917 859305
threshold=0.58385194694120723 1.0000000180025095e-35 14.500000000000002 2153.2641250000006 0.26723885280282117 6852.170000000001 15.500000000000002 3.0274583013856944 4.8475778133368914
decision_type=2 2 2 10 2 10 2 2 2
left_child=5 3 -3 -2 6 7 -5 -1 -9
right_child=1 2 -4 4 -6 -7 -8 8 -10
leaf_value=-3.5489156560737549 6.5271734890184909 -11.417238553654066 1.2354518162120474 -1.5969930053405141 2.3153090628710662 5.1858910572954589 -8.3726179703659973 3.70281452244113 -1.7394248324813266
leaf_weight=119 114 110 110 138 198 140 109 161 132
leaf_count=119 114 110 110 138 198 140 109 161 132
internal_value=0 -1.34848 -5.09089 0.12438 -1.51589 1.21423 -4.58705 -0.135369 1.25102
internal_weight=0 779 220 559 445 552 247 412 293
internal_count=1331 779 220 559 445 552 247 412 293
is_linear=0
shrinkage=0.05


Tree=189
num_leaves=10
num_cat=0
split_feature=11 10 6 11 11 7 6 14 12
split_gain=933923 671164 2.0091e+06 3.52948e+06 2.54871e+06 1.46838e+06 1.28252e+06 1.15846e+06 2.28824e+06
threshold=1461.8552500000003 5225.0711250000013 1.0000000180025095e-35 5905.0932500000008 5485.9666250000009 0.45342637268663055 1.0000000180025095e-35 265.89874999999989 5878.9408750000011
decision_type=10 2 2 10 10 2 2 10 8
left_child=-1 6 4 -4 -3 -6 7 -2 -9
right_child=1 2 3 -5 5 -7 -8 8 -10
leaf_value=-2.6992603649804883 4.3895349441881644 6.4892328962276542 -10.739968097209932 1.9313619824706532 -5.9685496653616426 2.3849738065186923 7.0256517814988859 -5.0565466792616132 4.5687182644817321
leaf_weight=182 166 183 100 122 100 111 119 146 107
leaf_count=182 166 183 100 122 100 111 119 146 107
internal_value=0 1.15455 0.027656 -3.77644 2.17108 -1.57404 2.44482 1.14382 -0.985782
internal_weight=0 1154 616 222 394 211 538 419 253
internal_count=1336 1154 616 222 394 211 538 419 253
is_linear=0
shrinkage=0.05


Tree=190
num_leaves=10
num_cat=0
split_feature=13 13 13 15 13 13 12 7 11
split_gain=687209 1.27891e+06 1.17296e+06 1.20667e+06 2.12483e+06 1.56301e+06 1.13028e+06 1.28566e+06 1.06153e+06
threshold=5039.3636532738101 5469.2313831845249 6024.8598586309536 3.7559269815870482 6558.8215498511909 7044.6583288690481 5737.547375000001 0.40930586836933308 4023.7812500000005
decision_type=8 8 8 2 10 10 10 2 8
left_child=6 -2 -3 -4 -5 -6 7 8 -1
right_child=1 2 3 4 5 -7 -8 -9 -10
leaf_value=5.6661933735856476 4.7196687139055262 -4.1194290224633185 -3.8495115638853195 7.1644497914905969 -3.2021695471702416 4.002556543880039 -6.1438430891253732 -4.0068527472602744 -1.4099678098030812
leaf_weight=106 159 153 111 137 187 126 110 143 106
leaf_count=106 159 153 111 137 187 126 110 143 106
internal_value=0 0.664267 -0.238827 0.819519 1.97121 -0.301864 -1.71536 -0.343155 2.12811
internal_weight=0 873 714 561 450 313 465 355 212
internal_count=1338 873 714 561 450 313 465 355 212
is_linear=0
shrinkage=0.05


Tree=191
num_leaves=9
num_cat=0
split_feature=10 13 12 12 13 11 13 13
split_gain=1.43036e+06 892482 1.60382e+06 1.59669e+06 1.35028e+06 1.12374e+06 1.08651e+06 736236
threshold=7906.507125000001 5039.3636532738101 5256.165750000001 2905.9450000000002 5469.2313831845249 8147.4127500000013 5838.3660863095247 6601.2711622023817
decision_type=2 8 10 10 8 10 10 10
left_child=1 2 3 -1 -3 6 -6 -8
right_child=-2 4 -4 -5 5 -7 7 -9
leaf_value=-2.0183449235664406 -4.2733234330294607 5.681694551951745 -6.2155813592867775 5.7392238132953644 -1.4265367473700108 -4.4217734665870667 6.7444413480304535 1.394924434139786
leaf_weight=197 187 153 122 100 195 100 105 166
leaf_count=197 187 153 122 100 195 100 105 166
internal_value=0 0.445236 -1.389 0.593631 1.51415 0.387583 1.41963 3.46762
internal_weight=0 1138 419 297 719 566 466 271
internal_count=1325 1138 419 297 719 566 466 271
is_linear=0
shrinkage=0.05


Tree=192
num_leaves=9
num_cat=0
split_feature=5 8 13 13 11 3 13 16
split_gain=885748 1.74132e+06 1.00751e+06 2.38904e+06 1.9425e+06 1.89096e+06 1.93252e+06 2.4488e+06
threshold=1.0000000180025095e-35 0.81855491997912566 4594.8602090773811 5047.1090840773822 4092.9800000000005 0.56783897809778294 6019.169925595239 0.79763531908746554
decision_type=2 2 8 8 8 2 8 2
left_child=-1 -2 -3 -4 -5 -6 -7 -8
right_child=1 2 3 4 5 6 7 -9
leaf_value=-3.014401402672132 -3.664437727399708 5.1546294014155869 -4.7704272599189315 8.5719139356315139 5.0133059058870586 -7.0105280329880202 -4.0479567917960662 6.5510771595348025
leaf_weight=195 194 160 154 100 182 103 108 110
leaf_count=195 194 160 154 100 182 103 108 110
internal_value=0 0.63921 1.54969 0.787744 2.20724 0.941901 -1.3665 1.30018
internal_weight=0 1111 917 757 603 503 321 218
internal_count=1306 1111 917 757 603 503 321 218
is_linear=0
shrinkage=0.05


Tree=193
num_leaves=11
num_cat=0
split_feature=16 12 12 5 14 5 12 4 10 8
split_gain=871180 1.51901e+06 1.23447e+06 1.17548e+06 1.07137e+06 1.10192e+06 927256 812193 803286 512287
threshold=1.424803591470259 4645.4502500000008 1171.4996250000002 2.5000000000000004 -322.82487499999996 1.5000000000000002 4625.6637500000006 15.500000000000002 5326.8267500000011 0.91299788836275464
decision_type=2 10 10 2 10 2 10 2 2 2
left_child=2 -2 3 -1 -4 8 9 -8 -6 -7
right_child=1 -3 4 -5 5 6 7 -9 -10 -11
leaf_value=0.37416389364945263 7.0247222251676282 -0.65166544585392394 5.0486229070595341 -6.3811437270125833 -0.18493514902451461 6.1896791791915895 1.3444016623355095 -4.2450274570932924 -6.4755384351947534 1.1775179920288232
leaf_weight=114 116 145 112 148 102 100 168 106 101 104
leaf_count=114 116 145 112 148 102 100 168 106 101 104
internal_value=0 2.76006 -0.466242 -3.44181 0.516859 -0.228453 1.08225 -0.817932 -3.31474 3.63446
internal_weight=0 261 1055 262 793 681 478 274 203 204
internal_count=1316 261 1055 262 793 681 478 274 203 204
is_linear=0
shrinkage=0.05


Tree=194
num_leaves=10
num_cat=0
split_feature=0 13 10 11 7 12 13 14 3
split_gain=1.16351e+06 1.09843e+06 2.15215e+06 1.78836e+06 1.76309e+06 1.37492e+06 1.13265e+06 1.23867e+06 841460
threshold=3.3231406473980734 5086.3451391369063 4025.8915000000006 5485.9666250000009 0.5270847033853906 4745.1537500000013 4887.6527455357145 480.08200000000039 0.57151255782500343
decision_type=2 8 2 8 2 10 10 10 2
left_child=-1 6 -3 5 8 -4 7 -2 -5
right_child=1 2 3 4 -6 -7 -8 -9 -10
leaf_value=-4.9034572715109048 -3.0074984075249853 6.6295070245657888 0.089585634888402682 -1.1863917202949525 2.6643775483139422 7.6037367381301584 -6.3489808873013338 3.5317006864968472 -7.1155542466464459
leaf_weight=132 185 146 151 100 119 102 111 119 149
leaf_count=132 185 146 151 100 119 102 111 119 149
internal_value=0 0.0459975 1.16717 -0.117049 -2.34184 3.11901 -2.02615 -0.447746 -4.73436
internal_weight=0 1182 767 621 368 253 415 304 249
internal_count=1314 1182 767 621 368 253 415 304 249
is_linear=0
shrinkage=0.05


Tree=195
num_leaves=10
num_cat=0
split_feature=15 10 13 10 0 10 12 8 8
split_gain=606700 869861 1.17681e+06 1.25709e+06 899996 1.17339e+06 1.26131e+06 1.06485e+06 716990
threshold=8.64326849351602 7906.507125000001 5039.3636532738101 5432.563000000001 4.561518651865188 4873.2451250000013 4502.1175000000012 0.95530112361429342 0.89832463868887169
decision_type=2 2 8 2 2 2 10 2 2
left_child=1 2 3 8 7 -6 -7 -4 -1
right_child=-2 -3 4 -5 5 6 -8 -9 -10
leaf_value=2.7985754520893096 3.021424466087705 -4.8419847224209764 1.7553381039879541 -6.884169847310126 5.9735283541841575 -2.1479968993560128 4.0877017308103625 -5.3369369848393928 -2.4714844719394224
leaf_weight=100 126 111 110 111 147 184 145 102 182
leaf_count=100 126 111 110 111 147 184 145 102 182
internal_value=0 -0.626881 -0.194063 -2.37683 1.05278 2.25965 0.600259 -1.65698 -0.602669
internal_weight=0 1192 1081 393 688 476 329 212 282
internal_count=1318 1192 1081 393 688 476 329 212 282
is_linear=0
shrinkage=0.05


Tree=196
num_leaves=10
num_cat=0
split_feature=12 4 4 12 16 12 14 13 14
split_gain=728003 1.44602e+06 1.11548e+06 2.01501e+06 1.54294e+06 1.0736e+06 1.03632e+06 993201 615304
threshold=6005.8556250000011 16.500000000000004 15.500000000000002 5088.5527500000007 0.82396711893411545 4605.6617500000002 -469.30712500000021 4832.9830877976201 387.85100000000006
decision_type=10 2 2 10 2 8 10 10 10
left_child=2 -2 3 4 6 -6 -1 -4 -8
right_child=1 -3 7 -5 5 -7 8 -9 -10
leaf_value=-3.4718197165183655 0.73263759524264238 -5.6507080661399023 6.2804230141893846 5.7858323155676281 -2.0759105713276025 -8.4454285509181481 5.4345952418504986 0.075894773838131924 0.0071406591718441983
leaf_weight=103 188 168 129 103 176 106 102 129 107
leaf_count=103 188 168 129 103 176 106 102 129 107
internal_value=0 -2.27973 0.369451 -0.670215 -1.7897 -4.47013 0.632998 3.17816 2.65595
internal_weight=0 356 955 697 594 282 312 258 209
internal_count=1311 356 955 697 594 282 312 258 209
is_linear=0
shrinkage=0.05


Tree=197
num_leaves=11
num_cat=0
split_feature=15 15 14 12 4 14 3 12 11 12
split_gain=1.01384e+06 907992 1.03064e+06 1.22079e+06 1.47633e+06 1.37561e+06 784612 625371 615826 490864
threshold=8.2776861019435284 7.479235423542355 -658.70575000000019 3846.0587500000006 2.5000000000000004 -43.455874999999644 0.56693514952373192 8133.3738750000011 5608.3720000000003 5298.5196250000008
decision_type=2 2 8 8 2 8 2 8 10 10
left_child=1 2 -1 8 -5 -6 9 -8 -4 -7
right_child=-2 -3 3 4 5 6 7 -9 -10 -11
leaf_value=4.4169253536798427 3.3285843578506924 -4.9240256834030154 -0.064970718753539922 -7.0404672172795175 -6.0965891948113082 0.18243767567051269 -3.7359705425444107 0.83800604217930852 5.226001808712784 5.0879725876421036
leaf_weight=103 170 120 118 115 104 103 147 152 103 101
leaf_count=103 170 120 118 115 104 103 147 152 103 101
internal_value=0 -0.804598 -0.332006 -0.850712 -1.84603 -0.861911 0.220409 -1.41074 2.40096 2.61116
internal_weight=0 1166 1046 943 722 607 503 299 221 204
internal_count=1336 1166 1046 943 722 607 503 299 221 204
is_linear=0
shrinkage=0.05


Tree=198
num_leaves=11
num_cat=0
split_feature=16 11 5 16 5 13 13 5 14 14
split_gain=882243 942474 2.02465e+06 1.31013e+06 1.70756e+06 1.17602e+06 1.11006e+06 1.16982e+06 1.09914e+06 820967
threshold=1.9422192219221934 6565.8356250000006 2.5000000000000004 0.394446389083353 4.5000000000000009 6062.9620312500019 5560.4712291666674 2.5000000000000004 1005.8776250000002 387.85100000000006
decision_type=2 10 2 2 2 10 8 2 10 8
left_child=1 3 -3 9 5 6 7 -5 -4 -1
right_child=-2 2 8 4 -6 -7 -8 -9 -10 -11
leaf_value=4.8352581131256231 4.3046783223891492 -4.0478133516491583 7.0906816869340048 2.0953775129938053 -6.9766858445398476 3.3100412383049473 -6.2530573210239417 -4.7116485246755548 0.25734199698608701 -1.3224636650085451
leaf_weight=118 104 106 141 163 159 119 125 103 101 100
leaf_count=118 104 106 141 163 159 119 125 103 101 100
internal_value=0 -0.490494 1.71468 -1.35566 -2.45259 -1.04214 -2.36671 -0.540426 4.23875 2.01062
internal_weight=0 1235 348 887 669 510 391 266 242 218
internal_count=1339 1235 348 887 669 510 391 266 242 218
is_linear=0
shrinkage=0.05


Tree=199
num_leaves=9
num_cat=0
split_feature=12 11 7 5 11 4 11 11
split_gain=693059 1.7509e+06 1.91877e+06 1.33079e+06 1.3124e+06 1.70963e+06 1.81711e+06 1.12477e+06
threshold=6304.9237500000008 6816.0311250000004 0.42182715705046808 3.5000000000000004 6908.167625000001 14.500000000000002 1947.6683750000004 5020.9005000000006
decision_type=8 10 2 2 10 2 10 10
left_child=1 2 7 -4 5 6 -2 -1
right_child=4 -3 3 -5 -6 -7 -8 -9
leaf_value=5.0178388752871088 -7.030686111337153 5.5361054924461577 -0.19723931550979615 -7.6585472292495229 -5.1592233804807277 3.8209236448668706 1.3149844978229712 -1.2958355940621475
leaf_weight=180 116 180 137 106 146 196 149 116
leaf_count=180 116 180 137 106 146 196 149 116
internal_value=0 1.26643 -0.159432 -3.45197 -1.02796 0.280421 -2.33821 2.54356
internal_weight=0 719 539 243 607 461 265 296
internal_count=1326 719 539 243 607 461 265 296
is_linear=0
shrinkage=0.05


Tree=200
num_leaves=10
num_cat=0
split_feature=16 0 10 0 10 0 7 0 4
split_gain=636321 1.4629e+06 1.73771e+06 1.11344e+06 956978 1.35343e+06 1.2024e+06 965370 1.02035e+06
threshold=1.0895381204787153 4.5459684857374638 5032.0805000000009 6.8789184474002978 4290.2633750000014 5.7400823415674909 0.48935299848452962 3.3700800635619119 11.500000000000002
decision_type=2 2 2 2 2 2 2 2 2
left_child=4 -2 -3 -4 7 -6 -7 -1 -9
right_child=1 2 3 -5 5 6 -8 8 -10
leaf_value=-2.0164920879684334 -3.4148961150220467 8.6539653413435982 -1.6719787653488449 5.0495004406069768 -5.4394838943076813 2.6874592057356006 -3.246930220505087 7.0795604812036643 0.13425527370727816
leaf_weight=131 112 102 158 101 188 178 164 101 111
leaf_count=131 112 102 158 101 188 178 164 101 111
internal_value=0 1.5773 3.12613 0.949139 -0.699856 -2.03161 -0.158271 1.35795 3.4431
internal_weight=0 473 361 259 873 530 342 343 212
internal_count=1346 473 361 259 873 530 342 343 212
is_linear=0
shrinkage=0.05


Tree=201
num_leaves=11
num_cat=0
split_feature=3 15 7 3 12 4 3 12 12 4
split_gain=968040 1.41279e+06 1.89154e+06 1.35361e+06 1.24304e+06 980415 1.45027e+06 1.44731e+06 1.27565e+06 651983
threshold=0.71463745631888853 6.7247127490526841 0.41055027379576448 0.74087761392373974 3576.5320000000006 1.5000000000000002 0.55152302345175219 5856.0325000000012 5963.4620000000014 5.5000000000000009
decision_type=2 2 2 2 10 2 2 8 10 2
left_child=1 5 -3 4 -2 -1 8 -8 9 -7
right_child=3 2 -4 -5 -6 6 7 -9 -10 -11
leaf_value=-4.5031944663184031 -7.9132750383290373 9.6007841542655346 1.1902757825387507 2.2459392822571913 -0.799376965362391 -1.6033913708997496 1.6416170639991763 -6.8651806645393378 7.4323876234830593 3.6087041780081663
leaf_weight=105 110 102 194 137 139 132 100 100 102 110
leaf_count=105 110 102 194 137 139 132 100 100 102 110
internal_value=0 1.22584 4.08849 -1.7458 -3.94206 -0.0797819 0.774002 -2.61178 2.74248 0.765743
internal_weight=0 945 296 386 249 649 544 200 344 242
internal_count=1331 945 296 386 249 649 544 200 344 242
is_linear=0
shrinkage=0.05


Tree=202
num_leaves=10
num_cat=0
split_feature=8 11 14 13 13 14 12 12 10
split_gain=599376 973057 2.3643e+06 1.23536e+06 2.2405e+06 1.01561e+06 841257 1.89989e+06 1.0864e+06
threshold=0.99821055881106358 4804.7018750000007 -449.02100000000013 6062.9620312500019 4931.5767633928581 265.89874999999989 6873.0156250000009 4368.1068750000004 5497.1775000000007
decision_type=2 8 10 10 10 8 10 10 2
left_child=1 2 -1 4 -4 -3 7 8 -7
right_child=-2 5 3 -5 -6 6 -8 -9 -10
leaf_value=-8.0042113158816388 -3.6294495108989206 4.6149486721763147 3.0298802603935377 5.2107761112770241 -5.9915828142457341 -0.49983489054372943 4.5003918128270728 -4.887448229491711 5.9026916876017488
leaf_weight=105 101 195 145 101 131 174 102 160 107
leaf_count=105 101 195 145 101 131 174 102 160 107
internal_value=0 0.378575 -1.36871 0.479373 -1.25205 1.51976 0.408223 -0.538265 1.93814
internal_weight=0 1220 482 377 276 738 543 441 281
internal_count=1321 1220 482 377 276 738 543 441 281
is_linear=0
shrinkage=0.05


Tree=203
num_leaves=10
num_cat=0
split_feature=13 5 13 13 12 12 13 4 12
split_gain=838033 1.19139e+06 2.50122e+06 2.82186e+06 1.94495e+06 2.09525e+06 1.10931e+06 1.48269e+06 1.37276e+06
threshold=6024.8598586309536 3.5000000000000004 5132.1188556547631 4096.0548519345248 3672.9137500000002 5154.9900000000007 7384.4301934523819 14.500000000000002 3913.7600000000002
decision_type=8 2 10 10 8 10 10 2 8
left_child=1 2 3 -1 -3 -6 7 8 -2
right_child=6 4 -4 -5 5 -7 -8 -9 -10
leaf_value=-6.1096928263132559 5.1610949859440893 -4.2096677653115391 -8.7903040480641987 4.0611538821874662 8.5738204647370466 -0.59998729285739716 -2.7305357741374596 6.5815374455638436 -2.0847078009730295
leaf_weight=113 107 104 112 172 123 126 102 179 168
leaf_count=113 107 104 112 172 123 126 102 179 168
internal_value=0 -0.580286 -2.45942 0.0285024 1.53308 3.93165 1.98127 3.03987 0.734568
internal_weight=0 750 397 285 353 249 556 454 275
internal_count=1306 750 397 285 353 249 556 454 275
is_linear=0
shrinkage=0.05


Tree=204
num_leaves=10
num_cat=0
split_feature=16 1 12 5 12 12 15 7 3
split_gain=646064 1.22614e+06 1.90639e+06 1.40244e+06 723660 795558 1.76122e+06 1.02922e+06 1.12449e+06
threshold=1.0895381204787153 20.665838879643783 3090.8956250000006 3.5000000000000004 6005.8556250000011 3465.9887500000009 6.0418583525019178 0.48437931100148762 0.65169855779463914
decision_type=2 2 10 2 10 10 2 2 2
left_child=4 -2 -3 -4 5 7 -7 8 -1
right_child=1 2 3 -5 -6 6 -8 -9 -10
leaf_value=3.592059301064078 -3.7766080694291198 8.2415978205085985 3.4793192709485687 -3.8562635690224272 -3.9488848493649407 -1.4508112478937423 6.8672889860868453 -5.7217505990005124 -2.984567587204229
leaf_weight=113 103 101 144 119 195 175 100 123 153
leaf_count=113 103 101 144 119 195 175 100 123 153
internal_value=0 1.03969 2.40255 0.160177 -1.2709 -0.48445 1.57395 -1.93962 -0.190737
internal_weight=0 467 364 263 859 664 275 389 266
internal_count=1326 467 364 263 859 664 275 389 266
is_linear=0
shrinkage=0.05


Tree=205
num_leaves=11
num_cat=0
split_feature=13 13 13 1 12 5 11 16 13 12
split_gain=624319 1.3153e+06 2.36008e+06 1.09883e+06 1.20669e+06 1.28708e+06 1.31826e+06 1.17206e+06 921731 2.39214e+06
threshold=7410.9377008928577 6749.2609836309539 6380.9452492559531 42.105142458015031 3818.5398750000004 3.5000000000000004 3532.5338750000005 0.87928237268171239 5332.7113891369054 6801.9046250000001
decision_type=10 10 10 2 8 2 10 2 8 8
left_child=1 2 3 4 -1 8 -7 -5 9 -6
right_child=-2 -3 -4 7 5 6 -8 -9 -10 -11
leaf_value=-5.6874326426794042 -3.769484040309798 4.4575671706348663 -7.5978466631284043 7.1517121445249634 5.5515243185134162 -1.0504536701560021 5.8915097402421059 0.18615222220873312 -5.0565964255509561 -5.1995874394388757
leaf_weight=101 106 160 103 108 105 125 151 137 135 102
leaf_count=101 106 160 103 108 105 125 151 137 135 102
internal_value=0 0.230084 -0.403841 0.364813 -0.620595 0.20748 2.7475 3.25668 -1.84236 0.253875
internal_weight=0 1227 1067 964 719 618 276 245 342 207
internal_count=1333 1227 1067 964 719 618 276 245 342 207
is_linear=0
shrinkage=0.05


Tree=206
num_leaves=9
num_cat=0
split_feature=5 8 14 13 13 13 12 4
split_gain=611673 2.56587e+06 1.11587e+06 1.10064e+06 3.36295e+06 1.96886e+06 1.69099e+06 1.5572e+06
threshold=1.5000000000000002 0.83762026153657965 407.53762500000011 5181.2097916666671 4594.8602090773811 6315.4483363095251 4309.4613750000008 9.5000000000000018
decision_type=2 2 10 8 10 8 10 2
left_child=1 -1 -3 4 -2 -5 -7 -6
right_child=3 2 -4 5 7 6 -8 -9
leaf_value=5.2546871971375877 4.0906034638541087 -1.2244838926777151 -7.5102616319506188 6.5010185241699219 -0.35447585325615083 3.1571132016241852 -3.7833555746989647 -8.5143097585135141
leaf_weight=101 175 159 127 181 102 199 157 137
leaf_count=101 175 159 127 181 102 199 157 137
internal_value=0 -1.59631 -4.01572 0.761516 -1.17575 2.25505 0.0962885 -5.03187
internal_weight=0 387 286 951 414 537 356 239
internal_count=1338 387 286 951 414 537 356 239
is_linear=0
shrinkage=0.05


Tree=207
num_leaves=10
num_cat=0
split_feature=1 5 10 12 12 3 16 5 3
split_gain=630238 813910 1.07949e+06 1.57914e+06 1.49107e+06 2.03924e+06 1.88497e+06 1.23446e+06 1.2293e+06
threshold=11.357441973635895 1.0000000180025095e-35 5032.0805000000009 4645.4502500000008 3576.5320000000006 0.60528756605176615 0.58337222611149964 3.5000000000000004 0.71586402442283148
decision_type=2 2 2 10 10 2 2 2 2
left_child=-1 -2 3 8 5 -4 -6 -8 -3
right_child=1 2 4 -5 6 -7 7 -9 -10
leaf_value=-3.0606346354388552 -2.8711310635552265 9.3820300267453778 1.6520709807329841 -0.53915971097018989 6.7550886903778995 -7.9009933803558354 2.5368306608064799 -4.0794388016910421 1.9201179541160014
leaf_weight=149 165 114 101 180 118 125 141 141 107
leaf_count=149 165 114 101 180 118 125 141 141 107
internal_value=0 0.388462 0.912155 2.93754 -0.385259 -3.6317 1.44898 -0.771304 5.76925
internal_weight=0 1192 1027 401 626 226 400 282 221
internal_count=1341 1192 1027 401 626 226 400 282 221
is_linear=0
shrinkage=0.05


Tree=208
num_leaves=11
num_cat=0
split_feature=16 14 14 5 8 12 12 8 14 11
split_gain=451916 1.40816e+06 579878 579711 2.48923e+06 1.24039e+06 1.41434e+06 1.6768e+06 1.56926e+06 772290
threshold=0.27870425931482062 326.48500000000018 2128.2935000000002 4.5000000000000009 0.93239925805207879 2584.7607500000008 5298.5196250000008 0.87424791059748619 665.87012500000003 4842.3587500000012
decision_type=2 8 8 2 2 8 10 2 10 10
left_child=1 -1 3 5 -5 -2 7 -7 -8 -9
right_child=2 -3 -4 4 -6 6 8 9 -10 -11
leaf_value=1.8496710536735401 5.5425181453667802 -5.8272542499005802 3.1082079350120493 -5.9673528976259185 3.7564150410277821 2.4172641176696219 5.219258748857599 -2.374631222020025 -2.2956418782217889 -8.3510487928110013
leaf_weight=112 103 128 144 171 107 109 171 115 117 102
leaf_count=112 103 128 144 171 107 109 171 115 117 102
internal_value=0 -2.24469 0.142648 -0.286539 -2.22475 0.464958 -0.386815 -2.64236 2.16633 -5.18382
internal_weight=0 240 1139 995 278 717 614 326 288 217
internal_count=1379 240 1139 995 278 717 614 326 288 217
is_linear=0
shrinkage=0.05


Tree=209
num_leaves=11
num_cat=0
split_feature=10 7 5 13 8 4 15 8 13 13
split_gain=730608 885226 698990 1.17081e+06 1.22708e+06 1.64297e+06 1.87818e+06 1.13478e+06 424075 182349
threshold=2013.4711250000003 0.60918835010560135 1.0000000180025095e-35 4625.3227596726201 0.83285692342679873 16.500000000000004 4.636049716082721 0.95910770775169751 6019.169925595239 6062.9620312500019
decision_type=2 2 2 8 2 2 2 2 8 10
left_child=-1 2 -2 -4 -5 6 -6 9 -7 -8
right_child=1 -3 3 4 5 8 7 -9 -10 -11
leaf_value=4.2228974642706856 -3.7783375893663242 4.2541185587355237 3.6285674794819318 -6.0887714219093327 -2.8332098743757781 -6.1045250834159139 -0.093025436646798076 7.5658318555961221 -1.5883564929167431 2.9116457865834238
leaf_weight=102 149 103 173 100 170 106 102 118 102 100
leaf_count=102 149 103 173 100 170 106 102 118 102 100
internal_value=0 -0.181706 -0.589644 -0.100338 -0.908735 -0.16661 1.41387 3.67014 -3.88987 1.39444
internal_weight=0 1223 1120 971 798 698 490 320 208 202
internal_count=1325 1223 1120 971 798 698 490 320 208 202
is_linear=0
shrinkage=0.05


Tree=210
num_leaves=9
num_cat=1
split_feature=9 5 10 0 14 7 14 0
split_gain=788851 1.7767e+06 942690 1.14861e+06 1.1351e+06 1.39469e+06 1.44665e+06 1.08004e+06
threshold=0 3.5000000000000004 7906.507125000001 6.8319901434587917 -184.00262500000005 0.49322161905156298 296.75737499999997 5.4664619239701757
decision_type=9 2 2 2 8 2 10 2
left_child=1 -1 3 4 -2 6 -6 -8
right_child=2 -3 -4 -5 5 -7 7 -9
leaf_value=-6.6170264077018688 -3.5764741364486365 1.1129550366065442 -2.8156799593504438 5.6305013998349516 3.2304795538641744 5.6338298737585966 -5.5723535633087167 0.90474284194349286
leaf_weight=142 147 156 188 120 194 143 135 123
leaf_count=142 147 156 188 120 194 143 135 123
internal_value=0 -2.487 0.38862 1.09198 0.357985 1.33003 -0.0315737 -2.48444
internal_weight=0 298 1050 862 742 595 452 258
internal_count=1348 298 1050 862 742 595 452 258
cat_boundaries=0 1
cat_threshold=140
is_linear=0
shrinkage=0.05


Tree=211
num_leaves=9
num_cat=0
split_feature=12 8 8 13 11 12 12 13
split_gain=769526 1.81308e+06 889708 1.1133e+06 1.39219e+06 1.05527e+06 1.00861e+06 963494
threshold=1243.7531250000002 0.95210745033794308 0.99477902233899684 4887.6527455357145 6487.3637500000004 5280.3630000000012 3576.5320000000006 6006.3600818452387
decision_type=10 2 2 8 10 10 10 10
left_child=1 -1 3 -2 6 -6 -5 -8
right_child=2 -3 -4 4 5 -7 7 -9
leaf_value=-5.8127517817263126 4.7925422134143965 2.0448958165772999 -3.1304442184898531 -5.3530124281063554 7.1813263936042793 0.61787264407435549 -2.308057652926836 3.3341802517573038
leaf_weight=167 168 131 142 121 100 158 183 129
leaf_count=167 168 131 142 121 100 158 183 129
internal_value=0 -2.35855 0.535865 1.14194 0.25438 3.16185 -1.47801 0.0247907
internal_weight=0 298 1001 859 691 258 433 312
internal_count=1299 298 1001 859 691 258 433 312
is_linear=0
shrinkage=0.05


Tree=212
num_leaves=11
num_cat=0
split_feature=13 16 14 10 13 16 3 4 14 16
split_gain=535492 1.43729e+06 1.29025e+06 1.50048e+06 735154 1.08855e+06 1.89225e+06 652006 1.5714e+06 969920
threshold=5039.3636532738101 1.7062567367847905 235.38075000000006 6572.4263750000009 4850.2762797619062 1.0372481692613711 0.60528756605176615 14.500000000000002 571.29187499999955 0.69376798790990246
decision_type=8 2 8 2 10 2 2 2 10 2
left_child=4 2 3 -2 5 6 -1 8 -4 -9
right_child=1 -3 7 -5 -6 -7 -8 9 -10 -11
leaf_value=2.3412322943860833 7.7396401958106313 -4.7520149361628752 -4.2068096449861976 -0.16412027969079859 -5.0491047815211765 3.5168386103645446 -6.8712424209687573 -1.0920292764902115 2.6059245423266764 5.8546186659595758
leaf_weight=110 146 104 191 102 103 124 113 100 152 101
leaf_count=110 146 104 191 102 103 124 113 100 152 101
internal_value=0 0.774276 1.49995 4.4889 -1.33974 -0.238694 -2.32697 0.137341 -1.18776 2.39857
internal_weight=0 896 792 248 450 347 223 544 343 201
internal_count=1346 896 792 248 450 347 223 544 343 201
is_linear=0
shrinkage=0.05


Tree=213
num_leaves=10
num_cat=0
split_feature=5 7 15 11 13 13 4 4 14
split_gain=532587 776884 1.41847e+06 1.77522e+06 1.00336e+06 1.42976e+06 873434 1.59879e+06 911468
threshold=1.0000000180025095e-35 0.57506574241085595 6.7247127490526841 5690.4673750000011 5039.3636532738101 4647.6477619047628 4.5000000000000009 9.5000000000000018 143.63124999999994
decision_type=2 2 2 10 8 10 2 2 10
left_child=-1 2 4 -4 5 -2 -6 -8 -9
right_child=1 -3 3 -5 6 -7 7 8 -10
leaf_value=-2.1707732489946725 0.97612583181437318 -2.4303731842669185 7.9502841562430069 0.52781934916288009 -2.5704445534220368 -7.008715266214228 7.2105219331880406 3.2857210387885574 -3.4650875171422961
leaf_weight=185 119 167 150 174 107 106 120 100 100
leaf_count=185 119 167 150 174 107 106 120 100 100
internal_value=0 0.72094 1.26015 3.96415 -0.0835528 -2.78562 1.34025 2.64789 -0.0896832
internal_weight=0 1143 976 324 652 225 427 320 200
internal_count=1328 1143 976 324 652 225 427 320 200
is_linear=0
shrinkage=0.05


Tree=214
num_leaves=10
num_cat=0
split_feature=10 3 14 13 10 7 4 15 5
split_gain=539661 770330 1.45118e+06 1.06535e+06 949427 1.15884e+06 815841 807789 1.07113e+06
threshold=2013.4711250000003 0.69613980361678729 -744.34987500000034 5927.6305461309539 7391.9315000000015 0.49840052098464266 14.500000000000002 5.2759609294262768 2.5000000000000004
decision_type=2 2 10 10 2 2 2 2 2
left_child=-1 2 -2 6 5 7 -3 8 -4
right_child=1 3 4 -5 -6 -7 -8 -9 -10
leaf_value=3.5264352751455528 6.3864734564663719 -6.1668625857378991 2.0088435935974123 1.344547340989779 -3.1452485489504678 5.8827072116381984 -0.91689149770630862 3.3448885483401165 -4.703045458602209
leaf_weight=110 103 148 105 179 175 102 148 112 137
leaf_count=110 103 148 105 179 175 102 148 112 137
internal_value=0 -0.131562 0.883737 -1.70047 -0.0144905 1.18701 -3.54188 -0.165992 -1.79086
internal_weight=0 1209 734 475 631 456 296 354 242
internal_count=1319 1209 734 475 631 456 296 354 242
is_linear=0
shrinkage=0.05


Tree=215
num_leaves=10
num_cat=0
split_feature=10 12 7 12 15 10 4 13 16
split_gain=1.03855e+06 953470 1.77752e+06 832327 705542 1.0515e+06 1.31222e+06 2.25827e+06 1.12948e+06
threshold=1901.3547500000002 6304.9237500000008 0.3717597178403283 5432.0000000000009 3.8069293040415153 7038.9791250000007 16.500000000000004 4724.1026607142858 0.62596259625962658
decision_type=2 10 2 10 2 2 2 8 2
left_child=-1 3 -3 4 -2 6 7 -6 -9
right_child=1 2 -4 -5 5 -7 -8 8 -10
leaf_value=5.0256760733798878 -3.4108263133454231 -6.4746155395711726 0.87801054809346546 4.5711970773008135 -5.5429356450481073 -2.7234712713568876 6.5535602652712868 6.6341279955773516 0.19552060112808689
leaf_weight=103 124 152 179 117 112 169 114 116 165
leaf_count=103 124 152 179 117 112 169 114 116 165
internal_value=0 -0.198109 -2.49842 0.632211 0.0561346 0.692086 1.83061 0.460588 2.85345
internal_weight=0 1248 331 917 800 676 507 393 281
internal_count=1351 1248 331 917 800 676 507 393 281
is_linear=0
shrinkage=0.05


Tree=216
num_leaves=10
num_cat=0
split_feature=0 13 13 10 10 11 13 3 13
split_gain=547147 620008 1.24464e+06 1.31733e+06 898444 989927 1.05686e+06 705974 1.00037e+06
threshold=7.6260028780655853 7044.6583288690481 6438.9044062500006 7180.7051250000013 4059.7591250000005 6149.4768750000012 4931.5767633928581 0.71463745631888853 5010.5430877976205
decision_type=2 10 10 2 2 8 10 2 10
left_child=1 2 3 4 5 6 -1 8 -6
right_child=-2 -3 -4 -5 7 -7 -8 -9 -10
leaf_value=2.900289687599455 -3.0033354031801225 3.9301463330912796 -3.7990987384301982 6.2537019654512411 -2.8095664054335971 5.0402938906978445 -3.4659731194865508 -5.1914317643642427 3.2346629770393047
leaf_weight=140 125 117 172 100 165 149 122 100 117
leaf_count=140 125 117 172 100 165 149 122 100 117
internal_value=0 0.475196 0.0956383 0.8458 0.163846 1.78636 -0.0641533 -1.58185 -0.301854
internal_weight=0 1182 1065 893 793 411 262 382 282
internal_count=1307 1182 1065 893 793 411 262 382 282
is_linear=0
shrinkage=0.05


Tree=217
num_leaves=11
num_cat=0
split_feature=16 11 8 4 7 5 1 3 8 3
split_gain=534681 744336 1.86449e+06 2.70288e+06 973050 1.9886e+06 1.58534e+06 1.03846e+06 862668 378630
threshold=1.9422192219221934 5952.9287500000009 0.83840317010002929 17.500000000000004 0.34615249817885974 4.5000000000000009 40.352326349003498 0.65169855779463914 0.98465950365012189 0.58571343073852578
decision_type=2 10 2 2 2 2 2 2 2 2
left_child=1 4 -3 9 7 6 -6 -1 -9 -4
right_child=-2 2 3 -5 5 -7 -8 8 -10 -11
leaf_value=3.4744739354326484 3.5346170008182529 7.3178331393640024 5.2047483365123091 -6.3301718583776934 -3.5946645325454685 -8.5903780299425119 3.9090907092680016 1.4003006199310566 -4.7517677422080729 0.92786739393345374
leaf_weight=178 102 103 104 121 184 110 114 116 112 103
leaf_count=178 102 103 104 121 184 110 114 116 112 103
internal_value=0 -0.230827 1.4493 -0.393557 -1.12043 -2.84491 -0.7241 0.612545 -1.62177 3.07664
internal_weight=0 1245 431 328 814 408 298 406 228 207
internal_count=1347 1245 431 328 814 408 298 406 228 207
is_linear=0
shrinkage=0.05


Tree=218
num_leaves=10
num_cat=1
split_feature=6 12 12 12 9 13 11 13 13
split_gain=495368 2.75531e+06 2.4143e+06 2.01906e+06 1.20695e+06 989987 1.25498e+06 1.17875e+06 1.25788e+06
threshold=1.0000000180025095e-35 2625.5810000000006 4890.243625000001 2584.7607500000008 0 6143.7569166666681 5553.8325000000004 5132.1188556547631 4612.8060111607147
decision_type=2 10 10 8 9 8 10 10 10
left_child=3 -2 -3 -1 -5 7 -7 8 -6
right_child=1 2 -4 4 5 6 -8 -9 -10
leaf_value=6.1839381578491954 -8.9478319457933022 6.8140898343360066 -2.9570105611219919 -4.0556593799917264 -3.3570671271433876 5.2196967171771185 -1.3246540592539879 -5.8924758860698114 3.8948802904819879
leaf_weight=123 102 101 169 191 113 175 126 104 127
leaf_count=123 102 101 169 191 113 175 126 104 127
internal_value=0 -1.94675 0.698105 0.202775 -0.677229 0.38019 2.4802 -1.44627 0.480422
internal_weight=0 372 270 959 836 645 301 344 240
internal_count=1331 372 270 959 836 645 301 344 240
cat_boundaries=0 1
cat_threshold=136
is_linear=0
shrinkage=0.05


Tree=219
num_leaves=11
num_cat=0
split_feature=10 4 7 12 13 12 3 12 13 12
split_gain=739153 975034 1.00242e+06 1.15097e+06 1.2237e+06 1.57897e+06 1.21714e+06 1.5831e+06 1.077e+06 840346
threshold=2013.4711250000003 21.500000000000004 -0.16094025527028485 3576.5320000000006 5469.2313831845249 7711.1350000000011 0.54286215562781404 6417.2462500000011 5332.7113891369054 5496.6426250000013
decision_type=2 2 2 8 8 8 2 10 10 10
left_child=-1 2 -2 8 5 9 -6 -8 -4 -5
right_child=1 -3 3 4 6 -7 7 -9 -10 -11
leaf_value=4.1242101095255137 -5.4691536525688553 4.3431267983709967 -6.5871761938603983 2.5599520911574363 -4.8657314576646868 -1.5782456263240461 3.7398784208297728 -3.939696243433195 -0.28037541034115349 9.0259626625493024
leaf_weight=103 101 104 119 100 136 113 180 107 157 101
leaf_count=103 101 104 119 100 136 113 180 107 157 101
internal_value=0 -0.286885 -0.71913 -0.245534 0.785844 3.15056 -0.969524 0.876762 -2.99961 5.80904
internal_weight=0 1218 1114 1013 737 314 423 287 276 201
internal_count=1321 1218 1114 1013 737 314 423 287 276 201
is_linear=0
shrinkage=0.05


Tree=220
num_leaves=11
num_cat=0
split_feature=16 7 10 15 3 7 14 3 7 11
split_gain=551420 1.12408e+06 784665 746577 898883 1.09588e+06 1.3552e+06 665988 577763 339464
threshold=0.27870425931482062 0.1947225628853968 7391.9315000000015 2.8826160393817166 0.71641774141410874 0.036191921291930981 554.39212499999996 0.6074464372320405 0.036191921291930981 4978.982500000001
decision_type=2 2 2 2 2 2 8 2 2 10
left_child=1 -1 3 -2 5 -5 9 -4 -6 -7
right_child=2 -3 7 4 8 6 -8 -9 -10 -11
leaf_value=-6.0673009383678433 -2.1428045023890103 0.98385269298003275 -4.9734459796204016 7.7946692669745721 -3.4110890500685751 -2.8086144460382916 5.1191149561935001 0.55957724567045242 1.3814288613999763 1.2414090991020204
leaf_weight=100 136 130 104 101 102 105 180 114 164 102
leaf_count=100 136 130 104 101 102 105 180 114 164 102
internal_value=0 -2.08187 0.608463 1.26699 1.88202 3.1566 1.94615 -2.08003 -0.456304 -0.812951
internal_weight=0 230 1108 890 754 488 387 218 266 207
internal_count=1338 230 1108 890 754 488 387 218 266 207
is_linear=0
shrinkage=0.05


Tree=221
num_leaves=11
num_cat=0
split_feature=10 11 0 3 6 10 13 8 4 13
split_gain=631299 1.12635e+06 1.29091e+06 1.4788e+06 942933 1.21961e+06 827645 361035 337396 400733
threshold=7014.482750000001 2387.2200000000007 5.5221105443877727 0.71397731184781044 1.0000000180025095e-35 2674.9426250000006 6601.2711622023817 0.8607828668238815 10.500000000000002 5785.1372313988113
decision_type=2 8 2 2 2 2 10 2 2 8
left_child=1 -1 4 -4 5 -3 7 -2 9 -7
right_child=6 2 3 -5 -6 8 -8 -9 -10 -11
leaf_value=-4.0189563075117034 2.6487188206315042 3.0050799208879475 6.7796688576640207 -0.12317785862833262 3.7508620736446789 0.92173457198803976 -4.5313034113715673 -1.6000179442167284 -4.66415955734647 -3.440228629674424
leaf_weight=102 100 140 197 128 141 101 136 100 121 110
leaf_count=102 100 140 197 128 141 101 136 100 121 110
internal_value=0 0.970946 1.51356 4.06101 0.162952 -0.90886 -1.52199 0.52435 -2.55932 -1.35227
internal_weight=0 1040 938 325 613 472 336 200 332 211
internal_count=1376 1040 938 325 613 472 336 200 332 211
is_linear=0
shrinkage=0.05


Tree=222
num_leaves=10
num_cat=0
split_feature=3 5 4 0 10 10 13 3 3
split_gain=584761 1.29552e+06 1.74975e+06 881599 977095 865827 645817 1.58479e+06 679388
threshold=0.58385194694120723 5.5000000000000009 18.500000000000004 5.4359644297763117 7530.4365000000007 3882.9592500000003 5560.4712291666674 0.7227479532947777 0.72573682836186693
decision_type=2 2 2 2 2 2 10 2 2
left_child=3 2 6 5 -5 -1 7 -2 -8
right_child=1 -3 -4 4 -6 -7 8 -9 -10
leaf_value=2.1173264658594708 6.6960729141335396 -5.8117702527479693 -4.9383066620758118 6.5638449022861627 -0.010168179512023926 -3.1330900513885807 -3.0154936028774397 -0.6486168571260591 2.4755120269060136
leaf_weight=166 143 110 139 130 100 149 129 151 100
leaf_count=166 143 110 139 130 100 149 129 151 100
internal_value=0 -0.787007 0.0479232 1.35216 3.70558 -0.366204 1.37314 2.9238 -0.617675
internal_weight=0 772 662 545 230 315 523 294 229
internal_count=1317 772 662 545 230 315 523 294 229
is_linear=0
shrinkage=0.05


Tree=223
num_leaves=10
num_cat=0
split_feature=12 14 10 11 3 14 10 0 15
split_gain=716573 1.46967e+06 1.2399e+06 1.37163e+06 986098 1.64411e+06 1.38496e+06 991628 392506
threshold=1171.4996250000002 480.08200000000039 2919.6167500000006 3294.7815000000005 0.56693514952373192 -52.435124999999964 5687.9747500000003 5.4359644297763117 7.9659660410485502
decision_type=10 8 2 10 2 10 2 2 2
left_child=1 -1 -2 -4 7 -6 -7 -5 -8
right_child=2 -3 3 4 5 6 8 -9 -10
leaf_value=-6.1209927964819606 5.4234486903105168 0.85675847963208251 4.1793562206355004 -1.5222537747025491 -7.8539422352004937 -4.919460956163185 -0.72730788016319281 4.1662097546519066 3.4983062540471068
leaf_weight=137 113 168 154 160 108 129 100 147 122
leaf_count=137 113 168 154 160 108 129 100 147 122
internal_value=0 -2.27751 0.480706 -0.126392 -0.992038 -2.4592 -0.799282 1.20154 1.59488
internal_weight=0 305 1033 920 766 459 351 307 222
internal_count=1338 305 1033 920 766 459 351 307 222
is_linear=0
shrinkage=0.05


Tree=224
num_leaves=11
num_cat=0
split_feature=3 5 13 13 5 5 5 11 14 7
split_gain=467678 1.18316e+06 1.15755e+06 1.29665e+06 1.77472e+06 1.09416e+06 1.75954e+06 762431 456725 937485
threshold=0.57013020445087415 5.5000000000000009 5538.2587946428584 4660.0974858630971 2.5000000000000004 1.5000000000000002 3.5000000000000004 6939.0162500000015 394.08750000000049 0.41315138530344325
decision_type=2 2 10 8 2 2 2 10 10 2
left_child=7 2 3 -2 -5 -4 -7 8 9 -1
right_child=1 -3 5 4 -6 6 -8 -9 -10 -11
leaf_value=4.2128182723540668 -2.1574444435586866 -5.7892493330348627 -6.6933069489323174 8.2436483998583938 -0.12726407292960348 4.1486427352541968 -5.0268806212796617 4.5662451754536546 -2.3228505578099026 -1.7921171380363348
leaf_weight=129 149 110 104 117 138 105 104 114 144 131
leaf_count=129 149 110 104 117 138 105 104 114 144 131
internal_value=0 -0.960852 -0.220093 1.54823 3.71351 -2.50253 -0.417168 0.955111 -0.063872 1.18725
internal_weight=0 827 717 404 255 313 209 518 404 260
internal_count=1345 827 717 404 255 313 209 518 404 260
is_linear=0
shrinkage=0.05


Tree=225
num_leaves=10
num_cat=0
split_feature=10 5 14 13 13 10 11 5 13
split_gain=527387 1.15385e+06 1.01242e+06 967694 837275 617403 992140 607801 948609
threshold=5225.0711250000013 4.5000000000000009 -771.53750000000002 4771.129851190477 5560.4712291666674 7014.482750000001 6455.7137500000008 2.5000000000000004 5242.0428340773824
decision_type=2 2 10 8 10 2 10 2 10
left_child=1 2 -1 -2 -5 -6 -7 8 -4
right_child=3 -3 7 4 5 6 -8 -9 -10
leaf_value=4.1344456844373587 -4.6619999751557399 4.7134202951338233 2.6397281664096757 3.2589444114237418 0.99233311843872074 -6.6116313387155534 0.36354106750625831 -4.0752740008812962 -3.5482745281855266
leaf_weight=109 137 164 151 147 175 100 104 132 105
leaf_count=109 137 164 151 147 175 100 104 132 105
internal_value=0 1.07678 -0.123242 -0.919043 0.0558332 -1.18653 -3.05566 -1.31935 0.10168
internal_weight=0 661 497 663 526 379 204 388 256
internal_count=1324 661 497 663 526 379 204 388 256
is_linear=0
shrinkage=0.05


Tree=226
num_leaves=11
num_cat=0
split_feature=15 7 14 11 5 12 12 13 13 8
split_gain=741892 1.20744e+06 1.67794e+06 1.5582e+06 1.44042e+06 1.49389e+06 2.09513e+06 804372 745686 316254
threshold=4.636049716082721 0.30771799597985372 187.91387499999976 5918.0372500000003 4.5000000000000009 3015.1575000000007 5077.3042500000001 5296.0675505952386 5071.9340029761916 0.92850145358987124
decision_type=2 2 10 10 2 8 10 10 8 2
left_child=7 2 -2 -4 5 -3 -7 8 9 -1
right_child=1 4 3 -5 -6 6 -8 -9 -10 -11
leaf_value=0.16280241613090041 8.14124626820165 6.556760018605452 5.2381642757812514 -3.4627043559866131 -3.9770198215709791 -5.0406271960185123 3.8688703682885244 -4.6341443237057307 3.1715692494924252 -3.7846556283895256
leaf_weight=100 123 104 100 106 180 130 134 133 117 103
leaf_count=100 123 104 100 106 180 130 134 133 117 103
internal_value=0 1.1258 3.52019 0.761018 -0.311703 1.48111 -0.518382 -1.36602 -0.00770527 -1.8401
internal_weight=0 877 329 206 548 368 264 453 320 203
internal_count=1330 877 329 206 548 368 264 453 320 203
is_linear=0
shrinkage=0.05


Tree=227
num_leaves=10
num_cat=0
split_feature=13 16 5 5 12 12 4 4 14
split_gain=549089 898585 1.49768e+06 936263 1.30207e+06 1.51656e+06 768849 1.0393e+06 222808
threshold=4760.9137745535727 0.60159488171039366 3.5000000000000004 4.5000000000000009 5298.5196250000008 2972.1767500000005 15.500000000000002 5.5000000000000009 505.52575000000053
decision_type=10 2 2 2 10 10 2 2 10
left_child=6 2 -2 4 5 -3 7 -1 -6
right_child=1 3 -4 -5 8 -7 -8 -9 -10
leaf_value=1.090692496867407 -0.19026848139081684 2.6223564241941162 6.7618600483313749 -3.6338360400461571 5.3852756476638346 -5.6110992383119491 1.6844370041320573 -5.1253771671905799 2.0641188865841023
leaf_weight=105 175 104 139 164 101 121 134 187 101
leaf_count=105 175 104 139 164 101 121 134 187 101
internal_value=0 0.725772 2.88727 -0.422637 0.810705 -1.80541 -1.45119 -2.89015 3.7247
internal_weight=0 905 314 591 427 225 426 292 202
internal_count=1331 905 314 591 427 225 426 292 202
is_linear=0
shrinkage=0.05


Tree=228
num_leaves=10
num_cat=0
split_feature=8 5 14 4 8 4 3 5 12
split_gain=566277 1.06597e+06 803063 1.17206e+06 1.08323e+06 1.1579e+06 1.09645e+06 716551 1.84723e+06
threshold=0.99417036857473662 3.5000000000000004 -365.02162500000003 2.5000000000000004 0.84843985197199534 6.5000000000000009 0.6074464372320405 1.5000000000000002 5154.9900000000007
decision_type=2 2 8 2 2 2 2 2 10
left_child=2 -2 -1 -4 6 -6 -5 -7 -9
right_child=1 -3 3 4 5 7 -8 8 -10
leaf_value=-2.6763205686036282 -5.4890769848302634 1.5140192165374757 -3.1693297838313241 0.87333194636381595 4.9354927290624726 -3.6034856505135995 7.7972603167135892 3.744535452789731 -4.0378803440640052
leaf_weight=170 119 100 140 104 123 134 127 198 124
leaf_count=170 119 100 140 104 123 134 127 198 124
internal_value=0 -2.29132 0.488676 1.05504 1.78518 0.630258 4.67999 -0.531022 0.74758
internal_weight=0 219 1120 950 810 579 231 456 322
internal_count=1339 219 1120 950 810 579 231 456 322
is_linear=0
shrinkage=0.05


Tree=229
num_leaves=9
num_cat=0
split_feature=14 16 8 4 5 12 3 14
split_gain=665000 610126 766799 837750 906513 731586 430729 860348
threshold=-1542.6836249999994 0.82396711893411545 0.8257290299734229 18.500000000000004 3.5000000000000004 7367.3225000000011 0.71758019508296167 558.65112499999998
decision_type=10 2 2 2 2 10 2 10
left_child=-1 2 -2 4 -4 6 7 -3
right_child=1 5 3 -5 -6 -7 -8 -9
leaf_value=-3.1802528898168059 5.2418607878350763 -2.8922192708930776 -0.61672525295142921 -3.3042072777256921 4.5982876459757485 2.8549943537082316 -4.2037729684696643 2.2789263270960913
leaf_weight=161 107 199 183 108 153 106 129 135
leaf_count=161 107 199 183 108 153 106 129 135
internal_value=0 0.256382 1.44229 0.526628 1.75797 -0.89201 -1.74986 -0.802086
internal_weight=0 1120 551 444 336 569 463 334
internal_count=1281 1120 551 444 336 569 463 334
is_linear=0
shrinkage=0.05


Tree=230
num_leaves=10
num_cat=0
split_feature=13 14 7 3 12 13 16 13 11
split_gain=667082 1.33957e+06 1.44906e+06 1.75473e+06 758352 1.56042e+06 739769 1.82502e+06 808329
threshold=7384.4301934523819 448.07687500000026 0.10215237023458758 0.64058307198457864 1995.7810000000002 3386.5039322916673 0.40051505150515082 5560.4712291666674 4532.3325000000013
decision_type=10 10 2 2 10 10 2 10 10
left_child=1 4 -3 -4 5 -1 -6 8 -8
right_child=-2 2 3 -5 6 -7 7 -9 -10
leaf_value=-0.05544544162088736 -3.9461125392913825 -1.3181382964892561 1.0878870977416184 8.8386249171868538 4.0531943284273151 -7.630414173100144 -0.71061693966925688 -4.9188033584577431 5.4872720859050759
leaf_weight=173 100 166 165 131 100 112 111 155 100
leaf_count=173 100 166 165 131 100 112 111 155 100
internal_value=0 0.302643 2.4211 4.51811 -1.00059 -3.03228 0.241961 -0.79936 2.22677
internal_weight=0 1213 462 296 751 285 466 366 211
internal_count=1313 1213 462 296 751 285 466 366 211
is_linear=0
shrinkage=0.05


Tree=231
num_leaves=11
num_cat=0
split_feature=13 1 16 10 14 7 4 14 10 13
split_gain=657527 1.06667e+06 1.37623e+06 1.04045e+06 1.84391e+06 792240 1.08859e+06 1.23496e+06 562372 489969
threshold=7410.9377008928577 46.676091355310312 0.91040354035403548 5758.8316250000016 94.748499999999936 -0.19564328777165305 14.500000000000002 1280.5077500000004 4410.6033750000006 5079.3613028273821
decision_type=10 2 2 2 10 2 2 8 2 10
left_child=1 3 -3 5 -5 -1 7 8 9 -7
right_child=-2 2 -4 4 -6 6 -8 -9 -10 -11
leaf_value=-3.4405773294628212 -3.8377107751720092 7.4704676138561794 0.00090996656619327175 -8.4519758927822117 0.65714226665496822 0.84576486935691231 4.9258557984152356 -4.6857351883693985 -1.0685300131777784 5.5073787286439364
leaf_weight=109 102 109 142 100 125 126 148 108 143 102
leaf_count=109 102 109 142 100 125 126 148 108 143 102
internal_value=0 0.34226 3.24466 -0.415808 -3.39135 0.493836 1.17781 0.0197491 1.38954 2.93122
internal_weight=0 1212 251 961 225 736 627 479 371 228
internal_count=1314 1212 251 961 225 736 627 479 371 228
is_linear=0
shrinkage=0.05


Tree=232
num_leaves=10
num_cat=0
split_feature=7 5 8 7 14 14 11 7 15
split_gain=545569 735858 1.26065e+06 796883 1.66178e+06 695076 1.25402e+06 666375 196580
threshold=-0.19564328777165305 1.0000000180025095e-35 0.81855491997912566 0.52260299747206151 -744.34987500000034 426.55725000000035 5292.9371250000013 0.21900470262519689 5.9424386883132767
decision_type=2 2 2 2 10 10 10 2 2
left_child=-1 -2 -3 4 -4 7 -7 -6 -8
right_child=1 2 3 -5 5 6 8 -9 -10
leaf_value=-3.3426452237316688 -2.8338350378331683 -3.1448514072374367 6.2823545624975301 5.5384686487692374 0.93384243054315452 6.072259854807438 0.86014228812209126 -3.8075395729816095 -2.1361786752387331
leaf_weight=117 168 174 122 108 128 103 111 176 108
leaf_count=117 168 174 122 108 128 103 111 176 108
internal_value=0 0.234499 0.734965 1.52362 0.943935 -0.0964599 1.5224 -1.81117 -0.617495
internal_weight=0 1198 1030 856 748 626 322 304 219
internal_count=1315 1198 1030 856 748 626 322 304 219
is_linear=0
shrinkage=0.05


Tree=233
num_leaves=10
num_cat=0
split_feature=13 13 13 10 12 13 13 4 11
split_gain=631125 675021 926055 769113 1.25568e+06 716784 1.49358e+06 1.6908e+06 1.45129e+06
threshold=7044.6583288690481 6438.9044062500006 6769.4835550595253 7263.7992500000009 3107.7450000000003 4931.5767633928581 4314.8293452380958 15.500000000000002 4726.2925000000005
decision_type=10 10 10 2 8 10 10 2 10
left_child=1 3 -3 4 -1 6 7 -6 -7
right_child=-2 2 -4 -5 5 8 -8 -9 -10
leaf_value=-5.3107839916203474 3.3042715409644567 -6.3812130632102493 0.22479199709090511 3.5497436354691922 -2.7277969581156207 -5.580886429067581 7.0563162142982581 5.1420201755705337 1.4649115665909951
leaf_weight=111 133 100 113 148 195 124 101 105 178
leaf_count=111 133 100 113 148 195 124 101 105 178
internal_value=0 -0.329745 -2.87662 0.234167 -0.368665 0.41167 1.79721 0.026639 -1.42807
internal_weight=0 1175 213 962 814 703 401 300 302
internal_count=1308 1175 213 962 814 703 401 300 302
is_linear=0
shrinkage=0.05


Tree=234
num_leaves=11
num_cat=0
split_feature=11 16 13 11 11 13 11 11 16 13
split_gain=483616 728966 561521 1.12562e+06 1.03776e+06 777746 745689 1.18867e+06 745631 448063
threshold=9589.8430000000026 0.78825938149370389 4748.5616488095247 6565.8356250000006 4532.3325000000013 6558.8215498511909 5485.9666250000009 4804.7018750000007 1.2014798702092435 5880.2598735119054
decision_type=8 2 10 10 10 10 10 10 2 10
left_child=2 -2 4 6 -1 -5 7 8 9 -4
right_child=1 -3 3 5 -6 -7 -8 -9 -10 -11
leaf_value=1.3672827623175374 -5.2239123482543697 0.75499846720695496 -0.98414182034064468 6.5822489331087723 -4.4107334002068175 0.99231489251871585 -3.3707777817472278 5.6179882192611696 -4.1332644997291199 3.4780128217569679
leaf_weight=159 104 100 127 127 152 122 139 100 103 101
leaf_count=159 104 100 127 127 152 122 139 100 103 101
internal_value=0 -2.29307 0.352037 1.03887 -1.4567 3.84341 -0.186267 0.840756 -0.602516 0.992514
internal_weight=0 204 1130 819 311 249 570 431 331 228
internal_count=1334 204 1130 819 311 249 570 431 331 228
is_linear=0
shrinkage=0.05


Tree=235
num_leaves=10
num_cat=0
split_feature=10 1 16 13 16 15 10 13 15
split_gain=545072 1.01291e+06 739627 486490 904161 696078 664410 1.66299e+06 411575
threshold=7906.507125000001 47.765488230114606 0.24863597470858181 5838.3660863095247 1.156486481981531 4.636049716082721 5717.6577500000012 4910.2443452380967 3.9436943694369444
decision_type=2 2 2 8 2 2 2 10 2
left_child=1 2 -1 6 5 -5 7 8 -4
right_child=-2 -3 3 4 -6 -7 -8 -9 -10
leaf_value=-3.4692076168342001 -2.5202502101967017 4.5937051784515388 0.78714868617057798 -2.9494890099816153 5.0722742095248394 2.2643380692560378 -4.3173217432498934 -3.5637214325092459 5.1643094761618258
leaf_weight=146 194 125 100 114 131 146 100 162 116
leaf_count=146 194 125 100 114 131 146 100 162 116
internal_value=0 0.346709 -0.17632 0.376915 1.68496 -0.0217246 -0.693055 0.265746 3.13785
internal_weight=0 1140 1015 869 391 260 478 378 216
internal_count=1334 1140 1015 869 391 260 478 378 216
is_linear=0
shrinkage=0.05


Tree=236
num_leaves=11
num_cat=0
split_feature=13 13 13 3 11 16 8 12 8 11
split_gain=573812 1.18048e+06 906476 824030 1.04572e+06 611612 771674 1.23054e+06 602040 452017
threshold=5469.2313831845249 5094.1165543154775 5896.606912202381 0.72003057232984735 6939.0162500000015 1.470033114422554 0.90207405283405706 1995.7810000000002 0.97181256347692035 5147.9050000000016
decision_type=10 10 10 2 10 2 2 10 2 10
left_child=1 5 -2 4 9 6 7 -1 -8 -4
right_child=2 -3 3 -5 -6 -7 8 -9 -10 -11
leaf_value=-2.3784466410294556 -5.797306360304356 5.529956528018503 -1.8210126848022143 3.2629239933831351 1.6896632304014982 3.1262687995217067 -5.8146661602854728 4.9537573150226049 -1.0511501833872143 -6.3603495338175557
leaf_weight=117 104 102 120 105 135 110 100 112 197 101
leaf_count=117 104 102 120 105 135 110 100 112 197 101
internal_value=0 0.53651 -1.58075 -0.629513 -1.77756 -0.264326 -0.973385 1.20761 -2.65503 -3.89555
internal_weight=0 738 565 461 356 636 526 229 297 221
internal_count=1303 738 565 461 356 636 526 229 297 221
is_linear=0
shrinkage=0.05


Tree=237
num_leaves=10
num_cat=0
split_feature=4 0 10 15 4 7 10 5 14
split_gain=511312 2.0087e+06 1.26085e+06 1.69957e+06 1.15774e+06 935206 1.45574e+06 854960 807573
threshold=11.500000000000002 6.4888474958606981 4145.9725000000008 3.0562334011178902 6.5000000000000009 0.52929179376193913 7014.482750000001 3.5000000000000004 407.53762500000011
decision_type=2 2 2 2 2 2 2 2 8
left_child=1 2 3 -1 -4 6 7 8 -2
right_child=5 -3 4 -5 -6 -7 -8 -9 -10
leaf_value=-0.84155345989378871 0.88308101942559247 7.3282168301860855 0.029288439182419853 7.4181650026789256 -6.5994464690685284 3.1163617992585948 -6.7243351695773841 2.4526730329850146 -4.7570343273527484
leaf_weight=151 119 113 193 106 100 129 111 170 136
leaf_count=151 119 113 193 106 100 129 111 170 136
internal_value=0 1.25648 0.00901625 2.56518 -2.23308 -0.705724 -1.62559 -0.293919 -2.12498
internal_weight=0 663 550 257 293 665 536 425 255
internal_count=1328 663 550 257 293 665 536 425 255
is_linear=0
shrinkage=0.05


Tree=238
num_leaves=9
num_cat=0
split_feature=14 13 13 4 4 7 12 13
split_gain=622462 654312 1.10686e+06 977991 1.09856e+06 926811 526760 522546
threshold=-1542.6836249999994 5166.851205357144 7384.4301934523819 6.5000000000000009 14.500000000000002 0.52183470102190854 4144.0000000000009 6380.9452492559531
decision_type=10 10 10 2 2 2 10 10
left_child=-1 3 5 -2 -5 7 -6 -3
right_child=1 2 -4 4 6 -7 -8 -9
leaf_value=-2.6518724595416678 2.5064939152920385 2.991075587530394 -2.9085336951109078 -5.043385667034558 2.9824045078589183 5.8248963548197894 -1.9764627815469316 -1.0255682009789679
leaf_weight=165 174 185 104 168 101 165 114 144
leaf_count=165 174 185 104 168 101 165 114 144
internal_value=0 0.631199 1.77975 -0.60189 -2.01405 2.76675 0.353052 1.23303
internal_weight=0 1155 598 557 383 494 215 329
internal_count=1320 1155 598 557 383 494 215 329
is_linear=0
shrinkage=0.05


Tree=239
num_leaves=11
num_cat=0
split_feature=13 10 3 12 8 5 12 13 16 11
split_gain=507533 857283 831178 1.58959e+06 2.36396e+06 1.35721e+06 1.3022e+06 1.06044e+06 802848 805024
threshold=6024.8598586309536 2013.4711250000003 0.72573682836186693 7070.5512500000013 0.95210745033794308 3.5000000000000004 1947.6683750000004 5079.3613028273821 1.1479328488404406 5518.6168750000006
decision_type=10 2 2 10 2 2 10 10 2 10
left_child=1 -1 3 4 6 -6 -3 -8 9 -2
right_child=8 2 -4 -5 5 -7 7 -9 -10 -11
leaf_value=3.4148505249477568 3.005882925618955 -6.9612404758930211 -4.8588545585182352 -5.9992212588326979 0.77144618808177479 8.6901197097255203 3.6538127142424681 -3.3073589435952195 4.5767055416479705 -2.2077996106557949
leaf_weight=105 123 100 142 114 114 103 102 118 128 186
leaf_count=105 123 100 142 114 114 103 102 118 128 186
internal_value=0 -0.830719 -1.39287 -0.636847 0.501534 4.53008 -2.23032 -0.0799066 1.24689 -0.13245
internal_weight=0 898 793 651 537 217 320 220 437 309
internal_count=1335 898 793 651 537 217 320 220 437 309
is_linear=0
shrinkage=0.05


Tree=240
num_leaves=11
num_cat=0
split_feature=15 12 4 10 12 11 15 11 13 14
split_gain=634503 1.85895e+06 900542 817297 1.69695e+06 615508 737440 596793 776097 373051
threshold=6.7247127490526841 7638.8025000000007 13.500000000000002 3882.9592500000003 7556.3323750000009 6939.0162500000015 5.4541926414863724 6149.4768750000012 4931.5767633928581 527.25900000000013
decision_type=2 8 2 2 8 10 2 8 10 10
left_child=3 2 -2 7 5 6 -5 8 -1 -4
right_child=1 -3 9 4 -6 -7 -8 -9 -10 -11
leaf_value=2.2754489894257861 3.0687216759638023 7.5494923452192015 -0.065088390778092781 0.60377950538288472 -6.8406776604829007 3.0546148312389851 -4.6530286121581286 3.6985216564602328 -3.3215882856647179 -4.3008594922299661
leaf_weight=128 131 101 102 165 135 100 112 135 120 106
leaf_count=128 131 101 102 165 135 100 112 135 120 106
internal_value=0 1.59539 -0.178547 -0.723551 -2.03036 -0.307836 -1.52172 1.02341 -0.432795 -2.2237
internal_weight=0 440 339 895 512 377 277 383 248 208
internal_count=1335 440 339 895 512 377 277 383 248 208
is_linear=0
shrinkage=0.05


Tree=241
num_leaves=11
num_cat=0
split_feature=13 8 14 16 11 3 7 11 10 3
split_gain=610333 837324 746328 1.0483e+06 1.3223e+06 1.03388e+06 845165 866030 713768 820023
threshold=7410.9377008928577 0.99417036857473662 49.79500000000008 0.70383149426053671 4284.1401250000008 0.59657680338635743 0.47778401186783259 6967.0636250000007 6069.7908750000015 0.498123827012874
decision_type=10 2 8 2 10 2 2 8 2 2
left_child=1 2 3 -1 -5 8 7 -7 9 -4
right_child=-2 -3 5 4 -6 6 -8 -9 -10 -11
leaf_value=2.2324763576968825 -3.6677281525135044 -2.6540935974372064 1.1729422798780638 -7.3036675305797321 0.76724530142896319 4.7191343021565588 7.3336311408302244 -1.3065361499786379 3.1297360632397715 -5.1246755612790587
leaf_weight=153 100 190 107 101 102 138 114 105 109 100
leaf_count=153 100 190 107 101 102 138 114 105 109 100
internal_value=0 0.395526 0.958624 -0.892816 -3.24833 1.93799 3.78176 2.11545 -0.145005 -1.86939
internal_weight=0 1219 1029 356 203 673 357 243 316 207
internal_count=1319 1219 1029 356 203 673 357 243 316 207
is_linear=0
shrinkage=0.05


Tree=242
num_leaves=10
num_cat=0
split_feature=13 3 3 5 14 13 13 5 14
split_gain=898002 627270 1.18152e+06 1.70073e+06 1.43669e+06 651306 964057 1.49959e+06 332246
threshold=7384.4301934523819 0.52060199910527716 0.58385194694120723 5.5000000000000009 387.85100000000006 6759.6497321428587 5560.4712291666674 3.5000000000000004 -112.80199999999989
decision_type=10 2 2 2 10 8 10 2 10
left_child=1 8 4 5 -3 6 7 -4 -1
right_child=-2 2 3 -5 -6 -7 -8 -9 -10
leaf_value=-4.7765187183618547 -5.2007360653969847 6.6967176068712169 -1.8278798317212772 -6.5048059925026855 -1.2104107580184937 3.0500960553527641 -3.720560581812602 5.3565678264200685 -1.1156501490279942
leaf_weight=100 103 135 184 109 100 157 167 120 163
leaf_count=100 103 135 184 109 100 157 167 120 163
internal_value=0 -0.341313 0.244837 -0.739531 3.33198 0.26113 -0.668525 1.00809 -2.50762
internal_weight=0 1235 972 737 235 628 471 304 263
internal_count=1338 1235 972 737 235 628 471 304 263
is_linear=0
shrinkage=0.05


Tree=243
num_leaves=10
num_cat=0
split_feature=13 11 0 3 14 15 11 8 12
split_gain=506865 1.36682e+06 1.06358e+06 1.36414e+06 1.75366e+06 941604 822514 1.42481e+06 1.13592e+06
threshold=5166.851205357144 3484.9258750000004 4.5899326043715485 0.60255403250312944 223.68625000000023 3.4832788834439006 5952.9287500000009 0.89406515360395356 4368.1068750000004
decision_type=10 10 2 2 10 2 10 2 10
left_child=2 -2 5 -4 -5 -1 7 -3 -8
right_child=1 6 3 4 -6 -7 8 -9 -10
leaf_value=-1.0188848605837142 6.1142489200656858 -5.9840108815140614 0.70521607263359487 -9.4816738537379681 -0.89779144735897298 4.9352396058144974 5.5520981333085473 1.7896276842464101 -0.80249521983048278
leaf_weight=175 103 127 167 119 119 107 112 110 189
leaf_count=175 103 127 167 119 119 107 112 110 189
internal_value=0 0.837474 -1.11735 -2.75898 -5.18973 1.2403 -0.172764 -2.37599 1.562
internal_weight=0 641 687 405 238 282 538 237 301
internal_count=1328 641 687 405 238 282 538 237 301
is_linear=0
shrinkage=0.05


Tree=244
num_leaves=12
num_cat=0
split_feature=11 3 12 7 0 7 12 14 4 10 11
split_gain=744793 596570 748618 1.41715e+06 1.08721e+06 1.42783e+06 1.23103e+06 1.18211e+06 673495 1.36771e+06 531533
threshold=9043.1762500000023 0.7112217373707711 6455.7137500000008 0.43992243281430071 3.7739426720449831 0.32181212038910439 5384.4587500000007 407.53762500000011 15.500000000000002 4578.1466250000012 4284.1401250000008
decision_type=10 2 10 2 2 2 8 10 2 2 8
left_child=1 2 4 -4 -1 6 -6 10 9 -3 -7
right_child=-2 8 3 -5 5 7 -8 -9 -10 -11 -12
leaf_value=-2.8284593317983222 -4.1625310668578512 -0.035728590708711871 -5.8594638431278794 2.3081897457795484 2.2201555488156339 -4.1907405376434328 10.027065355718136 4.6989280854241322 2.0782275316806937 -7.2315602154407692 0.9268363263421846
leaf_weight=103 104 184 101 112 102 100 100 118 104 103 103
leaf_count=103 104 184 101 112 102 100 100 118 104 103 103
internal_value=0 0.243998 0.995716 -1.56474 1.86692 2.79164 6.08496 0.719201 -1.36903 -2.6182 -1.59414
internal_weight=0 1230 839 213 626 523 202 321 391 287 203
internal_count=1334 1230 839 213 626 523 202 321 391 287 203
is_linear=0
shrinkage=0.05


Tree=245
num_leaves=10
num_cat=1
split_feature=13 1 12 10 5 12 11 9 13
split_gain=647462 753656 1.08035e+06 617571 891981 1.32595e+06 580123 724165 541750
threshold=7410.9377008928577 46.676091355310312 4052.0387500000006 5115.1527500000002 4.5000000000000009 5505.5550000000012 3870.4553750000005 0 6668.0232738095247
decision_type=10 2 10 2 2 8 8 9 8
left_child=1 3 -3 6 5 -5 -1 8 -8
right_child=-2 2 -4 4 -6 -7 7 -9 -10
leaf_value=3.0958615018043694 -3.8968764762276589 -0.88191666571990313 5.7129685454677661 2.2072565245910511 -5.9841430056328875 -5.0565798132307833 -0.5277276790946539 -2.8781759591102603 4.0774697378703531
leaf_weight=167 103 115 135 169 102 100 163 165 105
leaf_count=167 103 115 135 169 102 100 163 165 105
internal_value=0 0.23117 2.67932 -0.399147 -2.00273 -0.493054 0.592405 -0.373132 1.23063
internal_weight=0 1221 250 971 371 269 600 433 268
internal_count=1324 1221 250 971 371 269 600 433 268
cat_boundaries=0 1
cat_threshold=67
is_linear=0
shrinkage=0.05


Tree=246
num_leaves=11
num_cat=0
split_feature=15 10 13 13 4 13 16 13 10 3
split_gain=380308 804549 620211 2.185e+06 1.27251e+06 1.28173e+06 1.43592e+06 711974 868047 504978
threshold=2.9451056216732794 3020.5996250000003 6024.8598586309536 5560.4712291666674 5.5000000000000009 5067.721941964287 0.92973880721405611 6965.8672224702395 6046.5910000000013 0.5904064878864802
decision_type=2 2 8 10 2 10 2 8 2 2
left_child=-1 -2 3 4 -3 6 -6 9 -9 -4
right_child=1 2 7 -5 5 -7 -8 8 -10 -11
leaf_value=-2.2089745528242561 4.383016487431747 4.8835470747529417 0.42065393126126632 -7.3250865503893072 -6.8573584965833536 3.4912412137088213 0.94651831952008336 1.802615821020944 -4.2617473737866272 5.0330503441606247
leaf_weight=178 108 114 103 118 127 101 110 140 102 140
leaf_count=178 108 114 103 118 127 101 110 140 102 140
internal_value=0 0.272743 -0.148024 -1.26629 0.315425 -1.2253 -3.23531 1.16623 -0.753438 3.078
internal_weight=0 1163 1055 570 452 338 237 485 242 243
internal_count=1341 1163 1055 570 452 338 237 485 242 243
is_linear=0
shrinkage=0.05


Tree=247
num_leaves=10
num_cat=0
split_feature=10 15 12 11 11 10 7 15 3
split_gain=797482 669125 803296 1.24417e+06 873312 1.75039e+06 919058 2.03089e+06 822466
threshold=2316.2806250000003 8.2776861019435284 6304.9237500000008 6816.0311250000004 3870.4553750000005 5842.5996250000007 0.15812284459143169 5.2202761942860967 0.55527296729161024
decision_type=2 2 10 10 8 2 2 2 2
left_child=-1 2 3 4 5 -2 -6 -8 -4
right_child=1 -3 8 -5 6 -7 7 -9 -10
leaf_value=3.6827091127634048 4.4619990902287618 2.4851554102518345 -0.22320345872271377 4.0073787705393036 -6.3764046322168975 -3.9829478682256219 4.1734981578530617 -5.6850998334164897 -6.0448923795277842
leaf_weight=137 154 176 113 151 116 102 103 106 131
leaf_count=137 154 176 113 151 116 102 103 106 131
internal_value=0 -0.352541 -0.864257 -0.0360817 -1.08696 1.09722 -2.80743 -0.826556 -3.34878
internal_weight=0 1152 976 732 581 256 325 209 244
internal_count=1289 1152 976 732 581 256 325 209 244
is_linear=0
shrinkage=0.05


Tree=248
num_leaves=9
num_cat=0
split_feature=11 3 7 11 5 3 16 7
split_gain=505890 842131 1.49838e+06 587607 944500 542938 496914 650825
threshold=3165.6062500000003 0.64058307198457864 0.02595509350583269 6939.0162500000015 2.5000000000000004 0.64899937274009545 1.3807880788078815 0.32565298347212801
decision_type=8 2 2 10 2 2 2 2
left_child=5 2 -2 4 -4 -1 7 -3
right_child=1 6 3 -5 -6 -7 -8 -9
leaf_value=-4.4139698684772597 7.6284285757801316 -1.3860097115859391 2.300302245184692 3.7321391976796665 -3.1166186787972325 0.35466350343492298 -2.8586391089303156 3.2167833786457778
leaf_weight=107 101 192 171 130 152 135 175 128
leaf_count=107 101 192 171 130 152 135 175 128
internal_value=0 0.782314 2.12144 0.893606 -0.248837 -1.75378 -0.716419 0.455108
internal_weight=0 1049 554 453 323 242 495 320
internal_count=1291 1049 554 453 323 242 495 320
is_linear=0
shrinkage=0.05


Tree=249
num_leaves=10
num_cat=0
split_feature=14 5 16 14 15 13 4 10 14
split_gain=684473 616303 689026 688885 656204 1.42861e+06 1.26168e+06 571636 354591
threshold=-744.34987500000034 5.5000000000000009 0.25688541076329902 964.03387500000019 5.6055480548054808 6438.9044062500006 14.500000000000002 3060.8093750000003 1413.5621250000002
decision_type=8 2 2 10 2 10 2 2 10
left_child=-1 2 -2 4 7 6 -6 -4 -5
right_child=1 -3 3 8 5 -7 -8 -9 -10
leaf_value=4.1665539310612809 -3.4189553463983837 3.156072634587185 0.20971053553299168 4.7640538199434008 -0.89036966939257756 -4.1281220456013585 6.2035411606121951 -3.974447678650419 0.6151771589896633
leaf_weight=109 159 139 142 103 117 101 135 192 103
leaf_count=109 159 139 142 103 117 101 135 192 103
internal_value=0 0.027028 -0.38641 0.153539 -0.606915 0.896217 2.90994 -2.19555 2.68962
internal_weight=0 1191 1052 893 687 353 252 334 206
internal_count=1300 1191 1052 893 687 353 252 334 206
is_linear=0
shrinkage=0.05


Tree=250
num_leaves=9
num_cat=0
split_feature=10 5 13 11 13 4 11 15
split_gain=723480 693833 603536 834809 1.07717e+06 822376 625150 565896
threshold=7571.1913750000012 3.5000000000000004 4227.1781837797635 4992.4027500000011 5267.8024561011907 13.500000000000002 3343.8312500000006 3.8069293040415153
decision_type=2 2 8 10 10 2 10 2
left_child=2 -2 -1 6 -5 -6 7 -4
right_child=1 -3 3 4 5 -7 -8 -9
leaf_value=-1.9730141586361669 0.40779300906441435 -5.1349693577865079 -1.7800191636438722 5.9308151291077396 3.0041523220927218 -2.5469714473146912 -2.6264700204975862 2.7399041683562682
leaf_weight=181 110 116 108 166 172 109 177 193
leaf_count=181 110 116 108 166 172 109 177 193
internal_value=0 -2.43716 0.667422 1.18409 2.73738 0.850869 -0.268464 1.11814
internal_weight=0 226 1106 925 447 281 478 301
internal_count=1332 226 1106 925 447 281 478 301
is_linear=0
shrinkage=0.05


Tree=251
num_leaves=10
num_cat=0
split_feature=14 4 5 14 11 12 12 10 4
split_gain=727412 739765 998663 609498 579108 1.77896e+06 980912 2.31486e+06 1.71987e+06
threshold=-744.34987500000034 2.5000000000000004 1.0000000180025095e-35 -429.63075000000021 4092.9800000000005 5701.7337500000012 5473.0875000000015 6120.6272500000005 17.500000000000004
decision_type=8 2 2 10 10 8 8 2 2
left_child=-1 -2 -3 -4 5 -5 7 -6 -8
right_child=1 2 3 4 6 -7 8 -9 -10
leaf_value=3.8883835675539795 -3.4959018099379828 -3.7185388021372461 -2.1841427373258693 7.4301944098164956 -5.5065811332361205 -1.4842825470601813 5.9596848925852015 4.0521205746210542 -2.0514108706328829
leaf_weight=108 166 148 152 124 162 102 155 104 118
leaf_count=108 166 148 152 124 162 102 155 104 118
internal_value=0 -0.391281 0.0926318 0.707739 1.28234 3.40685 0.391538 -1.76934 2.49701
internal_weight=0 1231 1065 917 765 226 539 266 273
internal_count=1339 1231 1065 917 765 226 539 266 273
is_linear=0
shrinkage=0.05


Tree=252
num_leaves=10
num_cat=0
split_feature=12 10 15 3 13 5 3 11 14
split_gain=485813 812300 813024 1.01543e+06 986067 872136 882443 532458 513268
threshold=7367.3225000000011 7530.4365000000007 3.2887427631652058 0.7112217373707711 6024.8598586309536 4.5000000000000009 0.51373912549115963 5397.5905000000012 -23.971249999999596
decision_type=10 2 2 2 10 2 2 10 10
left_child=1 2 -1 5 8 6 -4 -8 -5
right_child=-2 -3 3 4 -6 -7 7 -9 -10
leaf_value=-2.6470874196412613 2.3654701294699265 -3.5123911544766728 4.9308573845884593 -0.76486247813701636 2.7432221731426671 6.0023563364594006 1.6317335541183884 -3.3985496585369113 -5.8307704361081125
leaf_weight=196 191 173 101 100 102 127 111 100 100
leaf_count=196 191 173 101 100 102 127 111 100 100
internal_value=0 -0.364544 0.216648 0.974128 -1.25747 2.5093 1.08745 -0.752287 -3.29782
internal_weight=0 1110 937 741 302 439 312 211 200
internal_count=1301 1110 937 741 302 439 312 211 200
is_linear=0
shrinkage=0.05


Tree=253
num_leaves=9
num_cat=0
split_feature=14 13 4 12 14 13 10 13
split_gain=855142 1.09059e+06 925583 943654 1.34036e+06 874261 809268 1.45129e+06
threshold=-1542.6836249999994 6734.5962790178583 11.500000000000002 5088.5527500000007 284.47750000000002 7384.4301934523819 6069.7908750000015 4858.4337797619055
decision_type=10 10 2 10 10 10 2 10
left_child=-1 2 3 4 -2 -3 7 -4
right_child=1 5 6 -5 -6 -7 -8 -9
leaf_value=-3.3751708326460439 2.4226378654016227 5.9237957593254951 4.356476932984811 4.2507144957326011 -4.6545230966753666 -0.092506319751926511 -4.4517966284936312 -3.1355272516700796
leaf_weight=158 164 148 108 172 113 102 181 161
leaf_count=158 164 148 108 172 113 102 181 161
internal_value=0 0.548011 -0.264317 1.34181 -0.464435 3.46914 -1.86688 -0.127585
internal_weight=0 1149 899 449 277 250 450 269
internal_count=1307 1149 899 449 277 250 450 269
is_linear=0
shrinkage=0.05


Tree=254
num_leaves=9
num_cat=0
split_feature=7 11 14 4 5 11 7 13
split_gain=466867 1.42936e+06 1.15937e+06 735364 566232 570362 871999 666278
threshold=0.52260299747206151 5243.4551250000013 -744.34987500000034 18.500000000000004 1.5000000000000002 5485.9666250000009 0.20871847207075275 5071.9340029761916
decision_type=2 8 10 2 2 10 2 10
left_child=2 -2 -1 4 -4 7 -7 -6
right_child=1 -3 3 -5 5 6 -8 -9
leaf_value=3.0288072282075884 -2.0590032269159955 4.5169622340927953 -2.9468439931107553 -4.5421901115069261 -0.26034374781366854 1.4199104482093743 -4.9569655107516866 5.036763322973016
leaf_weight=180 150 184 194 152 144 113 102 101
leaf_count=180 150 184 194 152 144 113 102 101
internal_value=0 1.56368 -0.599242 -1.40948 -0.681383 0.27405 -1.6054 1.92336
internal_weight=0 334 986 806 654 460 215 245
internal_count=1320 334 986 806 654 460 215 245
is_linear=0
shrinkage=0.05


Tree=255
num_leaves=10
num_cat=0
split_feature=13 13 12 12 13 12 4 1 1
split_gain=478378 1.15052e+06 988904 1.23253e+06 954210 771211 1.02887e+06 1.01154e+06 1.12204e+06
threshold=5047.1090840773822 5469.2313831845249 5737.547375000001 1243.7531250000002 5880.2598735119054 7711.1350000000011 13.500000000000002 42.241606573686504 27.734854954911729
decision_type=8 8 10 10 8 8 2 2 2
left_child=2 -2 3 -1 -3 7 -7 8 -6
right_child=1 4 -4 -5 5 6 -8 -9 -10
leaf_value=-3.6336295705135555 4.3331447810302555 -4.7862582881473799 -5.7790606792690689 2.4755734249243613 -2.3356653083311882 -0.59710906506428185 6.4027687379947089 -3.9021793204582544 4.5772915564292722
leaf_weight=146 162 103 103 190 114 106 104 163 121
leaf_count=146 162 103 103 190 114 106 104 163 121
internal_value=0 0.530482 -1.49293 -0.179021 -0.335948 0.41797 2.8695 -0.87555 1.22377
internal_weight=0 873 439 336 711 608 210 398 235
internal_count=1312 873 439 336 711 608 210 398 235
is_linear=0
shrinkage=0.05


Tree=256
num_leaves=11
num_cat=0
split_feature=0 3 13 7 10 13 7 10 0 7
split_gain=641318 836534 1.06929e+06 660647 1.0256e+06 1.16751e+06 516530 691879 513307 1.06686e+06
threshold=6.0298849329377395 0.71641774141410874 6903.0710788690494 0.49840052098464266 4145.9725000000008 6143.7569166666681 0.3951189149017032 7906.507125000001 3.8842912068984683 -0.034254965367935493
decision_type=2 2 10 2 2 10 2 2 2 2
left_child=3 2 6 4 8 -6 -2 -8 -1 -10
right_child=1 -3 -4 -5 5 -7 7 -9 9 -11
leaf_value=-1.4117216035901081 7.2063412797217286 -2.1700198519463636 -1.6308098097248835 2.6831883624896111 -5.7546155490064894 0.87361253601200173 5.8116090491965968 0.27318263185226316 -1.3307795208191204 5.6206783114818109
leaf_weight=168 102 102 101 149 178 106 108 118 107 114
leaf_count=168 102 102 101 149 178 106 108 118 107 114
internal_value=0 1.89997 2.86766 -0.329354 -0.996321 -3.2807 4.25285 2.91986 0.671452 2.25504
internal_weight=0 531 429 822 673 284 328 226 389 221
internal_count=1353 531 429 822 673 284 328 226 389 221
is_linear=0
shrinkage=0.05


Tree=257
num_leaves=10
num_cat=0
split_feature=13 10 8 15 5 3 7 15 8
split_gain=463070 845627 1.14001e+06 1.11008e+06 1.2189e+06 953624 1.20129e+06 659519 358751
threshold=3808.4850163690476 3060.8093750000003 0.81855491997912566 5.0741226900467833 1.5000000000000002 0.58244051218004744 0.20871847207075275 4.3064417552866407 0.95210745033794308
decision_type=10 2 2 2 2 2 2 2 2
left_child=8 -2 -3 7 -5 -6 -7 -4 -1
right_child=1 2 3 4 5 6 -8 -9 -10
leaf_value=-4.1195485235306259 3.8290644046465561 -4.2116853501001996 -0.0057972023653429612 -2.0209282629145018 7.1940438319102071 5.648362888718645 -0.72884294160952168 -5.3713473081588745 -0.15285118347720097
leaf_weight=114 150 150 129 159 107 120 192 103 114
leaf_count=114 150 150 129 159 107 120 192 103 114
internal_value=0 0.337758 -0.207759 0.533709 1.7064 3.12083 1.72393 -2.38792 -2.1362
internal_weight=0 1110 960 810 578 419 312 232 228
internal_count=1338 1110 960 810 578 419 312 232 228
is_linear=0
shrinkage=0.05


Tree=258
num_leaves=10
num_cat=0
split_feature=13 13 11 11 11 13 5 4 14
split_gain=559983 850504 1.0702e+06 1.48043e+06 834512 1.19613e+06 1.5826e+06 621912 1.45625e+06
threshold=5094.1165543154775 4931.5767633928581 5868.9698750000016 3271.0261250000003 8316.3065000000006 6438.9044062500006 3.5000000000000004 14.500000000000002 -429.63075000000021
decision_type=8 10 8 10 10 8 2 2 10
left_child=1 2 3 -1 5 6 -2 8 -7
right_child=4 -3 -4 -5 -6 7 -8 -9 -10
leaf_value=-2.4221368515572586 0.98003497936803363 -5.3880375363130488 -4.8406894550740143 4.7361731378964977 -3.124565118230306 -5.732665714737057 8.7946272417306908 2.1697099260775974 1.6963028985482678
leaf_weight=147 184 113 103 142 130 129 100 142 135
leaf_count=147 184 113 103 142 130 129 100 142 135
internal_value=0 -1.56625 -0.464563 1.0951 0.550221 1.24257 3.73165 -0.498557 -1.93376
internal_weight=0 505 392 289 820 690 284 406 264
internal_count=1325 505 392 289 820 690 284 406 264
is_linear=0
shrinkage=0.05


Tree=259
num_leaves=11
num_cat=0
split_feature=10 0 16 8 4 11 12 11 0 16
split_gain=680041 552545 683124 642398 1.02684e+06 1.10842e+06 1.4835e+06 969791 522955 722894
threshold=1901.3547500000002 5.5221105443877727 0.27870425931482062 0.81855491997912566 5.5000000000000009 5485.9666250000009 4472.4462500000009 7461.3461250000009 4.7864883710593285 0.95779716860574882
decision_type=2 2 2 2 2 8 8 8 2 2
left_child=-1 2 -2 -3 -5 6 -6 -7 9 -4
right_child=1 3 8 4 5 7 -8 -9 -10 -11
leaf_value=4.6115229897499086 -4.3543253643018707 -1.8715046701064477 3.7648641448314879 6.4562694909999969 -0.77543745732307434 -4.9036971212547513 7.676044517093235 1.617914387828014 -2.2955907788796304 -1.2637698939442634
leaf_weight=100 111 130 146 106 100 107 108 122 156 140
leaf_count=100 111 130 146 106 100 107 108 122 156 140
internal_value=0 0.323432 -0.847559 1.28563 2.04148 0.970616 3.61283 -1.4293 0.0331 1.3033
internal_weight=0 1226 553 673 543 437 208 229 442 286
internal_count=1326 1226 553 673 543 437 208 229 442 286
is_linear=0
shrinkage=0.05


Tree=260
num_leaves=11
num_cat=0
split_feature=10 0 14 11 11 14 7 12 10 12
split_gain=561412 793137 1.02442e+06 1.78648e+06 1.70645e+06 767900 561125 549998 475345 465177
threshold=7906.507125000001 5.5221105443877727 363.20212500000008 5020.9005000000006 6069.0785000000014 571.29187499999955 0.1947225628853968 2602.2405000000003 2877.4460000000004 5280.3630000000012
decision_type=2 2 8 10 10 10 2 10 2 10
left_child=1 5 3 -3 -4 7 -7 8 -1 -9
right_child=-2 2 4 -5 -6 6 -8 9 -10 -11
leaf_value=-3.0860574610465399 -1.9841142051507044 -4.0168104925463277 9.1087232418549373 4.7364499306678773 0.84437410795866552 -5.414820939958096 -0.144034743309021 5.1541734540548463 1.4900463442007701 0.61138392890371929
leaf_weight=113 191 124 117 110 134 100 102 104 114 123
leaf_count=113 191 124 117 110 134 100 102 104 114 123
internal_value=0 0.944779 2.47792 0.09797 4.69668 -0.188717 -2.75333 0.952368 -0.787926 2.69266
internal_weight=0 1141 485 234 251 656 202 454 227 227
internal_count=1332 1141 485 234 251 656 202 454 227 227
is_linear=0
shrinkage=0.05


Tree=261
num_leaves=11
num_cat=0
split_feature=14 7 3 10 11 11 7 14 3 12
split_gain=383752 716803 1.39731e+06 627570 880822 1.06548e+06 901331 1.34237e+06 537041 192508
threshold=-744.34987500000034 0.52260299747206151 0.61932960075916388 2278.2195000000006 4092.9800000000005 3165.6062500000003 0.10215237023458758 611.9962499999998 0.68338379346581057 3636.8562500000003
decision_type=8 2 2 2 8 10 2 10 2 10
left_child=-1 3 -3 -2 5 -5 8 9 -6 -8
right_child=1 2 -4 4 6 -7 7 -9 -10 -11
leaf_value=2.4246307679425891 2.3842952453196049 -1.1009291205901266 6.2254548832921701 -1.8699693623752822 -3.0203690635191429 4.6486533602476126 -5.5369900083078925 2.1768163818159914 -7.9964713815248238 -2.4725407109541053
leaf_weight=107 100 183 101 168 111 100 103 153 106 102
leaf_count=107 100 183 101 168 111 100 103 153 106 102
internal_value=0 -0.697557 1.50458 -1.36077 -1.80502 0.562353 -2.90842 -1.3672 -5.45109 -4.01224
internal_weight=0 1227 284 943 843 268 575 358 217 205
internal_count=1334 1227 284 943 843 268 575 358 217 205
is_linear=0
shrinkage=0.05


Tree=262
num_leaves=9
num_cat=0
split_feature=8 5 13 13 11 16 5 12
split_gain=436163 1.11768e+06 630780 839895 1.07913e+06 841158 1.2147e+06 1.30019e+06
threshold=0.75300874312020383 1.0000000180025095e-35 4584.3394575892862 5047.1090840773822 3462.0656250000006 0.33723927948350391 4.5000000000000009 5384.4587500000007
decision_type=2 2 8 8 10 2 2 10
left_child=-1 -2 -3 -4 -5 -6 7 -7
right_child=1 2 3 4 5 6 -8 -9
leaf_value=-2.9061522927491565 -3.655810998178298 3.5955631249443778 -2.577343372112729 4.5493632440567024 3.7207327906824967 -2.5752581455023358 -5.0709512784499537 4.2273388324024017
leaf_weight=115 155 179 193 175 119 142 129 139
leaf_count=115 155 179 193 175 119 142 129 139
internal_value=0 0.313724 0.885544 0.344748 1.14583 0.0199016 -1.05424 0.789728
internal_weight=0 1231 1076 897 704 529 410 281
internal_count=1346 1231 1076 897 704 529 410 281
is_linear=0
shrinkage=0.05


Tree=263
num_leaves=10
num_cat=0
split_feature=14 15 11 14 13 8 4 12 13
split_gain=572540 403464 1.10393e+06 1.11174e+06 1.65828e+06 633664 762011 975013 562153
threshold=-1542.6836249999994 6.7247127490526841 3745.6841250000002 176.37475000000009 6215.3105863095252 0.81213631769251415 18.500000000000004 5088.5527500000007 6527.5025967261909
decision_type=10 2 10 10 10 2 2 10 10
left_child=-1 5 -3 -4 -5 -2 7 8 -7
right_child=1 2 3 4 -6 6 -8 -9 -10
leaf_value=-2.8785968830556046 2.8590871385863572 5.8566855894316232 4.3026973122531933 -6.6416092246186498 2.1339132976113704 -3.6160816514552554 -4.9184304613933385 2.4842879589472733 0.98693176841735841
leaf_weight=162 122 109 103 102 114 197 107 195 100
leaf_count=162 122 109 103 102 114 197 107 195 100
internal_value=0 0.296498 1.51257 0.0282125 -2.01008 -0.425384 -1.09434 -0.26268 -2.06625
internal_weight=0 1149 428 319 216 721 599 492 297
internal_count=1311 1149 428 319 216 721 599 492 297
is_linear=0
shrinkage=0.05


Tree=264
num_leaves=10
num_cat=0
split_feature=3 10 12 4 7 14 5 12 0
split_gain=475788 887625 595821 1.40509e+06 1.47694e+06 1.32131e+06 1.307e+06 888076 993370
threshold=0.52060199910527716 4979.3253750000013 3576.5320000000006 17.500000000000004 0.37393059161188685 429.93450000000013 4.5000000000000009 2650.2000000000003 4.7720647064706485
decision_type=2 2 10 2 2 10 2 8 2
left_child=1 -1 6 5 -5 -4 7 -2 -9
right_child=2 -3 3 4 -6 -7 -8 8 -10
leaf_value=-0.12795312294493552 4.0652950627153572 -5.7893739743275692 6.1621350045005485 -6.4865289261341097 1.9651839203227348 -0.017632317265798881 -5.4624966648087572 2.4911528203487396 -3.9866019105911259
leaf_weight=184 110 111 174 100 107 172 134 100 145
leaf_count=184 110 111 174 100 107 172 134 100 145
internal_value=0 -2.25818 0.0163785 1.14069 -2.11777 3.09011 -1.25508 0.333072 -1.34262
internal_weight=0 295 1042 553 207 346 489 355 245
internal_count=1337 295 1042 553 207 346 489 355 245
is_linear=0
shrinkage=0.05


Tree=265
num_leaves=11
num_cat=0
split_feature=13 13 13 0 15 11 11 13 0 12
split_gain=554058 685293 720342 687127 1.24462e+06 1.49377e+06 1.03157e+06 1.72814e+06 755987 690268
threshold=7410.9377008928577 6734.5962790178583 6283.4210944940487 7.1617203387005377 6.1076816014934847 4786.8385000000007 4786.8385000000007 4947.8894270833343 4.5459684857374638 6055.8247500000007
decision_type=10 10 10 2 2 10 10 10 2 10
left_child=1 2 3 4 6 -6 7 8 -1 -8
right_child=-2 -3 -4 -5 5 -7 9 -9 -10 -11
leaf_value=2.0192322011453561 -3.67434124098915 2.97071202420919 -4.3215480672745477 -3.5378072582758393 8.2624877886772161 0.1998115596064815 -0.79649243608117104 -7.5052990254488865 -3.4501769033132819 5.0079582372165863
leaf_weight=166 106 177 105 117 100 135 100 110 102 105
leaf_count=166 106 177 105 117 100 135 100 110 102 105
internal_value=0 0.0946848 -0.394793 0.0461795 0.558804 3.63074 -0.679455 -2.22833 -0.0624086 2.17652
internal_weight=0 1217 1040 935 818 235 583 378 268 205
internal_count=1323 1217 1040 935 818 235 583 378 268 205
is_linear=0
shrinkage=0.05


Tree=266
num_leaves=10
num_cat=0
split_feature=10 12 7 8 14 14 7 5 10
split_gain=886437 938809 2.61076e+06 1.41704e+06 1.58024e+06 1.37626e+06 1.09835e+06 791234 609538
threshold=3060.8093750000003 6500.3456250000008 0.3717597178403283 0.95210745033794308 -429.63075000000021 260.38362500000022 0.5270847033853906 3.5000000000000004 6094.9231250000012
decision_type=2 10 2 2 10 10 2 2 2
left_child=7 3 -3 4 -2 -5 8 -1 -6
right_child=1 2 -4 5 6 -7 -8 -9 -10
leaf_value=-0.17711517769916385 -6.7390380600142095 -9.2698755219064903 0.85713058477597892 6.4324160329406226 0.91108382824063305 -0.35036333815559101 3.7741585053760431 5.368084165708976 -4.1284998833338422
leaf_weight=153 126 116 141 126 100 184 116 111 150
leaf_count=153 126 116 141 126 100 184 116 111 150
internal_value=0 -1.08396 -3.71381 -0.241229 -1.90952 2.40651 -0.246897 2.15439 -2.11267
internal_weight=0 1059 257 802 492 310 366 264 250
internal_count=1323 1059 257 802 492 310 366 264 250
is_linear=0
shrinkage=0.05


Tree=267
num_leaves=10
num_cat=0
split_feature=10 16 11 16 12 5 8 4 12
split_gain=504501 507749 652695 676828 662315 2.1953e+06 747012 919782 1.01849e+06
threshold=7906.507125000001 0.13239101687946556 1860.6670000000001 1.7600787856563433 2868.1325000000002 4.5000000000000009 0.88114418652073301 15.500000000000002 5496.6426250000013
decision_type=2 2 10 2 8 2 2 2 8
left_child=1 -1 -3 4 -4 6 -6 8 -8
right_child=-2 2 3 -5 5 -7 7 -9 -10
leaf_value=-2.551350591231424 -1.9984027768749941 -1.6034667305607613 -0.7715910298934836 -2.103163132071495 4.4020481651923697 7.7376857623370769 -1.9291970886436165 -3.9802471334689131 4.9625349680934336
leaf_weight=104 190 183 151 104 122 171 102 107 113
leaf_count=104 190 183 151 104 122 171 102 107 113
internal_value=0 0.781575 1.11075 1.68167 2.19554 2.92406 1.07016 -0.19223 1.69297
internal_weight=0 1157 1053 870 766 615 444 322 215
internal_count=1347 1157 1053 870 766 615 444 322 215
is_linear=0
shrinkage=0.05


Tree=268
num_leaves=10
num_cat=0
split_feature=10 4 3 10 10 11 10 13 3
split_gain=761521 633284 846275 1.11524e+06 1.11626e+06 806597 499945 492659 642598
threshold=2237.0975000000003 11.500000000000002 0.52484460939152955 6499.6767500000005 4561.8663750000014 7811.7663750000002 4364.6698750000005 6019.169925595239 0.72003057232984735
decision_type=2 2 2 2 2 10 2 8 2
left_child=-1 2 6 4 -4 7 -2 8 -3
right_child=1 5 3 -5 -6 -7 -8 -9 -10
leaf_value=3.3757003673986228 0.95815155206649916 -2.4208375017077941 3.5136215753644429 5.8585711470743025 -3.6276316517165732 1.4491158409471865 -3.5051899869017804 -1.0024617480248519 -7.3940811895407172
leaf_weight=119 102 173 107 120 112 135 163 194 104
leaf_count=119 102 173 107 120 112 135 163 194 104
internal_value=0 -0.816165 0.329597 1.98434 -0.138526 -1.95815 -1.78722 -2.93475 -4.28805
internal_weight=0 1210 604 339 219 606 265 471 277
internal_count=1329 1210 604 339 219 606 265 471 277
is_linear=0
shrinkage=0.05


Tree=269
num_leaves=10
num_cat=0
split_feature=15 8 3 7 3 7 13 3 16
split_gain=449632 888813 1.24792e+06 399540 855295 782328 1.00701e+06 361415 212572
threshold=6.7247127490526841 0.95210745033794308 0.70791112019137725 0.031852830198467741 0.67949392497888728 0.49840052098464266 5039.3636532738101 0.54441477705813446 0.87928237268171239
decision_type=2 2 2 2 2 2 10 2 2
left_child=3 2 -2 4 -1 6 -5 -8 -7
right_child=1 -3 -4 5 -6 8 7 -9 -10
leaf_value=4.3877282231307229 2.6241115705254154 5.0266237782119818 -3.8966569926779151 -5.0084230042396385 -1.3615650179146006 2.8900165749746458 -2.1389552289948743 1.9751093306711742 -0.26011457325208304
leaf_weight=121 194 134 118 187 139 114 102 112 101
leaf_count=121 194 134 118 187 139 114 102 112 101
internal_value=0 1.62072 0.157923 -0.329553 1.31407 -1.02329 -2.32802 0.0142001 1.41019
internal_weight=0 446 312 876 260 616 401 214 215
internal_count=1322 446 312 876 260 616 401 214 215
is_linear=0
shrinkage=0.05


Tree=270
num_leaves=10
num_cat=0
split_feature=15 10 3 16 0 15 15 0 10
split_gain=432559 654364 755400 1.22275e+06 700489 666389 547381 626667 449470
threshold=2.9451056216732794 7014.482750000001 0.71641774141410874 0.91600132235445797 4.8649601071218243 5.0946900245580116 6.8567690102343581 7.6260028780655853 5225.0711250000013
decision_type=2 2 2 2 2 2 2 2 2
left_child=-1 2 3 5 -4 -2 -3 -8 -5
right_child=1 6 4 8 -6 -7 7 -9 -10
leaf_value=-2.5070833429961863 -1.9703248191711513 -4.744970778899618 2.0117554854928401 7.4824251217842104 -2.9866129773986212 2.6059674097074046 2.3970351192929331 -2.9284901329449244 2.8507963943481447
leaf_weight=167 172 101 114 100 182 148 109 112 110
leaf_count=167 172 101 114 100 182 148 109 112 110
internal_value=0 0.216409 0.961736 2.09173 -1.06157 0.14621 -1.69552 -0.301874 5.05633
internal_weight=0 1148 826 530 296 320 322 221 210
internal_count=1315 1148 826 530 296 320 322 221 210
is_linear=0
shrinkage=0.05


Tree=271
num_leaves=11
num_cat=0
split_feature=4 12 14 15 14 10 3 4 15 11
split_gain=585604 445132 1.86961e+06 1.15579e+06 1.08486e+06 1.85776e+06 1.02216e+06 781245 751681 639771
threshold=1.5000000000000002 5384.4587500000007 1111.1872500000006 3.8069293040415153 606.31137500000034 4849.3181250000007 0.58385194694120723 17.500000000000004 5.9847748663755276 5378.2575000000006
decision_type=2 10 10 2 8 2 2 2 2 10
left_child=-1 3 7 -2 5 -5 -7 9 -6 -3
right_child=1 2 -4 4 8 6 -8 -9 -10 -11
leaf_value=-3.529201254519549 -3.8058491646933059 2.5153628974317392 -4.4025978289028203 4.4486349004882957 0.30976786169138826 0.79278952944278724 -5.5641887581625653 0.24295186542329336 5.9876639760309658 8.0358993683046513
leaf_weight=110 192 107 101 111 110 100 172 126 124 103
leaf_count=110 192 107 101 111 110 100 172 126 124 103
internal_value=0 0.276605 1.56245 -0.417974 0.636275 -1.00251 -3.22706 3.35552 3.31857 5.22305
internal_weight=0 1246 437 809 617 383 272 336 234 210
internal_count=1356 1246 437 809 617 383 272 336 234 210
is_linear=0
shrinkage=0.05


Tree=272
num_leaves=10
num_cat=0
split_feature=10 4 12 5 7 11 4 16 8
split_gain=604043 391140 452735 961585 1.33893e+06 1.12632e+06 1.10027e+06 1.05012e+06 816323
threshold=1901.3547500000002 1.5000000000000002 3576.5320000000006 5.5000000000000009 -0.022655687367580963 7121.8741250000012 7.5000000000000009 0.88290773521796628 0.88716567690952286
decision_type=2 2 8 2 2 10 2 2 2
left_child=-1 -2 8 4 -4 6 -6 -8 -3
right_child=1 2 3 -5 5 -7 7 -9 -10
leaf_value=3.6891534889445587 -3.0518095510490872 -4.4679298404260726 -4.637079024139573 4.4288061458093146 -1.3713061257050587 -3.3092461604920644 0.69294080381662082 6.6267090943208933 0.77350022390389905
leaf_weight=102 118 141 136 135 156 126 142 157 157
leaf_count=102 118 141 136 135 156 126 142 157 157
internal_value=0 -0.310334 -0.0290351 0.557686 -0.171186 0.874186 2.03268 3.80867 -1.70651
internal_weight=0 1268 1150 852 717 581 455 299 298
internal_count=1370 1268 1150 852 717 581 455 299 298
is_linear=0
shrinkage=0.05


Tree=273
num_leaves=9
num_cat=0
split_feature=10 14 12 11 12 11 15 0
split_gain=513773 724206 618631 970049 1.01866e+06 1.08347e+06 787271 689732
threshold=2013.4711250000003 -1542.6836249999994 6304.9237500000008 6816.0311250000004 5088.5527500000007 4092.9800000000005 7.7746913580246924 5.4664619239701757
decision_type=2 10 8 10 10 10 2 2
left_child=-1 -2 3 4 5 -3 7 -4
right_child=1 2 6 -5 -6 -7 -8 -9
leaf_value=3.1676348399297867 -4.4141288442349218 0.93282454655993563 -1.1235593417144203 3.9968836110660009 3.464069056899215 -4.5269996478216994 2.0314695598944179 -6.0663838399195038
leaf_weight=102 109 189 188 175 130 175 106 113
leaf_count=102 109 189 188 175 130 175 106 113
internal_value=0 -0.530525 -0.137112 0.798001 -0.335207 -1.69209 -1.67419 -2.97917
internal_weight=0 1185 1076 669 494 364 407 301
internal_count=1287 1185 1076 669 494 364 407 301
is_linear=0
shrinkage=0.05


Tree=274
num_leaves=10
num_cat=0
split_feature=11 13 13 11 11 8 10 12 7
split_gain=1.00593e+06 957494 1.53672e+06 1.33688e+06 867943 750102 2.28233e+06 825967 152070
threshold=3896.4395000000004 4760.9137745535727 5296.0675505952386 6149.4768750000012 8316.3065000000006 0.95210745033794308 3454.5873750000005 1121.6430000000003 0.46725434279237926
decision_type=10 10 10 10 10 2 2 10 2
left_child=5 -2 -3 8 -5 7 -7 -1 -4
right_child=1 2 3 4 -6 6 -8 -9 -10
leaf_value=-2.7831744078781426 -4.6521126050655157 3.7728792552841441 -3.3256896370761098 3.1966375098132449 -2.5302195321611998 -1.0421616381289913 9.587870236903429 2.5267357010372802 -6.0564901068179795
leaf_weight=127 146 179 100 149 119 102 100 173 104
leaf_count=127 146 179 100 149 119 102 100 173 104
internal_value=0 -0.992602 -0.171883 -1.66788 0.653742 1.86484 4.22023 0.278874 -4.71786
internal_weight=0 797 651 472 268 502 202 300 204
internal_count=1299 797 651 472 268 502 202 300 204
is_linear=0
shrinkage=0.05


Tree=275
num_leaves=10
num_cat=0
split_feature=4 3 5 11 5 15 12 11 7
split_gain=557045 477545 883387 1.05591e+06 815467 654723 804237 580314 359312
threshold=1.5000000000000002 0.56783897809778294 5.5000000000000009 2153.2641250000006 4.5000000000000009 5.5153195875143082 4385.5825000000013 3271.0261250000003 0.46853681572873079
decision_type=2 2 2 10 2 2 10 10 2
left_child=-1 7 3 -3 5 -5 -7 -2 -9
right_child=1 2 -4 4 -6 6 -8 8 -10
leaf_value=-2.9679823504911891 -0.87066840822236591 4.6001197421293467 -4.0457328040544924 -4.2472978734125304 3.6680726096315208 -2.7064914750086295 2.3208914678370536 1.8521790502849453 5.4476606636488141
leaf_weight=111 114 139 114 127 106 148 172 167 119
leaf_count=111 114 139 114 127 106 148 172 167 119
internal_value=0 0.733478 0.0325615 0.704419 -0.274789 -1.20979 -0.00427314 2.14582 3.3482
internal_weight=0 1206 806 692 553 447 320 400 286
internal_count=1317 1206 806 692 553 447 320 400 286
is_linear=0
shrinkage=0.05


Tree=276
num_leaves=10
num_cat=0
split_feature=14 7 3 14 10 15 3 3 12
split_gain=613814 495302 1.05622e+06 749835 485016 768487 535009 650460 762718
threshold=-744.34987500000034 0.5270847033853906 0.64058307198457864 -147.03600000000048 7014.482750000001 6.7247127490526841 0.53045719352261866 0.7402653508145961 5224.5362500000001
decision_type=8 2 2 8 2 2 2 2 8
left_child=-1 3 -3 -2 5 6 -5 8 -8
right_child=1 2 -4 4 -6 -7 7 -9 -10
leaf_value=3.9650065443095039 -3.9197434182852917 -0.49533844586965198 5.8621135197063481 1.7403984753249206 -2.9928637431536478 3.7485631085775952 0.18444368709933084 1.7816400533213337 -5.4916843232323433
leaf_weight=102 146 185 101 191 117 143 106 102 134
leaf_count=102 146 185 101 191 117 143 106 102 134
internal_value=0 -0.0719661 1.74978 -0.626831 -0.0205697 0.493866 -0.379346 -1.56318 -2.98473
internal_weight=0 1225 286 939 793 676 533 342 240
internal_count=1327 1225 286 939 793 676 533 342 240
is_linear=0
shrinkage=0.05


Tree=277
num_leaves=10
num_cat=0
split_feature=15 8 11 12 4 7 4 5 1
split_gain=861645 1.16289e+06 1.33684e+06 687868 869672 1.26626e+06 697762 618365 297732
threshold=6.1076816014934847 0.8201342777943007 5243.4551250000013 3913.7600000000002 2.5000000000000004 0.47285874389596799 7.5000000000000009 3.5000000000000004 18.719221434725906
decision_type=2 2 10 8 2 2 2 2 2
left_child=3 -2 -3 -1 -5 6 -6 -4 -8
right_child=1 2 7 4 5 -7 8 -9 -10
leaf_value=1.8811584964217176 -2.965630205687102 5.9065973170989539 -1.847226706317493 -5.7779965736450407 0.89608000157371404 4.1453422117941452 -5.4930920507948287 2.970943006990463 -2.0723351886738901
leaf_weight=168 111 193 140 109 126 101 118 127 138
leaf_count=168 111 193 140 109 126 101 118 127 138
internal_value=0 1.62782 2.73624 -0.942564 -1.74389 -0.833502 -2.1499 0.444562 -3.64909
internal_weight=0 571 460 760 592 483 382 267 256
internal_count=1331 571 460 760 592 483 382 267 256
is_linear=0
shrinkage=0.05


Tree=278
num_leaves=11
num_cat=0
split_feature=8 13 10 11 13 8 4 15 12 13
split_gain=519424 623651 1.19425e+06 912478 935751 928146 889408 1.0707e+06 758897 879273
threshold=0.75300874312020383 5039.3636532738101 3882.9592500000003 3703.4207500000007 7384.4301934523819 0.96725919451970954 5.5000000000000009 5.5765326532653274 3830.1075000000005 6438.9044062500006
decision_type=2 8 2 8 8 2 2 2 10 10
left_child=-1 6 -3 -4 5 8 -2 -8 -5 -10
right_child=1 2 3 4 -6 -7 7 -9 9 -11
leaf_value=-3.1218677296509258 2.8230033859167953 4.680226736884368 4.2784672612542511 -1.5802083489403391 -5.0095819685096838 -3.744544307135401 -6.045248718932271 0.064891432874773183 6.7885189147556533 0.19059372508525851
leaf_weight=113 101 190 111 114 102 105 128 163 102 100
leaf_count=113 101 190 111 114 102 105 128 163 102 100
internal_value=0 0.422082 1.20309 0.161041 -0.71283 0.328189 -1.21962 -2.62273 1.68147 3.52222
internal_weight=0 1216 824 634 523 421 392 291 316 202
internal_count=1329 1216 824 634 523 421 392 291 316 202
is_linear=0
shrinkage=0.05


Tree=279
num_leaves=10
num_cat=0
split_feature=13 10 7 13 16 13 3 16 3
split_gain=378846 567921 1.29762e+06 1.41588e+06 634752 622168 2.23037e+06 1.09371e+06 921210
threshold=3808.4850163690476 2620.7030000000004 -0.11140841114137455 3978.4661979166672 1.7177551088442187 5094.1165543154775 0.60255403250312944 1.0831374804147087 0.58891182291521382
decision_type=8 2 2 10 2 10 2 2 2
left_child=-1 -2 -3 -4 5 6 -5 8 -7
right_child=1 2 3 4 -6 7 -8 -9 -10
leaf_value=-2.7498372241854669 3.47138556883387 -5.0040494418777195 6.1993220963524394 2.8429142420450528 -3.4970153197778013 -2.3778401187664486 -7.138726649097368 5.0131485712025077 2.6778624238523507
leaf_weight=100 138 113 103 124 113 193 102 154 169
leaf_count=100 138 113 103 124 113 193 102 154 169
internal_value=0 0.452434 0.0634375 0.661168 -0.00600117 0.525649 -1.66207 1.48384 -0.0175812
internal_weight=0 1209 1071 958 855 742 226 516 362
internal_count=1309 1209 1071 958 855 742 226 516 362
is_linear=0
shrinkage=0.05


Tree=280
num_leaves=11
num_cat=0
split_feature=13 15 16 13 3 8 10 13 13 0
split_gain=636048 557260 654814 633360 847474 678750 391690 520042 648273 396531
threshold=7384.4301934523819 5.9424386883132767 0.2956490093453788 6759.6497321428587 0.69613980361678729 0.93662069115390512 2428.2222500000003 5332.7113891369054 5960.3719270833344 4.9492032536586992
decision_type=10 2 2 8 2 2 2 8 10 2
left_child=1 2 -1 4 -3 -6 -4 9 -9 -8
right_child=-2 3 6 -5 5 -7 7 8 -10 -11
leaf_value=-3.4651421195355017 -3.5712466614671272 3.3881806844756719 3.2024009343421107 5.2107671265986477 -3.7574565214644964 1.6532765723962701 3.4466574014252069 -4.6332228674420284 0.86270098257990713 -0.82979229771264706
leaf_weight=138 101 189 101 107 119 113 117 112 103 101
leaf_count=138 101 189 101 107 119 113 117 112 103 101
internal_value=0 0.560201 -0.394881 1.77576 0.902729 -1.12206 0.398557 -0.255457 -2.00029 1.46537
internal_weight=0 1200 672 528 421 232 534 433 215 218
internal_count=1301 1200 672 528 421 232 534 433 215 218
is_linear=0
shrinkage=0.05


Tree=281
num_leaves=12
num_cat=0
split_feature=0 13 13 13 12 4 14 0 11 11 11
split_gain=386607 480815 1.07234e+06 969392 1.24865e+06 1.11192e+06 1.38619e+06 1.05178e+06 867343 1.52432e+06 487338
threshold=7.6260028780655853 5086.3451391369063 4931.5767633928581 6410.8930498511918 4236.7195000000002 13.500000000000002 -639.16212499999972 6.0603629807425206 4960.7100000000009 3117.9376250000005 5630.4787500000011
decision_type=2 8 10 8 10 2 10 2 8 10 10
left_child=1 2 8 7 5 6 -5 10 9 -1 -3
right_child=-2 3 -4 4 -6 -7 -8 -9 -10 -11 -12
leaf_value=-1.7576819086831712 -2.8472536919667171 -1.5883251586006684 -5.709395712040938 -5.3654782533645635 -4.8359973181125735 5.0557357265732508 2.9597508075237275 6.9329307760491421 -2.9870191061333435 6.4207585366872637 3.3118806676864625
leaf_weight=126 130 103 104 100 129 110 100 108 146 104 100
leaf_count=126 130 103 104 100 129 110 100 108 146 104 100
internal_value=0 0.0198948 -1.21581 0.810749 -0.702245 1.01793 -1.20286 2.94645 0.0270909 1.9404 0.825569
internal_weight=0 1230 480 750 439 310 200 311 376 230 203
internal_count=1360 1230 480 750 439 310 200 311 376 230 203
is_linear=0
shrinkage=0.05


Tree=282
num_leaves=10
num_cat=0
split_feature=3 5 16 10 7 11 11 5 14
split_gain=405175 928459 682029 651107 845179 682373 448705 971423 372320
threshold=0.58385194694120723 5.5000000000000009 0.35045032281005911 4612.8626250000007 0.52260299747206151 6361.3830000000007 6939.0162500000015 2.5000000000000004 737.58000000000004
decision_type=2 2 2 2 2 10 8 2 8
left_child=2 3 -1 8 5 -5 7 -4 -2
right_child=1 -3 6 4 -6 -7 -8 -9 -10
leaf_value=4.4783819941292817 3.3919731488616409 -5.0599925824889436 1.6240883663928871 -0.60894638074982554 2.4680284944864419 -5.5964701279392095 2.5145992883432795 -4.0834129102089829 -0.40678860195186162
leaf_weight=113 158 108 165 155 104 123 135 136 109
leaf_count=113 158 108 165 155 104 123 135 136 109
internal_value=0 -0.767457 1.01668 -0.0531368 -1.37717 -2.81566 0.119498 -0.954716 1.84117
internal_weight=0 757 549 649 382 278 436 301 267
internal_count=1306 757 549 649 382 278 436 301 267
is_linear=0
shrinkage=0.05


Tree=283
num_leaves=11
num_cat=0
split_feature=4 10 7 5 5 14 4 15 15 13
split_gain=487259 475345 692504 1.31451e+06 779596 1.65848e+06 658757 797378 499276 480443
threshold=21.500000000000004 2013.4711250000003 -0.0405627603679901 3.5000000000000004 4.5000000000000009 448.07687500000026 17.500000000000004 7.1606174506339535 5.1708462512917972 5104.3257462797619
decision_type=2 2 2 2 2 10 2 2 2 10
left_child=1 -1 3 -3 6 -6 7 8 9 -4
right_child=-2 2 4 -5 5 -7 -8 -9 -10 -11
leaf_value=2.762705897497681 3.0781008173372144 -6.8894410379931461 3.8666387049989268 0.79758985410883743 -5.392241246519033 2.4998645187517923 -2.7009383742456086 4.8969275555787268 -1.8226580687637133 -0.68973321035070334
leaf_weight=106 107 117 132 106 171 109 108 135 150 103
leaf_count=106 107 117 132 106 171 109 108 135 150 103
internal_value=0 -0.438902 -0.738965 -3.23552 -0.125825 -2.31996 0.852451 1.59046 0.431052 1.86959
internal_weight=0 1237 1131 223 908 280 628 520 385 235
internal_count=1344 1237 1131 223 908 280 628 520 385 235
is_linear=0
shrinkage=0.05


Tree=284
num_leaves=10
num_cat=0
split_feature=10 15 7 10 5 12 12 11 14
split_gain=539952 614332 704479 677104 723841 1.22248e+06 1.58112e+06 1.01637e+06 992678
threshold=2013.4711250000003 3.8238712760164915 0.26064608257049132 4145.9725000000008 4.5000000000000009 2816.6125000000006 4023.7812500000005 5485.9666250000009 448.07687500000026
decision_type=2 2 2 2 2 8 8 10 10
left_child=-1 2 -2 -3 5 -5 -7 -8 -6
right_child=1 3 -4 4 8 6 7 -9 -10
leaf_value=3.3363879574196682 -5.7590720191456022 2.8086987906662877 0.032871486493164591 4.8875257822294387 -5.1255623493135349 -6.1293580713180402 3.5039107388883668 -1.8478561975147532 1.1600064751592656
leaf_weight=105 105 189 105 124 161 104 181 174 103
leaf_count=105 105 189 105 124 161 104 181 174 103
internal_value=0 -0.39716 -2.8631 0.102693 -0.501126 0.482471 -0.707565 0.880791 -2.67324
internal_weight=0 1246 210 1036 847 583 459 355 264
internal_count=1351 1246 210 1036 847 583 459 355 264
is_linear=0
shrinkage=0.05


Tree=285
num_leaves=10
num_cat=0
split_feature=11 10 15 10 4 13 1 12 16
split_gain=583664 481700 520453 846910 694060 904350 709274 546068 281569
threshold=9419.6427500000009 7906.507125000001 3.6209162582924965 4145.9725000000008 4.5000000000000009 6019.169925595239 37.593017755495161 4913.8135000000011 0.69376798790990246
decision_type=8 2 2 2 2 10 2 10 2
left_child=1 2 7 -4 -5 6 -6 -1 -2
right_child=8 -3 3 4 5 -7 -8 -9 -10
leaf_value=-3.8197167916832351 -4.2866823850870137 -1.9407976800168054 4.6495617137702059 3.9837874694568356 -4.7257291094407323 2.7312358049161598 0.25163784797598676 1.2918640833418995 -0.53455884861946112
leaf_weight=104 100 169 172 123 127 163 164 105 100
leaf_count=104 100 169 172 123 127 163 164 105 100
internal_value=0 0.52034 0.954507 1.57012 0.652163 -0.250457 -1.92062 -1.2517 -2.41062
internal_weight=0 1127 958 749 577 454 291 209 200
internal_count=1327 1127 958 749 577 454 291 209 200
is_linear=0
shrinkage=0.05


Tree=286
num_leaves=10
num_cat=0
split_feature=11 13 13 13 13 12 12 0 11
split_gain=467467 725670 836879 647961 1.18323e+06 838628 791905 879017 501727
threshold=3870.4553750000005 4153.7248735119056 5166.851205357144 4748.5616488095247 5108.068815476191 2816.6125000000006 7423.0843750000013 6.2815892700381157 8673.5856250000015
decision_type=8 10 10 8 8 8 8 2 8
left_child=1 -1 -3 -2 -5 -6 7 -7 -8
right_child=3 2 -4 4 5 6 8 -9 -10
leaf_value=5.2274863225398676 -3.4000712902485568 -2.3982503303844069 2.9738331694717282 4.4097098360384317 3.4394171194864978 -5.7218152701672986 3.2816152518338502 -0.34824008123660594 -1.2359339619897733
leaf_weight=101 158 144 146 133 101 164 101 142 157
leaf_count=101 158 144 146 133 101 164 101 142 157
internal_value=0 1.57751 0.306316 -0.47465 0.104569 -0.756459 -1.50785 -3.2282 0.532564
internal_weight=0 391 290 956 798 665 564 306 258
internal_count=1347 391 290 956 798 665 564 306 258
is_linear=0
shrinkage=0.05


Tree=287
num_leaves=9
num_cat=0
split_feature=3 3 5 14 5 12 4 10
split_gain=342520 890645 666164 1.02363e+06 493921 675857 1.09398e+06 371829
threshold=0.52060199910527716 0.56693514952373192 5.5000000000000009 -720.7254999999999 1.5000000000000002 2945.4400000000005 17.500000000000004 3882.9592500000003
decision_type=2 2 2 10 2 10 2 2
left_child=7 -2 3 -3 -5 -6 -7 -1
right_child=1 2 -4 4 5 6 -8 -9
leaf_value=0.36318798028221427 3.3614815270900729 4.3038169496754808 -4.0075720560550696 -3.0358460854081546 3.1037608191931163 1.225068549972705 -5.1491580373103467 -3.1621923038422057
leaf_weight=129 185 120 115 170 133 176 109 178
leaf_count=129 185 120 115 170 133 176 109 178
internal_value=0 0.226708 -0.47795 0.0953647 -0.763503 0.160656 -1.21279 -1.68084
internal_weight=0 1008 823 708 588 418 285 307
internal_count=1315 1008 823 708 588 418 285 307
is_linear=0
shrinkage=0.05


Tree=288
num_leaves=10
num_cat=0
split_feature=13 13 13 3 5 13 12 12 3
split_gain=450843 932380 1.10983e+06 669634 642220 1.12897e+06 1.33846e+06 1.98288e+06 1.07926e+06
threshold=5166.851205357144 4931.5767633928581 4724.1026607142858 0.61276795670054518 1.5000000000000002 6315.4483363095251 4309.4613750000008 6925.1222500000013 0.65957967322518718
decision_type=8 10 10 2 2 8 8 8 2
left_child=1 2 3 -1 8 -6 -7 -8 -2
right_child=4 -3 -4 -5 5 6 7 -9 -10
leaf_value=0.95269820227039814 1.733583502123289 -4.5139237389437055 4.5703866314888009 -3.872159363119394 4.7671072335673097 4.6166885672328624 -7.5475474958419797 1.4385096774161239 -5.4727292359465425
leaf_weight=139 107 159 100 149 178 107 100 159 101
leaf_count=139 107 159 100 149 178 107 100 159 101
internal_value=0 -1.28922 0.0322473 -1.5435 0.597403 1.50092 -0.0875575 -2.03101 -1.76564
internal_weight=0 547 388 288 752 544 366 259 208
internal_count=1299 547 388 288 752 544 366 259 208
is_linear=0
shrinkage=0.05


Tree=289
num_leaves=10
num_cat=0
split_feature=4 8 5 5 5 11 13 12 11
split_gain=473903 505793 1.70887e+06 1.08293e+06 536307 1.16722e+06 1.78304e+06 837583 1.04092e+06
threshold=20.500000000000004 0.81855491997912566 2.5000000000000004 1.0000000180025095e-35 3.5000000000000004 8377.5663750000022 5149.2331622023821 5384.4587500000007 4842.3587500000012
decision_type=2 2 2 2 2 8 10 10 10
left_child=1 2 -1 -3 7 6 -6 8 -5
right_child=-2 3 -4 4 5 -7 -8 -9 -10
leaf_value=2.2175185465576628 2.7425490688718859 -3.8942911458512151 -6.9136142548460233 0.6617553285290213 0.53680109050166747 -2.4196856604218482 8.2225138074569113 2.7933343962934996 -5.4816311933870976
leaf_weight=101 160 132 104 170 178 100 131 149 116
leaf_count=101 160 132 104 170 178 100 131 149 116
internal_value=0 -0.157092 -2.41486 0.317132 0.975791 2.27563 3.79515 -0.246354 -1.82997
internal_weight=0 1181 205 976 844 409 309 435 286
internal_count=1341 1181 205 976 844 409 309 435 286
is_linear=0
shrinkage=0.05


Tree=290
num_leaves=10
num_cat=0
split_feature=14 14 4 8 4 12 12 5 13
split_gain=337112 902162 541623 639601 862045 2.11685e+06 876772 1.11268e+06 530650
threshold=-1542.6836249999994 -658.70575000000019 2.5000000000000004 0.82702876702490424 16.500000000000004 5133.5242500000004 5323.2556250000007 3.5000000000000004 6037.4356845238099
decision_type=10 10 2 2 2 10 10 2 10
left_child=-1 -2 -3 -4 6 -6 7 8 -5
right_child=1 2 3 4 5 -7 -8 -9 -10
leaf_value=-2.834554715215424 4.1151636569806849 -3.7888690540525651 2.3915969194933062 -6.1343688306855224 1.6126219998235289 -7.5725316300340326 3.3368227778489583 2.1789070845489773 -1.0087116053104401
leaf_weight=162 101 135 168 102 115 138 153 142 100
leaf_count=162 101 135 168 102 115 138 153 142 100
internal_value=0 -0.39885 -0.831819 -0.396958 -1.02159 -3.39746 0.187851 -1.21271 -3.59691
internal_weight=0 1154 1053 918 750 253 497 344 202
internal_count=1316 1154 1053 918 750 253 497 344 202
is_linear=0
shrinkage=0.05


Tree=291
num_leaves=9
num_cat=1
split_feature=10 0 10 0 10 11 9 14
split_gain=297843 500809 684885 386018 380448 597389 731963 1.14092e+06
threshold=7924.3781250000011 6.8319901434587917 6094.9231250000012 5.8453164760920542 4612.8626250000007 5905.0932500000008 0 -334.82537499999984
decision_type=2 2 2 2 2 10 9 10
left_child=1 2 3 4 5 6 7 -1
right_child=-2 -3 -4 -5 -6 -7 -8 -9
leaf_value=5.1474950639610624 -1.9854994255762834 2.9174499248971748 -2.9932408451540038 2.8583202264869394 -2.0977529990433275 4.0349963607741337 -2.6655275620149648 -1.5754692654648839
leaf_weight=117 182 147 181 134 174 102 171 137
leaf_count=117 182 147 181 134 174 102 171 137
internal_value=0 0.1897 -0.204964 0.39944 -0.0705881 0.598723 -0.225983 1.4637
internal_weight=0 1163 1016 835 701 527 425 254
internal_count=1345 1163 1016 835 701 527 425 254
cat_boundaries=0 1
cat_threshold=67
is_linear=0
shrinkage=0.05


Tree=292
num_leaves=11
num_cat=0
split_feature=3 15 11 5 12 7 12 8 11 13
split_gain=283641 694034 606584 667524 1.57989e+06 554770 877119 404026 363758 449298
threshold=0.69878488308568654 6.7247127490526841 3846.0587500000006 4.5000000000000009 6572.5612500000016 0.04405632420691509 8420.6155000000017 0.85698747474995696 4842.3587500000012 5785.1372313988113
decision_type=2 2 8 2 8 2 8 2 10 10
left_child=1 5 -2 4 -4 -1 8 -3 -7 -10
right_child=2 7 3 -5 -6 6 -8 -9 9 -11
leaf_value=2.7067063140505145 1.5364347590414507 0.93585355293750772 -4.1049469238477396 -5.4008124979642727 3.9526992646907675 -1.6201770116192424 -4.1239929644477291 5.4083526223313578 4.0144988762058116 -0.64705423218011859
leaf_weight=131 179 100 141 104 107 129 151 102 107 100
leaf_count=131 179 100 141 104 107 129 151 102 107 100
internal_value=0 0.649922 -0.833374 -2.03847 -0.628462 -0.181717 -0.958685 3.19424 0.463819 1.76254
internal_weight=0 820 531 352 248 618 487 202 336 207
internal_count=1351 820 531 352 248 618 487 202 336 207
is_linear=0
shrinkage=0.05


Tree=293
num_leaves=11
num_cat=0
split_feature=10 15 3 10 12 5 5 12 12 16
split_gain=368762 1.00401e+06 1.27894e+06 711934 429097 580215 1.79722e+06 960014 1.18255e+06 926274
threshold=4145.9725000000008 3.6209162582924965 0.72822876886334631 2620.7030000000004 1171.4996250000002 4.5000000000000009 5.5000000000000009 2846.4150000000004 4023.7812500000005 1.0706709559844871
decision_type=2 2 2 2 10 2 2 10 10 2
left_child=1 3 -3 -1 -2 7 -7 -6 -9 -10
right_child=4 2 -4 -5 5 6 -8 8 9 -11
leaf_value=1.3299384771024481 -3.4182913188348736 7.6994733657651739 -0.07070879334703499 -4.2116448341029704 5.1842220493391453 -6.0427102682325575 2.3304780194993877 -4.6422533099816459 -0.87654917856280723 4.8216082891496299
leaf_weight=136 114 103 109 101 102 135 122 111 178 119
leaf_count=136 114 103 109 101 102 135 122 111 178 119
internal_value=0 1.20453 3.70443 -1.03166 -0.556057 -0.130641 -2.06789 0.845581 -0.23908 1.40655
internal_weight=0 449 212 237 881 767 257 510 408 297
internal_count=1330 449 212 237 881 767 257 510 408 297
is_linear=0
shrinkage=0.05


Tree=294
num_leaves=10
num_cat=0
split_feature=11 1 7 15 11 16 7 1 15
split_gain=492541 713953 621194 775484 872070 435897 247606 396823 385037
threshold=1461.8552500000003 55.805170564537285 0.57506574241085595 6.7247127490526841 5504.8525000000009 0.25688541076329902 0.46469237625979232 23.772329282400168 3.6209162582924965
decision_type=10 2 2 2 10 2 2 2 2
left_child=-1 2 3 5 -5 -2 7 8 -7
right_child=1 -3 -4 4 -6 6 -8 -9 -10
leaf_value=-2.2511621165886906 -2.1979679299354555 -3.0785252999218686 -2.3401045637903737 6.838955014493286 0.95756505852314966 -0.2306516642663993 3.3010537322829752 -1.1714007199380567 4.0067623161636625
leaf_weight=195 125 126 128 119 134 102 102 183 113
leaf_count=195 125 126 128 119 134 102 102 183 113
internal_value=0 0.469571 0.913965 1.38836 3.72391 0.442933 1.10316 0.539878 1.99645
internal_weight=0 1132 1006 878 253 625 500 398 215
internal_count=1327 1132 1006 878 253 625 500 398 215
is_linear=0
shrinkage=0.05


Tree=295
num_leaves=11
num_cat=0
split_feature=15 13 14 11 11 7 13 12 0 13
split_gain=324861 875609 1.70281e+06 1.10431e+06 1.09013e+06 572388 593420 1.11001e+06 423444 351668
threshold=5.5153195875143082 6463.2768534226198 -30.408374999999975 6967.0636250000007 4978.982500000001 0.49840052098464266 5076.30549107143 5384.4587500000007 4.5459684857374638 4666.4050074404777
decision_type=2 10 8 10 10 2 8 10 2 10
left_child=5 2 -2 -3 -4 6 9 8 -8 -1
right_child=1 3 4 -5 -6 -7 7 -9 -10 -11
leaf_value=-1.3803347354737399 7.3025030153751374 -4.5901531087483951 4.1291365267866755 2.1429414755258804 -2.0148372474697331 2.1828077211583916 -4.1766378961227559 4.3880351525132024 0.23081653883511369 -5.4938749835780349
leaf_weight=107 125 127 118 117 186 152 108 101 110 101
leaf_count=107 125 127 118 117 186 152 108 101 110 101
internal_value=0 1.02982 2.38996 -1.36158 0.369995 -0.520303 -1.29995 0.054873 -1.95269 -3.37777
internal_weight=0 673 429 244 304 679 527 319 218 208
internal_count=1352 673 429 244 304 679 527 319 218 208
is_linear=0
shrinkage=0.05


Tree=296
num_leaves=10
num_cat=0
split_feature=16 3 14 16 8 12 3 0 14
split_gain=349293 991345 1.39123e+06 672446 615606 529353 1.29745e+06 997322 719908
threshold=1.3020232578813451 0.7152912156644774 448.07687500000026 1.0895381204787153 0.82702876702490424 6005.8556250000011 0.534676184809462 4.9316292740385164 407.53762500000011
decision_type=2 2 8 2 2 8 2 2 10
left_child=3 2 -2 4 -1 6 -6 -7 -8
right_child=1 -3 -4 -5 5 7 8 -9 -10
leaf_value=2.5422392452982341 -3.6765662655100098 -5.4163037903955056 4.0294691421812585 3.8078592377714813 -4.3350807123324451 0.44751525133248143 4.6420109407431411 -5.4406948761974308 -0.5654340371612675
leaf_weight=176 111 107 124 128 102 149 147 139 121
leaf_count=176 111 107 124 128 102 149 147 139 121
internal_value=0 -1.42687 0.389597 0.433517 -0.0843679 -0.786925 0.46427 -2.39436 2.29089
internal_weight=0 342 235 962 834 658 370 288 268
internal_count=1304 342 235 962 834 658 370 288 268
is_linear=0
shrinkage=0.05


Tree=297
num_leaves=10
num_cat=0
split_feature=4 8 12 5 14 13 13 12 14
split_gain=408330 863228 831084 557992 769969 571358 946606 1.23442e+06 1.56994e+06
threshold=6.5000000000000009 0.92526156616181343 3961.9400000000005 5.5000000000000009 -694.41374999999982 6965.8672224702395 5798.6745944940476 5989.2871250000007 480.08200000000039
decision_type=2 2 10 2 10 10 10 10 10
left_child=1 2 -1 4 -2 6 7 8 -6
right_child=3 -3 -4 -5 5 -7 -8 -9 -10
leaf_value=2.699857283473015 3.3311171941246309 4.0583810714776059 -3.4603588975165502 -3.5838679285012476 -2.571472244287925 -4.1905627079454124 2.8444719124809317 -6.1527009281657996 5.0307174723103358
leaf_weight=100 140 171 121 129 189 102 183 105 106
leaf_count=100 140 171 121 129 189 102 183 105 106
internal_value=0 1.39098 -0.672931 -0.525836 -0.0476708 -0.738226 -0.134215 -1.49696 0.160162
internal_weight=0 392 221 954 825 685 583 400 295
internal_count=1346 392 221 954 825 685 583 400 295
is_linear=0
shrinkage=0.05


Tree=298
num_leaves=9
num_cat=0
split_feature=4 14 16 6 4 8 13 12
split_gain=388408 530388 489623 592789 591982 336411 555265 430423
threshold=20.500000000000004 -1270.5373749999994 0.69376798790990246 1.0000000180025095e-35 11.500000000000002 0.97847079604404563 6110.2637946428576 4824.5128750000013
decision_type=2 10 2 2 2 2 10 10
left_child=1 -1 3 4 -3 6 7 -4
right_child=-2 2 5 -5 -6 -7 -8 -9
leaf_value=-3.1190446789856932 2.1165958007861829 1.8674750551927923 -4.9538469779405663 4.1238974693990675 -2.8422983333605147 0.94074528072610752 0.8352802325454024 -0.99738341105334904
leaf_weight=157 174 172 139 130 109 173 144 136
leaf_count=157 174 172 139 130 109 173 144 136
internal_value=0 -0.416714 0.00628343 1.33212 0.0405523 -0.914188 -1.68007 -2.9972
internal_weight=0 1160 1003 411 281 592 419 275
internal_count=1334 1160 1003 411 281 592 419 275
is_linear=0
shrinkage=0.05


Tree=299
num_leaves=9
num_cat=0
split_feature=14 0 15 3 7 12 12 13
split_gain=353858 434745 452741 1.50843e+06 582590 487475 283083 265995
threshold=-1542.6836249999994 7.6260028780655853 6.7247127490526841 0.69613980361678729 -0.057797539493997262 7070.5512500000013 5384.4587500000007 5824.5070833333348
decision_type=10 2 2 2 2 8 10 10
left_child=-1 2 4 -4 -2 6 7 -6
right_child=1 -3 3 -5 5 -7 -8 -9
leaf_value=-2.3583745976222441 2.445937584728175 -2.5061782355225368 7.1827329460937195 -0.35224937452483429 -2.5683510767668487 -3.1862049794675396 2.1716901123000865 0.52155163000865157
leaf_weight=149 173 129 101 194 120 162 114 166
leaf_count=149 173 129 101 194 120 162 114 166
internal_value=0 0.230158 0.572864 2.22752 -0.0912516 -0.872272 0.0648703 -0.774911
internal_weight=0 1159 1030 295 735 562 400 286
internal_count=1308 1159 1030 295 735 562 400 286
is_linear=0
shrinkage=0.05


Tree=300
num_leaves=9
num_cat=0
split_feature=5 1 13 13 10 14 7 11
split_gain=445891 853931 860611 737070 826760 510437 912164 666890
threshold=1.0000000180025095e-35 11.043271144143338 4594.8602090773811 5039.3636532738101 7924.3781250000011 -38.421624999999942 0.15812284459143169 4384.8025000000007
decision_type=2 2 8 8 2 8 2 10
left_child=-1 -2 -3 -4 5 -5 -7 -8
right_child=1 2 3 4 -6 6 7 -9
leaf_value=-2.2817592201773653 -3.9348427834911881 4.0075948336545162 -2.9120989433461175 4.6662837072422638 -2.6923784381862901 -1.9660450429606016 5.9316136636356322 0.77887435950428607
leaf_weight=194 107 170 163 114 134 169 101 166
leaf_count=194 107 170 163 114 134 169 101 166
internal_value=0 0.313962 0.760984 0.109362 0.829389 1.68742 0.908542 2.72804
internal_weight=0 1124 1017 847 684 550 436 267
internal_count=1318 1124 1017 847 684 550 436 267
is_linear=0
shrinkage=0.05


Tree=301
num_leaves=10
num_cat=0
split_feature=4 12 7 8 12 4 13 7 0
split_gain=455787 1.5998e+06 1.18365e+06 703609 902546 654902 1.66896e+06 636770 393893
threshold=15.500000000000002 5280.3630000000012 0.33180526839621155 0.81855491997912566 5088.5527500000007 4.5000000000000009 5202.2732953869054 0.2013750641920993 6.5053394228311729
decision_type=2 10 2 2 10 2 10 2 2
left_child=3 8 -3 -1 5 -5 -7 -6 -2
right_child=1 2 -4 4 7 6 -8 -9 -10
leaf_value=-3.0929867817295924 6.4039071767136111 -5.2654814401498209 2.080450201625454 2.3696447479724885 0.32503205462618995 -4.9558126017300772 1.9469686233313981 5.6453618846441573 2.2228886601626874
leaf_weight=180 129 104 116 120 111 198 157 114 100
leaf_count=180 129 104 116 120 111 198 157 114 100
internal_value=0 1.65282 -1.39217 -0.304895 0.412043 -0.82362 -1.90303 3.02067 4.57813
internal_weight=0 449 220 880 700 475 355 225 229
internal_count=1329 449 220 880 700 475 355 225 229
is_linear=0
shrinkage=0.05


Tree=302
num_leaves=11
num_cat=0
split_feature=11 14 15 13 13 13 5 12 14 8
split_gain=400600 1.30217e+06 1.13604e+06 781877 2.17634e+06 692963 728469 684265 783948 242494
threshold=4804.7018750000007 -429.63075000000021 6.5728433954506569 4724.1026607142858 5108.068815476191 6734.5962790178583 3.5000000000000004 5032.8700000000008 284.47750000000002 0.94967288660109206
decision_type=10 8 2 10 10 10 2 10 8 2
left_child=1 -1 7 -2 -5 6 -6 8 -3 -10
right_child=3 2 -4 4 5 -7 -8 -9 9 -11
leaf_value=-5.5435533771791112 -2.8448799321055414 3.6207906320972265 4.6396267392805646 8.2515720542114561 -4.2457890008612882 2.408624779240129 0.96622498027035886 -4.6377303200960158 -3.1995063576490983 0.1407641716373777
leaf_weight=123 120 106 112 101 127 197 142 100 115 103
leaf_count=123 120 106 112 101 127 197 142 100 115 103
internal_value=0 -0.903843 0.160867 0.821705 1.5977 0.155553 -1.49447 -1.0222 0.0937015 -1.62131
internal_weight=0 659 536 687 567 466 269 424 324 218
internal_count=1346 659 536 687 567 466 269 424 324 218
is_linear=0
shrinkage=0.05


Tree=303
num_leaves=10
num_cat=0
split_feature=10 7 14 13 5 16 16 3 8
split_gain=528938 521704 1.12943e+06 466340 697721 1.3472e+06 872954 408445 279742
threshold=1952.7477500000002 0.10215237023458758 527.25900000000013 4632.4860654761915 3.5000000000000004 0.61271266015490522 0.73755014390327933 0.68954511121281437 0.9041920413145953
decision_type=2 2 8 10 2 2 2 2 2
left_child=-1 2 -2 8 6 -6 -5 -8 -3
right_child=1 3 -4 4 5 -7 7 -9 -10
leaf_value=3.2662828931354344 0.64958428193841666 4.1986550080776217 -5.1818251430988314 -2.121930511678968 2.4760475153923038 -4.6620170600597675 1.0779713368262438 5.2874017987251278 0.45872477209568024
leaf_weight=105 175 100 158 140 100 195 136 100 100
leaf_count=105 175 100 158 140 100 195 136 100 100
internal_value=0 -0.433993 -2.11727 0.209556 -0.422078 -2.24233 1.00605 2.86163 2.32869
internal_weight=0 1204 333 871 671 295 376 236 200
internal_count=1309 1204 333 871 671 295 376 236 200
is_linear=0
shrinkage=0.05


Tree=304
num_leaves=10
num_cat=0
split_feature=10 11 12 4 15 16 5 11 0
split_gain=649445 1.2566e+06 1.12309e+06 564107 1.12385e+06 927983 437406 397749 264213
threshold=6120.6272500000005 4224.8462500000014 4726.2925000000005 15.500000000000002 5.6055480548054808 1.3020232578813451 2.5000000000000004 4639.7763750000004 4.5899326043715485
decision_type=2 8 10 2 2 2 2 8 2
left_child=3 -2 -3 5 -5 6 8 -8 -1
right_child=1 2 -4 4 -6 -7 7 -9 -10
leaf_value=3.717059368499811 -5.6435958287932664 3.3609307118611675 -2.567858273688183 -0.65194959912834505 6.4703325508900411 -4.0368454137802123 1.6454101894604098 -2.4838621935118801 0.44841099211147856
leaf_weight=138 143 140 186 116 106 125 101 138 112
leaf_count=138 143 140 186 116 106 125 101 138 112
internal_value=0 -1.73588 -0.0217526 0.588772 2.74878 -0.192208 0.790572 -0.738856 2.2527
internal_weight=0 469 326 836 222 614 489 239 250
internal_count=1305 469 326 836 222 614 489 239 250
is_linear=0
shrinkage=0.05


Tree=305
num_leaves=10
num_cat=0
split_feature=10 10 11 12 3 3 13 12 4
split_gain=603156 424682 530451 500122 788911 726542 677264 643292 558498
threshold=7906.507125000001 2013.4711250000003 1461.8552500000003 6801.9046250000001 0.71586402442283148 0.68729820351623805 5838.3660863095247 5432.0000000000009 4.5000000000000009
decision_type=2 2 10 10 2 2 10 8 2
left_child=1 -1 -3 4 5 7 -6 8 -4
right_child=-2 2 3 -5 6 -7 -8 -9 -10
leaf_value=3.2292296933355153 -2.7495926629543912 -3.1201236028671264 2.4396132328582034 -2.060452552225398 -4.125908050487439 5.6717180965644012 1.4455621566772461 3.7954224742310387 -2.16898351198151
leaf_weight=108 197 125 108 174 120 106 100 140 168
leaf_count=108 197 125 108 174 120 106 100 140 168
internal_value=0 0.244839 -0.0647807 0.35216 0.917921 1.97634 -1.59342 1.03473 -0.36562
internal_weight=0 1149 1041 916 742 522 220 416 276
internal_count=1346 1149 1041 916 742 522 220 416 276
is_linear=0
shrinkage=0.05


Tree=306
num_leaves=9
num_cat=0
split_feature=13 13 10 8 15 12 4 15
split_gain=470993 788412 658044 944537 892613 480597 628992 454874
threshold=7044.6583288690481 7384.4301934523819 3060.8093750000003 0.81855491997912566 5.5765326532653274 3729.8500000000004 16.500000000000004 4.2495332866620013
decision_type=8 10 2 2 2 8 2 2
left_child=2 -2 -1 -4 7 -6 -7 -5
right_child=1 -3 3 4 5 6 -8 -9
leaf_value=2.1262208639352749 3.8798724169200614 -1.6737669878666943 -5.1847176393694134 -0.21478719627648069 -1.0836074706298464 4.8294546753861187 -0.018489615008127774 -4.3372811037886114
leaf_weight=195 174 101 121 114 170 129 139 162
leaf_count=195 174 101 121 114 170 129 139 162
internal_value=0 1.84017 -0.488977 -1.09971 -0.407436 0.995928 2.31504 -2.63451
internal_weight=0 275 1030 835 714 438 268 276
internal_count=1305 275 1030 835 714 438 268 276
is_linear=0
shrinkage=0.05


Tree=307
num_leaves=10
num_cat=0
split_feature=14 8 7 14 13 13 13 1 4
split_gain=698627 1.54224e+06 593550 517938 442853 381722 760943 713568 157644
threshold=-744.34987500000034 0.86632064599742575 0.52260299747206151 -83.292499999999777 6143.7569166666681 5108.068815476191 5850.6047738095249 32.326021739208777 11.500000000000002
decision_type=10 2 2 10 10 10 10 2 2
left_child=1 -1 3 -2 -4 7 -7 -5 -8
right_child=2 -3 4 5 -6 6 8 -9 -10
leaf_value=-2.238977729320526 -3.5729079023996988 5.821049088525446 -0.18315052213803146 -1.1605363460743066 3.9910484013350116 -5.2173367184102544 1.0706155553892038 3.9571048276177772 -1.3557972394961579
leaf_weight=100 165 146 142 165 115 100 138 116 130
leaf_count=100 165 146 142 165 115 100 138 116 130
internal_value=0 2.54462 -0.410152 -1.07154 1.68468 -0.435604 -1.49522 0.952084 -0.106376
internal_weight=0 246 1071 814 257 649 368 281 268
internal_count=1317 246 1071 814 257 649 368 281 268
is_linear=0
shrinkage=0.05


Tree=308
num_leaves=11
num_cat=0
split_feature=13 12 13 13 13 12 12 14 8 10
split_gain=284530 613598 1.02694e+06 1.01993e+06 907313 536581 917300 673061 409404 358763
threshold=5469.2313831845249 3729.8500000000004 5047.1090840773822 4647.6477619047628 3808.4850163690476 7711.1350000000011 4625.6637500000006 505.52575000000053 0.94967288660109206 5369.2158750000008
decision_type=10 10 10 10 10 10 10 10 2 2
left_child=1 3 -3 4 8 6 9 -8 -1 -2
right_child=5 2 -4 -5 -6 -7 7 -9 -10 -11
leaf_value=-3.0211059248447421 3.00048137966869 0.23963456608000255 6.2159320693591553 -4.3822430970305106 4.9217897690615615 2.5902513513198269 -0.45987287566065788 -5.8387147739851217 1.3062334968332658 -0.81658280651797266
leaf_weight=105 103 189 116 118 103 104 100 139 114 153
leaf_count=105 103 189 116 118 103 104 100 139 114 153
internal_value=0 0.789092 2.51259 -0.405604 1.05167 -0.674574 -1.36052 -3.58815 -0.768518 0.719189
internal_weight=0 745 305 440 322 599 495 239 219 256
internal_count=1344 745 305 440 322 599 495 239 219 256
is_linear=0
shrinkage=0.05


Tree=309
num_leaves=10
num_cat=0
split_feature=3 5 5 12 11 10 3 10 12
split_gain=427908 456066 577115 2.71857e+06 1.38775e+06 1.29281e+06 423329 318290 629572
threshold=0.49167650387539319 1.0000000180025095e-35 4.5000000000000009 2625.5810000000006 2471.5736250000004 6680.1892500000004 0.54286215562781404 4816.6130000000003 4698.8862500000005
decision_type=2 2 2 10 10 2 2 2 10
left_child=-1 -2 4 -4 -3 -5 -6 -8 -9
right_child=1 2 3 5 6 -7 7 8 -10
leaf_value=-2.1065417959955002 -2.0121278136581568 6.3114819663674089 -7.6214787199945739 5.8043001009027169 3.3716648716992199 -1.7362246630368412 -1.9021772062702542 -1.8058763377434386 3.2192408753813604
leaf_weight=180 154 134 101 120 109 108 157 113 139
leaf_count=180 154 134 101 120 109 108 157 113 139
internal_value=0 0.51752 0.914631 -0.792601 1.7761 2.23247 0.602857 -0.13504 0.965915
internal_weight=0 1135 981 329 652 228 518 409 252
internal_count=1315 1135 981 329 652 228 518 409 252
is_linear=0
shrinkage=0.05


Tree=310
num_leaves=10
num_cat=0
split_feature=13 3 12 13 3 14 15 16 8
split_gain=498820 726126 599036 763057 579479 828961 813915 1.13669e+06 604722
threshold=7044.6583288690481 0.69485467442395865 7367.3225000000011 6438.9044062500006 0.71397731184781044 130.00912500000007 6.1298588192152561 0.87483748374837467 0.9233285070444347
decision_type=8 2 10 8 2 10 2 2 2
left_child=2 -2 3 4 6 -6 8 -8 -1
right_child=1 -3 -4 -5 5 -7 7 -9 -10
leaf_value=-3.3272500339676356 4.3316172875698262 -0.80838952951194831 2.4696926519629501 -3.8418478051043419 0.84333010537951614 -5.5470140535052463 6.9538455336996652 -0.33936412973446894 1.2141619770219492
leaf_weight=136 159 121 168 166 102 101 103 111 159
leaf_count=136 159 121 168 166 102 101 103 111 159
internal_value=0 2.1104 -0.265722 -0.789126 -0.0773965 -2.3361 0.823423 3.17092 -0.879506
internal_weight=0 280 1046 878 712 203 509 214 295
internal_count=1326 280 1046 878 712 203 509 214 295
is_linear=0
shrinkage=0.05


Tree=311
num_leaves=10
num_cat=0
split_feature=4 12 14 4 14 5 4 11 12
split_gain=400211 453490 1.17482e+06 801819 631302 687574 980309 575855 1.18677e+06
threshold=21.500000000000004 1243.7531250000002 443.05387499999966 18.500000000000004 -260.57837499999999 1.5000000000000002 3.5000000000000004 4746.6350000000011 5224.5362500000001
decision_type=2 10 8 2 10 2 2 10 10
left_child=1 2 -1 4 -3 -6 -7 -8 -9
right_child=-2 3 -4 -5 5 6 7 8 -10
leaf_value=-5.8992581657271401 2.7088247706037052 3.7513756485952849 0.67878886920953896 -3.464690763661026 -2.6031100134054821 -3.2804220687311432 4.8499754101710213 -2.30087623146997 4.7153661681112844
leaf_weight=122 109 138 153 137 180 104 133 138 107
leaf_count=122 109 138 153 137 180 104 133 138 107
internal_value=0 -0.454192 -2.23947 0.0697689 0.675045 0.0337557 1.01848 2.20124 0.76336
internal_weight=0 1212 275 937 800 662 482 378 245
internal_count=1321 1212 275 937 800 662 482 378 245
is_linear=0
shrinkage=0.05


Tree=312
num_leaves=10
num_cat=0
split_feature=10 15 13 13 13 5 13 11 11
split_gain=289027 475426 387514 457059 803952 1.5358e+06 674618 874957 565880
threshold=2278.2195000000006 3.2887427631652058 4594.8602090773811 6024.8598586309536 5560.4712291666674 2.5000000000000004 6614.0354598214299 5952.9287500000009 5378.2575000000006
decision_type=2 2 8 10 10 2 10 10 10
left_child=-1 -2 -3 4 5 -4 -5 -8 -7
right_child=1 2 3 6 -6 8 7 -9 -10
leaf_value=2.1376330277077238 -3.4677760097958625 2.0743119432721087 3.3431928807241058 4.3362769606066687 -5.1511514804136445 -5.7085313206627255 -3.3069962135259661 2.0734168213284661 -0.71103416548027265
leaf_weight=133 109 186 163 102 113 105 138 167 123
leaf_count=133 109 186 163 102 113 105 138 167 123
internal_value=0 -0.318377 -0.00544691 -0.430074 -1.43649 -0.362948 0.816205 -0.361 -3.01251
internal_weight=0 1206 1097 911 504 391 407 305 228
internal_count=1339 1206 1097 911 504 391 407 305 228
is_linear=0
shrinkage=0.05


Tree=313
num_leaves=10
num_cat=0
split_feature=12 14 13 16 15 10 13 0 14
split_gain=294209 972948 694562 1.04842e+06 577674 910562 638324 1.07178e+06 294004
threshold=1171.4996250000002 470.48974999999933 4910.2443452380967 1.7062567367847905 7.931552877509974 7058.5436250000012 5202.2732953869054 5.4359644297763117 536.9752500000003
decision_type=10 8 10 2 2 2 10 2 10
left_child=1 -1 8 4 5 6 -4 -8 -2
right_child=2 -3 3 -5 -6 -7 7 -9 -10
leaf_value=-4.6522408103942876 4.0722763022581736 1.1162609522928022 -2.5771792305964176 -5.0822241391037029 3.6008453824018178 -3.9754464367261302 -0.47921985534941736 5.2798217778696737 0.57225087755918513
leaf_weight=130 150 167 107 102 114 130 199 136 100
leaf_count=130 150 167 107 102 114 130 199 136 100
internal_value=0 -1.40867 0.376012 -0.352495 0.35076 -0.296985 0.784916 1.85878 2.67227
internal_weight=0 297 1038 788 686 572 442 335 250
internal_count=1335 297 1038 788 686 572 442 335 250
is_linear=0
shrinkage=0.05


Tree=314
num_leaves=11
num_cat=0
split_feature=7 13 10 10 12 4 11 7 12 15
split_gain=336306 431867 959876 805238 672631 870827 911279 882698 517305 773260
threshold=0.61931421996532721 3993.7879761904774 3510.0427500000005 3020.5996250000003 2261.2446250000007 17.500000000000004 7393.6912500000008 0.3717597178403283 3465.9887500000009 6.5238634974608578
decision_type=2 10 2 2 10 2 10 2 10 2
left_child=1 2 -1 -3 -5 6 8 -7 -6 -10
right_child=-2 3 -4 4 5 7 -8 -9 9 -11
leaf_value=-1.201923501895646 2.7867481915847119 3.235518803577575 5.3059088601978548 -4.6396711630631335 -1.2972010582833009 -6.2747980722514072 -3.3901651284209002 -0.18905357466294215 0.86043671061811244 6.1445647189209058
leaf_weight=118 115 126 109 113 101 110 108 130 184 111
leaf_count=118 115 126 109 113 101 110 108 130 184 111
internal_value=0 -0.0427134 1.92298 -0.496643 -1.04536 -0.499453 0.680976 -2.97835 1.79129 2.8487
internal_weight=0 1210 227 983 857 744 504 240 396 295
internal_count=1325 1210 227 983 857 744 504 240 396 295
is_linear=0
shrinkage=0.05


Tree=315
num_leaves=10
num_cat=0
split_feature=13 12 12 12 11 11 10 13 10
split_gain=549327 868524 549340 816694 675143 829536 884792 689702 339502
threshold=4858.4337797619055 1947.6683750000004 2602.2405000000003 3576.5320000000006 8316.3065000000006 6069.0785000000014 3743.7526250000005 5638.7290669642871 2701.2275000000004
decision_type=8 10 8 8 10 10 2 10 2
left_child=1 -1 -2 -4 5 6 8 -8 -5
right_child=2 -3 3 4 -6 -7 7 -9 -10
leaf_value=-1.0756625779567321 2.7206023957945558 3.9692495447130849 -4.816520411074162 -1.3898523728052776 -4.0819570180094038 3.1533368556065997 3.8296246134001635 -1.189254534512223 -5.4496846176683906
leaf_weight=163 102 179 130 102 114 165 116 167 104
leaf_count=163 102 179 130 102 114 165 116 167 104
internal_value=0 1.5648 -0.75659 -1.15155 -0.531177 0.0877666 -0.946628 0.867954 -3.43948
internal_weight=0 342 1000 898 768 654 489 283 206
internal_count=1342 342 1000 898 768 654 489 283 206
is_linear=0
shrinkage=0.05


Tree=316
num_leaves=12
num_cat=0
split_feature=13 11 0 11 0 14 11 13 15 16 16
split_gain=367070 480342 677430 1.22819e+06 749473 396957 620080 353707 346020 210367 209818
threshold=3808.4850163690476 2548.7687500000006 6.0914341434143422 4474.1850000000004 5.4359644297763117 346.18474999999995 7811.7663750000002 5267.8024561011907 4.2742899289929008 0.79763531908746554 0.87928237268171239
decision_type=10 10 2 10 2 10 10 10 2 2 2
left_child=8 -2 4 -4 7 -5 -7 10 -1 -9 -3
right_child=1 2 3 5 -6 6 -8 9 -10 -11 -12
leaf_value=-0.064067539596557629 3.6146413962046307 0.082929634992207332 -6.2108777506678718 2.2558375443060568 4.3133477026840739 -3.8411782056488826 1.4571519900251317 0.19834528432080623 -4.0100659223794937 -2.9354066419129325 3.2684804079532626
leaf_weight=125 105 107 102 127 145 113 108 114 100 101 100
leaf_count=125 105 107 102 127 145 113 108 114 100 101 100
internal_value=0 0.394947 0.0625303 -1.386 1.21216 0.0281915 -1.25195 0.14658 -1.81784 -1.27379 1.62184
internal_weight=0 1122 1017 450 567 348 221 422 225 215 207
internal_count=1347 1122 1017 450 567 348 221 422 225 215 207
is_linear=0
shrinkage=0.05


Tree=317
num_leaves=10
num_cat=0
split_feature=10 14 13 13 3 13 3 11 13
split_gain=441596 755053 449202 675502 551324 1.26923e+06 895395 665694 803985
threshold=1901.3547500000002 -2197.1197499999994 6734.5962790178583 7319.4136011904775 0.64058307198457864 4660.0974858630971 0.52484460939152955 4122.7937500000016 5218.2141592261914
decision_type=2 10 10 10 2 10 2 10 10
left_child=-1 -2 4 -4 5 -3 -7 -6 -9
right_child=1 2 3 -5 7 6 -8 8 -10
leaf_value=3.231755165040493 -4.2984707637475088 5.3173266540827422 4.0197163526015949 -1.2315558379888536 0.74201910857383802 -3.6414066465017765 1.6491296516752791 -0.94474291209603711 -6.7636936166707207
leaf_weight=100 104 116 158 100 164 148 174 142 102
leaf_count=100 104 116 158 100 164 148 174 142 102
internal_value=0 -0.225671 0.157999 1.98434 -0.39897 0.832946 -0.782545 -1.72147 -3.37726
internal_weight=0 1208 1104 258 846 438 322 408 244
internal_count=1308 1208 1104 258 846 438 322 408 244
is_linear=0
shrinkage=0.05


Tree=318
num_leaves=10
num_cat=0
split_feature=15 8 5 15 5 5 15 5 14
split_gain=489794 530982 1.31474e+06 1.06341e+06 649696 1.03699e+06 995507 612183 595226
threshold=8.563980009112024 0.88716567690952286 1.0000000180025095e-35 6.4596154059850441 3.5000000000000004 2.5000000000000004 5.5153195875143082 2.5000000000000004 335.57862500000061
decision_type=2 2 2 2 2 2 2 2 10
left_child=1 3 -3 7 5 8 -6 -1 -4
right_child=-2 2 4 -5 6 -7 -8 -9 -10
leaf_value=-1.6570123084129826 3.1198101099199533 -4.5897001789808272 4.7803957911295312 -4.5627924832657856 0.97787418564160677 -3.7824456832910842 7.0214157519595961 3.0355801687354136 -0.2816378334375817
leaf_weight=155 132 100 107 170 174 114 112 126 127
leaf_count=155 132 100 107 170 174 114 112 126 127
internal_value=0 -0.091067 0.738575 -1.4413 1.579 0.127976 3.34458 0.447139 2.03305
internal_weight=0 1185 734 451 634 348 286 281 234
internal_count=1317 1185 734 451 634 348 286 281 234
is_linear=0
shrinkage=0.05


Tree=319
num_leaves=10
num_cat=0
split_feature=7 11 3 11 12 12 15 16 12
split_gain=364751 428558 546418 597047 1.08048e+06 556915 792324 609873 360545
threshold=0.61060661984592979 3165.6062500000003 0.69613980361678729 6816.0311250000004 5323.2556250000007 6304.9237500000008 4.636049716082721 0.67738162705159433 3961.9400000000005
decision_type=2 8 2 8 8 10 2 2 8
left_child=1 8 5 4 -4 6 -3 -8 -1
right_child=-2 2 3 -5 -6 -7 7 -9 -10
leaf_value=0.40149235808023137 2.7427671242129898 -0.010737921963719761 -2.8030718207359318 -3.4664881043528255 4.0819750664489609 -0.79114367364276772 1.9093587097667513 7.3244808088807236 -3.4733865021853831
leaf_weight=101 129 170 116 152 112 191 105 103 148
leaf_count=101 129 170 116 152 112 191 105 103 148
internal_value=0 -0.0554436 0.428966 -1.03916 0.579056 1.40944 2.52137 4.59089 -1.90165
internal_weight=0 1198 949 380 228 569 378 208 249
internal_count=1327 1198 949 380 228 569 378 208 249
is_linear=0
shrinkage=0.05


Tree=320
num_leaves=10
num_cat=1
split_feature=13 4 13 11 5 9 5 10 5
split_gain=371024 618756 1.6008e+06 873174 1.14401e+06 860506 1.16039e+06 687358 402032
threshold=7410.9377008928577 14.500000000000002 6791.7650372023818 5397.5905000000012 4.5000000000000009 0 1.5000000000000002 6145.0835000000015 3.5000000000000004
decision_type=10 2 8 10 2 9 2 2 2
left_child=1 3 7 4 5 6 -1 -3 -5
right_child=-2 2 -4 8 -6 -7 -8 -9 -10
leaf_value=-2.8282816072112151 -2.7370848185502656 2.1788429977917914 7.0934155942888957 -0.098818826444389288 -5.5686406937828901 -3.8717143972714747 3.9353322966351656 -2.2432260935442359 3.8188749325902842
leaf_weight=103 101 198 111 129 137 104 165 158 133
leaf_count=103 101 198 111 129 137 104 165 158 133
internal_value=0 0.414581 1.85086 -0.455382 -1.6626 -0.224082 1.28783 0.216239 1.88993
internal_weight=0 1238 467 771 509 372 268 356 262
internal_count=1339 1238 467 771 509 372 268 356 262
cat_boundaries=0 1
cat_threshold=1
is_linear=0
shrinkage=0.05


Tree=321
num_leaves=11
num_cat=0
split_feature=4 13 4 4 8 5 14 15 3 16
split_gain=478899 470930 1.39402e+06 739690 766698 1.38586e+06 948931 602528 482969 438288
threshold=21.500000000000004 4594.8602090773811 14.500000000000002 18.500000000000004 0.90914801149769164 4.5000000000000009 527.25900000000013 6.1644164416441649 0.58244051218004744 0.78825938149370389
decision_type=2 10 2 2 2 2 10 2 2 2
left_child=1 2 8 4 5 7 9 -3 -1 -6
right_child=-2 3 -4 -5 6 -7 -8 -9 -10 -11
leaf_value=1.3558718701203665 3.2245726742914749 -1.8357852996841295 6.0260110786828136 -4.3716402190346875 5.9250330901840362 -5.7894123902423784 -1.3799721072851259 3.0977375483772032 -3.2529999310219733 1.4156343403115736
leaf_weight=120 112 134 110 124 103 139 176 115 108 113
leaf_count=120 112 134 110 124 103 139 176 115 108 113
internal_value=0 -0.189175 1.40308 -0.78451 -0.214248 -1.78991 1.34533 0.442749 -0.827278 3.56595
internal_weight=0 1242 338 904 780 388 392 249 228 216
internal_count=1354 1242 338 904 780 388 392 249 228 216
is_linear=0
shrinkage=0.05


Tree=322
num_leaves=9
num_cat=0
split_feature=14 4 12 1 11 11 14 11
split_gain=454924 497639 781218 537592 575041 703316 1.0699e+06 522058
threshold=-1542.6836249999994 11.500000000000002 7367.3225000000011 42.105142458015031 2800.1475000000005 4053.4950000000003 448.07687500000026 5690.4673750000011
decision_type=10 2 8 2 10 10 10 10
left_child=-1 3 7 4 -2 -6 -7 -3
right_child=1 2 -4 -5 5 6 -8 -9
leaf_value=-2.4534213953633461 -2.6558826647698881 0.0015345238922723657 1.9635256670988523 4.5221974413291273 5.1994619576632983 -3.4475612754268306 2.9407586144872861 -3.698527574711409
leaf_weight=155 100 183 195 115 100 112 158 199
leaf_count=155 100 183 195 115 100 112 158 199
internal_value=0 0.430366 -0.611505 1.45799 0.708236 1.61746 0.290789 -1.92598
internal_weight=0 1162 577 585 470 370 270 382
internal_count=1317 1162 577 585 470 370 270 382
is_linear=0
shrinkage=0.05


Tree=323
num_leaves=11
num_cat=0
split_feature=10 11 5 14 12 14 7 11 7 12
split_gain=626362 542880 929430 1.89108e+06 782814 775621 578607 469328 720031 328791
threshold=2013.4711250000003 4804.7018750000007 2.5000000000000004 -502.71449999999999 5496.6426250000013 -105.46974999999973 0.10215237023458758 7711.1350000000011 0.41616009634130829 4309.4613750000008
decision_type=2 10 2 10 8 10 2 10 2 10
left_child=-1 2 9 -4 -5 -3 -7 8 -8 -2
right_child=1 5 3 4 -6 6 7 -9 -10 -11
leaf_value=3.5257007157101352 -0.89843808591755403 4.4363458296831917 -9.0171066748981286 2.3680377625951579 -3.7537806554653934 -2.8311246821598979 2.3095415209824188 2.831959985969942 -3.3133261814652908 2.7772672846175657
leaf_weight=102 153 102 104 102 107 161 106 158 123 101
leaf_count=102 153 102 104 102 107 161 106 158 123 101
internal_value=0 -0.553355 -1.68404 -3.50765 -0.766099 0.432951 -0.312206 0.735716 -0.710601 0.563161
internal_weight=0 1217 567 313 209 650 548 387 229 254
internal_count=1319 1217 567 313 209 650 548 387 229 254
is_linear=0
shrinkage=0.05


Tree=324
num_leaves=10
num_cat=0
split_feature=3 3 7 10 13 15 16 7 14
split_gain=495899 544256 952176 759922 508158 932349 627160 513349 348399
threshold=0.74087761392373974 0.69613980361678729 0.069447254871579406 5528.589750000001 6965.8672224702395 6.7247127490526841 0.42280894756142257 0.11472805623629109 66.141624999999991
decision_type=2 2 2 2 10 2 2 2 10
left_child=1 4 -3 -4 5 6 -1 -8 -9
right_child=-2 2 3 -5 -6 -7 7 8 -10
leaf_value=-3.2857113652759127 2.3122656311126466 -6.5401972386654066 2.3096764322370293 -3.0266635430942883 -3.2173484296148476 4.2857555155176668 3.5837920358547799 -2.7431003066377904 0.84252718327431708
leaf_weight=144 141 101 112 165 110 128 104 109 179
leaf_count=144 141 101 112 165 110 128 104 109 179
internal_value=0 -0.829185 -2.38433 -0.86901 -0.0696967 0.451752 -0.463831 0.572778 -0.514533
internal_weight=0 1152 378 277 774 664 536 392 288
internal_count=1293 1152 378 277 774 664 536 392 288
is_linear=0
shrinkage=0.05


Tree=325
num_leaves=10
num_cat=0
split_feature=14 10 5 11 12 14 15 12 10
split_gain=494753 1.12638e+06 1.02477e+06 600394 819718 774384 693258 582657 321020
threshold=59.139999999999652 6507.9031250000007 5.5000000000000009 4092.9800000000005 7304.1262500000012 964.03387500000019 5.6275558111366708 6788.9453750000002 4578.1466250000012
decision_type=8 2 2 10 10 10 2 8 2
left_child=1 7 3 6 5 8 -2 -1 -5
right_child=2 -3 -4 4 -6 -7 -8 -9 -10
leaf_value=2.5683944164506545 0.069541671539728456 -4.9294521094174009 5.3142806539168728 -1.8166851880333643 3.0333453556092884 0.45560165786494811 5.0933212356747326 -2.2946205391202654 -5.4867495569816001
leaf_weight=149 195 148 104 110 104 192 106 105 130
leaf_count=149 195 148 104 110 104 192 106 105 130
internal_value=0 -1.4622 0.633335 0.0517124 -0.951809 -1.9112 1.83871 0.558093 -3.80464
internal_weight=0 402 941 837 536 432 301 254 240
internal_count=1343 402 941 837 536 432 301 254 240
is_linear=0
shrinkage=0.05


Tree=326
num_leaves=10
num_cat=0
split_feature=10 13 15 15 16 7 7 5 10
split_gain=552654 552615 501676 519482 375572 327048 675118 718150 617574
threshold=7906.507125000001 7044.6583288690481 8.0698014245869061 6.9840178462290687 0.61271266015490522 -0.057797539493997262 0.33692794181558616 2.5000000000000004 5741.0952500000012
decision_type=2 8 2 2 2 2 2 2 2
left_child=1 2 3 5 -3 -1 7 -7 -8
right_child=-2 4 -4 -5 -6 6 8 -9 -10
leaf_value=2.005292361188721 -2.2674206017659455 0.48730040460824969 3.400102642385086 -3.4029859436770615 4.4371428736558194 0.61055645124585034 3.176651248133477 -5.0534118547554945 -1.6024955420658509
leaf_weight=182 189 105 101 118 141 102 162 124 116
leaf_count=182 189 105 101 118 141 102 162 124 116
internal_value=0 0.649875 0.0786773 -0.338566 2.75123 0.188549 -0.467497 -2.49711 1.18247
internal_weight=0 1151 905 804 246 686 504 226 278
internal_count=1340 1151 905 804 246 686 504 226 278
is_linear=0
shrinkage=0.05


Tree=327
num_leaves=11
num_cat=1
split_feature=10 11 13 9 12 11 4 11 5 11
split_gain=354698 560669 491038 575173 428903 849887 500944 1.01906e+06 913169 1.09445e+06
threshold=4025.8915000000006 5504.8525000000009 4931.5767633928581 0 6699.5410000000002 6852.170000000001 4.5000000000000009 7877.7895000000017 4.5000000000000009 5198.880000000001
decision_type=2 10 10 9 8 8 2 10 2 10
left_child=1 2 3 -1 6 -6 -2 8 9 -8
right_child=4 -3 -4 -5 5 -7 7 -9 -10 -11
leaf_value=3.7710447411900176 3.0177041029557587 4.5594715275600848 -2.5066977355593729 -1.1384448159259299 0.47616100318352639 -4.9481282940484528 2.3906674772675274 4.0152049580917639 -5.4064539575151045 -4.1943036313056945
leaf_weight=123 135 102 105 105 158 133 171 102 112 100
leaf_count=123 135 102 105 105 158 133 171 102 112 100
internal_value=0 1.31607 0.322596 1.62556 -0.419403 -2.00298 0.323858 -0.425976 -1.60874 -0.0392112
internal_weight=0 435 333 228 911 291 620 485 383 271
internal_count=1346 435 333 228 911 291 620 485 383 271
cat_boundaries=0 1
cat_threshold=67
is_linear=0
shrinkage=0.05


Tree=328
num_leaves=10
num_cat=0
split_feature=10 11 13 15 0 14 5 11 12
split_gain=331882 488347 576251 535402 634015 603845 596937 555509 558876
threshold=2013.4711250000003 1461.8552500000003 4594.8602090773811 4.7268518518518521 6.2094598348723773 554.39212499999996 2.5000000000000004 5039.3122500000009 6304.9237500000008
decision_type=2 10 10 2 2 10 2 10 10
left_child=-1 -2 -3 6 5 -5 -4 -6 -9
right_child=1 2 3 4 7 -7 -8 8 -10
leaf_value=2.3839106968155614 -3.2105801133071488 2.4782393362669444 0.0068935652212663142 0.096770700684354352 -3.8939613003283742 5.0169437851646164 -5.0247560606550756 1.9425827336091939 -2.7348418722266246
leaf_weight=108 147 176 110 163 128 101 127 163 105
leaf_count=108 147 176 110 163 128 101 127 163 105
internal_value=0 -0.507894 -0.137628 -0.650887 0.081122 1.97911 -2.68939 -1.1842 0.11001
internal_weight=0 1220 1073 897 660 264 237 396 268
internal_count=1328 1220 1073 897 660 264 237 396 268
is_linear=0
shrinkage=0.05


Tree=329
num_leaves=11
num_cat=0
split_feature=13 13 14 3 15 7 7 14 12 11
split_gain=328390 555028 988356 708616 1.06213e+06 1.05828e+06 956654 730653 535633 609488
threshold=7044.6583288690481 6438.9044062500006 473.45962500000002 0.7227479532947777 6.7247127490526841 0.02595509350583269 0.41616009634130829 265.89874999999989 8242.3378750000029 5096.2043750000003
decision_type=10 10 10 2 2 2 2 8 8 10
left_child=1 3 -3 4 5 -1 -6 -5 9 -7
right_child=-2 2 -4 7 6 8 -8 -9 -10 -11
leaf_value=4.2845189264975492 2.8908767199691603 -5.2037073558359817 1.5033613433253092 1.7168420715152093 8.110801815748216 -1.9307670843310474 1.5015706116502936 -3.7062516825993854 -3.3235042103239012 3.1440642303542088
leaf_weight=128 136 114 106 106 100 123 121 150 148 114
leaf_count=128 136 114 106 106 100 123 121 150 148 114
internal_value=0 0.299529 -1.97212 0.80434 1.59434 0.345963 4.49217 -1.46075 -0.96348 0.510291
internal_weight=0 1210 220 990 734 513 221 256 385 237
internal_count=1346 1210 220 990 734 513 221 256 385 237
is_linear=0
shrinkage=0.05


Tree=330
num_leaves=11
num_cat=0
split_feature=13 10 15 11 11 8 8 4 12 11
split_gain=419186 621010 873806 647729 408067 1.07094e+06 622504 1.05216e+06 861073 362963
threshold=3871.5821391369054 2701.2275000000004 3.7559269815870482 2584.7607500000008 7520.0152500000013 0.93124935878093063 0.8201342777943007 17.500000000000004 5088.5527500000007 4875.6825000000008
decision_type=8 2 2 10 10 2 2 2 8 10
left_child=-1 -2 -3 -4 6 -6 -5 8 9 -8
right_child=1 2 3 4 5 -7 7 -9 -10 -11
leaf_value=-3.0537422895431519 3.2996127884119555 -3.7201610595804371 3.3683780908584597 -4.3732154384689421 5.1882128822168818 -1.9741047990204086 1.4488247404877956 -4.1528529798882641 4.559860046831675 -2.7285094950061577
leaf_weight=101 151 146 157 103 108 101 104 117 129 104
leaf_count=101 151 146 157 103 108 101 104 117 129 104
internal_value=0 0.298103 -0.125871 0.442673 -0.156982 1.727 -0.863896 -0.0677292 1.35055 -0.639842
internal_weight=0 1220 1069 923 766 209 557 454 337 208
internal_count=1321 1220 1069 923 766 209 557 454 337 208
is_linear=0
shrinkage=0.05


Tree=331
num_leaves=10
num_cat=0
split_feature=11 12 10 11 12 14 11 16 0
split_gain=301483 494133 618212 674210 468408 676866 585397 370679 563195
threshold=7357.9217500000004 1171.4996250000002 2919.6167500000006 3484.9258750000004 3576.5320000000006 499.81450000000046 5120.9475000000011 1.2246849684968513 5.7400823415674909
decision_type=8 10 2 10 10 10 10 2 2
left_child=1 -1 -3 -4 -5 6 -6 8 -2
right_child=7 2 3 4 5 -7 -8 -9 -10
leaf_value=-2.8532623159060688 0.2460627845439472 3.505971418221792 2.377910640944795 -4.0402750414609914 -1.2085071121270841 -2.8590725809825654 4.0965921957905485 -1.2103007848980358 4.7571167232483393
leaf_weight=159 152 120 164 120 104 163 104 103 127
leaf_count=159 152 120 164 120 104 163 104 103 127
internal_value=0 -0.314214 0.206701 -0.397746 -1.32485 -0.446544 1.44404 1.35313 2.29948
internal_weight=0 934 775 655 491 371 208 382 279
internal_count=1316 934 775 655 491 371 208 382 279
is_linear=0
shrinkage=0.05


Tree=332
num_leaves=11
num_cat=0
split_feature=13 16 11 11 0 13 10 8 10 0
split_gain=414910 668645 657870 1.04399e+06 789346 483086 514234 457623 539462 268986
threshold=4931.5767633928581 1.7062567367847905 3165.6062500000003 4978.982500000001 4.5459684857374638 5094.1165543154775 7428.0286250000017 0.92946223143241891 4849.3181250000007 5.5567834561233909
decision_type=10 2 10 10 2 10 2 2 2 2
left_child=2 5 4 -4 -1 -2 7 9 -9 -7
right_child=1 -3 3 -5 -6 6 -8 8 -10 -11
leaf_value=2.1354790860414505 -3.4441261057381158 -4.7024771428452095 6.5468674634266826 0.060721421088927835 -3.3051539919376376 0.87526432728767389 -2.2164966531856334 1.6500911091418229 -3.2292213316010958 4.4740404473962609
leaf_weight=120 111 104 103 156 150 100 167 129 101 108
leaf_count=120 111 104 103 156 150 100 167 129 101 108
internal_value=0 -0.956192 0.839857 2.64015 -0.887095 -0.412039 0.144262 1.04437 -0.492563 2.74386
internal_weight=0 820 529 259 270 716 605 438 230 208
internal_count=1349 820 529 259 270 716 605 438 230 208
is_linear=0
shrinkage=0.05


Tree=333
num_leaves=11
num_cat=0
split_feature=7 4 10 14 13 13 13 7 14 11
split_gain=334952 523561 754013 937128 563840 915784 464336 613365 311706 182072
threshold=0.61642116844618922 9.5000000000000018 3627.9993750000008 292.0562500000006 7384.4301934523819 6024.8598586309536 4910.2443452380967 0.18797285152606205 223.68625000000023 5630.4787500000011
decision_type=2 2 2 8 8 10 10 2 10 10
left_child=1 2 -1 -4 5 6 7 -3 -8 -5
right_child=-2 4 3 9 -6 -7 8 -9 -10 -11
leaf_value=4.1314288529403074 2.4309147104263307 2.4202728404118137 2.6024518437267092 -4.0311728745698927 -4.1613884809426969 2.5556694602690682 -1.5401848165115508 -2.9645974748205433 -5.4782256410419947 -1.0139525349140166
leaf_weight=136 125 111 161 100 128 173 101 101 100 100
leaf_count=136 125 111 161 100 128 173 101 101 100 100
internal_value=0 -0.287635 0.958464 -0.236891 -1.15502 -0.498335 -1.77762 -0.145161 -3.49941 -2.52256
internal_weight=0 1211 497 361 714 586 413 212 201 200
internal_count=1336 1211 497 361 714 586 413 212 201 200
is_linear=0
shrinkage=0.05


Tree=334
num_leaves=10
num_cat=0
split_feature=13 4 10 14 8 7 13 13 12
split_gain=355476 826437 346291 609003 982943 943009 771067 756664 495515
threshold=7044.6583288690481 12.500000000000002 3060.8093750000003 66.141624999999991 0.9233285070444347 0.10577286572386595 6143.7569166666681 4875.2153273809536 4584.9455000000007
decision_type=8 2 2 10 2 2 10 10 10
left_child=2 -2 8 4 -4 -5 7 -7 -1
right_child=1 -3 3 5 -6 6 -8 -9 -10
leaf_value=-1.2067504722883207 -1.0791973753851287 4.4876913881692735 -5.0092769086048872 -3.5177224257753958 0.92413347894495201 2.6087624260565132 4.3662906565116009 -2.6661302209464148 3.7460706028607813
leaf_weight=101 147 122 191 144 110 123 130 152 101
leaf_count=101 147 122 191 144 110 123 130 152 101
internal_value=0 1.44556 -0.591211 -1.03344 -2.84092 -0.0424558 1.19319 -0.306815 1.26966
internal_weight=0 269 1052 850 301 549 405 275 202
internal_count=1321 269 1052 850 301 549 405 275 202
is_linear=0
shrinkage=0.05


Tree=335
num_leaves=9
num_cat=0
split_feature=12 0 13 13 12 13 7 13
split_gain=416458 438745 422468 687393 662929 402362 776852 518807
threshold=5671.5701250000011 4.0901173450678412 7044.6583288690481 6380.9452492559531 3729.8500000000004 5560.4712291666674 0.17552890010891811 6024.8598586309536
decision_type=8 2 10 10 10 8 2 10
left_child=2 -2 3 4 -1 6 -3 -7
right_child=1 5 -4 -5 -6 7 -8 -9
leaf_value=-0.6566285211257834 1.2406419567961029 -3.1742182574140916 3.7683704386739176 -2.5563594998283818 3.5712623782210304 -5.0986052650931883 2.6685659148112069 -0.83178338615430725
leaf_weight=189 170 109 102 154 182 141 119 144
leaf_count=189 170 109 102 154 182 141 119 144
internal_value=0 -0.960763 0.823862 0.251786 1.41743 -1.69027 -0.124695 -2.94274
internal_weight=0 683 627 525 371 513 228 285
internal_count=1310 683 627 525 371 513 228 285
is_linear=0
shrinkage=0.05


Tree=336
num_leaves=10
num_cat=0
split_feature=15 12 10 15 3 5 12 13 10
split_gain=650531 770581 545614 937052 1.26387e+06 468863 818599 725760 210180
threshold=7.991185229634076 5552.4262500000004 4145.9725000000008 3.677509417608428 0.73129871544030356 4.5000000000000009 2846.4150000000004 6143.7569166666681 2701.2275000000004
decision_type=2 8 2 2 2 2 8 8 2
left_child=2 -2 3 8 -5 6 -4 -8 -1
right_child=1 -3 5 4 -6 -7 7 -9 -10
leaf_value=0.011041240700033327 -0.56536643586906743 5.4811768351344892 3.2636017170907174 7.3935033774077894 -0.44264646768569949 -3.5554797179708824 -3.8689823511670882 0.53622926472015287 -2.9183357164697741
leaf_weight=151 102 109 108 100 106 181 188 186 103
leaf_count=151 102 109 108 100 106 181 188 186 103
internal_value=0 2.5582 -0.467671 0.855453 3.36131 -1.38568 -0.570874 -1.67816 -1.17686
internal_weight=0 211 1123 460 206 663 482 374 254
internal_count=1334 211 1123 460 206 663 482 374 254
is_linear=0
shrinkage=0.05


Tree=337
num_leaves=11
num_cat=0
split_feature=8 5 4 5 1 14 12 4 1 11
split_gain=382883 1.46103e+06 671485 1.0253e+06 796382 654334 368686 794543 691173 290085
threshold=0.87992796452812749 1.0000000180025095e-35 15.500000000000002 4.5000000000000009 30.493708401635224 -868.66987499999993 5178.5242500000013 10.500000000000002 36.359512633565082 5063.868625000001
decision_type=2 2 2 2 2 10 10 2 2 10
left_child=2 -2 3 4 -1 -3 8 -8 9 -7
right_child=1 5 -4 -5 -6 6 7 -9 -10 -11
leaf_value=-0.7930251882553101 -6.1526873581549708 3.7540157394084548 3.7932460283090972 -3.7407182091014173 5.0985158684118739 0.4715298597017924 1.3841341824160134 -4.4982053765676975 3.4920635116009318 -3.0815082069635391
leaf_weight=125 102 112 167 123 106 135 101 133 131 100
leaf_count=125 102 112 167 123 106 135 101 133 131 100
internal_value=0 -0.556047 1.1798 -0.0530898 1.91045 0.245719 -0.409163 -1.95925 0.581874 -1.0404
internal_weight=0 814 521 354 231 712 600 234 366 235
internal_count=1335 814 521 354 231 712 600 234 366 235
is_linear=0
shrinkage=0.05


Tree=338
num_leaves=11
num_cat=0
split_feature=14 7 3 12 14 1 15 11 15 15
split_gain=523853 594855 931350 469483 784045 1.07172e+06 452247 590901 444255 249464
threshold=-744.34987500000034 0.52929179376193913 0.60528756605176615 2786.0127500000003 394.08750000000049 25.346786599538774 4.1434574012956862 6908.167625000001 7.1606174506339535 5.4541926414863724
decision_type=8 2 2 10 10 2 2 10 2 2
left_child=-1 3 -3 4 5 -2 -5 8 9 -8
right_child=1 2 -4 6 -6 -7 7 -9 -10 -11
leaf_value=3.0049650919848476 1.7749414926073799 -0.75778326679159091 5.3598884002997149 0.48868287006342737 4.0650601146267915 -5.0679631355965498 -1.0453299582856042 -5.2176752887375946 1.2549425972318187 -4.508646163416719
leaf_weight=116 132 162 101 148 102 101 105 154 103 103
leaf_count=116 132 162 101 148 102 101 105 154 103 103
internal_value=0 -0.512334 1.59159 -1.09602 0.409147 -1.1913 -1.91858 -2.68476 -1.43052 -2.76034
internal_weight=0 1211 263 948 335 233 613 465 311 208
internal_count=1327 1211 263 948 335 233 613 465 311 208
is_linear=0
shrinkage=0.05


Tree=339
num_leaves=12
num_cat=0
split_feature=8 4 10 0 16 12 3 3 4 0 16
split_gain=447198 482019 545688 795497 516876 676072 1.66556e+06 1.1242e+06 330483 270734 254518
threshold=0.75300874312020383 11.500000000000002 3454.5873750000005 6.4888474958606981 0.54449889433387721 5256.165750000001 0.70552214405125491 0.70974314920549963 6.5000000000000009 5.6666611105555011 0.87928237268171239
decision_type=2 2 2 2 2 10 2 2 2 2 2
left_child=-1 2 -2 8 9 7 -7 -6 10 -3 -4
right_child=1 4 3 -5 5 6 -8 -9 -10 -11 -12
leaf_value=-2.8687720528594012 4.2547756498350813 -4.4392387639880182 -0.88784294914582684 4.5634530756733209 5.7186782508337197 -5.7034404972143342 3.1142719236193321 -1.2606914899178916 -2.4133220961579571 -0.7955639820832473 2.5099850709097726
leaf_weight=111 136 100 116 101 119 114 101 112 135 104 105
leaf_count=111 136 100 116 101 119 114 101 112 135 104 105
internal_value=0 0.443548 1.4744 0.646978 -0.496905 0.456669 -1.56117 2.33474 -0.464157 -2.58168 0.72651
internal_weight=0 1243 593 457 650 446 215 231 356 204 221
internal_count=1354 1243 593 457 650 446 215 231 356 204 221
is_linear=0
shrinkage=0.05


Tree=340
num_leaves=11
num_cat=0
split_feature=3 4 13 7 7 14 14 14 10 14
split_gain=373473 528035 982938 982586 795200 952282 674531 595237 475258 734948
threshold=0.46741392184506253 14.500000000000002 3993.7879761904774 0.47510688284350872 0.573036617530577 -276.74925000000002 915.25175000000002 458.95112499999999 4145.9725000000008 292.0562500000006
decision_type=2 2 10 2 2 8 10 10 2 8
left_child=-1 4 -3 7 5 -2 8 -4 -7 -10
right_child=1 2 3 -5 -6 6 -8 -9 9 -11
leaf_value=2.6636772794681685 3.7594393110275273 5.2289761311667311 0.11501325030965129 3.0759301939180919 -4.9034178520490732 -0.081942560261693498 2.2074092270245833 -4.9217993938047959 -1.0798297554254532 -6.5974948694394984
leaf_weight=114 110 105 127 140 120 145 103 109 127 115
leaf_count=114 110 105 127 140 120 145 103 109 127 115
internal_value=0 -0.330922 0.951774 -0.242658 -1.18783 -0.444717 -1.38851 -2.21131 -2.34556 -3.70186
internal_weight=0 1201 481 376 720 600 490 236 387 242
internal_count=1315 1201 481 376 720 600 490 236 387 242
is_linear=0
shrinkage=0.05


Tree=341
num_leaves=10
num_cat=0
split_feature=13 13 13 10 11 0 0 14 13
split_gain=465408 494369 389993 757156 792068 359309 323759 431939 326847
threshold=7888.0297842261916 5094.1165543154775 4931.5767633928581 5528.589750000001 4384.8025000000007 7.6985851362914079 6.8319901434587917 834.88099999999952 6024.8598586309536
decision_type=8 10 10 2 8 2 2 10 10
left_child=1 2 3 4 -1 6 7 8 -3
right_child=-2 5 -4 -5 -6 -7 -8 -9 -10
leaf_value=4.2587572926756492 -2.4058090162913452 -1.2678959403123176 -3.5981923101017781 -2.9652826500587723 -1.4884372799524241 -1.5350275996923448 4.2072369394999631 3.7504480733204697 1.8243773494295017
leaf_weight=129 178 175 103 147 112 100 106 118 167
leaf_count=129 178 175 103 147 112 100 106 118 167
internal_value=0 0.340511 -0.863209 -0.13717 1.58786 1.22794 1.71609 1.14205 0.242074
internal_weight=0 1157 491 388 241 666 566 460 342
internal_count=1335 1157 491 388 241 666 566 460 342
is_linear=0
shrinkage=0.05


Tree=342
num_leaves=11
num_cat=0
split_feature=13 13 13 12 0 12 12 13 12 8
split_gain=537379 583660 456476 489729 484583 736297 692813 603165 309872 284495
threshold=7410.9377008928577 7044.6583288690481 6438.9044062500006 4564.6135000000004 6.0298849329377395 5856.0325000000012 4798.2103750000006 4666.4050074404777 3576.5320000000006 0.95707615712369043
decision_type=10 8 10 10 2 10 10 10 8 2
left_child=1 2 4 -4 6 8 7 -1 -6 -8
right_child=-2 -3 3 -5 5 -7 9 -9 -10 -11
leaf_value=-0.35235619194647105 -3.4686537620031608 2.9427795286095422 -0.028731633557213677 -4.6171054586216256 1.6500390888947363 -1.6348021458983422 3.002965035496139 -5.3443496869420111 5.4642601178071217 -0.31147576327055271
leaf_weight=141 106 172 126 108 106 100 119 106 107 142
leaf_count=141 106 172 126 108 106 100 119 106 107 142
internal_value=0 0.241997 -0.19832 -2.14644 0.35693 1.90447 -0.596575 -2.49467 3.5661 1.19971
internal_weight=0 1227 1055 234 821 313 508 247 213 261
internal_count=1333 1227 1055 234 821 313 508 247 213 261
is_linear=0
shrinkage=0.05


Tree=343
num_leaves=11
num_cat=0
split_feature=11 11 4 13 13 15 11 8 8 0
split_gain=399185 439837 328871 600366 577432 957306 939503 452229 398648 274257
threshold=1901.4648750000003 9043.1762500000023 6.5000000000000009 4724.1026607142858 5560.4712291666674 6.2508931448700435 4639.7763750000004 0.94593656373952595 0.85419711777926743 4.8067209498727665
decision_type=10 10 2 10 10 2 10 2 2 2
left_child=9 2 7 -4 6 -6 -5 -2 -7 -1
right_child=1 -3 3 4 5 8 -8 -9 -10 -11
leaf_value=-0.28071540665741151 0.52295108467845597 -2.8837462460640637 -2.475052973706255 -0.44796869376301762 3.2414704215526586 -0.15122398787205762 6.4058745746612544 4.7292718306705357 -4.4924305426913334 -3.8781140360015409
leaf_weight=104 177 101 181 100 115 101 100 100 111 108
leaf_count=104 177 101 181 100 115 101 100 100 111 108
internal_value=0 0.258631 0.580844 0.00938091 0.862668 -0.431695 2.97895 2.04148 -2.42421 -2.11335
internal_weight=0 1086 985 708 527 327 200 277 212 212
internal_count=1298 1086 985 708 527 327 200 277 212 212
is_linear=0
shrinkage=0.05


Tree=344
num_leaves=10
num_cat=0
split_feature=7 6 11 14 14 14 4 16 3
split_gain=284463 958352 841496 479194 953691 598103 811348 354524 281394
threshold=0.47285874389596799 1.0000000180025095e-35 4384.8025000000007 -868.66987499999993 -125.40437499999983 491.34200000000016 7.5000000000000009 0.96323382338233821 0.71929431818770861
decision_type=2 2 8 10 10 10 2 2 2
left_child=3 2 -2 -1 -5 7 -7 -6 -8
right_child=1 -3 -4 4 5 6 8 -9 -10
leaf_value=2.0125139756529942 6.1539189868623563 -2.1169100217521191 0.64801245253889805 -4.858823814833606 3.3155396123304435 -5.1430144737716077 1.5576766920350764 -0.49135687743072154 -1.9308427052497863
leaf_weight=153 110 160 188 135 141 108 137 108 100
leaf_count=153 110 160 188 135 141 108 137 108 100
internal_value=0 1.00448 2.68039 -0.53144 -1.06536 -0.203205 -1.5511 1.66436 0.0857276
internal_weight=0 458 298 882 729 594 345 249 237
internal_count=1340 458 298 882 729 594 345 249 237
is_linear=0
shrinkage=0.05


Tree=345
num_leaves=10
num_cat=0
split_feature=12 11 13 3 4 7 4 12 0
split_gain=394224 533581 772403 654012 810603 1.00426e+06 399511 606963 542282
threshold=4605.6617500000002 3165.6062500000003 6380.9452492559531 0.72547646831750678 18.500000000000004 0.41055027379576448 5.5000000000000009 3507.5447500000005 6.1417697325288101
decision_type=8 8 10 2 2 2 2 10 2
left_child=6 -2 3 4 5 -3 -1 8 -8
right_child=1 2 -4 -5 -6 -7 7 -9 -10
leaf_value=3.9381645409860342 -3.5868889977855072 5.3616397268071623 -3.0513049209692396 -2.3055217792781497 -1.2186522364616394 -0.78649276542191471 1.5921688558899354 3.4010625254491282 -3.2482570691714212
leaf_weight=107 124 194 166 130 154 101 107 116 126
leaf_count=107 124 194 166 130 154 101 107 116 126
internal_value=0 -0.55001 -0.044543 0.817499 1.72171 3.25669 1.26533 0.445859 -1.0254
internal_weight=0 869 745 579 449 295 456 349 233
internal_count=1325 869 745 579 449 295 456 349 233
is_linear=0
shrinkage=0.05


Tree=346
num_leaves=10
num_cat=0
split_feature=12 7 5 5 4 8 15 4 11
split_gain=598828 578086 390081 421006 937968 718218 1.08225e+06 884174 616984
threshold=7920.0148750000008 -0.092312900288412589 1.0000000180025095e-35 2.5000000000000004 6.5000000000000009 0.83178370531297119 5.0741226900467833 9.5000000000000018 4698.8862500000005
decision_type=10 2 2 2 2 2 2 2 10
left_child=1 -1 -3 4 -4 -5 -7 -8 -6
right_child=-2 2 3 5 8 6 7 -9 -10
leaf_value=-3.2192322639430446 3.039486960453146 -2.2907936613261701 -2.0851407959461215 -3.758780037784577 6.5531100699045126 -2.8306120253809088 6.1291871269150535 0.28984970190248438 1.0803888874146546
leaf_weight=164 136 160 100 125 103 154 101 181 103
leaf_count=164 136 160 100 125 103 154 101 181 103
internal_value=0 -0.462633 -0.022436 0.396177 1.88803 -0.41756 0.540359 2.38124 3.81675
internal_weight=0 1191 1027 867 306 561 436 282 206
internal_count=1327 1191 1027 867 306 561 436 282 206
is_linear=0
shrinkage=0.05


Tree=347
num_leaves=10
num_cat=0
split_feature=10 14 4 10 3 4 12 12 13
split_gain=527012 453735 1.08022e+06 1.12626e+06 607127 899757 1.14871e+06 594226 559943
threshold=2013.4711250000003 59.139999999999652 6.5000000000000009 6364.8971250000004 0.71641774141410874 7.5000000000000009 5878.9408750000011 6055.8247500000007 4735.2053571428578
decision_type=2 10 2 2 2 2 10 10 10
left_child=-1 2 -2 8 5 7 -7 -3 -4
right_child=1 4 3 -5 -6 6 -8 -9 -10
leaf_value=3.4055901147786858 2.2399097061505286 -2.7190974887747035 -3.5618443056217681 -6.8217834534183623 -2.1583620941578654 5.3678611322556655 -0.87030276837995491 2.0989204439144689 1.4833544517472639
leaf_weight=103 137 169 103 124 173 197 118 103 118
leaf_count=103 137 169 103 124 173 197 118 103 118
internal_value=0 -0.316288 -1.51632 -3.00793 0.444786 1.21198 3.03103 -0.894627 -0.868028
internal_weight=0 1242 482 345 760 587 315 272 221
internal_count=1345 1242 482 345 760 587 315 272 221
is_linear=0
shrinkage=0.05


Tree=348
num_leaves=10
num_cat=0
split_feature=5 0 0 13 3 3 13 10 14
split_gain=349569 503139 721950 542818 717034 794705 725924 507681 370591
threshold=1.0000000180025095e-35 3.3700800635619119 4.8649601071218243 6965.8672224702395 0.69713687402262681 0.54778829968049425 5166.851205357144 3662.8778750000006 448.07687500000026
decision_type=2 2 2 10 2 2 10 2 10
left_child=-1 -2 7 4 5 -4 -7 -3 -6
right_child=1 2 3 -5 8 6 -8 -9 -10
leaf_value=-2.1642960305330723 -2.9432232515565282 4.9728184363895798 -1.070795487523079 -3.2345338277045701 -3.0827360812799043 1.1215474929078482 6.8071701472997663 0.51618371145512032 0.74666180470410515
leaf_weight=185 116 133 150 126 166 128 100 123 102
leaf_count=185 116 133 150 126 166 128 100 123 102
internal_value=0 0.178314 0.53055 -0.232474 0.353067 1.7557 3.61524 2.83154 -1.62528
internal_weight=0 1144 1028 772 646 378 228 256 268
internal_count=1329 1144 1028 772 646 378 228 256 268
is_linear=0
shrinkage=0.05


Tree=349
num_leaves=10
num_cat=0
split_feature=4 4 13 13 8 5 12 7 15
split_gain=243920 425271 590327 450366 349448 541741 595802 475158 1.03818e+06
threshold=20.500000000000004 18.500000000000004 7888.0297842261916 6853.4243244047639 0.80376805951972186 3.5000000000000004 5088.5527500000007 0.081008405495497746 6.5238634974608578
decision_type=2 2 8 10 2 2 10 2 2
left_child=1 2 3 4 -1 6 -6 -7 -9
right_child=-2 -3 -4 -5 5 7 -8 8 -10
leaf_value=-2.3897618528049773 2.0705661693040063 -2.9153794871677055 -2.6849881908018816 3.501993435173107 -2.4485546180529472 4.9400930892538142 1.6753322479016377 -2.4871569190706531 4.3674036109119383
leaf_weight=101 170 110 139 133 195 108 159 112 109
leaf_count=101 170 110 139 133 195 108 159 112 109
internal_value=0 0.0432412 0.351431 0.811695 0.355305 0.761237 -0.5963 2.22193 0.893599
internal_weight=0 1166 1056 917 784 683 354 329 221
internal_count=1336 1166 1056 917 784 683 354 329 221
is_linear=0
shrinkage=0.05


Tree=350
num_leaves=10
num_cat=0
split_feature=13 13 16 14 12 11 3 15 11
split_gain=342619 643263 353160 333772 633875 946956 517790 857867 474732
threshold=6734.5962790178583 6965.8672224702395 0.72483081641497515 1269.8450000000005 5505.5550000000012 4842.3587500000012 0.52484460939152955 7.6372373348445963 4400.7466250000007
decision_type=8 10 2 10 10 10 2 2 10
left_child=3 2 -2 4 6 -6 -1 8 -8
right_child=1 -3 -4 -5 5 -7 7 -9 -10
leaf_value=-4.2549862968587426 1.1378194462936537 -0.97525857669568206 5.1177234710346573 -3.1274282860989668 -1.9140268762196815 3.8879799449569967 2.879252409879808 -4.0975249597618175 -1.1354017889941181
leaf_weight=107 113 171 110 102 112 189 162 111 135
leaf_count=107 113 171 110 102 112 189 162 111 135
internal_value=0 1.33186 3.101 -0.430817 -0.0937401 1.72909 -1.15912 -0.34722 1.05441
internal_weight=0 394 223 918 816 301 515 408 297
internal_count=1312 394 223 918 816 301 515 408 297
is_linear=0
shrinkage=0.05


Tree=351
num_leaves=11
num_cat=0
split_feature=14 10 7 10 3 11 3 11 13 13
split_gain=618459 558722 601786 474198 428901 770408 649686 515879 660733 879911
threshold=-744.34987500000034 8277.3393750000014 0.50674059605289978 5664.0371250000007 0.72547646831750678 2945.4400000000005 0.7402653508145961 4092.9800000000005 5047.1090840773822 5785.1372313988113
decision_type=8 2 2 2 2 8 2 10 10 10
left_child=-1 2 4 -4 5 -2 -6 -7 -9 -10
right_child=1 -3 3 -5 6 7 -8 8 9 -11
leaf_value=3.6920225736227907 -3.692685330471146 -3.5235076681293296 -0.011793260514235297 4.3405796010498747 -5.2528211918331333 3.2866461266104774 0.072525613885077223 -3.0864714505242521 4.8239818219587498 -1.3246074109114419
leaf_weight=110 107 116 119 132 105 164 126 122 106 129
leaf_count=110 107 116 119 132 105 164 126 122 106 129
internal_value=0 -0.221673 0.123384 2.2771 -0.505934 0.171673 -2.34809 0.965313 -0.101069 1.4488
internal_weight=0 1226 1110 251 859 628 231 521 357 235
internal_count=1336 1226 1110 251 859 628 231 521 357 235
is_linear=0
shrinkage=0.05


Tree=352
num_leaves=10
num_cat=0
split_feature=11 10 10 0 8 3 11 15 3
split_gain=329383 590422 449260 874324 697125 1.03398e+06 836688 394946 248641
threshold=2153.2641250000006 3743.7526250000005 3060.8093750000003 4.4951272905068294 0.97847079604404563 0.56783897809778294 4400.7466250000007 8.1561128335055759 0.51979986201364492
decision_type=10 2 2 2 2 2 10 2 2
left_child=1 -1 -2 -4 5 8 -7 -8 -5
right_child=2 -3 3 4 -6 6 7 -9 -10
leaf_value=-0.65835585411180531 2.1424151212848419 4.4304280140943701 -4.8514791453650243 -0.12554421144373276 2.5470000891946256 -6.0936457150915402 -2.6626481564291593 1.3207941579230882 3.1835956664755942
leaf_weight=114 171 114 109 102 192 115 145 109 128
leaf_count=114 171 114 109 102 192 115 145 109 128
internal_value=0 1.88604 -0.206934 -0.65331 -0.0748014 -0.915179 -2.55525 -0.953218 1.71606
internal_weight=0 228 1071 900 791 599 369 254 230
internal_count=1299 228 1071 900 791 599 369 254 230
is_linear=0
shrinkage=0.05


Tree=353
num_leaves=9
num_cat=0
split_feature=13 3 0 13 3 12 14 16
split_gain=340980 591116 706030 561992 499034 620448 553987 688639
threshold=6734.5962790178583 0.7152912156644774 4.7052594148303735 7384.4301934523819 0.53718411974879554 5878.9408750000011 -43.455874999999644 0.72095820693180512
decision_type=10 2 2 10 2 8 8 2
left_child=1 4 -3 -2 5 -1 -6 -8
right_child=3 2 -4 -5 6 -7 7 -9
leaf_value=-4.1738502773755002 3.5176910552813347 0.57362255359041514 -4.2093208013262062 -1.1838332089984303 -1.195523499358784 0.59185693546508744 0.0024521259631184369 4.6763073323519677
leaf_weight=106 166 138 175 103 132 192 139 182
leaf_count=106 166 138 175 103 132 192 139 182
internal_value=0 -0.275041 -2.10055 1.71748 0.48579 -1.10333 1.53117 2.65243
internal_weight=0 1064 313 269 751 298 453 321
internal_count=1333 1064 313 269 751 298 453 321
is_linear=0
shrinkage=0.05


Tree=354
num_leaves=11
num_cat=0
split_feature=13 14 15 12 13 10 11 13 15 0
split_gain=385406 355933 600319 1.45939e+06 958580 507582 636234 292718 388797 350714
threshold=3871.5821391369054 1269.8450000000005 7.7536253625362539 4782.8036250000014 4666.4050074404777 6507.9031250000007 6565.8356250000006 5746.8981250000006 3.8069293040415153 5.1188146592437036
decision_type=8 10 2 8 8 2 10 8 2 2
left_child=-1 2 4 -4 -2 6 7 -6 -9 -10
right_child=1 -3 3 -5 5 -7 -8 8 9 -11
leaf_value=-2.777996431589127 4.3149860200029417 -1.8061873938815269 -1.0042431193560657 7.5167925503253947 -2.2311862663037516 -3.1438341732625363 3.7483007412512332 -1.8140643509460315 3.785717082262039 -0.39147120666976026
leaf_weight=100 122 153 101 100 173 143 103 131 100 101
leaf_count=100 122 153 101 100 173 143 103 131 100 101
internal_value=0 0.450069 0.771491 3.23508 0.204273 -0.463512 0.166892 -0.563573 0.305394 1.68673
internal_weight=0 1227 1074 201 873 751 608 505 332 201
internal_count=1327 1227 1074 201 873 751 608 505 332 201
is_linear=0
shrinkage=0.05


Tree=355
num_leaves=10
num_cat=0
split_feature=4 14 5 8 7 0 5 0 14
split_gain=345510 341511 690951 699765 396374 425039 577342 487009 216876
threshold=1.5000000000000002 59.139999999999652 4.5000000000000009 0.86169484476275116 0.52260299747206151 6.7534725694791717 1.5000000000000002 5.7094640019557525 592.78225000000009
decision_type=2 8 2 2 2 2 2 2 8
left_child=-1 2 3 -2 5 6 -3 8 -8
right_child=1 4 -4 -5 -6 -7 7 -9 -10
leaf_value=-2.6710419147408437 3.6603179287676717 -1.7620724806874435 -4.0950063367684688 -1.7683933192575481 2.8326299448432151 -2.771410384036527 2.5528014748142316 4.7268722282006186 -0.30944306652297032
leaf_weight=112 102 161 123 142 185 101 104 104 182
leaf_count=112 102 161 123 142 185 101 104 104 182
internal_value=0 0.232353 -1.03936 0.500986 0.789962 0.21037 0.75694 1.79684 0.731373
internal_weight=0 1204 367 244 837 652 551 390 286
internal_count=1316 1204 367 244 837 652 551 390 286
is_linear=0
shrinkage=0.05


Tree=356
num_leaves=9
num_cat=0
split_feature=0 13 4 14 3 10 13 14
split_gain=230596 451303 362029 267115 465861 446107 621932 772704
threshold=4.3265715460434935 4931.5767633928581 21.500000000000004 1269.8450000000005 0.52484460939152955 7263.7992500000009 5094.1165543154775 230.89674999999991
decision_type=2 10 2 10 2 2 8 8
left_child=1 -1 3 4 -2 6 -6 -8
right_child=2 -3 -4 -5 5 -7 7 -9
leaf_value=0.21899553752486767 -2.2866136356403954 -3.629650668349377 3.0481094876527788 -2.3963431922207894 -2.2005799829651038 2.8789419445916606 4.8375599217302394 -0.67366369081743116
leaf_weight=186 152 129 100 113 193 183 106 159
leaf_count=186 152 129 100 113 193 183 106 159
internal_value=0 -1.35712 0.193104 -0.122019 0.202066 0.792205 -0.0415788 1.53083
internal_weight=0 315 1006 906 793 641 458 265
internal_count=1321 315 1006 906 793 641 458 265
is_linear=0
shrinkage=0.05


Tree=357
num_leaves=10
num_cat=0
split_feature=15 13 14 13 1 13 1 13 3
split_gain=451851 781289 690203 394906 671383 534726 544535 659826 415138
threshold=6.7247127490526841 6558.8215498511909 346.18474999999995 4227.1781837797635 39.139264587238536 4910.2443452380967 16.966842666337843 6024.8598586309536 0.65169855779463914
decision_type=2 10 10 10 2 10 2 10 2
left_child=3 2 -2 8 5 -5 -7 -8 -1
right_child=1 -3 -4 4 -6 6 7 -9 -10
leaf_value=-0.53171609277660792 4.8235211858695202 -1.5420918811521223 -0.14428410838390221 4.0430799266667048 -3.4350985623038977 -2.8370569095265967 -1.4109411744039451 3.3519168687691479 -4.5767672862891144
leaf_weight=148 176 155 116 103 113 119 134 159 111
leaf_count=148 176 155 116 103 113 119 134 159 111
internal_value=0 1.32702 2.85001 -0.622509 0.0550159 0.820808 0.01524 1.17368 -2.26531
internal_weight=0 447 292 887 628 515 412 293 259
internal_count=1334 447 292 887 628 515 412 293 259
is_linear=0
shrinkage=0.05


Tree=358
num_leaves=10
num_cat=0
split_feature=4 7 10 15 7 13 8 12 16
split_gain=534677 454678 491054 628752 540451 564890 427824 326671 243631
threshold=6.5000000000000009 0.53653740940828587 6940.2165000000014 7.239468391283574 0.031852830198467741 6052.3133430059534 0.84028210446687079 5012.1907500000007 0.5952234112300131
decision_type=2 2 2 2 2 8 2 8 2
left_child=6 2 3 4 8 -6 -1 -8 -2
right_child=1 -3 -4 -5 5 -7 7 -9 -10
leaf_value=-0.77657439708709719 -0.93433469745516773 1.8923472622106243 -3.4757214452152128 3.0141282847134967 -4.5739768206294071 -0.1006596860084825 0.79478958975158487 4.4673483076511618 2.4906315544137247
leaf_weight=109 100 172 154 115 153 131 102 149 108
leaf_count=109 100 172 154 115 153 131 102 149 108
internal_value=0 -0.429371 -0.954122 -0.314375 -1.09238 -2.51058 1.83905 2.97491 0.844013
internal_weight=0 933 761 607 492 284 360 251 208
internal_count=1293 933 761 607 492 284 360 251 208
is_linear=0
shrinkage=0.05


Tree=359
num_leaves=9
num_cat=0
split_feature=3 14 12 14 13 0 13 12
split_gain=322297 500995 731929 608177 525749 477527 779006 646274
threshold=0.64058307198457864 -674.54962499999976 4274.2133750000003 49.79500000000008 5991.1550148809538 4.6776761009434287 5094.1165543154775 3576.5320000000006
decision_type=2 10 8 10 10 2 10 10
left_child=1 -1 -3 -4 -5 -2 -7 -8
right_child=5 2 3 4 -6 6 7 -9
leaf_value=3.5640102483693838 0.96849464269283692 2.5757023285200571 -4.7626571577355854 1.5060898801859688 -2.9301762817122721 -4.4457403937156128 -3.5460567233586078 1.4512332077821097
leaf_weight=103 183 162 101 170 110 197 101 180
leaf_count=103 183 162 101 170 110 197 101 180
internal_value=0 0.366942 -0.2395 -1.43652 -0.236729 -1.20349 -2.03502 -0.344946
internal_weight=0 646 543 381 280 661 478 281
internal_count=1307 646 543 381 280 661 478 281
is_linear=0
shrinkage=0.05


Tree=360
num_leaves=12
num_cat=0
split_feature=1 14 14 5 7 8 5 7 1 12 10
split_gain=296467 320041 556039 1.20014e+06 535904 521890 443102 1.52267e+06 1.22958e+06 488615 561749
threshold=58.155938713934169 990.88162500000055 292.0562500000006 3.5000000000000004 0.29742577976977425 0.94043087664549441 4.5000000000000009 0.27297584995898866 39.339614622506758 5919.9185000000007 3220.3467500000002
decision_type=2 10 10 2 2 2 2 2 2 8 2
left_child=1 2 6 4 -4 -3 8 -8 9 -1 -11
right_child=-2 5 3 -5 -6 -7 7 -9 -10 10 -12
leaf_value=2.0187371032825414 -2.752717452410792 4.2239383328408007 -6.9684923694221261 1.5047885966300965 -1.9000651966482403 -0.72502340452190039 2.6202789664268495 -6.0208531522415578 5.8711909008917411 0.79555114135883831 -4.4779048886629615
leaf_weight=138 122 100 109 135 100 114 104 100 107 101 101
leaf_count=138 122 100 109 135 100 114 104 100 107 101 101
internal_value=0 -0.166564 -0.543836 -2.16984 -4.54341 1.58758 0.315375 -1.61557 1.19661 -0.274506 -1.84118
internal_weight=0 1209 995 344 209 214 651 204 447 340 202
internal_count=1331 1209 995 344 209 214 651 204 447 340 202
is_linear=0
shrinkage=0.05


Tree=361
num_leaves=11
num_cat=0
split_feature=3 5 3 12 10 12 13 16 3 7
split_gain=364649 755149 801539 871882 605120 680113 355898 627990 752989 410579
threshold=0.69613980361678729 5.5000000000000009 0.59467037378418619 3532.5338750000005 6534.5297500000006 5878.9408750000011 6734.5962790178583 1.5832013756931247 0.74211498803244247 0.3717597178403283
decision_type=2 2 2 8 2 10 10 2 2 2
left_child=1 2 3 -1 5 -5 7 8 9 -2
right_child=6 -3 -4 4 -6 -7 -8 -9 -10 -11
leaf_value=3.5672858455777168 -5.7228163771900062 4.8605096169880468 3.2787416879643398 -2.3940082364395017 -4.9763373678805785 2.5393387772340694 2.0607644045352935 2.2355915068984031 1.1926171362957108 -1.4684113633260132
leaf_weight=100 131 112 181 183 102 113 100 100 107 100
leaf_count=100 131 112 181 183 102 113 100 100 107 100
internal_value=0 1.05665 0.429214 -0.606458 -1.65514 -0.51067 -0.63064 -1.24512 -2.27491 -3.88108
internal_weight=0 791 679 498 398 296 538 438 338 231
internal_count=1329 791 679 498 398 296 538 438 338 231
is_linear=0
shrinkage=0.05


Tree=362
num_leaves=10
num_cat=0
split_feature=14 4 7 14 12 12 7 16 1
split_gain=596574 621266 532888 432930 275424 441871 1.15109e+06 269792 577224
threshold=-868.66987499999993 13.500000000000002 0.48437931100148762 -52.435124999999964 3846.0587500000006 8163.0357500000009 0.10215237023458758 1.0372481692613711 47.319524581944926
decision_type=10 2 2 10 8 8 2 2 2
left_child=1 -1 3 -2 -5 6 -6 8 -4
right_child=2 -3 7 4 5 -7 -8 -9 -10
leaf_value=-0.24999553066815516 -3.8191768014087124 4.9164850026931406 2.1783120853943867 0.86043094789935548 -6.1265634875511754 1.0661869530092207 0.28971275586586492 2.4486128546055652 -3.0591607120037079
leaf_weight=129 156 106 111 167 128 114 154 154 100
leaf_count=129 156 106 111 167 128 114 154 154 100
internal_value=0 2.08042 -0.698502 -1.48837 -0.842535 -1.5607 -2.62264 0.857433 -0.303903
internal_weight=0 235 1084 719 563 396 282 365 211
internal_count=1319 235 1084 719 563 396 282 365 211
is_linear=0
shrinkage=0.05


Tree=363
num_leaves=9
num_cat=0
split_feature=12 14 16 8 12 6 12 13
split_gain=335015 879932 399120 390315 348622 477828 636434 615955
threshold=1243.7531250000002 470.48974999999933 1.7062567367847905 0.79762364354186011 2719.2775000000006 1.0000000180025095e-35 4726.2925000000005 5090.1668883928587
decision_type=10 8 2 2 10 2 10 10
left_child=1 -1 3 -2 -5 6 -6 -8
right_child=2 -3 -4 4 5 -7 7 -9
leaf_value=-4.3284174373856299 3.6965076590839185 1.0856178811315955 -1.8726727959182528 3.0658785000317179 -3.0576758232070596 2.2689608716964722 -2.4421328386457843 2.385769768121667
leaf_weight=135 114 169 144 118 181 185 101 191
leaf_count=135 114 169 144 118 181 185 101 191
internal_value=0 -1.31864 0.569493 0.96463 0.563297 0.114506 -0.728145 0.715845
internal_weight=0 304 1034 890 776 658 473 292
internal_count=1338 304 1034 890 776 658 473 292
is_linear=0
shrinkage=0.05


Tree=364
num_leaves=9
num_cat=0
split_feature=10 15 7 12 10 15 12 16
split_gain=371643 532704 670872 526123 463402 420942 466036 646739
threshold=5225.0711250000013 2.9451056216732794 0.39349618893804073 2180.0437500000003 4025.8915000000006 6.0418583525019178 3334.4725000000003 1.1816042715382651
decision_type=2 2 2 10 2 2 8 2
left_child=1 -1 3 -3 -5 -2 -7 -8
right_child=5 2 -4 4 -6 6 7 -9
leaf_value=-1.615751272334826 -2.7916962849095146 3.1395643688892498 5.1267884176969538 1.4659074792356204 -2.7480217125988746 -2.6388827055444324 2.9426343898619378 -1.5383215388781588
leaf_weight=163 188 145 110 132 129 120 186 142
leaf_count=163 188 145 110 132 129 120 186 142
internal_value=0 0.876025 1.66316 0.724734 -0.616839 -0.806001 0.0272822 1.00271
internal_weight=0 679 516 406 261 636 448 328
internal_count=1315 679 516 406 261 636 448 328
is_linear=0
shrinkage=0.05


Tree=365
num_leaves=10
num_cat=0
split_feature=13 14 4 7 5 4 3 15 16
split_gain=338616 337682 840807 768108 754154 632576 622110 378728 296455
threshold=7410.9377008928577 448.07687500000026 6.5000000000000009 0.45153454091902412 4.5000000000000009 16.500000000000004 0.6912397236079636 6.0125734795701797 0.78825938149370389
decision_type=8 10 2 2 2 2 2 2 2
left_child=1 2 -1 6 5 7 -3 -4 -2
right_child=8 3 4 -5 -6 -7 -8 -9 -10
leaf_value=2.5128412212265863 -3.2441933937809049 -2.0200472700474568 -0.65207184722879907 4.3492411271437703 -4.5157290131681496 -3.1872849767858331 2.5145798746965551 3.6887395316864002 0.32169986928210542
leaf_weight=180 136 172 100 149 144 110 135 101 102
leaf_count=180 136 172 100 149 144 110 135 101 102
internal_value=0 0.365589 -0.379842 1.40363 -1.5242 -0.139054 -0.025993 1.52913 -1.71595
internal_weight=0 1091 635 456 455 311 307 201 238
internal_count=1329 1091 635 456 455 311 307 201 238
is_linear=0
shrinkage=0.05


Tree=366
num_leaves=9
num_cat=0
split_feature=7 5 15 5 11 3 11 15
split_gain=260661 1.11329e+06 504905 494146 919757 853325 292521 1.06996e+06
threshold=0.02595509350583269 3.5000000000000004 2.9451056216732794 4.5000000000000009 5120.9475000000011 0.71199561310555548 5504.8525000000009 6.2298229822982316
decision_type=2 2 2 2 10 2 10 2
left_child=1 -1 -2 5 -5 6 7 -4
right_child=2 -3 3 4 -6 -7 -8 -9
leaf_value=-1.5106380847728615 -3.6186292027141533 4.3808082340810541 -1.6349102585965938 -5.4690611481666567 0.50456507480546331 3.957803357225476 -1.7033031035233765 4.8992685199964168
leaf_weight=165 102 156 165 101 178 165 195 101
leaf_count=165 102 156 165 101 178 165 195 101
internal_value=0 1.35249 -0.283717 0.0921511 -1.65793 0.87214 -0.232274 0.846113
internal_weight=0 321 1007 905 279 626 461 266
internal_count=1328 321 1007 905 279 626 461 266
is_linear=0
shrinkage=0.05


Tree=367
num_leaves=10
num_cat=0
split_feature=8 5 13 12 16 5 16 12 4
split_gain=221507 459053 663670 354934 387340 484582 602530 403572 360638
threshold=0.77103858515298584 1.0000000180025095e-35 4137.0024069940482 1171.4996250000002 1.4785270193686049 5.5000000000000009 0.72095820693180512 5496.6426250000013 8.5000000000000018
decision_type=2 2 8 10 2 2 2 10 2
left_child=-1 -2 -3 -4 5 6 8 -8 -5
right_child=1 2 3 4 -6 -7 7 -9 -10
leaf_value=-1.8971384502038724 -2.1393625004423988 4.3390911191438155 -2.1870474734003582 -3.2584906827559514 -1.5190836635231972 4.007854485133338 0.28740088217339277 4.4226783791714812 0.52087295197106742
leaf_weight=123 162 113 126 113 160 126 118 118 143
leaf_count=123 162 113 126 113 160 126 118 118 143
internal_value=0 0.332632 0.726402 0.274815 0.673523 1.24119 0.532652 2.35504 -1.14736
internal_weight=0 1179 1017 904 778 618 492 236 256
internal_count=1302 1179 1017 904 778 618 492 236 256
is_linear=0
shrinkage=0.05


Tree=368
num_leaves=11
num_cat=0
split_feature=10 13 0 10 7 7 5 3 13 13
split_gain=371095 364270 769474 458849 427832 563408 642546 348426 239202 178348
threshold=7650.0631250000015 4724.1026607142858 6.7042343123201222 5432.563000000001 0.031852830198467741 0.39349618893804073 2.5000000000000004 0.72226034985445786 6837.7285796130955 6558.8215498511909
decision_type=2 8 2 2 2 2 2 2 8 10
left_child=1 3 4 -1 7 6 -6 -3 -7 -2
right_child=9 2 -4 -5 5 8 -8 -9 -10 -11
leaf_value=0.38916748526406159 -0.52087399209699325 4.0090022877484817 5.0215133048295977 -3.7705010119474163 0.52062627663046634 2.575396752495851 -4.5661794043679276 0.047246340604928827 -0.5483401258057411 -3.2932869047199915
leaf_weight=177 124 119 100 106 118 140 131 104 109 109
leaf_count=177 124 119 100 106 118 140 131 104 109 109
internal_value=0 0.378077 0.911312 -1.16887 0.341242 -0.473793 -2.15556 2.16137 1.20798 -1.81784
internal_weight=0 1104 821 283 721 498 249 223 249 233
internal_count=1337 1104 821 283 721 498 249 223 249 233
is_linear=0
shrinkage=0.05


Tree=369
num_leaves=10
num_cat=0
split_feature=15 13 13 11 13 10 10 14 0
split_gain=377635 402723 345083 333781 356375 427605 921547 576709 484252
threshold=3.7559269815870482 6019.169925595239 3993.7879761904774 2548.7687500000006 7031.7957492559535 4025.8915000000006 5687.9747500000003 39.186250000000207 6.5236773677367745
decision_type=2 8 10 10 10 2 2 10 2
left_child=1 -1 -2 -4 5 -5 -7 -8 -9
right_child=2 -3 3 4 -6 6 7 8 -10
leaf_value=-0.088941704783033815 2.6910883311937059 -3.8555067263151472 2.7908071495954272 2.1277927437675337 2.0136202363701137 -4.5161910679355364 -2.7525605795813388 4.1278526177406318 -0.42102739472761225
leaf_weight=188 153 114 103 107 143 159 122 100 141
leaf_count=188 153 114 103 107 143 159 122 100 141
internal_value=0 -1.51076 0.500335 0.117267 -0.239436 -0.751657 -1.34189 0.0485069 1.46647
internal_weight=0 302 1028 875 772 629 522 363 241
internal_count=1330 302 1028 875 772 629 522 363 241
is_linear=0
shrinkage=0.05


Tree=370
num_leaves=11
num_cat=0
split_feature=13 13 14 12 4 10 15 15 4 13
split_gain=420699 276904 339866 759415 703142 1.61224e+06 907350 579447 566252 329026
threshold=7888.0297842261916 7044.6583288690481 1269.8450000000005 5352.1175000000012 4.5000000000000009 5432.563000000001 4.743272938404953 7.1088011578935681 13.500000000000002 5079.3613028273821
decision_type=8 10 10 10 2 2 2 2 2 10
left_child=1 2 3 4 -1 6 -6 9 -7 -5
right_child=-2 -3 -4 7 5 8 -8 -9 -10 -11
leaf_value=2.4714862675706222 -2.492625012356422 2.6660829504430295 -2.6650321604912741 -1.4946647826947419 -1.8936234008789061 -7.4193586761797112 4.3178821454177037 5.0608961630305025 -2.2697694111871076 2.1667144512201282
leaf_weight=121 173 100 114 102 125 112 111 109 102 154
leaf_count=121 173 100 114 102 125 112 111 109 102 154
internal_value=0 0.151998 -0.0874387 0.226499 -0.912177 -1.82201 1.02789 2.00782 -4.96488 0.707884
internal_weight=0 1150 1050 936 571 450 236 365 214 256
internal_count=1323 1150 1050 936 571 450 236 365 214 256
is_linear=0
shrinkage=0.05


Tree=371
num_leaves=10
num_cat=0
split_feature=10 0 3 12 8 14 0 7 13
split_gain=371520 378280 674785 522530 519053 360577 424559 515272 338730
threshold=5225.0711250000013 4.3265715460434935 0.72460295650958118 2972.1767500000005 0.94043087664549441 -365.02162500000003 6.5236773677367745 0.5270847033853906 6029.7177083333345
decision_type=2 2 2 10 2 8 2 2 10
left_child=1 4 3 -3 -1 -2 8 -8 -7
right_child=5 2 -4 -5 -6 6 7 -9 -10
leaf_value=1.5274499086463977 -3.601482481177491 6.2101991389806459 -0.83603504755649805 1.3489864496861474 -2.5728035691579185 -0.54852746794693663 -3.43767526798081 0.68605282584903771 3.0980278644742087
leaf_weight=159 101 104 137 118 150 137 171 136 119
leaf_count=159 101 104 137 118 150 137 171 136 119
internal_value=0 0.819533 1.92341 3.62631 -0.462964 -0.85056 -0.357055 -1.61088 1.14655
internal_weight=0 668 359 222 309 664 563 307 256
internal_count=1332 668 359 222 309 664 563 307 256
is_linear=0
shrinkage=0.05


Tree=372
num_leaves=11
num_cat=0
split_feature=12 14 5 4 5 12 10 15 10 11
split_gain=315129 727439 814708 712087 1.25611e+06 723358 1.15028e+06 599504 415001 349622
threshold=3576.5320000000006 1269.8450000000005 5.5000000000000009 16.500000000000004 4.5000000000000009 2548.7687500000006 4145.9725000000008 7.7536253625362539 6663.3981250000006 4726.2925000000005
decision_type=10 10 2 2 2 8 2 2 2 10
left_child=3 2 7 4 5 -1 -7 8 9 -2
right_child=1 -3 -4 -5 -6 6 -8 -9 -10 -11
leaf_value=3.2474509518040287 -1.3855654875754864 -3.0941036765222201 5.301518072132712 2.3263241466769466 -6.426181991465457 1.4808068409198669 -5.5907284911032082 3.7886962360569409 -3.085653845314841 1.9792712019189544
leaf_weight=101 133 108 108 135 111 123 108 112 103 184
leaf_count=101 133 108 108 135 111 123 108 112 103 184
internal_value=0 0.701628 1.34216 -0.852802 -1.82161 -0.282129 -1.82537 0.538378 -0.328373 0.567526
internal_weight=0 748 640 578 443 332 231 532 420 317
internal_count=1326 748 640 578 443 332 231 532 420 317
is_linear=0
shrinkage=0.05


Tree=373
num_leaves=10
num_cat=0
split_feature=8 13 13 13 5 16 3 10 4
split_gain=281282 305357 391668 668731 430383 607088 316759 310412 316810
threshold=0.75300874312020383 3954.0670163690479 5047.1090840773822 5469.2313831845249 2.5000000000000004 0.61271266015490522 0.56783897809778294 6336.8427500000007 9.5000000000000018
decision_type=2 10 10 10 2 2 2 2 2
left_child=-1 -2 7 -4 6 -6 -5 8 -3
right_child=1 2 3 4 5 -7 -8 -9 -10
leaf_value=-2.2802397794551679 2.1565064397545495 -0.58183530036685538 3.487302303110591 0.37699860531149559 4.153876502513886 -0.57468264686564607 -3.2651236481230024 0.77187737057415351 -4.4578016786663621
leaf_weight=111 196 103 161 103 105 192 142 104 108
leaf_count=111 196 103 161 103 105 192 142 104 108
internal_value=0 0.349288 0.00133651 0.657833 -0.182654 1.09703 -1.73395 -1.4638 -2.56574
internal_weight=0 1214 1018 703 542 297 245 315 211
internal_count=1325 1214 1018 703 542 297 245 315 211
is_linear=0
shrinkage=0.05


Tree=374
num_leaves=9
num_cat=0
split_feature=14 0 15 3 12 10 4 13
split_gain=316162 309300 367670 736892 276578 331640 403348 228831
threshold=-1542.6836249999994 7.6260028780655853 6.7247127490526841 0.71888712837513824 4625.6637500000006 3060.8093750000003 6.5000000000000009 6558.8215498511909
decision_type=10 2 2 2 8 2 2 10
left_child=-1 2 4 -4 7 -6 -7 -2
right_child=1 -3 3 -5 5 6 -8 -9
leaf_value=-1.977165011181889 -0.030166306009847828 -2.0145781532051119 4.1064093519861888 -0.97962007821879848 1.2668458475547584 0.33577051424000359 -3.2281979532077396 2.8907674642339831
leaf_weight=166 146 123 182 117 147 146 174 124
leaf_count=166 146 123 182 117 147 146 174 124
internal_value=0 0.355954 0.637398 2.11622 0.03744 -0.699053 -1.60214 1.3113
internal_weight=0 1159 1036 299 737 467 320 270
internal_count=1325 1159 1036 299 737 467 320 270
is_linear=0
shrinkage=0.05


Tree=375
num_leaves=11
num_cat=0
split_feature=13 8 5 13 5 4 0 5 10 8
split_gain=711075 425925 255941 707562 402500 379516 398783 254143 217068 167840
threshold=3808.4850163690476 0.78454135422846716 1.0000000180025095e-35 4594.8602090773811 4.5000000000000009 16.500000000000004 5.8352585258525869 5.5000000000000009 4364.6698750000005 0.95210745033794308
decision_type=10 2 2 10 2 2 2 2 2 2
left_child=9 -2 -3 -4 5 6 8 -6 -5 -1
right_child=1 2 3 4 7 -7 -8 -9 -10 -11
leaf_value=-4.1032888322526757 3.2857771011821009 -1.9392359199731246 4.2029591401230615 1.8747883259749214 -3.3931387932527635 -1.4891230265444069 3.9890038922824695 -0.14239106634388798 -1.164691017825028 -1.3412103866853498
leaf_weight=110 114 138 106 119 126 146 113 115 116 110
leaf_count=110 114 138 106 119 126 146 113 115 116 110
internal_value=0 0.393329 0.0565166 0.384 -0.166761 0.650488 1.54814 -1.84195 0.37445 -2.72225
internal_weight=0 1093 979 841 735 494 348 241 235 220
internal_count=1313 1093 979 841 735 494 348 241 235 220
is_linear=0
shrinkage=0.05


Tree=376
num_leaves=11
num_cat=0
split_feature=10 7 14 3 5 14 12 12 5 13
split_gain=331196 378757 378942 615789 422375 552892 623888 333591 332328 76046
threshold=7650.0631250000015 0.60407348211480139 946.32662500000026 0.68627748394446886 5.5000000000000009 292.0562500000006 6220.841625 6801.9046250000001 3.5000000000000004 5181.2097916666671
decision_type=2 2 8 2 2 10 8 8 2 10
left_child=1 2 4 -4 5 7 -7 9 -2 -1
right_child=8 -3 3 -5 -6 6 -8 -9 -10 -11
leaf_value=2.3439231912688454 0.20745967058119952 3.200124942064285 3.3470638110396567 -1.1122789949831302 2.0755210275235387 -4.9776024570712796 -0.0072016927683464836 -2.1000400091352915 -3.5935140218191997 0.4084130557728749
leaf_weight=101 108 100 178 137 115 154 107 105 123 102
leaf_count=101 108 100 178 137 115 154 107 105 123 102
internal_value=0 0.266298 -0.0273785 1.4076 -0.688226 -1.2468 -2.93993 0.187955 -1.81644 1.3714
internal_weight=0 1099 999 315 684 569 261 308 231 203
internal_count=1330 1099 999 315 684 569 261 308 231 203
is_linear=0
shrinkage=0.05


Tree=377
num_leaves=10
num_cat=0
split_feature=14 15 11 12 14 0 12 13 16
split_gain=306723 270789 820282 536159 613732 424090 346076 283596 258637
threshold=-744.34987500000034 6.6397348068140163 4978.982500000001 4236.7195000000002 49.79500000000008 5.0885241301907973 7888.0121250000002 6527.5025967261909 1.1816042715382651
decision_type=8 2 10 8 8 2 8 8 2
left_child=-1 3 -3 7 -5 6 -6 -2 -4
right_child=1 2 8 4 5 -7 -8 -9 -10
leaf_value=2.6360566501106537 -0.30128768358314251 3.8964503844579066 0.87308536872608977 -4.2256197482550233 -1.37472996765917 -2.6212892475881073 2.1548922597996296 3.257441463036971 -2.228729466877986
leaf_weight=112 114 150 131 147 121 152 163 110 138
leaf_count=112 114 150 131 147 121 152 163 110 138
internal_value=0 -0.0974291 0.933836 -0.632869 -1.43173 -0.48975 0.651074 1.4463 -0.71818
internal_weight=0 1226 419 807 583 436 284 224 269
internal_count=1338 1226 419 807 583 436 284 224 269
is_linear=0
shrinkage=0.05


Tree=378
num_leaves=11
num_cat=0
split_feature=13 7 12 4 5 12 8 5 12 10
split_gain=322240 482485 515477 294855 603464 458607 676824 643467 409983 176579
threshold=6724.7786071428582 0.31715296652162867 6417.2462500000011 6.5000000000000009 3.5000000000000004 1995.7810000000002 0.95707615712369043 4.5000000000000009 4564.6135000000004 4410.6033750000006
decision_type=8 2 8 2 2 10 2 2 10 2
left_child=3 -2 -3 4 -1 -5 7 8 -7 -8
right_child=1 2 -4 5 -6 6 9 -9 -10 -11
leaf_value=-1.1256279877479505 3.3766932560647107 1.9943409419450604 -2.8481761888265611 -3.6385775978211314 3.5815733890379629 0.34285071963355657 -1.096573353767395 -2.1469575554132461 4.6379165031142149 -4.0605668034736473
leaf_weight=151 166 122 100 128 124 105 100 104 118 101
leaf_count=151 166 122 100 128 124 105 100 104 118 101
internal_value=0 1.33769 -0.186973 -0.377419 0.996892 -0.953541 -0.302623 1.10089 2.61558 -2.58594
internal_weight=0 388 222 931 275 656 528 327 223 201
internal_count=1319 388 222 931 275 656 528 327 223 201
is_linear=0
shrinkage=0.05


Tree=379
num_leaves=10
num_cat=1
split_feature=10 16 9 5 4 4 13 10 7
split_gain=332635 472960 574656 599922 320592 558525 1.01099e+06 572762 651085
threshold=4518.1601250000012 1.3020232578813451 0 2.5000000000000004 4.5000000000000009 14.500000000000002 5202.2732953869054 6177.6658750000015 0.47510688284350872
decision_type=2 2 9 2 2 2 10 2 2
left_child=1 2 3 -1 -2 6 -6 -7 -9
right_child=4 -3 -4 -5 5 7 -8 8 -10
leaf_value=5.7926477524100761 1.2540623752376703 -1.9904515589538374 -0.44171588591594796 0.61049767570588198 -6.937358377387028 2.9627613606160148 -0.64179851085464401 -4.3000446973528179 0.92461259451465327
leaf_weight=122 158 114 189 103 101 114 173 105 138
leaf_count=122 158 114 189 103 101 114 173 105 138
internal_value=0 0.861309 1.64658 3.27483 -0.760096 -1.26443 -2.96242 0.0387861 -1.33296
internal_weight=0 528 414 225 789 631 274 357 243
internal_count=1317 528 414 225 789 631 274 357 243
cat_boundaries=0 1
cat_threshold=67
is_linear=0
shrinkage=0.05


Tree=380
num_leaves=10
num_cat=0
split_feature=13 15 8 16 4 16 0 0 16
split_gain=364980 308320 517679 1.1157e+06 1.13693e+06 398511 398031 472426 299309
threshold=7410.9377008928577 5.5765326532653274 0.94967288660109206 0.87483748374837467 14.500000000000002 0.26219149692747085 5.0885241301907973 4.3265715460434935 0.92973880721405611
decision_type=10 2 2 2 2 2 2 2 2
left_child=1 5 3 -3 -5 -1 7 8 -7
right_child=-2 2 -4 4 -6 6 -8 -9 -10
leaf_value=-3.4183827566670946 -3.0051531360699584 2.7440128043614411 3.0529013967033105 -6.3868316042656996 0.79314115636050708 1.0154022721126099 -2.4014543008195224 3.1757365033259761 -2.5991981643206867
leaf_weight=111 104 186 189 102 120 129 137 130 103
leaf_count=111 104 186 189 102 120 129 137 130 103
internal_value=0 0.0818396 0.889623 -0.112484 -2.50577 -0.708729 -0.10598 0.762749 -0.589356
internal_weight=0 1207 597 408 222 610 499 362 232
internal_count=1311 1207 597 408 222 610 499 362 232
is_linear=0
shrinkage=0.05


Tree=381
num_leaves=11
num_cat=0
split_feature=14 12 12 14 5 11 10 12 11 10
split_gain=223740 765168 465102 626211 557288 438293 1.12127e+06 770748 407156 288258
threshold=1070.7481250000003 5178.5242500000013 5384.4587500000007 448.07687500000026 3.5000000000000004 3846.0587500000006 5842.5996250000007 4625.6637500000006 5862.1117500000009 3743.7526250000005
decision_type=8 10 10 10 2 10 2 8 10 2
left_child=2 9 5 4 -4 6 -1 8 -7 -2
right_child=1 -3 3 -5 -6 7 -8 -9 -10 -11
leaf_value=3.4706071399152281 -1.492753103167257 -4.4631925235901564 2.41361289015112 4.5253369188484021 -2.5595495772361758 -2.3763948644249182 -2.7690306009848915 -5.3033281116202327 1.8769833570045809 1.9966769923555092
leaf_weight=180 102 112 129 136 100 103 120 101 124 141
leaf_count=180 102 112 129 136 100 103 120 101 124 141
internal_value=0 -1.04396 0.418543 1.83794 0.241926 -0.406422 0.974752 -1.66969 -0.0529636 0.531978
internal_weight=0 355 993 365 229 628 300 328 227 243
internal_count=1348 355 993 365 229 628 300 328 227 243
is_linear=0
shrinkage=0.05


Tree=382
num_leaves=10
num_cat=0
split_feature=13 10 13 7 3 12 4 12 13
split_gain=320946 608336 269258 424003 731770 744192 544491 473191 230960
threshold=4724.1026607142858 5528.589750000001 4947.8894270833343 0.29317302245953819 0.65579892396560568 5701.7337500000012 15.500000000000002 6645.0793750000012 6601.2711622023817
decision_type=8 2 8 2 2 8 2 8 10
left_child=1 -1 -2 4 -4 -6 7 8 -5
right_child=2 -3 3 6 5 -7 -8 -9 -10
leaf_value=0.29945462383722005 2.870054485844177 -4.3728294488516726 1.6549664411693812 2.4558066128005445 -0.00078556295484304432 -5.7269983803443409 3.3105483149157631 -2.9020058249051757 -0.47286729635670782
leaf_weight=190 103 110 144 142 112 115 180 104 128
leaf_count=190 103 110 144 142 112 115 180 104 128
internal_value=0 -1.41372 0.445064 0.175038 -1.13309 -2.90173 1.05106 -0.0363933 1.0674
internal_weight=0 300 1028 925 371 227 554 374 270
internal_count=1328 300 1028 925 371 227 554 374 270
is_linear=0
shrinkage=0.05


Tree=383
num_leaves=11
num_cat=0
split_feature=8 5 12 15 14 15 11 11 7 12
split_gain=218970 531356 299185 373991 613390 496408 537104 753680 463870 176412
threshold=0.75300874312020383 1.0000000180025095e-35 8242.3378750000029 4.636049716082721 -553.73987499999987 6.3535242413130213 4978.982500000001 7609.636125 0.18037553283415778 3763.3362500000003
decision_type=2 2 10 2 10 2 10 10 2 10
left_child=-1 -2 3 8 -5 9 -7 -8 -3 -6
right_child=1 2 -4 4 5 6 7 -9 -10 -11
leaf_value=-2.1687114005478527 -2.4536161912812129 -2.1536877555610694 -1.8963490916189745 4.9716913794387478 4.1269809017310273 2.4206087556378595 -4.5010366136744873 1.3831154553016816 1.7137226908509413 1.3143295415277993
leaf_weight=104 162 184 107 110 111 116 118 101 134 112
leaf_count=104 162 184 107 110 111 116 118 101 134 112
internal_value=0 0.218736 0.614821 0.887332 1.5592 0.886492 -0.33026 -1.78734 -0.524024 2.71435
internal_weight=0 1255 1093 986 668 558 335 219 318 223
internal_count=1359 1255 1093 986 668 558 335 219 318 223
is_linear=0
shrinkage=0.05


Tree=384
num_leaves=10
num_cat=0
split_feature=14 7 8 14 10 14 14 13 11
split_gain=355291 510093 437073 336473 600069 596080 581326 438058 202406
threshold=-744.34987500000034 0.52260299747206151 0.81855491997912566 990.88162500000055 2556.1753750000007 292.0562500000006 66.141624999999991 5132.1188556547631 3831.6700000000005
decision_type=8 2 2 10 2 8 10 8 10
left_child=-1 3 -3 4 -2 6 -6 -7 -9
right_child=1 2 -4 -5 5 7 -8 8 -10
leaf_value=2.612436707599743 1.8791616604228816 -0.012234568216821604 4.0861148148491271 1.02557177480127 -2.0629500672334071 -0.95520209473158646 2.4066682140723521 -3.1925435543060305 -6.2939664573551299
leaf_weight=111 120 171 105 183 198 112 115 100 111
leaf_count=111 120 171 105 183 198 112 115 100 111
internal_value=0 -0.342745 1.54692 -0.898174 -1.36384 -1.97573 -0.420758 -3.48256 -4.8241
internal_weight=0 1215 276 939 756 636 313 323 211
internal_count=1326 1215 276 939 756 636 313 323 211
is_linear=0
shrinkage=0.05


Tree=385
num_leaves=11
num_cat=0
split_feature=0 13 3 13 13 0 11 15 7 3
split_gain=294556 445250 346914 498850 803412 744725 573178 801079 405502 279559
threshold=7.3890791856963487 7044.6583288690481 0.50342616797796447 6601.2711622023817 5896.606912202381 6.6338619973108433 8253.8598750000001 6.1917011145559018 0.036191921291930981 0.46741392184506253
decision_type=2 10 2 10 10 2 8 2 2 2
left_child=1 2 9 4 5 6 7 8 -4 -1
right_child=-2 -3 3 -5 -6 -7 -8 -9 -10 -11
leaf_value=-0.20082128084450962 -2.3035381107522337 3.0998189300572108 1.9282193244934083 -2.6968945461934006 4.8364120495348875 3.9744158903360365 2.4614616530591795 -5.1838115087388896 -1.8326717332936824 -3.8862454220933738
leaf_weight=100 149 109 125 127 101 100 110 113 168 106
leaf_count=100 149 109 125 127 101 100 110 113 168 106
internal_value=0 0.0581522 -0.257602 0.191401 0.702996 0.0252764 -0.740061 -1.60747 -0.228196 -2.0972
internal_weight=0 1159 1050 844 717 616 516 406 293 206
internal_count=1308 1159 1050 844 717 616 516 406 293 206
is_linear=0
shrinkage=0.05


Tree=386
num_leaves=11
num_cat=0
split_feature=13 10 16 13 13 13 7 7 4 13
split_gain=442092 494564 387226 337216 298728 440974 708880 555862 412192 408152
threshold=3871.5821391369054 2371.7575000000006 1.7600787856563433 4647.6477619047628 5039.3636532738101 5469.2313831845249 0.069447254871579406 0.31715296652162867 15.500000000000002 6933.9571517857157
decision_type=8 2 2 8 8 8 2 2 2 8
left_child=-1 -2 3 -3 -5 -6 -7 -8 9 -9
right_child=1 2 -4 4 5 6 7 8 -10 -11
leaf_value=-3.4970692122131588 3.2763347205606479 2.351904010294958 -2.943868675288253 -2.4494521230459214 2.5642461918294432 -4.2380732462784954 3.4776488295623231 -0.097653512920893693 1.6669802887233225 -4.2381076277604377
leaf_weight=100 103 131 127 144 140 107 105 141 127 103
leaf_count=100 103 131 127 144 140 107 105 141 127 103
internal_value=0 -0.0398571 -0.343473 -0.0125608 -0.369821 0.044379 -0.560735 0.265894 -0.643094 -1.84547
internal_weight=0 1228 1125 998 867 723 583 476 371 244
internal_count=1328 1228 1125 998 867 723 583 476 371 244
is_linear=0
shrinkage=0.05


Tree=387
num_leaves=11
num_cat=0
split_feature=8 10 13 16 3 0 14 15 14 14
split_gain=306815 288956 617013 304044 352224 350907 585766 510610 233669 224920
threshold=0.77103858515298584 4025.8915000000006 5079.3613028273821 1.0660510495493993 0.64058307198457864 5.7400823415674909 611.9962499999998 6.9313848051471822 300.1569999999993 429.93450000000013
decision_type=2 2 8 2 2 2 8 2 8 10
left_child=-1 2 -2 5 -5 8 7 -7 -3 -6
right_child=1 3 -4 4 9 6 -8 -9 -10 -11
leaf_value=-2.4073524771676968 -0.88544122951585535 -1.0096644804179669 3.3779993317775681 3.1788770593296398 -1.8763173583285377 -4.2566927729249002 2.6905975812771281 0.64860319078496076 -4.427771824657917 1.3832150520062916
leaf_weight=129 159 100 182 110 110 100 122 113 100 102
leaf_count=129 159 100 182 110 110 100 122 113 100 102
internal_value=0 0.159025 1.39006 -0.330803 0.883135 -1.06144 -0.0720126 -1.65435 -2.71872 -0.308052
internal_weight=0 1198 341 857 322 535 335 213 200 212
internal_count=1327 1198 341 857 322 535 335 213 200 212
is_linear=0
shrinkage=0.05


Tree=388
num_leaves=10
num_cat=0
split_feature=16 8 11 12 0 11 3 0 11
split_gain=230063 432438 396098 487018 418169 668028 626928 568524 129221
threshold=1.3020232578813451 0.94864129199499481 6816.0311250000004 5627.0512500000013 4.5899326043715485 5430.5123750000012 0.68847809517878023 3.6354121523263441 4698.8862500000005
decision_type=2 2 10 8 2 10 2 2 10
left_child=2 8 4 -4 7 6 -6 -1 -2
right_child=1 -3 3 -5 5 -7 -8 -9 -10
leaf_value=-0.6818357459404184 -3.8351944836378098 1.0660459147940438 4.6648626967717748 0.14889341294765474 2.0212179651525286 -4.4465217439457776 -2.3168766091908179 3.7573698404160414 -1.299636194965627
leaf_weight=159 100 139 109 132 180 112 155 132 101
leaf_count=159 100 139 109 132 180 112 155 132 101
internal_value=0 -1.07824 0.431438 2.19139 -0.143287 -1.1036 0.0140399 1.33182 -2.56111
internal_weight=0 340 979 241 738 447 335 291 201
internal_count=1319 340 979 241 738 447 335 291 201
is_linear=0
shrinkage=0.05


Tree=389
num_leaves=10
num_cat=0
split_feature=15 13 10 0 7 10 12 16 13
split_gain=293684 378641 316481 702394 437546 299568 465000 578381 305270
threshold=3.2887427631652058 5108.068815476191 4145.9725000000008 5.034559011456702 -0.0405627603679901 7391.9315000000015 4502.1175000000012 1.0831374804147087 6463.2768534226198
decision_type=2 8 2 2 2 2 10 2 10
left_child=1 -1 4 -4 -2 6 7 -5 -7
right_child=2 -3 3 5 -6 8 -8 -9 -10
leaf_value=0.19818181928280182 -0.46882556931169567 -3.9519686224443888 -3.699025096325204 -1.708310719470882 3.6643714897334578 0.52252150937704978 3.0727474207318699 2.9527638700008394 -2.9030095040798187
leaf_weight=113 121 107 128 199 136 142 179 100 120
leaf_count=113 121 107 128 199 136 142 179 100 120
internal_value=0 -1.8203 0.177185 -0.279141 1.71839 0.312407 1.05721 -0.149423 -1.04642
internal_weight=0 220 1125 868 257 740 478 299 262
internal_count=1345 220 1125 868 257 740 478 299 262
is_linear=0
shrinkage=0.05


Tree=390
num_leaves=11
num_cat=0
split_feature=16 13 13 12 0 8 13 11 11 10
split_gain=341288 600498 466147 418521 920725 749619 660506 985264 497444 438474
threshold=1.1748133146647997 4884.1589776785722 5896.606912202381 3282.6075000000005 5.0885241301907973 0.82702876702490424 5759.0593236607156 5198.880000000001 5779.5482500000007 2919.6167500000006
decision_type=2 10 10 10 2 2 10 10 10 2
left_child=3 -2 -3 4 9 -5 7 -7 -8 -1
right_child=1 2 -4 5 -6 6 8 -9 -10 -11
leaf_value=-1.3975409546701036 4.2644232531687374 -1.8654241610345226 2.2443548814876237 4.5901038174629214 -3.8838281507116892 -1.7174602719715666 0.34547470078884979 5.0538769548657267 -4.4586153656244276 3.2731292927265168
leaf_weight=101 133 139 137 100 197 105 103 110 113 100
leaf_count=101 133 139 137 100 197 105 103 110 113 100
internal_value=0 1.50453 0.174575 -0.228836 -1.45466 0.689951 -0.214957 1.74694 -2.16778 0.926176
internal_weight=0 409 276 929 398 531 431 215 216 201
internal_count=1338 409 276 929 398 531 431 215 216 201
is_linear=0
shrinkage=0.05


Tree=391
num_leaves=10
num_cat=0
split_feature=14 11 7 12 3 3 12 13 13
split_gain=259464 560099 511602 536231 506314 839090 464788 458580 92343.1
threshold=-52.435124999999964 4224.8462500000014 0.10577286572386595 7920.0148750000008 0.60994408008824508 0.69878488308568654 6304.9237500000008 5124.4507886904767 5864.5514449404773
decision_type=8 10 2 8 2 2 8 10 10
left_child=1 -1 3 -2 6 -6 8 -7 -4
right_child=2 -3 4 -5 5 7 -8 -9 -10
leaf_value=-3.5604426816753723 -3.438389000551481 0.56359192770999555 0.01475330939387331 0.85305584009926205 5.8745491478373033 2.6909913742074778 -2.4325138638248553 -2.0502532634244974 2.1581845085620883
leaf_weight=184 190 149 101 118 102 102 177 102 100
leaf_count=184 190 149 101 118 102 102 177 102 100
internal_value=0 -1.71515 -0.102138 -1.79426 0.659814 2.17176 -0.564144 0.320369 1.08114
internal_weight=0 333 992 308 684 306 378 204 201
internal_count=1325 333 992 308 684 306 378 204 201
is_linear=0
shrinkage=0.05


Tree=392
num_leaves=10
num_cat=0
split_feature=4 4 13 5 13 13 13 5 16
split_gain=256180 519261 506395 862472 800550 658876 567142 657727 210569
threshold=1.5000000000000002 6.5000000000000009 6024.8598586309536 5.5000000000000009 5560.4712291666674 6965.8672224702395 4467.6997470238102 2.5000000000000004 0.86048327054927742
decision_type=2 2 10 2 8 10 10 2 2
left_child=-1 8 3 4 6 -4 -3 -8 -2
right_child=1 2 5 -5 -6 -7 7 -9 -10
leaf_value=-2.2775381994965889 3.3422947729374197 -1.7040127507191809 3.198135472612178 -5.2916679464853731 -3.3238520462301717 -1.497122533090653 5.4517616769671449 0.23054900689687777 0.511818267616023
leaf_weight=112 157 136 188 104 158 124 100 152 113
leaf_count=112 157 136 188 104 158 124 100 152 113
internal_value=0 0.220092 -0.323723 -1.1185 -0.323617 1.33207 0.898129 2.30246 2.15769
internal_weight=0 1232 962 650 546 312 388 252 270
internal_count=1344 1232 962 650 546 312 388 252 270
is_linear=0
shrinkage=0.05


Tree=393
num_leaves=10
num_cat=0
split_feature=0 15 3 4 10 13 13 13 10
split_gain=280626 327192 793586 597376 357863 399897 315387 359982 182755
threshold=7.3890791856963487 5.9424386883132767 0.69613980361678729 15.500000000000002 1952.7477500000002 7888.0297842261916 6052.3133430059534 4910.2443452380967 3772.0336250000005
decision_type=2 2 2 2 2 8 10 8 2
left_child=1 4 -3 -4 -1 6 7 -6 -9
right_child=-2 2 3 -5 5 -7 -8 8 -10
leaf_value=2.4486448118686681 -1.9157966770790518 3.9966842160136866 -2.3614965289444121 2.3779223032725549 0.64325188573287884 -3.5412803651558029 1.7841551579072559 -0.90976037001982335 -3.9326307539939886
leaf_weight=100 160 176 154 117 184 108 145 100 100
leaf_count=100 160 176 154 117 184 108 145 100 100
internal_value=0 0.315195 1.38247 -0.315327 -0.332119 -0.76866 -0.202605 -0.952814 -2.4212
internal_weight=0 1184 447 271 737 637 529 384 200
internal_count=1344 1184 447 271 737 637 529 384 200
is_linear=0
shrinkage=0.05


Tree=394
num_leaves=10
num_cat=0
split_feature=13 10 13 10 10 16 15 14 16
split_gain=553814 268186 367787 376236 570213 429377 860671 331948 239221
threshold=3425.8359880952389 6596.6015000000007 4724.1026607142858 5700.7292500000012 2793.3030000000003 1.3247005256081164 4.6145364536453659 235.38075000000006 0.96323382338233821
decision_type=10 2 10 2 2 2 2 10 2
left_child=-1 2 -2 4 -4 6 -6 -3 -9
right_child=1 7 3 -5 5 -7 -8 8 -10
leaf_value=2.3892327213287352 -1.9762587501950888 -3.3274287970284742 3.2315048117263645 3.2068839328514565 -3.1610390552140157 -3.7645096973912553 2.8527115381401007 -1.9354397960331131 1.3907765812149235
leaf_weight=180 184 169 102 111 109 101 131 115 102
leaf_count=180 184 169 102 111 109 101 131 115 102
internal_value=0 -0.598015 -0.0394546 0.603816 -0.0484199 -1.02951 0.121466 -1.66594 -0.371965
internal_weight=0 1124 738 554 443 341 240 386 217
internal_count=1304 1124 738 554 443 341 240 386 217
is_linear=0
shrinkage=0.05


Tree=395
num_leaves=11
num_cat=0
split_feature=0 13 0 5 10 11 13 0 8 13
split_gain=409690 471721 490832 250379 477542 324512 773804 469222 242436 332036
threshold=7.7523391228011702 7044.6583288690481 5.533043582135992 1.0000000180025095e-35 7308.1447500000013 2673.2261250000006 4647.6477619047628 6.3264256981253686 0.98946771493821706 5798.6745944940476
decision_type=2 8 2 2 2 10 10 2 2 10
left_child=1 3 -3 -1 5 -5 -7 8 9 -8
right_child=-2 2 -4 4 -6 6 7 -9 -10 -11
leaf_value=-1.715299515085561 -2.3637896792642006 0.90100261576664753 5.3883963565230371 -2.4926566566412269 3.5607770927185598 3.9335228947282754 -1.9336249600251518 -3.3932574124301524 2.5251761168241504 1.5632622293887601
leaf_weight=140 116 156 100 104 115 131 150 103 100 124
leaf_count=140 116 156 100 104 115 131 150 103 100 124
internal_value=0 0.74539 2.65389 0.24014 0.57117 0.0882979 0.529777 -0.405004 0.417964 -0.351092
internal_weight=0 1223 256 967 827 712 608 477 374 274
internal_count=1339 1223 256 967 827 712 608 477 374 274
is_linear=0
shrinkage=0.05


Tree=396
num_leaves=10
num_cat=0
split_feature=14 1 8 5 13 13 13 11 13
split_gain=331581 340123 271659 355510 962209 387611 538388 405557 351198
threshold=-1542.6836249999994 58.155938713934169 0.99627292483850005 3.5000000000000004 5104.3257462797619 5104.3257462797619 6143.7569166666681 5809.0732500000004 4467.6997470238102
decision_type=10 2 2 2 10 10 10 10 10
left_child=-1 2 3 5 -5 8 -7 -8 -2
right_child=1 -3 -4 4 -6 6 7 -9 -10
leaf_value=-2.1863592859357595 -0.43812606114149094 -2.2393446337159086 -1.4518985148162058 -0.40666191421571329 4.8258127344783244 -4.029686796556688 2.639566016781564 -1.7871962575401579 3.6559851658344273
leaf_weight=160 100 123 146 183 169 103 102 105 110
leaf_count=160 100 123 146 183 169 103 102 105 110
internal_value=0 0.244167 0.544238 0.878453 2.10552 0.0478234 -1.07573 0.394107 1.70641
internal_weight=0 1141 1018 872 352 520 310 207 210
internal_count=1301 1141 1018 872 352 520 310 207 210
is_linear=0
shrinkage=0.05


Tree=397
num_leaves=10
num_cat=0
split_feature=13 14 13 10 13 12 5 5 10
split_gain=237385 307433 381066 398325 347617 400784 380482 360354 191215
threshold=6965.8672224702395 -674.54962499999976 6062.9620312500019 6295.386625000001 5108.068815476191 7213.3506250000009 3.5000000000000004 3.5000000000000004 5664.0371250000007
decision_type=10 8 10 2 10 8 2 2 2
left_child=1 -1 4 -4 5 8 -6 -7 -3
right_child=-2 2 3 -5 6 7 -8 -9 -10
leaf_value=2.8356890001751132 -1.7299202427354166 0.47112218192939104 -0.19492339949335968 4.0629717980915645 -4.0845762421687448 -2.5648503855620017 -0.04175096106740226 0.72832984878170881 3.1126658895374399
leaf_weight=105 173 174 114 106 120 179 113 155 113
leaf_count=105 173 174 114 106 120 179 113 155 113
internal_value=0 0.253455 0.001002 1.85661 -0.477023 0.140885 -2.12389 -1.03658 1.51117
internal_weight=0 1179 1074 220 854 621 233 334 287
internal_count=1352 1179 1074 220 854 621 233 334 287
is_linear=0
shrinkage=0.05


Tree=398
num_leaves=10
num_cat=0
split_feature=11 12 11 13 10 5 7 12 12
split_gain=355814 391595 399007 420771 259889 698851 774494 680906 459259
threshold=2153.2641250000006 2213.5533750000004 8546.1325000000015 5059.3074590773813 7650.0631250000015 3.5000000000000004 -0.022655687367580963 5256.165750000001 3445.8260000000005
decision_type=8 8 8 10 2 2 2 10 10
left_child=-1 -2 4 -4 5 6 -3 -7 -8
right_child=1 2 3 -5 -6 7 8 -9 -10
leaf_value=2.7747971723664482 -3.2111071008969763 -3.8424272520201548 0.069682588979795387 -3.9079456439002969 -1.1893333724367687 5.1177058541621925 -1.5143615787585094 -0.0191321567513726 2.4993102126788602
leaf_weight=106 102 112 154 117 171 156 113 110 193
leaf_count=106 102 112 154 117 171 156 113 110 193
internal_value=0 -0.24451 0.0242231 -1.6476 0.554121 0.989985 -0.284947 2.99345 1.01714
internal_weight=0 1228 1126 271 855 684 418 266 306
internal_count=1334 1228 1126 271 855 684 418 266 306
is_linear=0
shrinkage=0.05


Tree=399
num_leaves=10
num_cat=0
split_feature=14 12 7 14 12 10 11 12 14
split_gain=271102 530728 417624 489138 531969 632295 488008 295720 257022
threshold=1269.8450000000005 3465.9887500000009 -0.14942287525684592 448.07687500000026 8366.1550000000007 4180.3218750000005 4907.4777500000009 6386.7641250000006 235.38075000000006
decision_type=10 8 2 10 8 2 10 10 10
left_child=1 8 -3 4 6 -6 -4 -5 -1
right_child=-2 2 3 7 5 -7 -8 -9 -10
leaf_value=-0.48961677640473761 -2.0362503462877029 -2.0033862237880626 0.1243255047055034 1.6061809688061477 0.90010633641167692 -3.943810158918712 4.5448959935279118 5.0722514912486076 -3.7196295314240007
leaf_weight=147 156 120 154 160 152 121 105 100 106
leaf_count=147 156 120 154 160 152 121 105 100 106
internal_value=0 0.183286 0.745376 1.16186 0.293187 -1.24683 1.91645 2.93929 -1.8429
internal_weight=0 1165 912 792 532 273 259 260 253
internal_count=1321 1165 912 792 532 273 259 260 253
is_linear=0
shrinkage=0.05


Tree=400
num_leaves=9
num_cat=0
split_feature=3 12 16 13 16 3 0 0
split_gain=232987 341326 398767 406640 364014 697612 314468 117113
threshold=0.74087761392373974 6304.9237500000008 0.814117522863398 5798.6745944940476 1.0455031614272545 0.55527296729161024 6.4541995866253306 5.7889177806669574
decision_type=2 8 2 10 2 2 2 2
left_child=1 2 3 -1 5 -3 -4 -6
right_child=-2 4 6 -5 7 -7 -8 -9
leaf_value=3.4697180833456649 1.7797333432568445 0.28477333256666609 0.50483216746729254 -0.078872934065577466 1.3900034627109243 -4.4422649021898764 -2.5914124456703242 -0.91875342153153339
leaf_weight=159 144 139 196 164 114 178 141 106
leaf_count=159 144 139 196 164 114 178 141 106
internal_value=0 -0.349005 0.412588 1.66796 -1.28504 -2.36953 -0.790629 0.277602
internal_weight=0 1197 660 323 537 317 337 220
internal_count=1341 1197 660 323 537 317 337 220
is_linear=0
shrinkage=0.05


Tree=401
num_leaves=10
num_cat=0
split_feature=4 12 10 11 13 13 12 13 13
split_gain=393876 575055 405571 447132 365522 564677 542804 1.07717e+06 672430
threshold=18.500000000000004 5077.3042500000001 7263.7992500000009 2426.6440000000007 7888.0297842261916 6801.7100691964288 3620.9687500000005 5296.0675505952386 4314.8293452380958
decision_type=2 10 2 8 8 10 8 10 10
left_child=2 -2 3 -1 5 6 -5 8 -8
right_child=1 -3 -4 4 -6 -7 7 -9 -10
leaf_value=-3.646941672086716 0.38746378926907554 -4.3133973865673463 2.0433533448199328 -3.1241649730551631 -2.4237660274888477 3.8298485525682864 -0.28286985359459277 -2.7571466455856961 4.9984805925600773
leaf_weight=100 118 145 191 124 137 102 107 144 138
leaf_count=100 118 145 191 124 137 102 107 144 138
internal_value=0 -2.20427 -0.0390483 -0.505878 -0.0881831 0.432101 -0.243474 0.674792 2.69193
internal_weight=0 263 1043 852 752 615 513 389 245
internal_count=1306 263 1043 852 752 615 513 389 245
is_linear=0
shrinkage=0.05


Tree=402
num_leaves=9
num_cat=0
split_feature=14 12 16 13 13 12 15 15
split_gain=342666 275426 226846 282946 389572 213695 654959 469152
threshold=-771.53750000000002 2548.7687500000006 1.5479909102021316 4075.4957916666672 4858.4337797619055 3719.3775000000005 6.0125734795701797 4.1582449911657848
decision_type=8 8 2 8 8 8 2 2
left_child=-1 -2 3 -3 -5 -6 7 -7
right_child=1 2 -4 4 5 6 -8 -9
leaf_value=2.7722539637305523 2.0362957677932889 -3.1257432938725862 1.1846408006992746 2.3792735154202229 -2.7452991422050257 0.17662662401054446 1.8867760436768508 -3.3538256486459654
leaf_weight=110 130 108 188 109 121 181 199 196
leaf_count=110 130 108 188 109 121 181 199 196
internal_value=0 -0.140342 -0.397114 -0.722465 -0.400437 -0.835141 -0.433875 -1.65883
internal_weight=0 1232 1102 914 806 697 576 377
internal_count=1342 1232 1102 914 806 697 576 377
is_linear=0
shrinkage=0.05


Tree=403
num_leaves=11
num_cat=1
split_feature=13 12 14 7 3 0 0 13 7 9
split_gain=228110 377866 295613 485841 688444 921799 352368 320753 291436 431926
threshold=3425.8359880952389 1243.7531250000002 -571.06599999999969 0.47510688284350872 0.64058307198457864 6.5236773677367745 6.512444299985555 6734.5962790178583 0.28911242237189688 0
decision_type=10 10 10 2 2 2 2 10 2 9
left_child=-1 -2 -3 6 5 -5 7 8 9 -4
right_child=1 2 3 4 -6 -7 -8 -9 -10 -11
leaf_value=1.6255501610892162 -2.8101267982274294 2.5325532751345854 0.13940327407585248 2.9900189261164258 4.3439388720008232 -3.7006000005631225 -3.4385240680147562 2.0392957210832949 1.0954445676983526 -3.8647343282070423
leaf_weight=189 128 109 134 101 120 105 124 102 106 134
leaf_count=189 128 109 134 101 120 105 124 102 106 134
internal_value=0 -0.247331 0.069614 -0.2203 1.33344 -0.420248 -1.0645 -0.446055 -1.12388 -2.00167
internal_weight=0 1163 1035 926 326 206 600 476 374 268
internal_count=1352 1163 1035 926 326 206 600 476 374 268
cat_boundaries=0 1
cat_threshold=128
is_linear=0
shrinkage=0.05


Tree=404
num_leaves=9
num_cat=0
split_feature=13 14 10 3 12 10 8 13
split_gain=373320 605687 487945 487901 785469 574699 920223 530113
threshold=6410.8930498511918 -639.16212499999972 6559.1576250000007 0.72573682836186693 7002.0775000000012 3559.0332500000004 0.94967288660109206 5242.0428340773824
decision_type=10 8 2 2 10 2 2 10
left_child=1 -1 -2 4 5 -3 7 -7
right_child=2 3 -4 -5 -6 6 -8 -9
leaf_value=4.2262970507868287 0.44321577831481895 -1.1119313962964548 -3.2407467340576583 -2.0404357204732206 -2.7036007762872258 -1.0787000579924524 5.6044968687334373 3.5315794280431803
leaf_weight=103 192 144 169 194 130 158 155 103
leaf_count=103 192 144 169 194 130 158 155 103
internal_value=0 0.597663 -1.28141 0.174869 0.797723 1.61053 2.55292 0.740682
internal_weight=0 987 361 884 690 560 416 261
internal_count=1348 987 361 884 690 560 416 261
is_linear=0
shrinkage=0.05


Tree=405
num_leaves=10
num_cat=0
split_feature=8 5 13 3 3 13 13 10 7
split_gain=509353 456821 457295 792689 428966 507970 396344 294321 533709
threshold=0.75300874312020383 1.0000000180025095e-35 4647.6477619047628 0.7034749373802075 0.59926290384591197 6438.9044062500006 5114.5384449404764 7263.7992500000009 0.21272857901338538
decision_type=2 2 10 2 2 10 10 2 2
left_child=-1 -2 3 -3 5 6 -4 8 -6
right_child=1 2 4 -5 7 -7 -8 -9 -10
leaf_value=-2.9206570838138743 -1.7537489319570139 4.8194750842617617 -1.5027814383636107 -0.48084552456335783 2.5269530970709666 -3.3366165044653506 2.8632270956740662 3.7152079185572542 -1.6572932351077043
leaf_weight=106 165 180 106 116 175 131 102 110 135
leaf_count=106 165 180 106 116 175 131 102 110 135
internal_value=0 0.692764 1.07539 2.74232 0.425313 -0.897765 0.638242 1.49323 0.704781
internal_weight=0 1220 1055 296 759 339 208 420 310
internal_count=1326 1220 1055 296 759 339 208 420 310
is_linear=0
shrinkage=0.05


Tree=406
num_leaves=10
num_cat=0
split_feature=3 15 10 5 14 7 4 12 8
split_gain=203014 394766 514935 323561 743111 296126 281306 606244 644067
threshold=0.69713687402262681 2.9451056216732794 4259.2112500000012 4.5000000000000009 -216.33687499999971 0.0580715325578074 4.5000000000000009 3426.6762500000009 0.86532461621784507
decision_type=2 2 2 2 10 2 2 10 2
left_child=1 -1 -3 4 -2 -6 -4 -8 -9
right_child=3 2 6 -5 5 -7 7 8 -10
leaf_value=-2.0350749702803022 3.6623907802281561 4.3748795951888395 2.1123369447927218 -2.6315087551906196 -3.1675516841722575 0.1254925228123154 -3.1755587795549189 4.1602398432357219 -1.0332062655351533
leaf_weight=116 108 103 185 145 115 168 121 103 142
leaf_count=116 108 103 185 145 115 168 121 103 142
internal_value=0 0.653082 1.12988 -0.614209 0.133894 -1.21267 0.523283 -0.279927 1.15016
internal_weight=0 770 654 536 391 283 551 366 245
internal_count=1306 770 654 536 391 283 551 366 245
is_linear=0
shrinkage=0.05


Tree=407
num_leaves=11
num_cat=0
split_feature=15 0 13 0 13 13 3 12 12 13
split_gain=215303 369979 291610 358580 285813 274677 294821 375222 593633 354977
threshold=8.5895006167283423 7.1437060372703955 7020.3951063988106 5.3205598337611555 6438.9044062500006 5838.3660863095247 0.50736297255759133 5856.0325000000012 3719.3775000000005 4172.3910319940487
decision_type=2 2 8 2 10 10 2 10 10 10
left_child=1 2 4 -4 5 6 -1 8 9 -8
right_child=-2 -3 3 -5 -6 -7 7 -9 -10 -11
leaf_value=2.1352104362514281 2.0798550193960015 -2.8975487908491724 0.11528162836170884 4.0300006818063192 -2.1915626219312352 2.4590649542643837 0.89838272020368304 -3.0131630694059504 3.1035312770466721 -3.0463540519466838
leaf_weight=108 132 104 139 101 150 114 101 133 112 131
leaf_count=108 132 104 139 101 150 114 101 133 112 131
internal_value=0 -0.0482649 0.223843 1.76273 -0.211177 0.213799 -0.22374 -0.757843 0.114127 -1.32903
internal_weight=0 1193 1089 240 849 699 585 477 344 232
internal_count=1325 1193 1089 240 849 699 585 477 344 232
is_linear=0
shrinkage=0.05


Tree=408
num_leaves=10
num_cat=0
split_feature=1 5 3 10 12 7 12 13 13
split_gain=395184 286641 711087 744261 509360 326297 371472 632378 973762
threshold=60.098762560266728 4.5000000000000009 0.70974314920549963 5410.621000000001 2548.7687500000006 0.47285874389596799 5088.5527500000007 5076.30549107143 6283.4210944940487
decision_type=2 2 2 2 8 2 8 8 8
left_child=1 4 3 -3 -1 6 -6 -8 -9
right_child=-2 2 -4 -5 5 -7 7 8 -10
leaf_value=3.7455348641242625 -3.0722697611440695 3.3996772840758354 -4.6379367153985163 -2.2020301155577928 -2.504248597594195 1.8210926598279267 -2.1984414547877877 5.2005392272964777 -1.3496117064995428
leaf_weight=106 114 107 105 133 172 191 152 115 112
leaf_count=106 114 107 105 133 172 191 152 115 112
internal_value=0 0.00903532 -1.20605 0.295398 0.503381 0.0402161 -0.577111 0.297473 1.96875
internal_weight=0 1193 345 240 848 742 551 379 227
internal_count=1307 1193 345 240 848 742 551 379 227
is_linear=0
shrinkage=0.05


Tree=409
num_leaves=10
num_cat=1
split_feature=10 9 4 15 5 11 8 5 12
split_gain=219426 319950 267785 779749 643625 626902 665776 830068 476279
threshold=3020.5996250000003 0 5.5000000000000009 4.5693916613883614 1.0000000180025095e-35 8113.5491250000005 0.97656281633560649 4.5000000000000009 5589.4738750000006
decision_type=2 9 2 2 2 8 2 2 8
left_child=1 -1 3 -2 -4 6 7 8 -6
right_child=2 -3 4 -5 5 -7 -8 -9 -10
leaf_value=2.8292699544752637 -2.0090367311697741 -0.65499828601974297 -4.7779782309284746 3.5106004679959919 1.4467911636208495 2.1249042259322275 1.3369153581167523 -5.5702248428251364 -3.2254073721170431
leaf_weight=110 130 143 106 126 120 162 152 143 100
leaf_count=110 130 143 106 126 120 162 152 143 100
internal_value=0 0.945841 -0.696176 0.70766 -1.15516 -0.587921 -1.44128 -2.60459 -0.676935
internal_weight=0 253 1039 256 783 677 515 363 220
internal_count=1292 253 1039 256 783 677 515 363 220
cat_boundaries=0 1
cat_threshold=194
is_linear=0
shrinkage=0.05


Tree=410
num_leaves=10
num_cat=0
split_feature=13 7 14 12 16 0 7 14 13
split_gain=304088 282727 295982 322981 607169 314761 414962 455389 236989
threshold=7031.7957492559535 0.57506574241085595 1280.5077500000004 6386.7641250000006 1.0455031614272545 3.7739426720449831 0.41315138530344325 495.81787500000013 7384.4301934523819
decision_type=8 2 8 10 2 2 2 10 10
left_child=1 2 3 5 -5 -1 7 -7 -2
right_child=8 -3 -4 4 -6 6 -8 -9 -10
leaf_value=-2.8937468748937536 2.4927522130392412 -2.4814386815243754 -2.6418075470947753 -0.86013568466149481 4.4936470941666071 2.7697711476978539 -1.6538335701661933 -1.3131004664414334 -0.52741339755530403
leaf_weight=103 182 145 102 103 109 192 194 106 101
leaf_count=103 182 145 102 103 109 192 194 106 101
internal_value=0 -0.431074 -0.104008 0.216755 1.89252 -0.380323 0.145861 1.31747 1.41488
internal_weight=0 1054 909 807 212 595 492 298 283
internal_count=1337 1054 909 807 212 595 492 298 283
is_linear=0
shrinkage=0.05


Tree=411
num_leaves=10
num_cat=0
split_feature=13 13 13 11 0 7 15 4 7
split_gain=381135 696736 520162 467413 380371 987362 523012 286695 630214
threshold=7410.9377008928577 6830.154145833335 6463.2768534226198 7393.6912500000008 6.1313145203409247 0.48935299848452962 4.9510006556211188 9.5000000000000018 0.34615249817885974
decision_type=10 10 10 10 2 2 2 2 2
left_child=1 2 3 4 6 -6 7 8 -1
right_child=-2 -3 -4 -5 5 -7 -8 -9 -10
leaf_value=4.1862735583136477 -2.951538956642151 3.6904407023028898 -3.2043618069541071 -2.7449074476957325 4.9171242217628333 -1.4136520026989705 -2.1597156294408788 -0.72471148629080173 -0.84008480050347067
leaf_weight=144 100 132 124 116 147 106 197 154 110
leaf_count=144 100 132 124 116 147 106 197 154 110
internal_value=0 0.258295 -0.154313 0.233989 0.63673 2.2647 -0.0440587 0.977472 2.0095
internal_weight=0 1230 1098 974 858 253 605 408 254
internal_count=1330 1230 1098 974 858 253 605 408 254
is_linear=0
shrinkage=0.05


Tree=412
num_leaves=10
num_cat=0
split_feature=3 11 12 7 1 15 7 5 12
split_gain=320484 412084 348514 616582 449027 372269 611965 913787 396535
threshold=0.74211498803244247 1860.6670000000001 6005.8556250000011 0.26723885280282117 43.463011449272408 3.7329969108021919 0.41315138530344325 4.5000000000000009 4425.3225000000011
decision_type=2 10 10 2 2 2 2 2 8
left_child=1 -1 5 -4 -5 -3 8 -8 -7
right_child=-2 2 3 4 -6 6 7 -9 -10
leaf_value=-2.3973280157571959 2.5241508604875253 -1.7397423623867756 -4.0028058873604886 2.8106656420121503 -1.7708066863105412 1.1414986620567464 2.0029804608602633 -3.9759494914276767 4.8708931846926546
leaf_weight=162 134 106 113 109 105 135 174 101 151
leaf_count=162 134 106 113 109 105 135 174 101 151
internal_value=0 -0.0589223 0.322186 -1.01495 0.562747 0.977724 1.49119 -0.192917 3.11051
internal_weight=0 1156 994 327 214 667 561 275 286
internal_count=1290 1156 994 327 214 667 561 275 286
is_linear=0
shrinkage=0.05


Tree=413
num_leaves=10
num_cat=0
split_feature=11 11 7 5 5 7 11 16 7
split_gain=264820 486691 418236 1.31946e+06 1.14878e+06 698256 674377 272713 181528
threshold=9589.8430000000026 7711.1350000000011 0.35982910634771909 4.5000000000000009 3.5000000000000004 0.50674059605289978 5868.9698750000016 0.73755014390327933 0.069447254871579406
decision_type=8 10 2 2 2 2 10 2 2
left_child=1 2 4 5 6 -4 8 -2 -1
right_child=7 -3 3 -5 -6 -7 -8 -9 -10
leaf_value=-0.50332148011773825 -3.407922782048141 3.1336100627838728 -1.7983294736089246 -4.8865076465933939 4.3821550402062881 2.7238140976742695 -3.9944288240160262 0.23980352053275478 2.308699274930087
leaf_weight=120 101 142 155 153 169 190 105 104 110
leaf_count=120 101 142 155 153 169 190 105 104 110
internal_value=0 0.394098 0.00586373 -1.02179 1.02128 0.692126 -0.674199 -1.55737 0.841558
internal_weight=0 1144 1002 498 504 345 335 205 230
internal_count=1349 1144 1002 498 504 345 335 205 230
is_linear=0
shrinkage=0.05


Tree=414
num_leaves=12
num_cat=0
split_feature=16 5 11 0 16 16 13 0 5 7 14
split_gain=272461 500049 628046 432949 488340 412488 666593 364555 364195 283648 173478
threshold=1.3020232578813451 3.5000000000000004 5120.9475000000011 6.1675264748697112 0.88290773521796628 1.5479909102021316 5365.2527046130963 5.0157932459912669 5.5000000000000009 0.18037553283415778 601.47675000000015
decision_type=2 2 10 2 2 2 10 2 2 2 10
left_child=1 3 8 4 7 -2 -7 9 -3 -1 -4
right_child=5 2 10 -5 -6 6 -8 -9 -10 -11 -12
leaf_value=-1.7275140232839945 -3.767979141244711 1.4952089962959292 5.0165314831733703 -3.1285489990161017 2.478705010541848 2.4526118863087434 -3.0489626292998975 -3.5090468463099125 -2.5530957567691805 2.0197523524265479 2.0858526197134277
leaf_weight=101 121 125 100 143 140 117 104 103 100 101 102
leaf_count=101 121 125 100 143 140 117 104 103 100 101 102
internal_value=0 0.210564 1.51288 -0.735169 0.0339392 -1.42123 -0.136364 -1.08825 -0.304038 0.146119 3.53668
internal_weight=0 1015 427 588 445 342 221 305 225 202 202
internal_count=1357 1015 427 588 445 342 221 305 225 202 202
is_linear=0
shrinkage=0.05


Tree=415
num_leaves=11
num_cat=0
split_feature=12 15 1 4 16 16 12 12 15 10
split_gain=272246 235998 360570 382007 327442 611066 551685 486168 370354 231603
threshold=8312.1225000000013 3.2525183073862949 20.665838879643783 20.500000000000004 1.3687354846595781 1.7600787856563433 3576.5320000000006 2972.1767500000005 6.0871781622606722 2278.2195000000006
decision_type=10 2 2 2 2 2 10 8 2 2
left_child=1 9 -3 4 6 -6 7 -4 -8 -1
right_child=-2 2 3 -5 5 -7 8 -9 -10 -11
leaf_value=-0.071124407935601028 -2.8726218901058238 2.3110226166556065 -0.81850709542063349 2.398725311509494 3.5328462207639539 -1.8281109295639337 -1.7640697478262848 -5.1180121624164965 2.0066707481729225 -3.4412047368884089
leaf_weight=104 101 161 131 116 111 102 121 132 141 100
leaf_count=104 101 161 131 116 111 102 121 132 141 100
internal_value=0 -0.171309 0.140583 -0.268599 -0.687853 0.965627 -1.35869 -2.97643 0.265222 -1.72312
internal_weight=0 1219 1015 854 738 213 525 263 262 204
internal_count=1320 1219 1015 854 738 213 525 263 262 204
is_linear=0
shrinkage=0.05


Tree=416
num_leaves=9
num_cat=0
split_feature=13 11 13 5 16 14 7 10
split_gain=307973 534513 277995 857137 484159 384935 444923 332284
threshold=4760.9137745535727 4928.6376250000012 5469.2313831845249 2.5000000000000004 0.33723927948350391 -402.90250000000009 0.39349618893804073 7502.0387500000006
decision_type=8 8 8 2 2 10 2 2
left_child=1 -1 3 -2 -4 -6 -7 -8
right_child=2 -3 4 -5 5 6 7 -9
leaf_value=0.26888377545924674 4.8553452538417989 -4.0276663435287166 2.3153808423955193 -0.54929847976435786 -2.8290651725206764 -1.8345385603647864 3.4883258525489107 -0.42485288130034005
leaf_weight=178 122 122 152 184 173 181 108 109
leaf_count=178 122 122 152 184 173 181 108 109
internal_value=0 -1.47838 0.342244 1.60549 -0.192409 -0.859982 -0.0040735 1.52272
internal_weight=0 300 1029 306 723 571 398 217
internal_count=1329 300 1029 306 723 571 398 217
is_linear=0
shrinkage=0.05


Tree=417
num_leaves=10
num_cat=0
split_feature=7 7 14 11 5 7 8 16 5
split_gain=211909 224017 698206 440114 683978 623672 385951 313116 266125
threshold=-0.22381698191942981 0.31715296652162867 527.25900000000013 7711.1350000000011 4.5000000000000009 0.55334358773528314 0.98394544888404878 1.0092064762031761 1.5000000000000002
decision_type=2 2 10 10 2 2 2 2 2
left_child=-1 2 6 4 5 8 -2 -4 -3
right_child=1 3 7 -5 -6 -7 -8 -9 -10
leaf_value=-2.0855318377513696 5.1003688283686373 -2.9166430006666886 -2.8059414151259978 2.3725460558664055 -3.6126439291641028 2.8834127562446197 1.3274481616200919 0.9551315556395622 0.22094477764765422
leaf_weight=101 106 123 117 128 163 143 188 105 150
leaf_count=101 106 123 117 128 163 143 188 105 150
internal_value=0 0.297417 1.08952 -0.280696 -0.867251 0.208468 2.68775 -1.02706 -1.19269
internal_weight=0 1223 516 707 579 416 294 222 273
internal_count=1324 1223 516 707 579 416 294 222 273
is_linear=0
shrinkage=0.05


Tree=418
num_leaves=10
num_cat=0
split_feature=13 7 13 8 11 11 11 8 14
split_gain=322738 732882 462767 349640 242417 669807 478146 832104 240879
threshold=4724.1026607142858 0.1947225628853968 4910.2443452380967 0.94734267998499688 8377.5663750000022 6149.4768750000012 3294.7815000000005 0.89406515360395356 394.08750000000049
decision_type=8 2 10 2 10 10 10 2 10
left_child=1 -1 3 -2 5 6 -4 -8 -7
right_child=2 -3 4 -5 -6 8 7 -9 -10
leaf_value=-4.2979381172270594 0.69344479150271843 0.8066738732972708 1.9057638251479123 4.6713493788461076 -1.850728627250475 4.5991105931997298 -3.9226357813986987 1.0560970765125903 1.1859016833182807
leaf_weight=118 112 174 138 109 136 100 179 158 107
leaf_count=118 112 174 138 109 136 100 179 158 107
internal_value=0 -1.25615 0.625268 2.6554 0.0767853 0.461158 -0.573249 -1.58839 2.83479
internal_weight=0 292 1039 221 818 682 475 337 207
internal_count=1331 292 1039 221 818 682 475 337 207
is_linear=0
shrinkage=0.05


Tree=419
num_leaves=10
num_cat=0
split_feature=14 12 14 15 13 5 7 8 11
split_gain=409792 401962 515623 915776 526537 482776 566635 363800 313011
threshold=-429.63075000000021 4605.6617500000002 1269.8450000000005 7.1606174506339535 5332.7113891369054 3.5000000000000004 0.20871847207075275 0.86632064599742575 7083.7040000000006
decision_type=8 10 10 2 8 2 2 2 8
left_child=-1 5 3 4 -3 7 -7 -2 -9
right_child=1 2 -4 -5 -6 6 -8 8 -10
leaf_value=-2.1688695951439869 2.6704485373795035 0.73152599934290152 -3.7698026002037759 4.2852731437359042 -3.3987316493417179 5.6793183796243234 0.89872794289823998 -2.358965272111381 1.225616872947193
leaf_weight=174 100 169 102 103 142 110 142 149 103
leaf_count=174 100 169 102 103 142 110 142 149 103
internal_value=0 0.439298 -0.585521 0.199012 -1.15432 1.3148 2.98549 0.118743 -0.893838
internal_weight=0 1120 516 414 311 604 252 352 252
internal_count=1294 1120 516 414 311 604 252 352 252
is_linear=0
shrinkage=0.05


Tree=420
num_leaves=11
num_cat=0
split_feature=13 4 10 15 11 10 12 10 16 12
split_gain=219893 386575 193275 442143 317856 944130 265090 490433 439696 218035
threshold=3808.4850163690476 12.500000000000002 2701.2275000000004 3.6209162582924965 3896.4395000000004 5777.1615000000011 4605.6617500000002 6507.9031250000007 0.86048327054927742 6801.9046250000001
decision_type=10 2 2 2 10 2 8 2 2 10
left_child=1 -1 -2 -4 5 -5 7 -6 -8 -10
right_child=2 -3 3 4 6 -7 8 -9 9 -11
leaf_value=-3.0970382266157257 2.5164990559003311 0.992839075146981 -2.7794832411739563 5.5501388154051332 -0.75981488654799501 -0.69573858895696195 1.0308217882428852 3.5697912522026751 -4.0524059378206729 -0.80507961522753002
leaf_weight=127 103 106 108 111 141 133 175 122 100 107
leaf_count=127 103 106 108 111 141 133 175 122 100 107
internal_value=0 -1.23641 0.454489 0.241463 0.608462 2.14562 0.0269618 1.2486 -0.814111 -2.37384
internal_weight=0 233 1100 997 889 244 645 263 382 207
internal_count=1333 233 1100 997 889 244 645 263 382 207
is_linear=0
shrinkage=0.05


Tree=421
num_leaves=11
num_cat=0
split_feature=1 1 14 11 14 3 1 5 12 14
split_gain=195423 236842 854732 715355 253164 396666 385664 294831 216328 132766
threshold=58.155938713934169 39.458363824207446 499.81450000000046 4400.7466250000007 448.07687500000026 0.73808854755898101 31.632437233024245 3.5000000000000004 5989.2871250000007 -771.53750000000002
decision_type=2 2 10 8 10 2 2 2 8 10
left_child=1 4 3 -3 5 6 8 -6 -1 -10
right_child=-2 2 -4 -5 7 -7 -8 -9 9 -11
leaf_value=0.75935960581053552 -1.9341227015256881 0.32920707570444241 -2.0354565236965816 6.2949994978904726 -0.40228780612030768 1.7344090683503195 -4.321912819589719 2.7418757211777471 -0.54979506052366578 -3.1134963379047886
leaf_weight=134 125 101 120 100 187 111 101 124 101 101
leaf_count=134 125 101 120 100 187 111 101 124 101 101
internal_value=0 0.144939 1.30372 3.29726 -0.288088 -0.93473 -1.6127 0.851334 -0.798328 -1.83165
internal_weight=0 1180 321 201 859 548 437 311 336 202
internal_count=1305 1180 321 201 859 548 437 311 336 202
is_linear=0
shrinkage=0.05


Tree=422
num_leaves=10
num_cat=0
split_feature=14 5 13 4 13 8 11 5 13
split_gain=342120 239333 554360 346481 356129 501601 696018 283838 118713
threshold=-429.63075000000021 1.0000000180025095e-35 4594.8602090773811 2.5000000000000004 5181.2097916666671 0.98729079773101336 3343.8312500000006 2.5000000000000004 4947.8894270833343
decision_type=8 2 8 2 8 2 10 2 10
left_child=-1 -2 -3 -4 8 6 -6 -8 -5
right_child=1 2 3 4 5 -7 7 -9 -10
leaf_value=-2.1360298506166568 -1.6607980190553975 3.1852881149221695 -2.7788485137582981 -0.19977217229824623 5.3888062263434797 -1.7234584221025793 -1.3626510673706687 1.9373867601524166 -2.5833048075999856
leaf_weight=189 155 156 103 103 106 123 109 162 106
leaf_count=189 155 156 103 103 106 123 109 162 106
internal_value=0 0.16332 0.455405 -0.0690548 0.324611 1.04911 1.95369 0.610065 -1.40865
internal_weight=0 1123 968 812 709 500 377 271 209
internal_count=1312 1123 968 812 709 500 377 271 209
is_linear=0
shrinkage=0.05


Tree=423
num_leaves=9
num_cat=0
split_feature=12 7 5 11 14 5 7 11
split_gain=403812 1.14323e+06 446641 375784 345525 422577 696395 148026
threshold=1171.4996250000002 0.30771799597985372 5.5000000000000009 3484.9258750000004 915.25175000000002 1.5000000000000002 0.21900470262519689 7609.636125
decision_type=10 2 2 10 10 2 2 10
left_child=1 -1 3 -2 5 -5 -7 -6
right_child=2 -3 -4 4 7 6 -8 -9
leaf_value=1.1068090628392948 1.986162985141358 -5.1320256481568016 2.9291863027112242 0.65409069703724576 -0.30322340782237267 0.44126716011860334 -4.4463821114097515 2.2235727655912649
leaf_weight=161 178 135 145 167 113 122 181 119
leaf_count=161 178 135 145 167 113 122 181 119
internal_value=0 -1.73861 0.357934 -0.0657381 -0.586021 -1.36538 -2.47842 0.992849
internal_weight=0 296 1025 880 702 470 303 232
internal_count=1321 296 1025 880 702 470 303 232
is_linear=0
shrinkage=0.05


Tree=424
num_leaves=9
num_cat=0
split_feature=4 0 7 5 12 7 15 8
split_gain=281240 668001 616883 719869 532023 660172 654979 276553
threshold=13.500000000000002 7.2815878810103252 0.28911242237189688 3.5000000000000004 1171.4996250000002 0.573036617530577 6.4917422297785352 0.94734267998499688
decision_type=2 2 2 2 10 2 2 2
left_child=4 2 3 -2 -1 6 7 -6
right_child=1 -3 -4 -5 5 -7 -8 -9
leaf_value=-2.8669642056096656 -1.9523704591883373 -2.2520770022465335 4.188520079851151 3.4318806665915029 1.3916543351105997 -3.2593299915573817 4.5466501068610414 -1.3282449803065735
leaf_weight=181 146 124 176 108 191 110 104 183
leaf_count=181 146 124 176 108 191 110 104 183
internal_value=0 0.981081 1.91343 0.336996 -0.496564 0.233099 1.0368 0.0607945
internal_weight=0 554 430 254 769 588 478 374
internal_count=1323 554 430 254 769 588 478 374
is_linear=0
shrinkage=0.05


Tree=425
num_leaves=10
num_cat=0
split_feature=13 15 3 11 11 3 13 10 8
split_gain=306427 430729 502095 439822 341619 311405 353162 342705 219884
threshold=6970.2785245535724 6.6397348068140163 0.71728126171082629 2673.2261250000006 5147.9050000000016 0.46741392184506253 5071.9340029761916 3832.7250000000008 0.93662069115390512
decision_type=10 2 2 8 10 2 10 2 2
left_child=1 3 4 -1 -3 -5 7 -7 -8
right_child=-2 2 -4 5 -6 6 8 -9 -10
leaf_value=-3.2053498691203552 -1.7141593680316427 5.3528873717343366 -0.67202819644427692 2.8922054033279423 1.5610674023628235 0.20853285268733376 2.6695240735562882 -3.0066781046641928 -0.21679416711513816
leaf_weight=102 179 108 122 100 132 190 134 147 130
leaf_count=102 179 108 122 100 132 190 134 147 130
internal_value=0 0.507839 1.93974 -0.137674 3.26739 0.308692 -0.121177 -1.19395 1.24823
internal_weight=0 1165 362 803 240 701 601 337 264
internal_count=1344 1165 362 803 240 701 601 337 264
is_linear=0
shrinkage=0.05


Tree=426
num_leaves=9
num_cat=0
split_feature=11 4 10 0 7 14 3 12
split_gain=278023 351504 552823 656456 588219 415684 442156 322368
threshold=8113.5491250000005 4.5000000000000009 5758.8316250000016 6.8319901434587917 0.46725434279237926 737.58000000000004 0.70647690515167538 4564.6135000000004
decision_type=10 2 2 2 2 8 2 10
left_child=1 7 4 -4 5 6 -3 -1
right_child=-2 2 3 -5 -6 -7 -8 -9
leaf_value=2.9916598584647036 1.7465888815266746 -1.9969009624587166 -4.9791270726256904 -0.46639152797844896 3.3179144663145039 -2.495007407956539 2.0540789059254045 -0.64911608866282877
leaf_weight=133 182 108 144 183 115 188 179 112
leaf_count=133 182 108 144 183 115 188 179 112
internal_value=0 -0.355112 -0.804613 -2.45365 0.109345 -0.667466 0.529668 1.32731
internal_weight=0 1162 917 327 590 475 287 245
internal_count=1344 1162 917 327 590 475 287 245
is_linear=0
shrinkage=0.05


Tree=427
num_leaves=10
num_cat=0
split_feature=7 13 10 13 15 14 7 5 13
split_gain=248979 506140 322504 284064 393815 290652 288649 511689 352631
threshold=0.10577286572386595 4724.1026607142858 3416.5141250000001 6965.8672224702395 8.563980009112024 -771.53750000000002 0.43243186848979137 2.5000000000000004 5083.5082946428583
decision_type=2 10 2 10 2 10 2 2 10
left_child=1 -1 -3 4 5 -2 7 -7 -8
right_child=3 2 -4 -5 -6 6 8 -9 -10
leaf_value=-3.5466077285276043 2.3714849987755655 2.1361268891228571 -1.4205733036782062 -1.6398915742358118 3.6595262998459384 1.0722235200731527 2.6942951170523672 -3.6287885177967163 -0.7423232410739109
leaf_weight=139 138 117 140 146 102 105 137 129 164
leaf_count=139 138 117 140 146 102 105 137 129 164
internal_value=0 -1.11599 0.198625 0.383235 0.764366 0.325575 -0.202155 -1.51936 0.821852
internal_weight=0 396 257 921 775 673 535 234 301
internal_count=1317 396 257 921 775 673 535 234 301
is_linear=0
shrinkage=0.05


Tree=428
num_leaves=10
num_cat=0
split_feature=12 15 10 3 13 14 11 13 3
split_gain=193099 207437 395206 403980 439492 364103 356698 244548 228756
threshold=7920.0148750000008 2.9451056216732794 5141.3960000000006 0.65169855779463914 5365.2527046130963 292.0562500000006 6939.0162500000015 5599.2846904761909 0.71397731184781044
decision_type=10 2 2 2 8 8 10 8 2
left_child=1 -1 5 6 -5 -3 7 -4 -7
right_child=-2 2 3 4 -6 8 -8 -9 -10
leaf_value=-1.7418270874880031 1.9013469151760405 3.0345095677915235 0.93150326691824825 -4.7217750645151328 -0.50099315521044607 1.565582297497806 2.7197180719220122 -2.322214071854301 -1.4124446571342588
leaf_weight=167 133 179 116 102 156 131 115 115 127
leaf_count=167 133 179 116 102 156 131 115 115 127
internal_value=0 -0.105965 0.156464 -0.6722 -2.16967 1.3018 0.444414 -0.688313 0.0996543
internal_weight=0 1208 1041 604 258 437 346 231 258
internal_count=1341 1208 1041 604 258 437 346 231 258
is_linear=0
shrinkage=0.05


Tree=429
num_leaves=10
num_cat=0
split_feature=11 0 15 11 15 4 11 10 0
split_gain=250662 315624 442590 423829 386671 372209 333974 251079 303049
threshold=2471.5736250000004 6.7430868086808688 5.9424386883132767 5504.8525000000009 8.618952172995078 9.5000000000000018 4568.880000000001 3487.4688750000005 5.3820562611816749
decision_type=8 2 2 10 2 2 10 2 2
left_child=-1 2 5 -4 -3 7 -7 -2 -9
right_child=1 4 3 -5 -6 6 -8 8 -10
leaf_value=2.3992367110581236 2.7478625064373019 -2.762675990812919 4.5365187462236056 0.49822260754571546 1.0631660259432263 -3.2532813965832745 0.44896552675479173 -1.2813211724162104 2.1921805568260724
leaf_weight=145 125 170 122 139 108 135 111 166 101
leaf_count=145 125 170 122 139 108 135 111 166 101
internal_value=0 0.196016 0.651328 2.38586 -1.27638 -0.0582509 -1.58276 0.898453 0.0326252
internal_weight=0 1177 899 261 278 638 246 392 267
internal_count=1322 1177 899 261 278 638 246 392 267
is_linear=0
shrinkage=0.05


Tree=430
num_leaves=10
num_cat=0
split_feature=10 11 13 10 0 12 14 13 4
split_gain=359955 349996 614920 397026 353333 313398 559152 632038 503715
threshold=1901.3547500000002 3165.6062500000003 5296.0675505952386 3060.8093750000003 4.7720647064706485 3500.2175000000002 1017.8320000000004 6640.0596130952381 16.500000000000004
decision_type=2 10 8 2 2 8 10 10 2
left_child=-1 2 -2 -3 -5 -6 7 8 -7
right_child=1 3 -4 4 5 6 -8 -9 -10
leaf_value=2.8847488666176799 -3.9163974546617077 3.2438870103359223 0.45663931206716396 -2.3683166035523651 -1.3690235899792194 6.2639492446521547 -1.6379088652667715 -0.73686732740725502 1.3779210481189548
leaf_weight=100 155 100 167 141 181 106 134 118 105
leaf_count=100 155 100 167 141 181 106 134 118 105
internal_value=0 -0.23686 -1.64839 0.276715 -0.101268 0.395088 1.08473 2.19365 3.83251
internal_weight=0 1207 322 885 785 644 463 329 211
internal_count=1307 1207 322 885 785 644 463 329 211
is_linear=0
shrinkage=0.05


Tree=431
num_leaves=11
num_cat=0
split_feature=14 5 12 14 8 10 10 11 14 5
split_gain=351053 260373 389817 1.16858e+06 428776 363857 346186 308895 660086 309354
threshold=-771.53750000000002 5.5000000000000009 8026.7225000000008 223.68625000000023 0.99477902233899684 7856.3701250000004 3687.0222500000004 3484.9258750000004 1017.8320000000004 1.5000000000000002
decision_type=8 2 8 10 2 2 2 10 10 2
left_child=-1 2 4 6 5 7 -4 -2 9 -9
right_child=1 -3 3 -5 -6 -7 -8 8 -10 -11
leaf_value=3.2008926697805822 2.4104190228506925 2.0143430272738141 1.0531528047930736 5.2740294647734558 -3.6836870833679485 -2.8992622664215371 -3.056680071803898 0.22370606108948038 2.559890843100018 -3.2529307109155479
leaf_weight=102 128 162 104 118 108 109 101 108 126 157
leaf_count=102 128 162 104 118 108 109 101 108 126 157
internal_value=0 0.14753 -0.138044 1.31003 -0.773543 -0.273073 -0.971692 0.278478 -0.419447 -1.83604
internal_weight=0 1221 1059 323 736 628 205 519 391 265
internal_count=1323 1221 1059 323 736 628 205 519 391 265
is_linear=0
shrinkage=0.05


Tree=432
num_leaves=10
num_cat=0
split_feature=14 10 13 0 3 0 3 0 0
split_gain=377635 378050 362790 316653 307494 378049 433595 270193 244032
threshold=964.03387500000019 5574.2093750000013 6438.9044062500006 6.1002100210021011 0.52484460939152955 5.0006431198675436 0.64058307198457864 6.4541995866253306 4.6087386516429438
decision_type=8 2 10 2 2 2 2 2 2
left_child=2 8 4 -4 -1 -6 -7 -8 -2
right_child=1 -3 3 -5 5 6 7 -9 -10
leaf_value=-2.0875178937565897 1.6601172477842494 3.1808293958091074 -0.55947646050453181 -4.1184254580497743 -1.3043014666093655 3.8923667232869037 2.023888528459477 -1.4077788042068482 -1.6051052584880736
leaf_weight=155 107 144 125 125 199 118 106 125 123
leaf_count=155 107 144 125 125 199 118 106 125 123
internal_value=0 1.17178 -0.703043 -2.33895 -0.121283 0.43486 1.42653 0.166926 -0.086067
internal_weight=0 374 953 250 703 548 349 231 230
internal_count=1327 374 953 250 703 548 349 231 230
is_linear=0
shrinkage=0.05


Tree=433
num_leaves=11
num_cat=0
split_feature=14 8 14 16 16 3 12 14 13 14
split_gain=418771 610274 330074 353486 417773 374269 379605 325276 290759 222936
threshold=-868.66987499999993 0.87841777489102257 -365.02162500000003 1.0895381204787153 0.86779789090020121 0.71641774141410874 4274.2133750000003 242.34887499999994 5202.2732953869054 762.91849999999943
decision_type=10 2 10 2 2 2 10 8 10 10
left_child=1 -1 -2 4 7 6 -5 -4 -9 -10
right_child=2 -3 3 5 -6 -7 -8 8 9 -11
leaf_value=-1.0333888801336288 -3.1097112340664648 4.2164441610776606 1.5670912096413172 4.4879015926122667 -3.4340649357278838 -1.4236917491312382 0.52648477402387883 -2.908271810830497 1.7357587283200555 -1.4969508489676282
leaf_weight=100 109 124 164 100 131 108 153 139 101 113
leaf_count=100 109 124 164 100 131 108 153 139 101 113
internal_value=0 1.87277 -0.495821 -0.213448 -0.911965 1.0404 2.09226 -0.272903 -1.12774 0.0287672
internal_weight=0 224 1118 1009 648 361 253 517 353 214
internal_count=1342 224 1118 1009 648 361 253 517 353 214
is_linear=0
shrinkage=0.05


Tree=434
num_leaves=11
num_cat=0
split_feature=16 14 5 4 12 3 14 13 13 8
split_gain=174609 463741 1.10132e+06 551777 938146 563491 433433 339136 319263 252964
threshold=0.68824104632685501 136.91737499999957 3.5000000000000004 14.500000000000002 7103.7228750000004 0.70156862838921941 -204.14612500000018 5202.2732953869054 4931.5767633928581 0.90914801149769164
decision_type=2 8 2 2 8 2 8 10 8 2
left_child=6 2 -2 5 -5 9 -1 8 -8 -3
right_child=1 3 -4 4 -6 -7 7 -9 -10 -11
leaf_value=3.7588133677840236 0.71101765997948185 -0.86870127302758837 -6.0192315860986714 -0.53043296532197437 6.1609915990829478 -3.5397581481933593 0.87397073949873461 1.7406430164361613 -3.0467329762876036 2.6441319422669785
leaf_weight=112 155 102 100 110 100 110 100 195 108 103
leaf_count=112 155 102 100 110 100 110 100 195 108 103
internal_value=0 -0.178973 -1.9283 0.670698 2.65596 -0.652811 1.00731 0.242619 -1.16178 0.896283
internal_weight=0 780 255 525 210 315 515 403 208 205
internal_count=1295 780 255 525 210 315 515 403 208 205
is_linear=0
shrinkage=0.05


Tree=435
num_leaves=10
num_cat=0
split_feature=10 10 11 12 10 16 8 0 10
split_gain=204241 431320 328981 1.03611e+06 282821 202013 376618 422835 361791
threshold=6596.6015000000007 5687.9747500000003 4224.8462500000014 4309.4613750000008 5225.0711250000013 1.3020232578813451 0.83431779922254157 5.0885241301907973 2877.4460000000004
decision_type=2 2 8 10 2 2 2 2 2
left_child=1 4 -2 -4 5 6 -1 8 -8
right_child=2 -3 3 -5 -6 -7 7 -9 -10
leaf_value=3.4181954772812184 -3.0935236835088888 2.7849022160470489 3.9641028067813475 -2.3577834351464761 -2.5474967763843015 -1.2679125213641909 -1.053749187707901 -2.6174197704435511 2.4245537631934688
leaf_weight=107 122 160 104 172 100 158 125 107 186
leaf_count=107 122 160 104 172 100 158 125 107 186
internal_value=0 0.419338 -0.931362 0.0243766 -0.0640466 0.299562 0.771298 0.0937427 1.02652
internal_weight=0 943 398 276 783 683 525 418 311
internal_count=1341 943 398 276 783 683 525 418 311
is_linear=0
shrinkage=0.05


Tree=436
num_leaves=10
num_cat=0
split_feature=12 11 14 8 12 11 16 0 12
split_gain=419095 475836 426162 313490 597546 476232 309813 445105 274752
threshold=8858.6746250000015 2471.5736250000004 448.07687500000026 0.98116562570022314 4144.0000000000009 5039.3122500000009 1.4111619495282863 6.5926481537042605 5032.8700000000008
decision_type=8 10 8 2 10 10 2 2 8
left_child=1 -1 -2 4 5 -3 7 -6 -5
right_child=2 3 -4 8 6 -7 -8 -9 -10
leaf_value=3.6715740074129664 -3.5875599518368642 -3.6478040213688558 -0.0012464104471979914 0.21288844027497747 4.147365460889314 0.54367621125596943 -0.57805127232971765 0.24152023911476139 -3.2894968178419939
leaf_weight=102 150 115 185 111 186 165 101 120 113
leaf_count=102 150 115 185 111 186 165 101 120 113
internal_value=0 0.433007 -1.60706 0.0704016 0.600027 -1.17782 1.82312 2.61566 -1.55394
internal_weight=0 1013 335 911 687 280 407 306 224
internal_count=1348 1013 335 911 687 280 407 306 224
is_linear=0
shrinkage=0.05


Tree=437
num_leaves=9
num_cat=0
split_feature=15 13 14 16 7 12 14 12
split_gain=228478 639650 557354 344206 372176 332645 244329 264737
threshold=6.1076816014934847 6463.2768534226198 -216.33687499999971 0.2956490093453788 0.031852830198467741 5754.3072500000007 -429.63075000000021 4385.5825000000013
decision_type=2 10 10 2 2 8 10 10
left_child=3 2 -2 -1 -5 -4 -6 -8
right_child=1 -3 5 4 6 -7 7 -9
leaf_value=-2.303559572805058 5.2274279488099591 -1.2524934032304804 2.7528968122468065 2.3016965221341064 -2.4479366051845064 -0.79718553451391372 1.8531259744063668 -1.1355992495268585
leaf_weight=165 111 199 134 164 117 130 138 160
leaf_count=165 111 199 134 164 117 130 138 160
internal_value=0 1.03877 2.25466 -0.288955 0.285156 1.00475 -0.511742 0.248441
internal_weight=0 574 375 744 579 264 415 298
internal_count=1318 574 375 744 579 264 415 298
is_linear=0
shrinkage=0.05


Tree=438
num_leaves=10
num_cat=0
split_feature=13 13 13 11 10 12 11 13 10
split_gain=289564 663679 236127 282160 415222 575871 428464 345815 130190
threshold=6734.5962790178583 6970.2785245535724 6438.9044062500006 7048.5988750000006 4873.2451250000013 4584.9455000000007 3165.6062500000003 4931.5767633928581 4290.2633750000014
decision_type=10 10 8 10 2 10 10 10 2
left_child=2 -2 3 4 7 6 -6 -1 -4
right_child=1 -3 8 -5 5 -7 -8 -9 -10
leaf_value=0.72745375238070831 4.6781580418643385 -0.47400161196909302 -0.62697970288814897 -1.9191591652956879 -2.2749717516899111 4.3255607781484144 2.342077199259017 -2.4631256945244968 -3.1656896480239265
leaf_weight=181 101 164 101 154 100 129 101 160 101
leaf_count=181 101 164 101 154 100 129 101 160 101
internal_value=0 1.48965 -0.364159 0.0109921 0.453978 1.71833 0.0450379 -0.769592 -1.89633
internal_weight=0 265 1027 825 671 330 201 341 202
internal_count=1292 265 1027 825 671 330 201 341 202
is_linear=0
shrinkage=0.05


Tree=439
num_leaves=11
num_cat=0
split_feature=14 15 7 13 0 0 13 8 11 4
split_gain=457335 428535 344440 294991 460878 421391 260816 440542 239196 192132
threshold=-720.7254999999999 7.65495160627174 0.47510688284350872 6668.0232738095247 4.7193774933048873 5.8538339945105626 4910.2443452380967 0.87992796452812749 6884.7753750000002 9.5000000000000018
decision_type=8 2 2 8 2 2 10 2 10 2
left_child=-1 3 -3 6 -5 -6 7 -2 9 -8
right_child=1 2 -4 4 5 -7 8 -9 -10 -11
leaf_value=3.3934491234457393 2.7921605932946303 0.073049371619509848 3.8701552154587917 3.6412237774110539 -2.5799447298591787 1.8930323843318637 -1.5048224523260787 -1.3207762988408407 0.18366180927145714 -4.2710809874972071
leaf_weight=117 102 117 122 103 110 101 148 180 102 109
leaf_count=117 102 117 122 103 110 101 148 180 102 109
internal_value=0 0.117828 2.01132 -0.356041 0.899517 -0.438851 -0.971088 0.166882 -1.86498 -2.67806
internal_weight=0 1194 239 955 314 211 641 282 359 257
internal_count=1311 1194 239 955 314 211 641 282 359 257
is_linear=0
shrinkage=0.05


Tree=440
num_leaves=10
num_cat=0
split_feature=8 16 11 5 14 0 12 12 15
split_gain=378164 320814 534751 378513 281773 193067 605727 315876 148007
threshold=0.90914801149769164 0.82396711893411545 4240.6452500000005 2.5000000000000004 -771.53750000000002 4.2978172817281743 6005.8556250000011 4052.0387500000006 6.1076816014934847
decision_type=2 2 8 2 10 2 10 10 2
left_child=1 3 -3 -1 -2 -6 7 -7 -4
right_child=4 2 8 -5 5 6 -8 -9 -10
leaf_value=-1.5574100463206952 3.2288163013043611 -4.4189339801913405 -1.583897436197315 2.0221021536498043 -1.1358790544006561 1.0265598547800134 -1.8650581801970174 4.3869129662080253 0.99237872039949571
leaf_weight=130 115 122 112 171 135 192 127 110 111
leaf_count=130 115 122 112 171 135 192 127 110 111
internal_value=0 -0.716774 -1.75754 0.476133 0.973148 0.513216 1.03216 2.25053 -0.301536
internal_weight=0 646 345 301 679 564 429 302 223
internal_count=1325 646 345 301 679 564 429 302 223
is_linear=0
shrinkage=0.05


Tree=441
num_leaves=10
num_cat=1
split_feature=12 11 15 14 15 9 14 13 10
split_gain=268574 508765 476877 359093 450104 374854 351892 428863 179751
threshold=3576.5320000000006 3165.6062500000003 7.479235423542355 1269.8450000000005 7.7536253625362539 0 -571.06599999999969 5438.4689360119055 5557.6150000000007
decision_type=8 8 2 10 2 9 10 10 2
left_child=2 -2 8 4 5 6 -3 -8 -1
right_child=1 3 -4 -5 -6 -7 7 -9 -10
leaf_value=1.1170394281383422 -2.2741025137418958 3.4630025615456748 -4.3170104717264079 -1.9091913799796485 3.9889969364974811 -1.349640703225722 2.1959137464824479 -1.6997343502035649 -1.719559638940015
leaf_weight=122 173 138 101 113 115 173 152 132 103
leaf_count=122 173 138 101 113 115 173 152 132 103
internal_value=0 0.190663 -1.46274 0.708773 1.12543 0.571973 1.35951 0.38526 -0.181493
internal_weight=0 996 326 823 710 595 422 284 225
internal_count=1322 996 326 823 710 595 422 284 225
cat_boundaries=0 1
cat_threshold=3
is_linear=0
shrinkage=0.05


Tree=442
num_leaves=9
num_cat=0
split_feature=7 5 15 13 3 3 11 3
split_gain=227274 782894 240030 405870 415795 711579 501914 191798
threshold=0.02595509350583269 3.5000000000000004 8.2776861019435284 4647.6477619047628 0.70479840528742888 0.56783897809778294 7993.7987500000008 0.5126760599002298
decision_type=2 2 2 8 2 2 8 2
left_child=1 -1 3 -2 5 6 7 -5
right_child=2 -3 -4 4 -6 -7 -8 -9
leaf_value=-1.2713054861083177 1.3841086635399149 3.7832953058756318 1.2550474449814786 -1.0558795875051747 0.654875731848656 -4.8790557874908931 -3.7637306760047 1.7681288034196887
leaf_weight=165 169 143 168 115 188 158 102 126
leaf_count=165 169 143 168 115 188 158 102 126
internal_value=0 1.07547 -0.47325 -0.811658 -1.35024 -2.10266 -0.823739 0.420573
internal_weight=0 308 1026 858 689 501 343 241
internal_count=1334 308 1026 858 689 501 343 241
is_linear=0
shrinkage=0.05


Tree=443
num_leaves=10
num_cat=0
split_feature=0 16 16 4 12 14 10 0 13
split_gain=191626 436310 352613 356502 622441 519421 304105 511177 307497
threshold=6.7430868086808688 0.91040354035403548 0.27360930537498246 14.500000000000002 5154.9900000000007 -571.06599999999969 5717.6577500000012 4.7623345667900141 5296.0675505952386
decision_type=2 2 2 2 10 10 2 2 10
left_child=2 -2 -1 5 -5 -4 7 8 -7
right_child=1 -3 3 4 -6 6 -8 -9 -10
leaf_value=-1.8836419071377937 0.64607489093144732 -3.0692219519329647 -2.8372380251361839 4.3660727567430859 -0.55770759373903278 3.1970059971187426 2.9820535761338696 -2.5475405168394709 -0.59405478107929233
leaf_weight=185 150 167 138 138 120 115 108 129 100
leaf_count=185 150 167 138 138 120 115 108 129 100
internal_value=0 -1.3112 0.0941528 0.525629 2.07594 -0.152304 0.667432 -0.0592515 1.43372
internal_weight=0 317 1033 848 258 590 452 344 215
internal_count=1350 317 1033 848 258 590 452 344 215
is_linear=0
shrinkage=0.05


Tree=444
num_leaves=10
num_cat=0
split_feature=3 15 4 11 11 14 11 15 3
split_gain=189023 254510 496536 418474 717137 955670 619710 340745 375679
threshold=0.46741392184506253 4.636049716082721 5.5000000000000009 5485.9666250000009 4224.8462500000014 16.86012500000027 7461.3461250000009 4.1043798824326885 0.54286215562781404
decision_type=2 2 2 10 10 8 8 2 2
left_child=-1 7 -3 4 5 -4 -5 8 -2
right_child=1 2 3 6 -6 -7 -8 -9 -10
leaf_value=1.8353497382185677 1.4663206111697946 3.0182409868109974 -4.2634718152964224 -3.899690984040499 4.2650731986423711 1.8035374116175102 0.40565186738967896 -3.8992533435915959 -2.2814823856896589
leaf_weight=110 128 128 107 160 106 165 175 101 140
leaf_count=110 128 128 107 160 106 165 175 101 140
internal_value=0 -0.329487 0.150848 -0.363915 0.776428 -0.583117 -1.65063 -1.42424 -0.491487
internal_weight=0 1210 841 713 378 272 335 369 268
internal_count=1320 1210 841 713 378 272 335 369 268
is_linear=0
shrinkage=0.05


Tree=445
num_leaves=11
num_cat=0
split_feature=11 4 0 3 11 8 5 12 5 12
split_gain=363433 392858 362616 278072 220717 400360 1.24961e+06 620552 390294 370262
threshold=1901.4648750000003 17.500000000000004 6.2561381138113807 0.66776681897382795 7393.6912500000008 0.91172304485420863 3.5000000000000004 5298.5196250000008 4.5000000000000009 4782.8036250000014
decision_type=10 2 2 2 10 2 2 10 2 8
left_child=3 4 -3 -1 5 8 7 -7 9 -2
right_child=1 2 -4 -5 -6 6 -8 -9 -10 -11
leaf_value=-4.0878185650677361 2.8964582348976555 0.43192821506297951 -3.0746536210090101 -0.51819187593806926 -1.2324272926977213 -2.1428991935082844 6.2450305620500863 2.9559618649001305 -2.9205710747838021 -1.1264481653601437
leaf_weight=103 111 132 167 116 139 140 121 104 100 118
leaf_count=103 111 132 167 116 139 140 121 104 100 118
internal_value=0 0.0281199 -1.5266 -2.19706 0.586176 0.95042 2.09058 0.0303858 -0.314502 0.82352
internal_weight=0 1132 299 219 833 694 365 244 329 229
internal_count=1351 1132 299 219 833 694 365 244 329 229
is_linear=0
shrinkage=0.05


Tree=446
num_leaves=11
num_cat=0
split_feature=12 10 12 11 0 10 0 10 0 13
split_gain=198943 222135 348621 577505 400324 261946 191309 325274 330316 230086
threshold=8026.7225000000008 7924.3781250000011 6801.9046250000001 4224.8462500000014 6.6844073296218527 3714.2328750000006 3.8842912068984683 5225.0711250000013 6.0186338078252275 5162.8877604166673
decision_type=10 2 8 10 2 2 2 2 2 10
left_child=1 2 4 5 6 -4 -1 9 -9 -8
right_child=-2 -3 3 -5 -6 -7 7 8 -10 -11
leaf_value=-1.905471405157676 1.7672134948127411 -2.0926912735733723 -1.2430947662184115 -4.2777163020047277 2.9267218576057963 2.0518951703608037 0.16940338526666165 1.0282456113462863 -2.8132176067851007 3.4904466185001057
leaf_weight=104 136 144 152 110 152 100 100 115 109 109
leaf_count=104 136 144 152 110 152 100 100 115 109 109
internal_value=0 -0.251011 0.00132213 -1.255 0.661392 0.0644409 0.0201816 0.482694 -0.841038 1.90143
internal_weight=0 1195 1051 362 689 252 537 433 224 209
internal_count=1331 1195 1051 362 689 252 537 433 224 209
is_linear=0
shrinkage=0.05


Tree=447
num_leaves=10
num_cat=0
split_feature=10 1 13 12 12 8 15 14 13
split_gain=351095 306761 434688 377567 365924 344055 794484 531727 388436
threshold=8318.8691250000029 12.317703893959781 3425.8359880952389 6801.9046250000001 7920.0148750000008 0.87246776526987591 6.4596154059850441 72.766624999999536 5746.8981250000006
decision_type=2 2 10 8 10 2 2 10 10
left_child=1 -1 -3 5 -5 6 -4 -7 -9
right_child=-2 2 3 4 -6 7 -8 8 -10
leaf_value=-1.7408956862852247 -2.7287564639691957 3.3331905363798144 2.022855367457622 -3.0672278230693064 0.80826349086486382 4.6959577075861123 -3.8144632855870508 -1.1098890062023259 2.3962162301181609
leaf_weight=167 108 125 124 147 104 108 110 159 157
leaf_count=167 108 125 124 147 104 108 110 159 157
internal_value=0 0.247491 0.568632 0.188468 -1.46145 0.817842 -0.721183 1.66721 0.632068
internal_weight=0 1201 1034 909 251 658 234 424 316
internal_count=1309 1201 1034 909 251 658 234 424 316
is_linear=0
shrinkage=0.05


Tree=448
num_leaves=9
num_cat=0
split_feature=16 11 7 4 12 11 11 7
split_gain=289791 325572 253011 340356 512126 592555 356496 184095
threshold=1.7311870075896483 1171.4996250000002 0.60407348211480139 18.500000000000004 5088.5527500000007 3831.6700000000005 5467.5017500000013 0.41616009634130829
decision_type=2 10 2 2 8 10 10 2
left_child=1 -1 3 4 5 -3 -6 -7
right_child=-2 2 -4 -5 6 7 -8 -9
leaf_value=-2.2239711142364582 -2.395391293695778 1.9028391561435383 2.5594399651655788 -1.8702638620108218 0.48623434123854159 -1.0671933687839876 3.8083412436728779 -3.8617314269909495
leaf_weight=157 157 131 104 199 189 136 141 104
leaf_count=157 157 131 104 199 189 136 141 104
internal_value=0 -0.106612 0.224489 -0.0453273 0.472736 -0.80185 1.90568 -2.27816
internal_weight=0 1161 1004 900 701 371 330 240
internal_count=1318 1161 1004 900 701 371 330 240
is_linear=0
shrinkage=0.05


Tree=449
num_leaves=10
num_cat=0
split_feature=4 14 7 3 4 12 14 16 16
split_gain=203727 320959 362930 534014 323455 588030 777369 300784 224273
threshold=1.5000000000000002 -429.63075000000021 0.5270847033853906 0.60255403250312944 11.500000000000002 5154.9900000000007 473.45962500000002 0.60159488171039366 1.0455031614272545
decision_type=2 8 2 2 2 10 10 2 2
left_child=-1 -2 4 -4 7 6 -6 -3 -9
right_child=1 2 3 -5 5 -7 -8 8 -10
leaf_value=-2.1167242636551729 -1.8458403382260924 2.6456160740680006 -0.10196380279280924 4.9333953313013117 -1.760336007791407 -3.2021915313498726 3.7505261284925724 -1.6840883462593474 1.5216877156090969
leaf_weight=111 177 166 110 101 153 174 110 116 103
leaf_count=111 177 166 110 101 153 174 110 116 103
internal_value=0 0.121438 0.458523 2.30833 -0.0163054 -0.947265 0.544587 1.04039 -0.176349
internal_weight=0 1210 1033 211 822 437 263 385 219
internal_count=1321 1210 1033 211 822 437 263 385 219
is_linear=0
shrinkage=0.05


Tree=450
num_leaves=10
num_cat=0
split_feature=14 3 6 16 12 0 7 3 12
split_gain=393542 566326 369187 667158 520645 491015 367110 579132 465021
threshold=448.07687500000026 0.72358710485629973 1.0000000180025095e-35 0.87928237268171239 8902.1287500000017 6.0298849329377395 0.02595509350583269 0.61932960075916388 6659.2087500000007
decision_type=8 2 2 2 8 2 2 2 8
left_child=2 6 4 -4 5 -1 -2 8 -8
right_child=1 -3 3 -5 -6 -7 7 -9 -10
leaf_value=-0.38598828458601669 4.7651281268447638 -1.3529246545309976 0.3310170089123679 -5.1780865410566328 -2.7924513988635122 3.4233547358512881 1.947230273360139 3.9629665233719518 -2.245786104163503
leaf_weight=194 100 161 122 100 102 150 143 142 123
leaf_count=194 100 161 122 100 102 150 143 142 123
internal_value=0 1.23117 -0.484481 -2.15056 0.344824 1.27506 2.05015 1.38471 0.00835428
internal_weight=0 669 668 222 446 344 508 408 266
internal_count=1337 669 668 222 446 344 508 408 266
is_linear=0
shrinkage=0.05


Tree=451
num_leaves=11
num_cat=0
split_feature=8 12 12 16 6 10 11 14 7 12
split_gain=418040 697315 781911 418937 529125 440873 532730 408386 304768 490855
threshold=0.97847079604404563 8462.6425000000017 5046.2402500000007 0.86048327054927742 1.0000000180025095e-35 3687.0222500000004 6939.0162500000015 265.89874999999989 0.53236199803033146 4089.0537500000005
decision_type=2 8 10 2 2 2 10 8 2 10
left_child=3 2 -2 5 8 -1 7 -7 9 -5
right_child=1 -3 -4 4 -6 6 -8 -9 -10 -11
leaf_value=3.4289700815348123 3.1115019489995772 4.7717675670864077 -2.4512984286737804 -3.5209015837498008 -3.997512306086719 0.6561588788436632 2.8866306021099999 -3.5400383111677671 1.9385814544897189 0.93029761007055645
leaf_weight=123 122 127 131 120 128 118 105 114 110 128
leaf_count=123 122 127 131 120 128 118 105 114 110 128
internal_value=0 1.74868 0.231159 -0.214742 -1.23841 0.866787 -0.0683721 -1.40577 -0.251917 -1.22351
internal_weight=0 380 253 946 486 460 337 232 358 248
internal_count=1326 380 253 946 486 460 337 232 358 248
is_linear=0
shrinkage=0.05


Tree=452
num_leaves=10
num_cat=0
split_feature=16 8 5 3 4 14 16 13 3
split_gain=345856 614441 872625 530890 358025 365312 310076 564919 105180
threshold=1.3020232578813451 0.82702876702490424 5.5000000000000009 0.71280471904125808 11.500000000000002 335.57862500000061 1.5479909102021316 5267.8024561011907 0.58571343073852578
decision_type=2 2 2 2 2 10 2 10 2
left_child=1 8 3 4 5 -3 -2 -8 -1
right_child=6 2 -4 -5 -6 -7 7 -9 -10
leaf_value=1.6110670800209048 -3.5171351659104104 0.84230572903642864 3.6633802599377105 1.1609713819223582 -3.8310289042751964 -2.707254147362876 1.9304218636949859 -3.1580075867176056 3.8768553178083334
leaf_weight=100 123 147 117 194 164 143 120 100 105
leaf_count=100 123 147 117 194 164 143 120 100 105
internal_value=0 0.340632 -0.310802 -1.02836 -1.96389 -0.907994 -1.50658 -0.382501 2.77159
internal_weight=0 970 765 648 454 290 343 220 205
internal_count=1313 970 765 648 454 290 343 220 205
is_linear=0
shrinkage=0.05


Tree=453
num_leaves=9
num_cat=0
split_feature=16 16 11 15 13 13 14 5
split_gain=218540 343034 316881 274970 262682 444576 235729 547202
threshold=0.95779716860574882 0.65663927503861486 3498.4912500000005 5.4133496683001647 5267.8024561011907 6830.154145833335 801.179125 3.5000000000000004
decision_type=2 2 8 2 8 8 8 2
left_child=1 6 -2 -3 -4 -6 7 -1
right_child=2 3 4 -5 5 -7 -8 -9
leaf_value=-1.1926752215310148 -3.1891082343236312 3.9816863350911973 1.2933842961554944 0.56449805954471233 -3.0030022601785795 1.0556880212599233 -1.6863131819051855 2.8396534678162331
leaf_weight=190 107 109 184 128 148 124 170 151
leaf_count=190 107 109 184 128 148 124 170 151
internal_value=0 0.563858 -0.740304 2.13612 -0.165694 -1.15272 -0.16535 0.592901
internal_weight=0 748 563 237 456 272 511 341
internal_count=1311 748 563 237 456 272 511 341
is_linear=0
shrinkage=0.05


Tree=454
num_leaves=10
num_cat=0
split_feature=13 13 14 12 15 11 10 11 3
split_gain=317460 289264 269973 545030 469341 455324 402409 880024 537492
threshold=7888.0297842261916 7031.7957492559535 1269.8450000000005 5384.4587500000007 7.1606174506339535 5198.880000000001 5632.1317500000014 4400.7466250000007 0.60528756605176615
decision_type=8 10 10 10 2 10 2 10 2
left_child=1 2 3 6 5 -5 7 -1 -8
right_child=-2 -3 -4 4 -6 -7 8 -9 -10
leaf_value=3.0894720455620188 -1.9511762250575329 2.7903084995654917 -2.2164849978034238 -1.7895499047553429 4.6918732205640925 2.5040544687068627 0.068085943895673004 -2.130460114106536 -4.6487341897241006
leaf_weight=163 186 104 119 107 103 146 126 160 116
leaf_count=163 186 104 119 107 103 146 126 160 116
internal_value=0 0.276083 0.0246609 0.314233 1.84655 0.688182 -0.651264 0.503747 -2.19287
internal_weight=0 1144 1040 921 356 253 565 323 242
internal_count=1330 1144 1040 921 356 253 565 323 242
is_linear=0
shrinkage=0.05


Tree=455
num_leaves=10
num_cat=0
split_feature=14 7 7 12 12 5 7 12 12
split_gain=251383 429330 316594 461851 363528 409070 592612 842994 546747
threshold=-429.63075000000021 0.31715296652162867 0.52260299747206151 5323.2556250000007 9246.2960000000021 3.5000000000000004 0.1947225628853968 4502.1175000000012 5154.9900000000007
decision_type=10 2 2 8 8 2 2 10 10
left_child=1 -1 4 -4 5 6 -2 -8 -7
right_child=2 -3 3 -5 -6 8 7 -9 -10
leaf_value=0.63053915147568773 -1.7222257634535194 -2.9659741352227602 4.494238775372505 0.038575906274344429 2.388585428533883 -0.099948011636734016 -1.0621171310257453 5.2593067414292669 -4.9014525291022908
leaf_weight=157 187 176 100 139 116 130 104 107 109
leaf_count=157 187 176 100 139 116 130 104 107 109
internal_value=0 -1.27032 0.317379 1.90287 -0.185852 -0.654666 0.32721 2.14353 -2.28976
internal_weight=0 333 992 239 753 637 398 211 239
internal_count=1325 333 992 239 753 637 398 211 239
is_linear=0
shrinkage=0.05


Tree=456
num_leaves=10
num_cat=0
split_feature=4 7 7 11 16 11 13 12 0
split_gain=296358 239348 779786 551192 467593 696681 860146 332896 294656
threshold=20.500000000000004 0.47510688284350872 0.573036617530577 7048.5988750000006 0.35645508995344005 3404.8228750000003 5132.1188556547631 3672.9137500000002 4.8649601071218243
decision_type=2 2 2 10 2 10 10 10 2
left_child=1 3 7 4 -1 8 -7 -3 -6
right_child=-2 2 -4 -5 5 6 -8 -9 -10
leaf_value=2.3148334792791267 2.0348493152681519 0.85244685346537308 -1.6274457249811718 -3.4806838846617731 -1.1805738905101146 3.3959954170172644 -2.0722984344892796 4.8638468548374361 -4.9812714118768682
leaf_weight=156 170 101 175 145 103 149 139 106 101
leaf_count=156 170 101 175 145 103 149 139 106 101
internal_value=0 -0.198704 0.829481 -0.693996 -0.0704316 -0.826735 0.756784 2.90659 -3.06229
internal_weight=0 1175 382 793 648 492 288 207 204
internal_count=1345 1175 382 793 648 492 288 207 204
is_linear=0
shrinkage=0.05


Tree=457
num_leaves=10
num_cat=0
split_feature=16 16 14 11 5 4 4 4 14
split_gain=319797 461189 428212 826443 898369 497824 322161 227596 105590
threshold=0.54449889433387721 0.36859935993599452 1239.0306250000006 6565.8356250000006 2.5000000000000004 15.500000000000002 11.500000000000002 12.500000000000002 265.89874999999989
decision_type=2 2 10 8 2 2 2 2 10
left_child=1 6 3 4 8 -5 -1 -6 -2
right_child=2 -3 -4 5 7 -7 -8 -9 -10
leaf_value=1.8077676029269953 3.3450499283903428 -3.2587093529524283 -1.7874584680557253 1.6394206437849463 -0.64226113835035203 6.121221790231508 -1.436250857568123 -3.678526696360227 1.2541141002305918
leaf_weight=166 131 128 125 133 154 116 142 103 112
leaf_count=166 131 128 125 133 154 116 142 103 112
internal_value=0 -0.736177 0.921668 1.37379 0.201732 3.72733 0.312149 -1.85913 2.38133
internal_weight=0 436 874 749 500 249 308 257 243
internal_count=1310 436 874 749 500 249 308 257 243
is_linear=0
shrinkage=0.05


Tree=458
num_leaves=11
num_cat=0
split_feature=7 0 14 0 10 13 4 11 15 15
split_gain=271450 267493 596750 286308 302615 715911 329281 331594 257818 221950
threshold=0.61931421996532721 6.8206945694569479 176.37475000000009 6.0072146103499247 4612.8626250000007 6062.9620312500019 10.500000000000002 5020.9005000000006 4.9510006556211188 6.9098715427098281
decision_type=2 2 10 2 2 10 2 8 2 2
left_child=1 3 -3 4 6 -6 7 -1 -8 -5
right_child=-2 2 -4 9 5 -7 8 -9 -10 -11
leaf_value=-0.46757434779991869 1.8992082714041076 0.75966505682146224 -4.0831539842506386 -0.1515456977954581 -4.4012937621937862 0.99832705543768174 -2.8226612624904468 3.2580538929018203 0.47435395579252931 2.951687976447019
leaf_weight=122 120 111 149 121 144 107 126 117 112 110
leaf_count=122 120 111 149 121 144 107 126 117 112 110
internal_value=0 -0.593161 -2.01564 -0.207504 -0.694155 -2.09946 0.0453261 1.35627 -1.27112 1.32618
internal_weight=0 1219 260 959 728 251 477 239 238 231
internal_count=1339 1219 260 959 728 251 477 239 238 231
is_linear=0
shrinkage=0.05


Tree=459
num_leaves=10
num_cat=0
split_feature=15 10 3 0 7 11 12 4 12
split_gain=296736 466441 603679 295996 648747 597984 559570 523184 445214
threshold=2.8826160393817166 4025.8915000000006 0.72226034985445786 6.1313145203409247 0.49165724376999459 5262.7250000000013 6984.4762500000006 13.500000000000002 4584.9455000000007
decision_type=2 2 2 2 2 10 8 2 10
left_child=-1 2 -2 6 5 -5 8 -6 -3
right_child=1 3 -4 4 7 -7 -8 -9 -10
leaf_value=-2.0441567943646359 4.6620727369862216 -1.6137092071212829 -0.045967470514063802 5.1901210578036645 -3.8488961968157032 0.13438817992690921 -3.8914966909762692 0.80490735299395821 2.5644255157911555
leaf_weight=156 124 160 151 107 108 129 136 137 106
leaf_count=156 124 160 151 107 108 129 136 137 106
internal_value=0 0.278773 2.07693 -0.281243 0.555656 2.42661 -1.28261 -1.24657 0.0512618
internal_weight=0 1158 275 883 481 236 402 245 266
internal_count=1314 1158 275 883 481 236 402 245 266
is_linear=0
shrinkage=0.05


Tree=460
num_leaves=11
num_cat=0
split_feature=10 12 12 14 15 4 16 14 12 0
split_gain=369898 234604 306150 369725 339657 378926 230347 313563 197296 218802
threshold=5225.0711250000013 2584.7607500000008 3396.2362500000004 1070.7481250000003 6.1298588192152561 17.500000000000004 1.3020232578813451 -868.66987499999993 4625.6637500000006 4.5459684857374638
decision_type=2 8 10 10 2 2 2 10 8 2
left_child=6 -2 -3 4 -4 -6 7 -1 -9 -10
right_child=1 2 3 -5 5 -7 -8 8 9 -11
leaf_value=3.2948341900916924 1.1825160591107495 -3.6694194553227266 -2.3189602493682755 -3.4219316168012579 2.9721679872082127 -1.0788875043392181 -0.98852188053230439 2.2015374650125916 0.8441456906951782 -2.1232548866048453
leaf_weight=133 106 116 107 102 124 108 156 115 164 100
leaf_count=133 106 116 107 102 124 108 156 115 164 100
internal_value=0 -0.973518 -1.38382 -0.782623 0.0115051 1.08633 0.693555 1.20606 0.473064 -0.27987
internal_weight=0 663 557 441 339 232 668 512 379 264
internal_count=1331 663 557 441 339 232 668 512 379 264
is_linear=0
shrinkage=0.05


Tree=461
num_leaves=11
num_cat=0
split_feature=0 14 14 14 0 11 10 13 7 16
split_gain=137737 385268 337642 275558 265570 228377 354150 403423 196896 131687
threshold=6.7430868086808688 -112.80199999999989 -184.00262500000005 -898.29912499999989 5.8352585258525869 4092.9800000000005 3627.9993750000008 5166.851205357144 0.5270847033853906 0.87483748374837467
decision_type=2 10 10 10 2 10 2 10 2 2
left_child=2 -2 3 -1 5 -4 -7 -8 -3 -6
right_child=1 8 4 -5 9 6 7 -9 -10 -11
leaf_value=0.49783308825322559 1.9370023822784426 -3.1724920295675596 2.1145248819287725 -2.3659305329428242 1.3801388375829944 1.9944339966042002 0.7432953072066355 -3.7256470907737715 -0.17655346818489603 3.8916874193482927
leaf_weight=196 100 120 154 147 101 114 101 101 101 108
leaf_count=196 100 120 154 147 101 114 101 101 101 108
internal_value=0 -0.638102 0.549183 -0.729494 1.19511 0.535712 -0.233709 -1.49118 -1.80331 2.67797
internal_weight=0 321 1022 343 679 470 316 202 221 209
internal_count=1343 321 1022 343 679 470 316 202 221 209
is_linear=0
shrinkage=0.05


Tree=462
num_leaves=11
num_cat=0
split_feature=3 11 12 12 11 8 15 4 11 12
split_gain=241209 236593 352019 481909 373376 303148 221326 314006 419089 213801
threshold=0.58385194694120723 2153.2641250000006 7367.3225000000011 5856.0325000000012 5039.3122500000009 0.96057519254651946 6.1076816014934847 4.5000000000000009 5779.5482500000007 3913.7600000000002
decision_type=2 10 8 10 10 2 2 2 8 10
left_child=6 -2 3 4 -3 -6 7 9 -9 -1
right_child=1 2 -4 -5 5 -7 -8 8 -10 -11
leaf_value=0.62742472887039191 1.2115820250389251 -2.5792598380300102 1.0741460575419628 -4.7400920137465006 -1.3101387641301343 2.5542862228827903 2.9440928816795351 -0.46461336269217024 3.7494117737826658 -2.3910665132593913
leaf_weight=113 154 167 157 100 102 101 100 118 118 122
leaf_count=113 154 167 157 100 102 101 100 118 118 122
internal_value=0 -0.544395 -0.975687 -1.66042 -0.828075 0.612555 0.807713 0.35413 1.6424 -0.939622
internal_weight=0 781 627 470 370 203 571 471 236 235
internal_count=1352 781 627 470 370 203 571 471 236 235
is_linear=0
shrinkage=0.05


Tree=463
num_leaves=10
num_cat=0
split_feature=16 7 12 4 0 0 13 8 14
split_gain=261281 340677 265042 437835 558222 439942 374049 331393 495970
threshold=1.7600787856563433 0.59574739893695183 6873.0156250000009 5.5000000000000009 5.4664619239701757 6.9813731373137324 6724.7786071428582 0.92946223143241891 801.179125
decision_type=2 2 10 2 2 2 10 2 8
left_child=1 2 3 4 -1 6 7 -5 -9
right_child=-2 -3 -4 5 -6 -7 -8 8 -10
leaf_value=-0.9929053436964751 -2.2125850622829817 2.5063386491691797 1.6077986244569744 0.32201759264487584 4.1332698708713647 -4.0549853223020378 1.9465527453629869 -0.41976784392670319 -4.7890196988312139
leaf_weight=112 136 131 171 194 101 110 115 143 119
leaf_count=112 136 131 171 194 101 110 115 143 119
internal_value=0 0.10023 -0.195733 -0.540703 1.43782 -1.15954 -0.601743 -1.24441 -2.40428
internal_weight=0 1196 1065 894 213 681 571 456 262
internal_count=1332 1196 1065 894 213 681 571 456 262
is_linear=0
shrinkage=0.05


Tree=464
num_leaves=10
num_cat=0
split_feature=4 7 12 16 16 13 13 13 14
split_gain=173455 209979 257777 446692 278361 234568 219097 434487 372970
threshold=21.500000000000004 -0.19564328777165305 5088.5527500000007 0.82396711893411545 1.2152618039581748 6143.7569166666681 5638.7290669642871 5047.1090840773822 448.07687500000026
decision_type=2 2 8 2 2 10 10 8 10
left_child=1 -1 3 5 -5 -3 7 -4 -8
right_child=-2 2 6 4 -6 -7 8 -9 -10
leaf_value=-2.2802661633805226 1.8271091782294953 -0.76254836025238038 -0.28632687485996805 -4.4110822418928146 -0.98683458075265418 2.4599874104110939 -2.7106622095461246 3.0346268976651705 1.3984861956233472
leaf_weight=114 111 125 199 100 146 103 108 195 113
leaf_count=114 111 125 199 100 146 103 108 195 113
internal_value=0 -0.238592 -0.0248625 -0.90111 -2.37881 0.693246 0.650489 1.35729 -0.609604
internal_weight=0 1203 1089 474 246 228 615 394 221
internal_count=1314 1203 1089 474 246 228 615 394 221
is_linear=0
shrinkage=0.05


Tree=465
num_leaves=10
num_cat=0
split_feature=16 12 8 12 12 0 16 15 0
split_gain=254924 431595 263871 849085 320817 428365 479095 260158 777687
threshold=1.4897031369803651 3692.3112500000002 0.82702876702490424 3282.6075000000005 2673.2261250000006 6.6609549843873284 0.901297074151859 5.2526738784989613 4.4825038059361502
decision_type=2 10 2 10 8 2 2 2 2
left_child=2 -2 3 -1 -4 6 7 8 -6
right_child=1 -3 4 -5 5 -7 -8 -9 -10
leaf_value=-1.481261209145333 1.0543830321830454 -3.1605972733449295 2.3235255149031473 4.6838147382267188 0.51135633088446952 -2.8795030927999994 2.1425932933187966 0.87525778559670941 -5.114738966283344
leaf_weight=103 103 148 121 122 148 146 199 138 105
leaf_count=103 103 148 121 122 148 146 199 138 105
internal_value=0 -1.43094 0.337698 1.86158 -0.0623875 -0.454637 0.145415 -0.871052 -1.82358
internal_weight=0 251 1082 225 857 736 590 391 253
internal_count=1333 251 1082 225 857 736 590 391 253
is_linear=0
shrinkage=0.05


Tree=466
num_leaves=10
num_cat=0
split_feature=16 4 12 3 12 14 8 14 14
split_gain=199461 348381 563793 802232 455082 335537 311680 215090 403248
threshold=0.19766143280994755 13.500000000000002 5154.9900000000007 0.70156862838921941 5088.5527500000007 892.56262500000105 0.93239925805207879 -553.73987499999987 242.34887499999994
decision_type=2 2 10 2 10 8 2 10 10
left_child=-1 4 5 -4 7 -3 -6 -2 -9
right_child=1 2 3 -5 6 -7 -8 8 -10
leaf_value=1.7863447362776868 -3.3702661218434358 1.0436294343177375 -3.3770529348761951 2.4819414418877912 -0.77533344014124439 4.70914291108648 3.0425151329774125 0.92067536861207844 -2.6068682162455339
leaf_weight=161 137 154 135 103 110 105 104 148 179
leaf_count=161 137 154 135 103 110 105 104 148 179
internal_value=0 -0.0902504 0.915325 -0.841438 -0.827376 2.52965 1.08007 -1.7071 -1.0103
internal_weight=0 1175 497 238 678 259 214 464 327
internal_count=1336 1175 497 238 678 259 214 464 327
is_linear=0
shrinkage=0.05


Tree=467
num_leaves=11
num_cat=0
split_feature=10 13 13 4 13 11 3 5 3 14
split_gain=209285 234468 212233 326620 750024 523404 206321 181642 144851 107568
threshold=7650.0631250000015 7031.7957492559535 6438.9044062500006 14.500000000000002 5083.5082946428583 1461.8552500000003 0.56783897809778294 3.5000000000000004 0.49594117615145267 292.0562500000006
decision_type=2 10 10 2 8 10 2 2 2 10
left_child=1 2 3 5 -5 -1 8 -2 -7 -8
right_child=7 -3 -4 4 -6 6 9 -9 -10 -11
leaf_value=-2.8851617850656588 0.28677239150836548 2.8135489402530354 -1.469248410983794 -0.41544123989304693 4.6585069690891308 0.53479867065415798 0.75962859176491437 -2.5626814814629379 3.1497681289637853 -1.4530491298099735
leaf_weight=127 116 107 138 153 139 103 114 108 109 106
leaf_count=127 116 107 138 153 139 103 114 108 109 106
internal_value=0 0.590175 0.349627 0.64458 1.9999 -0.0633848 0.766165 -1.08707 1.87929 -0.30648
internal_weight=0 1096 989 851 292 559 432 224 212 220
internal_count=1320 1096 989 851 292 559 432 224 212 220
is_linear=0
shrinkage=0.05


Tree=468
num_leaves=10
num_cat=0
split_feature=10 13 10 12 4 13 7 13 12
split_gain=207044 352419 211121 310891 299456 457718 944798 420144 308023
threshold=2013.4711250000003 8239.1171354166672 3416.5141250000001 7070.5512500000013 5.5000000000000009 5181.2097916666671 0.24478811635914763 6558.8215498511909 3913.7600000000002
decision_type=2 8 2 10 2 10 2 10 10
left_child=-1 2 -2 4 8 6 -6 -7 -4
right_child=1 -3 3 -5 5 7 -8 -9 -10
leaf_value=2.2421283406286854 1.7211277872405866 -2.9215233790992512 3.7907128005105761 -1.965403270621829 1.307043775131828 3.1879433044433596 -5.0113803129855219 -0.54449524446537623 0.031159634740502984
leaf_weight=103 182 101 107 187 114 125 123 190 111
leaf_count=103 182 101 107 187 114 125 123 190 111
internal_value=0 -0.0908484 0.16016 -0.136702 0.307412 -0.312243 -1.97214 0.936631 1.87644
internal_weight=0 1240 1139 957 770 552 237 315 218
internal_count=1343 1240 1139 957 770 552 237 315 218
is_linear=0
shrinkage=0.05


Tree=469
num_leaves=10
num_cat=0
split_feature=16 16 0 16 12 14 14 5 3
split_gain=230105 354342 372230 228484 687092 226913 374844 222376 193072
threshold=1.3020232578813451 0.65663927503861486 4.7720647064706485 1.470033114422554 3692.3112500000002 801.179125 429.93450000000013 2.5000000000000004 0.66776681897382795
decision_type=2 2 2 2 10 8 10 2 2
left_child=1 5 -3 -2 -5 6 8 -4 -1
right_child=3 2 7 4 -6 -7 -8 -9 -10
leaf_value=-1.9884119267741296 -3.1027021569780788 3.4462426078931387 -1.253592865920264 2.88791617993081 -2.4836435456728116 -2.0409231833885051 2.8039283095598222 1.515167592638764 0.8467557811853933
leaf_weight=146 101 151 121 101 145 163 100 181 102
leaf_count=146 101 151 121 101 145 163 100 181 102
internal_value=0 0.401169 1.4193 -1.10035 -0.278247 -0.501403 0.219695 0.40583 -0.822335
internal_weight=0 964 453 347 246 511 348 302 248
internal_count=1311 964 453 347 246 511 348 302 248
is_linear=0
shrinkage=0.05


Tree=470
num_leaves=10
num_cat=0
split_feature=13 13 4 5 8 13 13 11 11
split_gain=261087 409076 478836 1.1153e+06 977016 347682 376535 302469 282740
threshold=5946.3511607142864 7384.4301934523819 14.500000000000002 3.5000000000000004 0.9041920413145953 5560.4712291666674 5047.1090840773822 6149.4768750000012 3271.0261250000003
decision_type=8 10 2 2 2 10 10 8 10
left_child=5 2 3 -2 -4 6 7 8 -1
right_child=1 -3 4 -5 -6 -7 -8 -9 -10
leaf_value=-1.6749024726861828 2.6680483803868631 -2.0551240917479641 6.8248597078323376 -3.5916197293946723 -0.11339696987161359 -3.1234320925016488 1.8164009088015818 -3.2737446403934385 1.2073828205298842
leaf_weight=163 177 101 100 119 103 112 182 102 178
leaf_count=163 177 101 100 119 103 112 182 102 178
internal_value=0 0.846801 1.43416 0.151493 3.30446 -0.558014 -0.0982911 -0.884914 -0.170366
internal_weight=0 600 499 296 203 737 625 443 341
internal_count=1337 600 499 296 203 737 625 443 341
is_linear=0
shrinkage=0.05


Tree=471
num_leaves=10
num_cat=0
split_feature=4 7 7 13 15 4 7 13 13
split_gain=165710 186367 402160 312660 787851 545781 399338 296169 108442
threshold=20.500000000000004 0.573036617530577 0.52035970222858474 5108.068815476191 5.5765326532653274 10.500000000000002 0.34615249817885974 6019.169925595239 4789.3825000000006
decision_type=2 2 2 8 2 2 2 10 10
left_child=1 2 3 4 8 6 -5 -7 -1
right_child=-2 -3 -4 5 -6 7 -8 -9 -10
leaf_value=-2.0895877106675824 1.7587405174698045 -1.4377671205862004 3.3341309642791752 2.5893411881335968 3.7386719078384338 -4.2187919038729591 -1.3402856459051877 -0.82566336691379549 0.21612395307805277
leaf_weight=103 164 176 100 143 160 122 118 136 101
leaf_count=103 164 176 100 143 160 122 118 136 101
internal_value=0 0.0606504 0.328933 -0.0114069 1.11206 -0.799346 0.812728 -2.43017 -0.948034
internal_weight=0 1159 983 883 364 519 261 258 204
internal_count=1323 1159 983 883 364 519 261 258 204
is_linear=0
shrinkage=0.05


Tree=472
num_leaves=9
num_cat=0
split_feature=13 10 13 3 14 11 13 11
split_gain=229212 297243 391062 406080 327706 295549 358181 234999
threshold=7888.0297842261916 5326.8267500000011 6024.8598586309536 0.73284656262280568 448.07687500000026 4224.8462500000014 5714.9520163690477 6654.7398750000011
decision_type=8 2 10 2 8 10 10 10
left_child=1 2 3 4 -1 -3 -7 -8
right_child=-2 5 -4 -5 -6 6 7 -9
leaf_value=-0.19002877338645385 -1.9342468027996294 -2.3340897683093424 3.621504327661802 -2.5281473492041675 3.0693449407001028 -1.8276807117771794 -0.41039906970241619 2.6941448554282879
leaf_weight=194 165 190 107 101 128 154 114 131
leaf_count=194 165 190 107 101 128 154 114 131
internal_value=0 0.0619984 0.921073 0.237985 1.10562 -0.711023 0.0618663 1.24958
internal_weight=0 1119 530 423 322 589 399 245
internal_count=1284 1119 530 423 322 589 399 245
is_linear=0
shrinkage=0.05


Tree=473
num_leaves=10
num_cat=0
split_feature=14 13 15 10 11 15 10 15 10
split_gain=241604 299960 368313 532799 455717 364636 270789 232601 287345
threshold=964.03387500000019 6438.9044062500006 6.1076816014934847 4770.9222500000005 4978.982500000001 6.3535242413130213 5609.1810000000014 3.7559269815870482 2620.7030000000004
decision_type=10 10 2 2 10 2 2 2 2
left_child=1 2 3 7 -4 -3 -2 8 -1
right_child=6 5 4 -5 -6 -7 -8 -9 -10
leaf_value=0.74560934115539901 -0.59737755759014632 -0.070590356851028185 3.0976374617272833 -3.4851090421490643 -0.77547844580241621 -3.9611717414080609 2.6849799114039969 1.7333742237091068 -2.7145532443306664
leaf_weight=132 114 118 166 141 140 123 140 140 110
leaf_count=132 114 118 166 141 140 123 140 140 110
internal_value=0 -0.503571 -0.0521925 -0.858333 1.32562 -2.05624 1.2118 0.111236 -0.827192
internal_weight=0 1070 829 523 306 241 254 382 242
internal_count=1324 1070 829 523 306 241 254 382 242
is_linear=0
shrinkage=0.05


Tree=474
num_leaves=11
num_cat=0
split_feature=3 13 0 11 14 15 11 14 11 0
split_gain=267537 243525 235499 535860 842942 420716 421931 281055 228510 238876
threshold=0.46254828123750336 4216.0512321428578 6.1002100210021011 4224.8462500000014 125.20200000000001 6.0125734795701797 7768.8608750000012 964.03387500000019 5504.8525000000009 4.412573201764622
decision_type=2 8 2 8 10 2 8 10 10 2
left_child=-1 -2 5 -4 -5 6 8 -6 9 -3
right_child=1 2 3 4 7 -7 -8 -9 -10 -11
leaf_value=2.4782998666609868 -1.9553526872747087 -1.6087197443433838 -3.607598062812305 4.1102877338528634 -2.9803069824264163 3.2295405850265966 -2.130563774430438 0.46207868228001259 2.9816272798606329 1.7729958032057664
leaf_weight=101 170 102 122 100 126 132 152 112 105 107
leaf_count=101 170 102 122 100 126 132 152 112 105 107
internal_value=0 -0.198802 0.083442 -0.767096 0.258174 0.737702 0.031859 -1.36036 1.07864 0.122589
internal_weight=0 1228 1058 460 338 598 466 238 314 209
internal_count=1329 1228 1058 460 338 598 466 238 314 209
is_linear=0
shrinkage=0.05


Tree=475
num_leaves=10
num_cat=0
split_feature=13 13 13 15 0 0 12 13 13
split_gain=288083 350242 434024 283232 392195 388300 343932 376231 296256
threshold=6965.8672224702395 6734.5962790178583 6348.9505342261918 6.7247127490526841 5.3366989476725468 7.1617203387005377 4890.243625000001 3506.1352425595242 5079.3613028273821
decision_type=10 10 10 2 2 2 10 10 10
left_child=1 2 3 4 6 -5 7 -1 -8
right_child=-2 -3 -4 5 -6 -7 8 -9 -10
leaf_value=1.2885744396310588 -1.7482336257234476 3.2522286950951753 -2.930028059202082 3.3440968840785281 -2.0476842733224236 -0.51622483887762394 0.35444087741466673 -2.2555921029506458 4.1375889052465125
leaf_weight=156 173 101 102 169 180 106 104 144 103
leaf_count=156 173 101 102 169 180 106 104 144 103
internal_value=0 0.438376 0.171271 0.500099 -0.0427035 1.85612 0.669124 -0.412626 2.23688
internal_weight=0 1165 1064 962 687 275 507 300 207
internal_count=1338 1165 1064 962 687 275 507 300 207
is_linear=0
shrinkage=0.05


Tree=476
num_leaves=9
num_cat=0
split_feature=12 14 14 7 0 12 4 7
split_gain=241494 519818 285199 448940 240299 183173 263861 365312
threshold=1293.6387500000003 470.48974999999933 -553.73987499999987 0.47285874389596799 6.9813731373137324 3349.5581250000005 16.500000000000004 0.0580715325578074
decision_type=10 8 10 2 2 10 2 2
left_child=1 -1 -2 5 -5 -4 7 -7
right_child=2 -3 3 4 -6 6 -8 -9
leaf_value=-3.9781396157813798 2.43141856293812 0.18283397586181249 0.4877436177573935 2.3943708211753538 -0.3412828467108987 -2.8778793802337042 -3.3948722377736518 0.59781307111341497
leaf_weight=132 107 174 137 183 143 126 141 189
leaf_count=132 107 174 137 183 143 126 141 189
internal_value=0 -1.6121 -0.0116511 -0.2961 1.19438 -1.11548 -1.59716 -0.792464
internal_weight=0 306 1026 919 326 593 456 315
internal_count=1332 306 1026 919 326 593 456 315
is_linear=0
shrinkage=0.05


Tree=477
num_leaves=10
num_cat=0
split_feature=4 3 11 13 12 13 3 13 0
split_gain=296389 287353 361194 511097 365448 402500 522678 336451 341743
threshold=21.500000000000004 0.46741392184506253 7393.6912500000008 6614.0354598214299 1243.7531250000002 6463.2768534226198 0.72601187415602098 5202.2732953869054 5.8120798190930207
decision_type=2 2 8 8 10 10 2 10 2
left_child=1 -1 4 -4 -3 6 7 8 -6
right_child=-2 2 3 -5 5 -7 -8 -9 -10
leaf_value=2.3182958013325368 2.5868524718115915 -2.163993386131652 -4.6155148158926478 -0.35222422953205879 3.2903676964488682 -1.3749840983040427 -1.4923373897035583 4.2598520319667648 -0.60278875543957666
leaf_weight=106 106 141 109 198 102 181 119 139 126
leaf_count=106 106 141 109 198 102 181 119 139 126
internal_value=0 -0.169443 -0.405946 -1.8659 0.148765 0.637669 1.38724 2.32094 1.13889
internal_weight=0 1221 1115 307 808 667 486 367 228
internal_count=1327 1221 1115 307 808 667 486 367 228
is_linear=0
shrinkage=0.05


Tree=478
num_leaves=10
num_cat=0
split_feature=8 7 12 3 12 11 11 7 13
split_gain=217693 260596 444111 661253 324596 391707 497862 426791 466609
threshold=0.75300874312020383 0.47285874389596799 3349.5581250000005 0.64058307198457864 2800.1475000000005 6683.4167500000012 2945.4400000000005 -0.045706137092372874 5104.3257462797619
decision_type=2 2 8 2 8 10 8 2 8
left_child=-1 4 -3 -4 -2 6 -6 -8 -9
right_child=1 2 3 -5 5 -7 7 8 -10
leaf_value=-2.1851782947001253 2.2360874276350038 -1.5226651380720893 0.40657385195556445 5.381564732083997 -3.2274471022969204 -2.8348056346346429 -1.9924413855768677 3.8376434472908501 -0.012837042557406548
leaf_weight=115 101 114 190 103 105 177 117 131 197
leaf_count=115 101 114 190 103 105 177 117 131 197
internal_value=0 0.0892756 1.12522 2.15546 -0.419941 -0.788935 -0.130537 0.600195 1.52501
internal_weight=0 1235 407 293 828 727 550 445 328
internal_count=1350 1235 407 293 828 727 550 445 328
is_linear=0
shrinkage=0.05


Tree=479
num_leaves=9
num_cat=1
split_feature=13 9 10 13 15 5 4 13
split_gain=312955 331220 352810 315183 512675 307401 587967 443510
threshold=4858.4337797619055 0 5093.2242500000002 5181.2097916666671 5.0741226900467833 1.5000000000000002 5.5000000000000009 6589.8850959821439
decision_type=10 9 2 10 2 2 2 10
left_child=1 2 -1 4 -2 -5 -7 -8
right_child=3 -3 -4 5 -6 6 7 -9
leaf_value=3.0837085739814025 -0.075772984899007356 -1.3183647363321156 -0.11462774179875851 -2.0265115732420758 -5.0898304293155672 -2.8364242537966318 3.1389021339019143 -0.44428454010175122
leaf_weight=187 104 131 160 179 100 106 180 166
leaf_count=187 104 131 160 179 100 106 180 166
internal_value=0 0.779129 1.5639 -0.825172 -2.53364 -0.272829 0.42166 1.4198
internal_weight=0 478 347 835 204 631 452 346
internal_count=1313 478 347 835 204 631 452 346
cat_boundaries=0 1
cat_threshold=67
is_linear=0
shrinkage=0.05


Tree=480
num_leaves=10
num_cat=0
split_feature=14 0 14 5 12 4 15 4 0
split_gain=283775 193986 367465 577838 312410 413404 583596 215424 188803
threshold=-1542.6836249999994 3.3700800635619119 -322.82487499999996 1.0000000180025095e-35 5323.2556250000007 16.500000000000004 5.6747716438310505 18.500000000000004 5.624272149437167
decision_type=10 2 10 2 10 2 2 2 2
left_child=-1 -2 -3 -4 5 6 -5 8 -6
right_child=1 2 3 4 7 -7 -8 -9 -10
leaf_value=-1.9789852263883223 -1.7701945457818373 2.6323694387832322 -3.3946159572252692 2.6216171675026021 -1.2908791245909426 4.0296054364833154 -1.6292101071588698 -2.5456460633277893 1.5268992545083167
leaf_weight=160 106 166 106 163 111 113 160 100 128
leaf_count=160 106 166 106 163 111 113 160 100 128
internal_value=0 0.268074 0.474432 0.0678286 0.541402 1.42659 0.515944 -0.597077 0.218224
internal_weight=0 1153 1047 881 775 436 323 339 239
internal_count=1313 1153 1047 881 775 436 323 339 239
is_linear=0
shrinkage=0.05


Tree=481
num_leaves=10
num_cat=0
split_feature=14 12 11 11 12 13 11 10 3
split_gain=390093 148298 269954 297000 268388 256239 245108 444311 244552
threshold=-1719.8325000000002 8133.3738750000011 4092.9800000000005 3165.6062500000003 7070.5512500000013 4884.1589776785722 6852.170000000001 5225.0711250000013 0.67949392497888728
decision_type=10 10 10 10 8 10 10 2 2
left_child=-1 2 3 8 5 -4 7 -7 -2
right_child=1 -3 4 -5 -6 6 -8 -9 -10
leaf_value=-2.2432768759419841 -1.6376995787901039 2.025400973198026 2.080929013480985 3.1088107865330179 -2.6145927608013153 0.39353177362634234 0.84480707078210782 -3.964424461404854 1.6010320878642448
leaf_weight=155 102 129 123 141 112 129 186 107 136
leaf_count=155 102 129 123 141 112 129 186 107 136
internal_value=0 0.42673 0.227667 1.29034 -0.385348 0.0727717 -0.512544 -1.58232 0.213004
internal_weight=0 1165 1036 379 657 545 422 236 238
internal_count=1320 1165 1036 379 657 545 422 236 238
is_linear=0
shrinkage=0.05


Tree=482
num_leaves=10
num_cat=0
split_feature=4 13 13 4 10 12 8 15 4
split_gain=351497 648648 436296 339714 325407 538394 299933 510241 350816
threshold=15.500000000000002 4666.4050074404777 7888.0297842261916 18.500000000000004 3020.5996250000003 6984.4762500000006 0.91049964949710194 5.1317617872898413 6.5000000000000009
decision_type=2 10 8 2 2 8 2 2 2
left_child=2 -2 4 -3 -1 6 8 -8 -6
right_child=1 3 -4 -5 5 -7 7 -9 -10
leaf_value=1.4680297814403316 3.7545464222319427 1.6830786270421485 -3.833486498609699 -1.7401018724757797 0.60429443514462822 -4.4214729857444768 -1.6174945583321012 3.1248413279408318 -3.2459779570214184
leaf_weight=159 128 115 116 196 103 100 106 122 139
leaf_count=159 128 115 116 196 103 100 106 122 139
internal_value=0 0.758715 -0.985311 -0.474296 -0.532103 -1.09003 -0.381218 0.920071 -1.60723
internal_weight=0 439 845 311 729 570 470 228 242
internal_count=1284 439 845 311 729 570 470 228 242
is_linear=0
shrinkage=0.05


Tree=483
num_leaves=11
num_cat=0
split_feature=4 4 13 11 7 0 0 8 11 0
split_gain=245639 130608 519572 364450 386982 395099 340677 302672 344040 192490
threshold=1.5000000000000002 14.500000000000002 3993.7879761904774 1461.8552500000003 0.573036617530577 5.8453164760920542 4.9316292740385164 0.88114418652073301 7083.7040000000006 4.0179490171239358
decision_type=2 2 10 10 2 2 2 2 10 2
left_child=-1 3 -3 -2 5 6 9 -4 -9 -5
right_child=1 2 7 4 -6 -7 -8 8 -10 -11
leaf_value=-2.5512536979506955 -3.0552533825906387 3.6315272012409174 1.2922428290343144 -0.72235969254928356 -2.7969258373802148 2.6867480996407962 -2.7447841084854945 -3.3899381365531536 0.50497650439088992 2.2367014843726829
leaf_weight=111 119 106 169 113 103 152 105 117 110 107
leaf_count=111 119 106 169 113 103 152 105 117 110 107
internal_value=0 -0.0928552 0.522421 -0.534728 -0.0175855 0.582566 -0.401544 -0.309814 -1.50253 0.71682
internal_weight=0 1201 502 699 580 477 325 396 227 220
internal_count=1312 1201 502 699 580 477 325 396 227 220
is_linear=0
shrinkage=0.05


Tree=484
num_leaves=11
num_cat=0
split_feature=0 0 14 10 8 3 4 0 0 4
split_gain=187613 324557 363177 232094 228771 540148 288893 228246 187937 154067
threshold=6.7430868086808688 5.5221105443877727 554.39212499999996 8318.8691250000029 0.97656281633560649 0.65169855779463914 4.5000000000000009 4.5459684857374638 7.1737743218766328 11.500000000000002
decision_type=2 2 8 2 2 2 2 2 2 2
left_child=1 4 9 8 6 -6 -1 -8 -2 -3
right_child=3 2 -4 -5 5 -7 7 -9 -10 -11
leaf_value=-3.3226640122476967 -1.6497951428277777 -1.2151660644440425 3.4063087571750992 -3.0713605678649181 3.0177162669425788 -1.6037641404136533 0.81975021270471948 -2.0806482412453211 1.3214318869778745 1.4565858137500181
leaf_weight=112 109 105 143 105 129 124 172 112 104 111
leaf_count=112 109 105 143 105 129 124 172 112 104 111
internal_value=0 0.245472 1.45178 -1.14746 -0.421811 0.752643 -1.17216 -0.324069 -0.199055 0.157818
internal_weight=0 1008 359 318 649 253 396 284 213 216
internal_count=1326 1008 359 318 649 253 396 284 213 216
is_linear=0
shrinkage=0.05


Tree=485
num_leaves=10
num_cat=0
split_feature=8 3 11 14 10 12 7 8 12
split_gain=320926 225486 262642 238816 417829 347192 544074 372172 380599
threshold=0.99815526829469314 0.46741392184506253 2471.5736250000004 -52.435124999999964 5717.6577500000012 7367.3225000000011 0.13319269483855958 0.85698747474995696 5384.4587500000007
decision_type=2 2 8 8 2 10 2 2 8
left_child=1 -1 -3 4 -4 6 -5 -8 -9
right_child=-2 2 3 5 -6 -7 7 8 -10
leaf_value=2.236393914200844 -2.8801860310435297 2.0372659539101554 0.26719730251601764 -2.8667991152283743 -4.0915291939620619 2.5287699694737142 -1.3235229524364183 0.047858970616803026 3.8046021952440867
leaf_weight=109 100 122 112 171 108 115 182 165 114
leaf_count=109 100 122 112 171 108 115 182 165 114
internal_value=0 0.0681807 -0.14884 -0.424646 -1.87254 0.00177524 -0.458042 0.435445 1.58287
internal_weight=0 1198 1089 967 220 747 632 461 279
internal_count=1298 1198 1089 967 220 747 632 461 279
is_linear=0
shrinkage=0.05


Tree=486
num_leaves=10
num_cat=0
split_feature=10 11 12 11 14 10 11 10 3
split_gain=416675 332489 146194 268064 263628 539437 413420 256436 191783
threshold=2013.4711250000003 9360.8856250000026 6005.8556250000011 6939.0162500000015 66.141624999999991 6120.6272500000005 5173.7500000000009 6094.9231250000012 0.53718411974879554
decision_type=2 8 8 10 10 2 10 2 2
left_child=-1 2 3 4 5 -2 -6 8 -4
right_child=1 -3 7 -5 6 -7 -8 -9 -10
leaf_value=2.9871202424307852 1.2748684591522403 -2.290244071271228 1.9929536234034171 2.8916111072290294 2.6103349619422644 -3.8674042662569121 -1.1203525618065235 -2.3202039244509227 -0.76404047721908208
leaf_weight=107 102 174 101 103 175 102 129 148 168
leaf_count=107 102 174 101 103 175 102 129 148 168
internal_value=0 -0.268954 0.073171 0.565762 0.0941821 -1.29627 1.02725 -0.648587 0.271113
internal_weight=0 1202 1028 611 508 204 304 417 269
internal_count=1309 1202 1028 611 508 204 304 417 269
is_linear=0
shrinkage=0.05


Tree=487
num_leaves=10
num_cat=0
split_feature=14 16 10 11 11 8 13 13 14
split_gain=348939 354444 284695 325988 543311 331415 301840 235166 376011
threshold=-744.34987500000034 1.7769207476303186 2898.5950000000007 4092.9800000000005 3117.9376250000005 0.82702876702490424 4096.0548519345248 5132.1188556547631 554.39212499999996
decision_type=8 2 2 10 8 2 10 10 10
left_child=-1 2 6 4 -4 -5 -2 -7 -9
right_child=1 -3 3 5 -6 7 -8 8 -10
leaf_value=2.9237949506552132 -3.3416130148091363 -2.5639185417175296 -0.23224956604995228 2.3920228984139182 3.9111813336520487 0.82359136937285327 0.43318874857841289 -3.3529710856350992 0.23038876191775004
leaf_weight=108 103 125 152 110 165 169 109 143 150
leaf_count=108 103 125 152 110 165 169 109 143 150
internal_value=0 -0.0408014 0.245656 0.638286 1.92443 -0.0744879 -1.4008 -0.661752 -1.51849
internal_weight=0 1226 1101 889 317 572 212 462 293
internal_count=1334 1226 1101 889 317 572 212 462 293
is_linear=0
shrinkage=0.05


Tree=488
num_leaves=10
num_cat=0
split_feature=14 13 0 14 10 7 10 5 15
split_gain=221722 390345 263588 486243 259294 188693 340602 327570 127853
threshold=964.03387500000019 6627.05616889881 6.8319901434587917 72.766624999999536 5758.8316250000016 0.43243186848979137 2428.2222500000003 2.5000000000000004 4.6716935582447148
decision_type=10 10 2 10 2 2 2 2 2
left_child=2 -2 4 -4 5 6 -1 -8 -9
right_child=1 -3 3 -5 -6 -7 7 8 -10
leaf_value=1.9621709806578502 -0.041383304875344043 3.9407987951636319 3.9613096766471863 -0.95720481966981807 -2.1191010843506275 1.3539904156191784 0.30608401013894032 -3.9065701084136961 -1.3844633768100552
leaf_weight=105 160 100 100 101 196 176 178 100 101
leaf_count=105 160 100 100 101 196 176 178 100 101
internal_value=0 1.49023 -0.139607 1.48982 -0.522218 -0.0479918 -0.557804 -1.25595 -2.63924
internal_weight=0 260 1057 201 856 660 484 379 201
internal_count=1317 260 1057 201 856 660 484 379 201
is_linear=0
shrinkage=0.05


Tree=489
num_leaves=10
num_cat=0
split_feature=12 12 13 13 12 4 4 0 15
split_gain=232616 295833 289626 487643 408106 417570 572699 633134 404222
threshold=7367.3225000000011 6005.8556250000011 7031.7957492559535 6438.9044062500006 4089.0537500000005 4.5000000000000009 15.500000000000002 4.4825038059361502 4.7677726105943945
decision_type=10 10 10 10 10 2 2 2 2
left_child=1 2 3 4 5 -1 7 -7 -6
right_child=-2 -3 -4 -5 8 6 -8 -9 -10
leaf_value=2.3559993827939034 1.6047455504702197 -2.2460924858238265 2.4255428076332266 -2.8761193745973097 -0.10841801786422729 0.30449524881816148 1.269283805502222 -4.8591788002289835 4.3651636279096797
leaf_weight=100 180 171 110 151 100 101 141 144 102
leaf_count=100 180 171 110 151 100 101 141 144 102
internal_value=0 -0.33175 0.0131947 -0.303085 0.261637 -0.523454 -1.26943 -2.73048 2.15052
internal_weight=0 1120 949 839 688 486 386 245 202
internal_count=1300 1120 949 839 688 486 386 245 202
is_linear=0
shrinkage=0.05


Tree=490
num_leaves=10
num_cat=0
split_feature=13 7 13 4 10 11 4 14 3
split_gain=254755 386985 267575 247899 509549 398085 339947 343507 246616
threshold=6965.8672224702395 0.31715296652162867 6734.5962790178583 11.500000000000002 6217.5320000000002 4053.4950000000003 14.500000000000002 737.58000000000004 0.70552214405125491
decision_type=8 2 10 2 2 10 2 8 2
left_child=2 -2 3 4 5 -1 -5 8 -8
right_child=1 -3 -4 6 -6 -7 7 -9 -10
leaf_value=2.199447423341323 1.1750716769253766 -2.3747961154647088 3.2156569722163328 -2.6407912831021174 3.81161826032025 -1.269820415027558 0.12615070817992091 -1.8370786513995243 3.4308570111151973
leaf_weight=147 135 178 102 117 143 189 128 108 101
leaf_count=147 135 178 102 117 143 189 128 108 101
internal_value=0 -0.843703 0.78422 0.518404 1.31187 0.247984 -0.318752 0.487416 1.58368
internal_weight=0 313 1035 933 479 336 454 337 229
internal_count=1348 313 1035 933 479 336 454 337 229
is_linear=0
shrinkage=0.05


Tree=491
num_leaves=9
num_cat=0
split_feature=13 13 13 11 15 11 12 11
split_gain=262173 228141 256723 242902 363495 273162 697299 212969
threshold=6965.8672224702395 6830.154145833335 6438.9044062500006 7048.5988750000006 8.2526224844706721 5553.8325000000004 5863.6727500000006 3271.0261250000003
decision_type=10 8 10 8 2 10 10 10
left_child=1 2 3 4 5 6 7 -1
right_child=-2 -3 -4 -5 -6 -7 -8 -9
leaf_value=-0.39407166937455779 -1.7442134119871726 1.9167630205474173 -2.104206302883179 -1.4617668170810623 3.5278805861473082 2.3025699392307639 -3.8379241847546304 2.0587572491594726
leaf_weight=187 173 192 123 153 100 129 107 168
leaf_count=187 173 192 123 153 100 129 107 168
internal_value=0 0.342444 0.0298592 0.340866 0.740002 0.26828 -0.299736 0.766704
internal_weight=0 1159 967 844 691 591 462 355
internal_count=1332 1159 967 844 691 591 462 355
is_linear=0
shrinkage=0.05


Tree=492
num_leaves=11
num_cat=0
split_feature=13 13 13 4 5 12 13 11 11 0
split_gain=188298 519577 425395 358679 679542 562592 294141 442639 401292 204125
threshold=5560.4712291666674 5094.1165543154775 5927.6305461309539 14.500000000000002 3.5000000000000004 7035.4321250000003 4931.5767633928581 5989.2871250000007 3271.0261250000003 5.2076929915213759
decision_type=8 10 8 2 2 8 10 10 10 2
left_child=1 6 -2 4 9 -5 7 8 -1 -4
right_child=2 -3 3 5 -6 -7 -8 -9 -10 -11
leaf_value=-0.5370527276221444 -3.6205816326233058 3.4520424044034521 -0.92142809725032659 -1.0257832607980502 -3.9322199804694566 3.9216579196043315 -2.4574502728006866 -2.4108378489017488 3.184388542156066 2.2040742485268603
leaf_weight=136 104 122 106 118 135 112 111 100 155 103
leaf_count=136 104 122 106 118 135 112 111 100 155 103
internal_value=0 0.525368 -0.678258 -0.145154 -1.16716 1.38341 -0.185896 0.45897 1.44516 0.618891
internal_weight=0 624 678 574 344 230 502 391 291 209
internal_count=1302 624 678 574 344 230 502 391 291 209
is_linear=0
shrinkage=0.05


Tree=493
num_leaves=10
num_cat=0
split_feature=7 5 8 8 12 12 11 5 5
split_gain=233470 424939 219986 204687 237557 377275 313352 675835 565343
threshold=-0.057797539493997262 3.5000000000000004 0.99398612319772661 0.97583941625340942 8902.1287500000017 6736.8210000000008 7711.1350000000011 4.5000000000000009 1.5000000000000002
decision_type=2 2 2 2 8 10 10 2 2
left_child=1 -1 3 4 5 6 7 8 -2
right_child=2 -3 -4 -5 -6 -7 -8 -9 -10
leaf_value=-0.66882328204810626 -1.9478974125429289 3.4638896235872894 -2.0696966982260347 1.9623359873619948 -1.931418281474284 2.456681349259966 2.0146929426948623 -4.0448621354156868 2.3932539178046173
leaf_weight=128 149 121 160 110 182 136 101 133 151
leaf_count=128 149 121 160 110 182 136 101 133 151
internal_value=0 1.33944 -0.352979 -0.0674538 -0.329516 0.105628 -0.493142 -1.07811 0.237149
internal_weight=0 249 1122 962 852 670 534 433 300
internal_count=1371 249 1122 962 852 670 534 433 300
is_linear=0
shrinkage=0.05


Tree=494
num_leaves=10
num_cat=0
split_feature=15 4 14 14 3 14 12 7 11
split_gain=157155 167897 513162 499128 596167 490129 388190 507229 97729.8
threshold=8.2776861019435284 5.5000000000000009 -147.03600000000048 -52.435124999999964 0.70647690515167538 265.89874999999989 4023.7812500000005 0.13319269483855958 5746.4165000000012
decision_type=2 2 10 8 2 8 8 2 10
left_child=1 2 -1 4 -3 -5 -7 -8 -4
right_child=-2 3 8 5 -6 6 7 -9 -10
leaf_value=3.7473340681386653 1.5804619053222615 -5.0133040332579402 0.63493892088114656 3.3389897657541541 0.28189268930285588 -2.6713807584902716 -1.4406762198380063 2.2903030742469586 -1.4735131060391402
leaf_weight=109 179 111 107 111 102 131 175 190 113
leaf_count=109 179 111 107 111 102 131 175 190 113
internal_value=0 -0.012286 0.941918 -0.395131 -2.47758 0.335612 -0.336515 0.501477 -0.448039
internal_weight=0 1149 329 820 213 607 496 365 220
internal_count=1328 1149 329 820 213 607 496 365 220
is_linear=0
shrinkage=0.05


Tree=495
num_leaves=10
num_cat=0
split_feature=15 13 15 16 0 0 8 7 7
split_gain=269146 579078 541855 320998 282654 247305 258716 258184 197011
threshold=5.6055480548054808 6965.8672224702395 6.4416608327499434 0.87483748374837467 6.7430868086808688 5.0885241301907973 0.99288939045244795 0.35982910634771909 -0.14942287525684592
decision_type=2 10 2 2 2 2 2 2 2
left_child=5 2 -2 -4 -5 6 7 8 -1
right_child=1 -3 3 4 -6 -7 -8 -9 -10
leaf_value=0.22504096964319933 4.3693485351039039 -2.3329422164738665 2.4222695181377576 1.108611183401442 -2.1793950089931489 -2.2580654432766893 -2.1657092126352446 -0.95511224848496445 3.3406635147333148
leaf_weight=103 124 123 153 137 125 178 112 154 100
leaf_count=103 124 123 153 137 125 178 112 154 100
internal_value=0 0.762704 1.46913 0.60256 -0.460094 -0.671309 -0.0690856 0.588679 1.75983
internal_weight=0 662 539 415 262 647 469 357 203
internal_count=1309 662 539 415 262 647 469 357 203
is_linear=0
shrinkage=0.05


Tree=496
num_leaves=10
num_cat=0
split_feature=8 13 12 5 15 1 10 13 13
split_gain=206597 461026 324266 369598 390384 251563 447645 434193 252355
threshold=0.89006293675044923 6871.5982961309537 6842.4882500000012 4.5000000000000009 6.1076816014934847 43.463011449272408 4145.9725000000008 5100.5387812500003 5108.068815476191
decision_type=2 8 10 2 2 2 2 10 10
left_child=2 5 3 4 -1 6 7 -2 -8
right_child=1 -3 -4 -5 -6 -7 8 -9 -10
leaf_value=-0.42280667471951539 -1.9880811556951323 1.7126060115628772 3.2297247166945553 -2.0904528957928799 3.1451183610392697 0.95189910378076348 -1.4972620574633282 2.3292438570735525 -4.6828564632770631
leaf_weight=181 134 180 107 129 133 113 120 103 129
leaf_count=181 134 180 107 129 133 113 120 103 129
internal_value=0 -0.506312 0.759427 0.162764 1.08845 -1.1731 -1.66718 -0.111775 -3.14763
internal_weight=0 779 550 443 314 599 486 237 249
internal_count=1329 779 550 443 314 599 486 237 249
is_linear=0
shrinkage=0.05


Tree=497
num_leaves=11
num_cat=0
split_feature=10 13 13 12 14 14 5 13 11 10
split_gain=231706 315193 523029 243360 641623 567311 263548 493040 224914 391431
threshold=2013.4711250000003 7888.0297842261916 7044.6583288690481 5088.5527500000007 -199.04962500000008 -233.80250000000044 4.5000000000000009 5039.3636532738101 4875.6825000000008 5881.7398750000011
decision_type=2 8 10 8 8 10 2 10 10 2
left_child=-1 2 3 4 -2 -5 7 -7 -6 -10
right_child=1 -3 -4 5 8 6 -8 -9 9 -11
leaf_value=2.3034333906921685 -4.2976304986538034 -2.4943273415092295 3.4917780971064154 3.7013072023927061 1.6947149997757329 -3.880434662793522 1.4697650319951423 0.36272489376724726 -3.1927454169182217 1.1984687576199524
leaf_weight=102 117 131 103 108 124 108 136 187 102 101
leaf_count=102 117 131 103 108 124 108 136 187 102 101
internal_value=0 -0.177506 0.101963 -0.253226 -1.12003 0.460801 -0.351205 -1.1907 0.0169112 -1.00795
internal_weight=0 1217 1086 983 444 539 431 295 327 203
internal_count=1319 1217 1086 983 444 539 431 295 327 203
is_linear=0
shrinkage=0.05


Tree=498
num_leaves=10
num_cat=0
split_feature=13 12 12 11 12 7 15 7 8
split_gain=226070 419382 172552 194151 236652 260444 282372 440575 137237
threshold=3425.8359880952389 1171.4996250000002 2548.7687500000006 8546.1325000000015 7680.4096250000011 -0.071262805630937481 6.5077563311886761 0.49322161905156298 0.95707615712369043
decision_type=10 10 10 10 10 2 2 2 2
left_child=-1 -2 -3 4 5 -4 8 -8 -7
right_child=1 2 3 -5 -6 6 7 -9 -10
leaf_value=1.701315043729787 -3.0423397526144984 1.9873429540130829 -2.3122610085483255 -1.9445495569352378 2.1359799109564888 2.1716141565621871 1.0768694666862488 -3.2113945106838062 -0.030215697392173436
leaf_weight=196 112 117 116 118 135 184 125 115 115
leaf_count=196 112 117 116 118 135 184 125 115 115
internal_value=0 -0.13733 0.180095 -0.0527768 0.229792 -0.163087 0.299444 -0.977924 1.32476
internal_weight=0 1137 1025 908 790 655 539 240 299
internal_count=1333 1137 1025 908 790 655 539 240 299
is_linear=0
shrinkage=0.05


Tree=499
num_leaves=11
num_cat=0
split_feature=13 0 13 11 16 13 13 13 13 13
split_gain=213568 422230 357224 369216 325441 410211 364988 220896 416873 422557
threshold=3808.4850163690476 4.1190827416074951 4887.6527455357145 4612.4537500000015 0.19007456301185635 5094.1165543154775 5469.2313831845249 7031.7957492559535 6463.2768534226198 5927.6305461309539
decision_type=10 2 10 10 2 10 10 10 10 10
left_child=1 -1 3 -2 -4 -6 -7 8 9 -8
right_child=2 -3 4 -5 5 6 7 -9 -10 -11
leaf_value=1.0112897654374442 3.8737419135257847 -3.2790003448554126 2.3103250083522262 0.21205816915895365 -3.2354312980222328 2.6274929336473054 -2.0392034676729462 1.1676349319093597 -3.1914574518799785 2.5347147529125214
leaf_weight=102 122 131 107 158 126 102 102 123 160 100
leaf_count=102 122 131 107 158 126 102 102 123 160 100
internal_value=0 -1.40085 0.26555 1.80751 -0.260972 -0.646846 -0.0912046 -0.662972 -1.28497 0.225112
internal_weight=0 233 1100 280 820 713 587 485 362 202
internal_count=1333 233 1100 280 820 713 587 485 362 202
is_linear=0
shrinkage=0.05


Tree=500
num_leaves=10
num_cat=0
split_feature=3 13 3 3 11 13 10 3 5
split_gain=226809 316437 204592 314466 303112 524475 409699 736342 169332
threshold=0.74689427406478137 7689.3236830357146 0.70552214405125491 0.73028633460456138 6939.0162500000015 6438.9044062500006 6507.9031250000007 0.54286215562781404 3.5000000000000004
decision_type=2 8 2 2 10 10 2 2 2
left_child=1 2 4 8 5 6 7 -1 -4
right_child=-2 -3 3 -5 -6 -7 -8 -9 -10
leaf_value=1.2109212502034126 2.5513270754837301 -1.8925932906655705 4.1132655067018948 -0.76272681148350241 1.6632915527384899 -3.7624603744422167 2.3252714479135146 -3.9112634635661259 1.2179678145021495
leaf_weight=167 103 170 101 100 197 107 144 121 101
leaf_count=167 103 170 101 100 197 107 144 121 101
internal_value=0 0.107058 0.434554 1.5304 -0.0151016 -0.62854 0.147685 -0.941108 2.66562
internal_weight=0 1208 1038 302 736 539 432 288 202
internal_count=1311 1208 1038 302 736 539 432 288 202
is_linear=0
shrinkage=0.05


Tree=501
num_leaves=11
num_cat=0
split_feature=7 4 12 3 16 0 13 12 7 3
split_gain=270311 185718 600748 308930 307935 320075 397482 347015 224578 147056
threshold=0.61060661984592979 16.500000000000004 5863.6727500000006 0.65169855779463914 1.4189710637730439 4.5459684857374638 5296.0675505952386 6736.8210000000008 0.43070632535374453 0.60255403250312944
decision_type=2 2 10 2 2 2 10 8 2 2
left_child=1 4 3 -3 5 7 9 -1 -8 -7
right_child=-2 2 -4 -5 -6 6 8 -9 -10 -11
leaf_value=-0.4198131554791717 2.3166774258049112 2.4934989178292106 -3.490258423186118 -1.3718923925757409 2.2464011536314596 -1.3444395775794984 1.931409175786297 3.323105445490262 -1.3131840026024546 -4.0560459749698641
leaf_weight=147 118 107 155 100 153 100 113 107 101 100
leaf_count=147 118 107 155 100 153 100 113 107 101 100
internal_value=0 -0.192939 -1.13639 0.62616 0.223055 -0.240376 -1.09766 1.15693 0.400082 -2.70024
internal_weight=0 1183 362 207 821 668 414 254 214 200
internal_count=1301 1183 362 207 821 668 414 254 214 200
is_linear=0
shrinkage=0.05


Tree=502
num_leaves=11
num_cat=0
split_feature=13 13 5 10 14 12 12 14 12 14
split_gain=144103 453084 242112 429857 587284 387692 403577 329167 281670 213526
threshold=3808.4850163690476 4584.3394575892862 4.5000000000000009 4849.3181250000007 307.48924999999957 7920.0148750000008 2650.2000000000003 495.81787500000013 5323.2556250000007 930.6352499999997
decision_type=8 8 2 2 10 8 10 10 10 10
left_child=-1 -2 5 -4 -5 6 -3 8 -8 -9
right_child=1 2 3 4 -6 -7 7 9 -10 -11
leaf_value=-1.9192909680604935 2.6696568102869271 2.3853162043499498 1.1126742091487374 -5.4703022600389 -0.37570291372734732 2.3313572378929504 -1.2492304173382847 -3.8538684907606093 2.2207974040508272 -0.84592674718064775
leaf_weight=100 146 106 114 102 127 167 132 118 105 118
leaf_count=100 146 106 114 102 127 167 132 118 105 118
internal_value=0 0.0541047 -0.296557 -1.39604 -2.64491 0.208967 -0.40319 -1.0281 0.288124 -2.3499
internal_weight=0 1235 1089 343 229 746 579 473 237 236
internal_count=1335 1235 1089 343 229 746 579 473 237 236
is_linear=0
shrinkage=0.05


Tree=503
num_leaves=10
num_cat=0
split_feature=13 12 12 13 13 13 13 4 11
split_gain=160740 346661 599262 285573 308719 240978 266143 168051 269050
threshold=5850.6047738095249 7035.4321250000003 5178.5242500000013 5267.8024561011907 5047.1090840773822 7689.3236830357146 6724.7786071428582 5.5000000000000009 3655.6275000000005
decision_type=8 10 10 10 10 8 10 2 10
left_child=3 2 5 4 7 6 -2 -1 -9
right_child=1 -3 -4 -5 -6 -7 -8 8 -10
leaf_value=0.98905401206264898 0.33621298052646498 3.1988358920758913 -3.1217972121068414 -2.6359840869415003 2.1197292972825195 -0.29111572469094982 3.7925773246910262 -2.875067552449047 0.035431924757154232
leaf_weight=120 108 111 112 122 135 194 115 138 187
leaf_count=120 108 111 112 122 135 194 115 138 187
internal_value=0 0.658454 0.125406 -0.437142 0.0253731 0.997556 2.11864 -0.609993 -1.20041
internal_weight=0 640 529 702 580 417 223 445 325
internal_count=1342 640 529 702 580 417 223 445 325
is_linear=0
shrinkage=0.05


Tree=504
num_leaves=11
num_cat=0
split_feature=4 8 5 5 15 11 11 0 13 12
split_gain=238470 427587 650751 365333 463255 352785 280747 429946 223232 191646
threshold=6.5000000000000009 0.78454135422846716 1.0000000180025095e-35 4.5000000000000009 6.7247127490526841 2584.7607500000008 4474.1850000000004 5.5221105443877727 5108.068815476191 5496.6426250000013
decision_type=2 2 2 2 2 10 10 2 10 10
left_child=6 -2 -3 5 -5 -4 -1 -8 -7 -10
right_child=1 2 3 4 -6 8 7 -9 9 -11
leaf_value=2.5584100246998918 2.3884283581376073 -4.4037512545955595 3.0278376488051579 -3.9873876650516809 0.4434412702918053 1.3610967685668558 -2.3015022648705377 2.0526208253340288 -2.420588884692993 0.35429157619936424
leaf_weight=157 110 116 102 130 108 135 117 110 137 114
leaf_count=157 110 116 102 130 108 135 117 110 137 114
internal_value=0 -0.543299 -0.926304 -0.370679 -1.97676 0.412615 0.932768 -0.191575 -0.278454 -1.16028
internal_weight=0 952 842 726 238 488 384 227 386 251
internal_count=1336 952 842 726 238 488 384 227 386 251
is_linear=0
shrinkage=0.05


Tree=505
num_leaves=10
num_cat=0
split_feature=10 13 8 4 14 11 13 3 12
split_gain=281919 329240 312534 522388 571005 609197 350966 388715 229490
threshold=1901.3547500000002 3324.5150959821435 0.81855491997912566 18.500000000000004 -322.82487499999996 2945.4400000000005 5104.3257462797619 0.69485467442395865 6788.9453750000002
decision_type=2 10 2 2 10 10 10 2 8
left_child=-1 -2 -3 4 -4 -6 -7 -8 -5
right_child=1 2 3 8 5 6 7 -9 -10
leaf_value=2.4831074965472268 -2.7297645587901602 -1.8649093378556743 4.2028377572611229 -3.5416128928118411 -3.0805396277170916 2.8425960121295786 1.8007511819244191 -1.7962258345550961 -0.16260152167081834
leaf_weight=101 122 185 118 101 104 186 157 144 100
leaf_count=101 122 185 118 101 104 186 157 144 100
internal_value=0 -0.265949 0.00855865 0.389429 1.02728 0.393246 1.13508 0.0799383 -1.86051
internal_weight=0 1217 1095 910 709 591 487 301 201
internal_count=1318 1217 1095 910 709 591 487 301 201
is_linear=0
shrinkage=0.05


Tree=506
num_leaves=10
num_cat=1
split_feature=15 14 0 15 15 16 9 13 15
split_gain=189891 190033 308182 411408 208610 376716 274866 251647 191942
threshold=8.64326849351602 747.37637500000039 6.2815892700381157 4.7850576724339104 6.7247127490526841 0.87483748374837467 0 4666.4050074404777 4.6716935582447148
decision_type=2 10 2 2 2 2 9 10 2
left_child=1 4 3 -3 6 -6 -1 -8 -9
right_child=-2 2 -4 -5 5 -7 7 8 -10
leaf_value=1.1976681251744716 1.8109396824413098 -2.4733275905685517 -3.6218573416471482 1.9955915349201092 3.6651009633260614 -0.38736664225126954 0.38454005936075591 -0.24900061414342059 -2.9148549424494554
leaf_weight=197 121 103 100 103 102 131 197 107 183
leaf_count=197 121 103 100 103 102 131 197 107 183
internal_value=0 -0.265484 -1.34442 -0.238868 0.0945534 1.38667 -0.345599 -0.974461 -1.93125
internal_weight=0 1223 306 206 917 233 684 487 290
internal_count=1344 1223 306 206 917 233 684 487 290
cat_boundaries=0 1
cat_threshold=194
is_linear=0
shrinkage=0.05


Tree=507
num_leaves=10
num_cat=1
split_feature=12 15 15 9 16 11 3 12 11
split_gain=329623 188576 301985 448635 291009 273195 355555 217867 201280
threshold=7367.3225000000011 7.479235423542355 4.636049716082721 0 1.4012915180406926 6939.0162500000015 0.57151255782500343 6699.5410000000002 3870.4553750000005
decision_type=10 2 2 9 2 10 2 8 8
left_child=1 2 3 -1 -3 6 -4 -5 -8
right_child=-2 4 5 7 -6 -7 8 -9 -10
leaf_value=-3.3688008347050897 1.8373846678297376 -3.5087476999863334 -2.2390694030125937 -1.2076640870789408 -0.010019148304695037 2.6752494476562325 2.6630669530447539 1.6862207668522995 -0.14949829354382202
leaf_weight=135 183 115 120 142 123 129 111 120 149
leaf_count=135 183 115 120 142 123 129 111 120 149
internal_value=0 -0.448088 -0.119066 -1.15269 -1.70058 0.68712 0.0122023 0.113449 1.05125
internal_weight=0 1144 906 397 238 509 380 262 260
internal_count=1327 1144 906 397 238 509 380 262 260
cat_boundaries=0 1
cat_threshold=136
is_linear=0
shrinkage=0.05


Tree=508
num_leaves=10
num_cat=0
split_feature=7 3 13 0 8 13 11 0 5
split_gain=328024 343919 443800 358077 329454 522121 473881 319978 354665
threshold=0.61931421996532721 0.69409952299281197 3506.1352425595242 4.3265715460434935 0.86989745237268745 5560.4712291666674 6028.5643750000008 6.6043729372937312 3.5000000000000004
decision_type=2 2 10 2 2 8 8 2 2
left_child=1 2 -1 -4 -3 -6 -7 8 -5
right_child=-2 4 3 7 5 6 -8 -9 -10
leaf_value=3.468333964392543 2.5076168603188282 -3.5145289211533965 -2.6122953158158526 2.8127248124642805 1.3914400909866036 0.16443475561566873 -4.6106787742298341 -1.2229884171817038 -0.57990238768908819
leaf_weight=100 111 128 117 187 179 101 107 180 131
leaf_count=100 111 128 117 187 179 101 107 180 131
internal_value=0 -0.330453 0.379118 -0.123194 -1.31559 -0.588287 -2.29199 0.461595 1.41513
internal_weight=0 1230 715 615 515 387 208 498 318
internal_count=1341 1230 715 615 515 387 208 498 318
is_linear=0
shrinkage=0.05


Tree=509
num_leaves=11
num_cat=0
split_feature=10 13 13 10 3 4 15 11 13 13
split_gain=274834 185220 241903 189583 161513 306427 480148 368039 182601 105845
threshold=8318.8691250000029 7031.7957492559535 6438.9044062500006 7246.9818750000004 0.46741392184506253 13.500000000000002 5.4541926414863724 7609.636125 5267.8024561011907 4884.1589776785722
decision_type=2 10 10 2 2 2 2 8 8 10
left_child=1 2 3 4 -1 6 8 9 -6 -7
right_child=-2 -3 -4 -5 5 7 -8 -9 -10 -11
leaf_value=1.9433723135159751 -2.4198094189167025 2.0770549678554135 -1.7625233554985464 2.3656321313121533 0.99416549985998126 0.87425695872306841 -3.8121341058920173 3.3186665820533578 -1.5422245761600593 -1.4205348507602618
leaf_weight=101 108 120 164 101 178 100 116 110 118 101
leaf_count=101 108 120 164 101 178 100 116 110 118 101
internal_value=0 0.21272 0.00728377 0.321066 0.0704575 -0.191181 -1.08551 0.993585 -0.016963 -0.278847
internal_weight=0 1209 1089 925 824 723 412 311 296 201
internal_count=1317 1209 1089 925 824 723 412 311 296 201
is_linear=0
shrinkage=0.05


Tree=510
num_leaves=11
num_cat=0
split_feature=5 4 14 7 1 14 14 8 11 15
split_gain=187053 419494 816117 366354 336210 363332 413039 285960 238622 60933.1
threshold=3.5000000000000004 16.500000000000004 -720.7254999999999 0.55334358773528314 44.224935119685853 898.18462500000044 251.8466249999988 0.96057519254651946 6998.8377500000006 5.7280339145025634
decision_type=2 2 10 2 2 10 8 2 10 2
left_child=3 2 -2 4 5 6 -1 -8 9 -4
right_child=1 -3 8 -5 -6 -7 7 -9 -10 -11
leaf_value=0.57736722039324906 -3.9764552849815007 2.762655512286329 3.0282867748616265 1.9085559922320243 -3.6100853262595765 2.0521871495354285 -4.4434935361146932 -0.82153951876141407 -0.6791930327981206 1.2871449711299179
leaf_weight=182 105 174 100 131 103 111 110 108 118 101
leaf_count=182 105 174 100 131 103 111 110 108 118 101
internal_value=0 0.695418 -0.15293 -0.491886 -1.00403 -0.478742 -1.18107 -2.64913 1.1056 2.15338
internal_weight=0 598 424 745 614 511 400 218 319 201
internal_count=1343 598 424 745 614 511 400 218 319 201
is_linear=0
shrinkage=0.05


Tree=511
num_leaves=11
num_cat=0
split_feature=10 7 12 13 14 13 12 8 14 12
split_gain=265801 293755 651442 524196 494227 377082 426870 651865 660170 179681
threshold=1901.3547500000002 0.13319269483855958 5032.8700000000008 4584.3394575892862 737.58000000000004 5202.2732953869054 6304.9237500000008 0.89739128759917253 300.1569999999993 5323.2556250000007
decision_type=2 2 8 8 8 8 10 2 10 10
left_child=-1 2 -2 -3 -4 9 7 8 -7 -5
right_child=1 3 4 5 -6 6 -8 -9 -10 -11
leaf_value=2.2586869505690594 1.4502984150267038 3.5004130810794267 -1.2014641531077881 -3.5916412478347994 -5.6888420572778324 -3.1868095234166023 -1.9372383939165649 3.5620096510683994 2.2832529990178236 -0.63702216529846201
leaf_weight=102 122 101 154 106 102 115 147 169 106 100
leaf_count=102 122 101 154 106 102 115 147 169 106 100
internal_value=0 -0.3981 -1.55648 0.120702 -2.9894 -0.33872 0.358934 1.22441 -0.56316 -2.15736
internal_weight=0 1222 378 844 256 743 537 390 221 206
internal_count=1324 1222 378 844 256 743 537 390 221 206
is_linear=0
shrinkage=0.05


Tree=512
num_leaves=10
num_cat=0
split_feature=15 13 4 13 4 3 12 3 14
split_gain=241189 322553 394678 392978 250673 234542 396013 330171 240005
threshold=5.6055480548054808 5071.9340029761916 4.5000000000000009 6581.18222247024 10.500000000000002 0.66207026611656683 7367.3225000000011 0.70728631942887399 340.52199999999999
decision_type=2 8 2 8 2 2 8 2 8
left_child=1 4 -3 -4 -1 8 7 -7 -2
right_child=5 2 3 -5 -6 6 -8 -9 -10
leaf_value=-0.60399537099207323 3.8068984040116849 -1.7439281642001914 3.8274401797904627 -0.085909268416856477 -3.7607631678674736 -3.1043523708014815 2.52134489515635 0.38301702435292195 0.63919521335541729
leaf_weight=164 113 137 111 152 102 103 127 199 127
leaf_count=164 113 137 111 152 102 103 127 199 127
internal_value=0 -0.465141 0.432174 1.56573 -1.81449 0.878984 0.178748 -0.806384 2.13066
internal_weight=0 666 400 263 266 669 429 302 240
internal_count=1335 666 400 263 266 669 429 302 240
is_linear=0
shrinkage=0.05


Tree=513
num_leaves=10
num_cat=0
split_feature=13 13 11 3 3 14 3 3 1
split_gain=245875 323321 371358 283648 208866 319069 1.03321e+06 478739 197619
threshold=7384.4301934523819 7031.7957492559535 7048.5988750000006 0.60994408008824508 0.7296664992997538 49.79500000000008 0.62929730396764583 0.58385194694120723 28.751482039757331
decision_type=10 8 8 2 2 8 2 2 2
left_child=1 2 4 -4 5 7 8 -1 -7
right_child=-2 -3 3 -5 -6 6 -8 -9 -10
leaf_value=1.6706680155683449 -2.1928413408938972 2.282984215458908 -0.038354326644033758 -3.6709168224706561 -1.1661898006378493 0.97875103116899309 5.0014784348721539 -2.4879426926374437 -1.8996623417309353
leaf_weight=135 107 177 106 109 161 138 151 142 105
leaf_count=135 107 177 106 109 161 138 151 142 105
internal_value=0 0.306548 -0.0275773 -1.87998 0.451108 0.839163 1.75337 -0.461183 -0.265008
internal_weight=0 1224 1047 215 832 671 394 277 243
internal_count=1331 1224 1047 215 832 671 394 277 243
is_linear=0
shrinkage=0.05


Tree=514
num_leaves=11
num_cat=0
split_feature=16 3 0 4 11 14 4 5 14 8
split_gain=283337 188391 248976 195906 693119 617009 417129 847219 644556 299898
threshold=1.8809867097820903 0.74835895094438876 3.7739426720449831 5.5000000000000009 8113.5491250000005 72.766624999999536 15.500000000000002 4.5000000000000009 318.73999999999984 0.89072219910788641
decision_type=2 2 2 2 10 10 2 2 8 2
left_child=1 2 -1 5 6 -4 7 8 -5 -8
right_child=-2 -3 3 4 -6 -7 9 -9 -10 -11
leaf_value=-2.1457852638430066 2.6665708240504582 2.0392044900094759 4.2965649615315833 2.2673451736995154 3.2732104167071259 -0.60117358842800406 2.236279220034679 -6.0452122832045845 -3.3416171566247943 -1.0931250906375147
leaf_weight=144 107 102 102 105 110 174 120 102 100 155
leaf_count=144 107 102 102 105 110 174 120 102 100 155
internal_value=0 -0.017363 -0.206005 0.0825574 -0.366662 1.20886 -1.05461 -2.32151 -0.468734 0.359706
internal_weight=0 1214 1112 968 692 276 582 307 205 275
internal_count=1321 1214 1112 968 692 276 582 307 205 275
is_linear=0
shrinkage=0.05


Tree=515
num_leaves=10
num_cat=0
split_feature=14 5 4 4 7 13 13 14 13
split_gain=200526 256389 318600 382701 408267 842406 282800 281360 249138
threshold=-744.34987500000034 1.0000000180025095e-35 2.5000000000000004 11.500000000000002 0.52929179376193913 4887.6527455357145 5927.6305461309539 448.07687500000026 5242.0428340773824
decision_type=8 2 2 2 2 8 8 8 10
left_child=-1 -2 -3 7 5 -5 -7 -4 -9
right_child=1 2 3 4 -6 6 -8 8 -10
leaf_value=2.1084221043319347 -1.9141091053120114 -2.1353145657737453 0.24480106076678718 2.4207551230313413 2.3343460227841528 -4.6482672167203907 -1.399508380556254 1.234906839902671 4.705166177879466
leaf_weight=107 176 133 185 118 107 106 182 106 101
leaf_count=107 176 133 185 118 107 106 182 106 101
internal_value=0 -0.149483 0.149721 0.485533 -0.413261 -1.13738 -2.59523 1.66176 2.92813
internal_weight=0 1214 1038 905 513 406 288 392 207
internal_count=1321 1214 1038 905 513 406 288 392 207
is_linear=0
shrinkage=0.05


Tree=516
num_leaves=10
num_cat=0
split_feature=13 13 3 16 10 10 10 13 0
split_gain=221112 317921 241761 219265 308877 584821 440667 403336 212028
threshold=6965.8672224702395 6724.7786071428582 0.72601187415602098 1.5479909102021316 4612.8626250000007 2898.5950000000007 5590.8848750000006 5296.0675505952386 4.4254147636985932
decision_type=10 10 2 2 2 2 2 8 2
left_child=1 2 3 4 5 -1 -6 -8 -4
right_child=-2 -3 8 -5 6 -7 7 -9 -10
leaf_value=-1.3828613013029099 -1.4757925672820336 3.1549411654472355 0.38561976536248743 2.3206389245607997 -3.4260852786729923 3.4274676048977777 -1.3228905139019691 2.3648261175226812 -2.7109815092915195
leaf_weight=104 169 100 104 151 106 161 166 134 118
leaf_count=104 169 100 104 151 106 161 166 134 118
internal_value=0 0.461753 0.203785 0.599201 0.211813 1.53964 -0.654872 0.32429 -1.26032
internal_weight=0 1144 1044 822 671 265 406 300 222
internal_count=1313 1144 1044 822 671 265 406 300 222
is_linear=0
shrinkage=0.05


Tree=517
num_leaves=10
num_cat=0
split_feature=15 4 10 7 15 12 10 1 12
split_gain=177341 440693 338766 335900 318628 297465 309207 180785 145557
threshold=4.636049716082721 5.5000000000000009 3020.5996250000003 0.04405632420691509 3.7559269815870482 1995.7810000000002 6940.2165000000014 53.021540194077296 5077.3042500000001
decision_type=2 2 2 2 2 10 2 2 10
left_child=2 -2 3 -1 -4 -3 8 -8 -7
right_child=1 5 4 -5 -6 6 7 -9 -10
leaf_value=2.708415350261189 3.090970514812609 -1.8668550044478793 -4.1275110531096848 -1.2030803037726363 -0.37474145514349783 2.4869815298583777 0.62547313008352978 -2.2012364917124314 0.37419610349523946
leaf_weight=105 137 165 104 115 124 180 107 120 149
leaf_count=105 137 165 104 115 124 180 107 120 149
internal_value=0 0.4914 -0.735937 0.66377 -2.08653 -0.00255469 0.5507 -0.868823 1.53013
internal_weight=0 858 448 220 228 721 556 227 329
internal_count=1306 858 448 220 228 721 556 227 329
is_linear=0
shrinkage=0.05


Tree=518
num_leaves=10
num_cat=0
split_feature=3 5 16 12 0 14 14 4 16
split_gain=250986 296772 335678 301001 415593 418347 292794 340222 443338
threshold=0.70647690515167538 5.5000000000000009 0.43002633596693035 3846.0587500000006 6.5236773677367745 -52.435124999999964 730.86725000000126 14.500000000000002 0.72095820693180512
decision_type=2 2 2 8 2 10 10 2 2
left_child=1 2 -1 -4 5 -5 7 8 -2
right_child=6 -3 3 4 -6 -7 -8 -9 -10
leaf_value=-2.8567431147810054 2.5132349278087971 1.602474109622521 1.504606277958767 -2.6117563530510548 -3.4887791117653251 1.3962328997088804 -1.6094707292318344 3.4390619680507863 -1.9965672471171076
leaf_weight=191 108 123 148 102 128 180 100 134 110
leaf_count=191 108 123 148 102 128 180 100 134 110
internal_value=0 -0.67373 -1.04753 -0.428242 -1.12595 -0.0534653 0.778085 1.45637 0.237647
internal_weight=0 872 749 558 410 282 452 352 218
internal_count=1324 872 749 558 410 282 452 352 218
is_linear=0
shrinkage=0.05


Tree=519
num_leaves=9
num_cat=0
split_feature=11 11 13 13 7 10 12 3
split_gain=200002 180822 259962 632544 285099 272647 531250 123157
threshold=2471.5736250000004 3630.2551250000006 4760.9137745535727 5108.068815476191 0.53653740940828587 3882.9592500000003 6553.411000000001 0.65957967322518718
decision_type=8 8 8 8 2 2 8 2
left_child=-1 -2 -3 -4 5 -5 7 -7
right_child=1 2 3 4 -6 6 -8 -9
leaf_value=1.6078013061553009 -1.8917140298029957 -2.0317568901532925 3.2528110846337199 0.56527804194911002 1.2537445823906521 0.87354158253896808 -4.4278871901333332 -1.5782383837699889
leaf_weight=129 187 161 138 169 179 105 128 100
leaf_count=129 187 161 138 169 179 105 128 100
internal_value=0 -0.466919 -0.195045 0.166018 -0.4595 -1.0704 -1.90052 -0.322449
internal_weight=0 1167 980 819 681 502 333 205
internal_count=1296 1167 980 819 681 502 333 205
is_linear=0
shrinkage=0.05


Tree=520
num_leaves=10
num_cat=0
split_feature=11 1 15 14 1 14 10 1 10
split_gain=206714 286007 340389 561227 322195 310170 244787 210920 134059
threshold=1901.4648750000003 41.421359535382528 8.64326849351602 394.08750000000049 30.138296421172878 554.39212499999996 3020.5996250000003 24.320974603022595 4743.4648750000006
decision_type=10 2 2 10 2 10 2 2 2
left_child=7 4 3 -3 6 -6 -2 -1 -8
right_child=1 2 -4 -5 5 -7 8 -9 -10
leaf_value=0.0093592195277628683 1.6739261507624534 0.42569022941589357 1.6306566742004702 -3.9521441394632513 0.75191448706167718 4.3850830316543581 -1.532677402785144 -3.1304206769466401 0.51918423853538653
leaf_weight=115 164 150 103 143 135 104 194 100 135
leaf_count=115 164 150 103 143 135 104 194 100 135
internal_value=0 0.240679 -0.841781 -1.71093 0.826272 2.33287 0.0958912 -1.451 -0.690728
internal_weight=0 1128 396 293 732 239 493 215 329
internal_count=1343 1128 396 293 732 239 493 215 329
is_linear=0
shrinkage=0.05


Tree=521
num_leaves=10
num_cat=0
split_feature=12 15 14 4 11 8 0 7 0
split_gain=200371 277904 387979 255056 443585 315333 298744 236565 167051
threshold=8026.7225000000008 3.2525183073862949 2213.7222499999993 20.500000000000004 6386.7641250000006 0.87246776526987591 6.0186338078252275 0.39045889114603977 4.7052594148303735
decision_type=10 2 8 2 10 2 2 2 2
left_child=1 -1 3 4 5 -3 8 -6 -7
right_child=-2 2 -4 -5 7 6 -8 -9 -10
leaf_value=-1.9070509892500316 1.8948431067794336 -1.4192524370182769 3.0605496106812589 2.1843200501565838 -3.7506315311578313 1.6084430521025379 3.049330603082975 -0.58309991365129299 -1.0725847493277656
leaf_weight=192 131 178 104 102 127 102 132 110 135
leaf_count=192 131 178 104 102 127 102 132 110 135
internal_value=0 -0.166142 0.171488 -0.167634 -0.473628 0.309227 1.14302 -2.28047 0.0812753
internal_weight=0 1182 990 886 784 547 369 237 237
internal_count=1313 1182 990 886 784 547 369 237 237
is_linear=0
shrinkage=0.05


Tree=522
num_leaves=10
num_cat=0
split_feature=15 10 4 4 11 7 15 10 12
split_gain=390491 249654 249377 261113 265667 285370 417180 279432 113378
threshold=3.2525183073862949 7924.3781250000011 20.500000000000004 3.5000000000000004 3498.4912500000005 -0.038447723798136511 7.3326693780489167 4816.6130000000003 2816.6125000000006
decision_type=2 2 2 2 8 2 2 2 10
left_child=8 2 3 -2 -5 -6 7 -7 -1
right_child=1 -3 -4 4 5 6 -8 -9 -10
leaf_value=-3.0484077035582491 2.5115875419317271 -1.2838699034669183 3.01334248985563 -1.554022999856838 -1.550171044935351 1.7183014408219606 3.4722787379100923 -1.5986135000274295 -0.73817746704167664
leaf_weight=112 127 187 105 189 115 128 140 126 101
leaf_count=112 127 187 105 189 115 128 140 126 101
internal_value=0 0.38312 0.718311 0.426216 0.0467855 0.641192 1.2808 0.0729027 -1.95295
internal_weight=0 1117 930 825 698 509 394 254 213
internal_count=1330 1117 930 825 698 509 394 254 213
is_linear=0
shrinkage=0.05


Tree=523
num_leaves=10
num_cat=0
split_feature=4 13 8 13 4 12 3 0 11
split_gain=180000 161822 147602 241223 412223 667420 411963 337584 316753
threshold=1.5000000000000002 4314.8293452380958 0.78454135422846716 4632.4860654761915 17.500000000000004 4745.1537500000013 0.59657680338635743 5.184993499349936 7022.1361250000009
decision_type=2 8 2 10 2 10 2 2 10
left_child=-1 -2 -3 -4 5 6 -5 -7 -6
right_child=1 2 3 4 8 7 -8 -9 -10
leaf_value=-1.7041864552587833 -0.9103911815471547 2.3483574070349462 2.3883565879554203 -3.4076510483675664 -3.7604627151115269 0.82682456429188067 0.57822481247272284 4.3966351162062756 0.13367902786932259
leaf_weight=106 186 119 139 101 102 130 181 135 107
leaf_count=106 186 119 139 101 102 130 181 135 107
internal_value=0 0.445299 0.693976 0.474008 0.122031 0.843727 -0.849341 2.64541 -1.76681
internal_weight=0 1200 1014 895 756 547 282 265 209
internal_count=1306 1200 1014 895 756 547 282 265 209
is_linear=0
shrinkage=0.05


Tree=524
num_leaves=11
num_cat=0
split_feature=14 0 5 3 12 7 16 12 15 12
split_gain=158120 500361 641408 300700 213312 325570 246420 335512 160628 156582
threshold=66.141624999999991 6.8615917147270293 4.5000000000000009 0.71975820053914819 7888.0121250000002 0.10577286572386595 0.72483081641497515 3961.9400000000005 6.7247127490526841 1293.6387500000003
decision_type=10 2 2 2 10 2 2 10 2 10
left_child=1 2 3 9 5 -2 7 -7 -8 -1
right_child=4 -3 -4 -5 -6 6 8 -9 -10 -11
leaf_value=-2.4618208216259556 -1.5388320302125067 2.6128235371112822 -4.1368361578471422 2.199952756178261 2.6634859475316386 -2.4769970571994784 0.8112820488175535 1.618805324792862 3.2606048851954839 0.24952914231228382
leaf_weight=107 192 100 138 101 101 100 153 100 119 106
leaf_count=107 192 100 138 101 101 100 153 100 119 106
internal_value=0 -0.587628 -1.29569 -0.0470367 0.522713 0.197083 0.903218 -0.429096 1.88286 -1.11251
internal_weight=0 552 452 314 765 664 472 200 272 213
internal_count=1317 552 452 314 765 664 472 200 272 213
is_linear=0
shrinkage=0.05


Tree=525
num_leaves=10
num_cat=1
split_feature=10 12 3 15 9 13 12 3 11
split_gain=246125 409047 647480 226789 248708 517000 293212 390232 224144
threshold=6534.5297500000006 4605.6617500000002 0.61276795670054518 7.3326693780489167 0 5083.5082946428583 3169.8525000000004 0.64058307198457864 5467.5017500000013
decision_type=2 8 2 2 9 8 10 2 8
left_child=3 -2 -3 4 5 -1 8 -8 -6
right_child=1 2 -4 -5 6 -7 7 -9 -10
leaf_value=-0.65830609507560733 0.82956726059236174 -5.0934895565834921 0.28374029580961196 2.7405119264693489 0.27572263674094127 3.8983785604036627 2.1638782743202607 -1.6223080345877894 -2.7022902607917789
leaf_weight=125 183 110 114 105 104 124 184 108 161
leaf_count=125 183 110 114 105 104 124 184 108 161
internal_value=0 -0.924144 -2.35686 0.554792 0.270051 1.54869 -0.323544 0.763508 -1.53356
internal_weight=0 407 224 911 806 249 557 292 265
internal_count=1318 407 224 911 806 249 557 292 265
cat_boundaries=0 1
cat_threshold=194
is_linear=0
shrinkage=0.05


Tree=526
num_leaves=9
num_cat=0
split_feature=11 14 11 14 11 8 13 8
split_gain=150528 165274 379700 226204 280698 272502 493851 254307
threshold=1461.8552500000003 801.179125 7609.636125 -429.63075000000021 4023.7812500000005 0.85164508712988651 5124.4507886904767 0.91049964949710194
decision_type=10 10 10 10 10 2 10 2
left_child=-1 3 -3 -2 7 -6 -7 -5
right_child=1 2 -4 4 5 6 -8 -9
leaf_value=-1.5091084945685156 -1.1481129857931245 -2.4211996636104063 1.0382087305188179 0.59791489523700159 2.1206419044786746 1.6129078472208265 -2.714761505399319 3.9016507856804754
leaf_weight=185 178 183 140 117 111 117 151 116
leaf_count=185 178 183 140 117 111 117 151 116
internal_value=0 0.0311101 -0.921766 0.420704 0.876993 0.0373944 -0.825443 2.24269
internal_weight=0 1113 323 790 612 379 268 233
internal_count=1298 1113 323 790 612 379 268 233
is_linear=0
shrinkage=0.05


Tree=527
num_leaves=11
num_cat=0
split_feature=15 10 10 16 14 14 15 8 10 13
split_gain=184498 347035 399038 259714 430952 372898 350456 277585 367210 112699
threshold=3.2525183073862949 4025.8915000000006 3246.8245000000002 0.52432187663210805 -522.977125 1269.8450000000005 6.1076816014934847 0.85359627944782701 6559.1576250000007 5102.5891592261914
decision_type=2 2 2 2 10 10 2 2 2 8
left_child=9 2 -2 6 -5 7 -3 -6 -9 -1
right_child=1 3 -4 4 5 -7 -8 8 -10 -11
leaf_value=-0.47544659004298923 -0.082911382793490571 -3.6232151845470071 4.0446762805947891 -2.8349747772400198 3.3600353616180003 -1.8741989996844688 0.055497315457759017 2.0070064947176518 -1.520506060807892 -2.793721024913363
leaf_weight=109 134 128 104 104 123 113 131 178 126 101
leaf_count=109 134 128 104 104 123 113 131 178 126 101
internal_value=0 0.0222267 1.72074 -0.425444 0.112307 0.679932 -1.76255 1.35585 0.544945 -1.59043
internal_weight=0 1141 238 903 644 540 259 427 304 210
internal_count=1351 1141 238 903 644 540 259 427 304 210
is_linear=0
shrinkage=0.05


Tree=528
num_leaves=9
num_cat=0
split_feature=15 16 13 8 16 0 14 5
split_gain=219875 280470 270713 471607 262914 209233 186694 154897
threshold=7.7536253625362539 0.19766143280994755 4931.5767633928581 0.84028210446687079 0.52432187663210805 4.7720647064706485 576.58362500000044 3.5000000000000004
decision_type=2 2 10 2 2 2 10 2
left_child=1 -1 5 -4 -5 -3 -6 -2
right_child=7 2 3 4 6 -7 -8 -9
leaf_value=1.7859727261113187 0.08250422104545263 1.6246245535497132 -3.8593111831723279 -2.589430598697616 -0.68752205087078944 -0.7136456101491887 1.8459855246006467 2.5630794908610182
leaf_weight=153 115 197 131 103 180 186 122 139
leaf_count=153 115 197 131 103 180 186 122 139
internal_value=0 -0.196136 -0.526128 -1.25154 -0.408037 0.489068 0.335948 1.43998
internal_weight=0 1072 919 536 405 383 302 254
internal_count=1326 1072 919 536 405 383 302 254
is_linear=0
shrinkage=0.05


Tree=529
num_leaves=11
num_cat=0
split_feature=14 15 12 8 12 14 2 2 7 10
split_gain=262723 200990 559070 464480 321254 438900 682298 473998 259210 263064
threshold=-744.34987500000034 3.8069293040415153 5654.4018750000005 0.90207405283405706 5280.3630000000012 582.11449999999979 131.75755563044609 219.24368136690973 0.29317302245953819 7924.3781250000011
decision_type=8 2 10 2 10 10 2 2 2 2
left_child=-1 2 3 -2 5 6 -3 -8 -6 -10
right_child=1 4 -4 -5 8 -7 7 -9 9 -11
leaf_value=2.1928931813654695 -0.55098609310739188 3.2190072549886453 1.6365503804683685 -5.3344303629185896 -2.8062382494126048 2.7964632958173752 -4.0772538612936149 0.13814671275305884 1.8139081192016602 -1.8038349107350453
leaf_weight=115 102 108 100 101 140 184 107 177 100 101
leaf_count=115 102 108 100 101 140 184 107 177 100 101
internal_value=0 -0.307053 -1.42351 -2.93093 0.0618517 0.781923 -0.163677 -1.45005 -1.15446 -0.00396276
internal_weight=0 1220 303 203 917 576 392 284 341 201
internal_count=1335 1220 303 203 917 576 392 284 341 201
is_linear=0
shrinkage=0.05


Tree=530
num_leaves=10
num_cat=0
split_feature=14 5 5 15 0 13 7 0 14
split_gain=213563 312146 249936 232944 625020 374940 293237 257120 200728
threshold=-720.7254999999999 4.5000000000000009 5.5000000000000009 8.2526224844706721 6.6501830738629417 5746.8981250000006 -0.0405627603679901 5.3820562611816749 448.07687500000026
decision_type=10 2 2 2 2 10 2 2 10
left_child=1 -1 3 4 5 6 -2 -8 -7
right_child=2 -3 -4 -5 -6 8 7 -9 -10
leaf_value=3.0095464602693336 -3.1167135810642912 -0.57806367486715315 2.0641614798485768 1.5805380558116096 -3.6635319659113885 -0.26346901362796998 1.2637722475748314 -1.861982354714439 2.5216980689979462
leaf_weight=154 114 100 127 140 140 106 152 116 166
leaf_count=154 114 100 127 140 140 106 152 116 166
internal_value=0 1.5971 -0.0169636 -0.299943 -0.631514 0.0175417 -0.992675 -0.0891663 1.4363
internal_weight=0 254 1061 934 794 654 382 268 272
internal_count=1315 254 1061 934 794 654 382 268 272
is_linear=0
shrinkage=0.05


Tree=531
num_leaves=10
num_cat=0
split_feature=7 12 12 16 8 7 14 0 0
split_gain=208568 339943 293817 445884 232001 292332 325330 246029 391648
threshold=0.49840052098464266 2696.1723750000006 2696.1723750000006 0.87928237268171239 0.97656281633560649 0.10577286572386595 737.58000000000004 4.5459684857374638 6.1313145203409247
decision_type=2 8 10 2 2 2 8 2 2
left_child=1 -1 -2 -4 7 6 -6 -3 -9
right_child=2 4 3 -5 5 -7 -8 8 -10
leaf_value=1.8903130773912395 -1.4134536348085489 0.02808947777375579 3.8133752133131029 -0.25512549272955282 0.53898552924831766 2.1585322187942206 -3.0658066942057478 -4.2432010992271145 -0.64265065337930416
leaf_weight=114 113 128 125 146 147 103 109 164 140
leaf_count=114 113 128 125 146 147 103 109 164 140
internal_value=0 -0.662296 0.728394 1.62149 -1.03018 -0.0908447 -0.995867 -1.81079 -2.58505
internal_weight=0 905 384 271 791 359 256 432 304
internal_count=1289 905 384 271 791 359 256 432 304
is_linear=0
shrinkage=0.05


Tree=532
num_leaves=11
num_cat=0
split_feature=10 15 10 12 4 11 5 3 16 15
split_gain=177856 236570 423894 335315 323158 298763 224513 360851 154541 101675
threshold=7650.0631250000015 4.636049716082721 4025.8915000000006 5878.9408750000011 6.5000000000000009 4284.1401250000008 3.5000000000000004 0.71199561310555548 0.69742946516873972 7.7746913580246924
decision_type=2 2 2 10 2 10 2 2 2 2
left_child=1 3 -3 5 -4 8 7 -6 -1 -2
right_child=9 2 4 -5 6 -7 -8 -9 -10 -11
leaf_value=0.91126685588159306 -2.5903219184072892 3.5108172379564824 2.6835084125107413 1.4536203521443165 -3.2651350391097367 -3.5247304370732815 0.94918909284765329 0.4677366208484155 -1.7760239591108307 -0.46840290660038592
leaf_weight=107 101 114 102 127 128 123 173 131 107 128
leaf_count=107 101 114 102 127 128 123 173 131 107 128
internal_value=0 0.125932 0.743051 -0.735907 0.152179 -1.56104 -0.445496 -1.37708 -0.432379 -1.40427
internal_weight=0 1112 648 464 534 337 432 259 214 229
internal_count=1341 1112 648 464 534 337 432 259 214 229
is_linear=0
shrinkage=0.05


Tree=533
num_leaves=10
num_cat=0
split_feature=13 4 13 4 10 10 11 16 10
split_gain=268528 282539 600108 284398 318424 494387 458233 208139 191363
threshold=7384.4301934523819 14.500000000000002 6830.154145833335 11.500000000000002 3627.9993750000008 6217.5320000000002 5746.4165000000012 0.68824104632685501 5987.3358750000016
decision_type=10 2 8 2 2 2 8 2 2
left_child=1 3 8 4 7 6 -6 -1 -3
right_child=-2 2 -4 -5 5 -7 -8 -9 -10
leaf_value=3.5760796390880238 -2.0414122415156593 1.7424989893121852 4.9615150090526132 -1.8491774128543008 0.35304949131011965 1.8370564151859885 -4.0007968535790077 0.47134275408285975 -0.59320848657373793
leaf_weight=110 105 180 102 162 125 159 117 106 171
leaf_count=110 105 180 102 162 125 159 117 106 171
internal_value=0 0.592679 1.58562 0.0152686 0.504799 -0.328853 -1.75191 2.05246 0.60459
internal_weight=0 1232 453 779 617 401 242 216 351
internal_count=1337 1232 453 779 617 401 242 216 351
is_linear=0
shrinkage=0.05


Tree=534
num_leaves=11
num_cat=0
split_feature=11 10 12 5 12 3 13 5 3 5
split_gain=211595 237827 191234 338939 362955 276339 435886 466456 395262 215342
threshold=2153.2641250000006 3743.7526250000005 2213.5533750000004 5.5000000000000009 8026.7225000000008 0.73084614290143624 6438.9044062500006 2.5000000000000004 0.68729820351623805 2.5000000000000004
decision_type=10 2 10 2 10 2 10 2 2 2
left_child=1 -1 -2 4 5 6 8 -8 9 -4
right_child=2 -3 3 -5 -6 -7 7 -9 -10 -11
leaf_value=-0.2439482775227777 -1.8316682146145749 3.0087902567802223 0.70897434856984531 2.1614220462996387 2.2065999635520881 -3.2869610108796836 0.059941187381744393 -4.7694268779754641 3.1045950192157354 -2.1875634397159924
leaf_weight=116 182 109 154 145 109 103 100 100 107 110
leaf_count=116 182 109 154 145 109 103 100 100 107 110
internal_value=0 1.33182 -0.349731 -0.0590929 -0.470299 -0.90321 -0.473217 -2.35474 0.541083 -0.497916
internal_weight=0 225 1110 928 783 674 571 200 371 264
internal_count=1335 225 1110 928 783 674 571 200 371 264
is_linear=0
shrinkage=0.05


Tree=535
num_leaves=9
num_cat=0
split_feature=11 14 14 0 16 10 14 11
split_gain=200833 307907 532504 211120 571604 513407 231234 321586
threshold=8607.1571250000015 964.03387500000019 571.29187499999955 6.2815892700381157 0.91040354035403548 5497.1775000000007 -851.14649999999926 4023.7812500000005
decision_type=10 10 10 2 2 2 10 10
left_child=1 2 3 5 -5 6 -1 -8
right_child=-2 -3 -4 4 -6 -7 7 -9
leaf_value=1.9009817381351315 -2.0334029590606693 2.1907057520250479 -2.7820534706812854 4.1194045470471972 -0.57088611496994834 -3.4979646647330562 1.2866063152263367 -1.8775457209736637
leaf_weight=171 125 150 171 114 151 101 153 169
leaf_count=171 125 150 171 114 151 101 153 169
internal_value=0 0.074239 -0.233984 0.273256 1.44682 -0.250305 0.415037 -0.374082
internal_weight=0 1180 1030 859 265 594 493 322
internal_count=1305 1180 1030 859 265 594 493 322
is_linear=0
shrinkage=0.05


Tree=536
num_leaves=10
num_cat=0
split_feature=14 12 10 12 7 11 3 11 12
split_gain=234143 580743 786516 292937 312280 572662 276411 496668 258175
threshold=66.141624999999991 2972.1767500000005 6534.5297500000006 7680.4096250000011 0.11129445540687362 6629.5200000000013 0.60994408008824508 3745.6841250000002 3379.0362500000006
decision_type=8 8 2 10 2 8 2 10 10
left_child=1 -1 -3 4 5 -2 8 -8 -6
right_child=3 2 -4 -5 6 -7 7 -9 -10
leaf_value=2.1938880466520785 0.53085769546443018 -0.37422353448580259 -5.7740567716897706 2.7744089647580727 -2.1617253151939564 -4.3874796526432034 4.4935625049303161 0.028493584899712873 0.81929200354801568
leaf_weight=100 145 199 102 109 120 100 106 151 184
leaf_count=100 145 199 102 109 120 100 106 151 184
internal_value=0 -1.10732 -2.20407 0.341639 0.0126417 -1.47663 0.663035 1.87012 -0.357425
internal_weight=0 401 301 915 806 245 561 257 304
internal_count=1316 401 301 915 806 245 561 257 304
is_linear=0
shrinkage=0.05


Tree=537
num_leaves=9
num_cat=0
split_feature=14 14 11 10 0 7 7 8
split_gain=431700 307901 208497 175198 400156 362976 113337 108495
threshold=-744.34987500000034 -294.30324999999988 1901.4648750000003 5590.8848750000006 6.512444299985555 0.53547705922527367 0.031852830198467741 0.96725919451970954
decision_type=8 8 10 2 2 2 2 2
left_child=-1 -2 -3 6 -5 -6 -4 -8
right_child=1 2 3 4 5 -7 7 -9
leaf_value=3.2637488179736667 -2.5085813846504479 -1.3539677415720441 0.79547553748795485 3.174298838726775 -1.4456128412485123 2.3598551811234465 0.004394374938493365 -1.9930077586390755
leaf_weight=108 114 176 198 167 160 103 178 110
leaf_count=108 114 176 198 167 160 103 178 110
internal_value=0 -0.0359421 0.222191 0.525033 1.26017 0.0447416 -0.1254 -0.758502
internal_weight=0 1206 1092 916 430 263 486 288
internal_count=1314 1206 1092 916 430 263 486 288
is_linear=0
shrinkage=0.05


Tree=538
num_leaves=10
num_cat=0
split_feature=13 13 10 10 13 16 16 13 3
split_gain=141562 252197 243707 337580 360423 458385 208644 403647 414146
threshold=3871.5821391369054 4594.8602090773811 2674.9426250000006 3324.9048750000006 4957.9182812500012 0.36859935993599452 0.73165372092764802 5560.4712291666674 0.65169855779463914
decision_type=8 8 2 2 8 2 2 10 2
left_child=-1 -2 -3 -4 -5 -6 -7 -8 -9
right_child=1 2 3 4 5 6 7 8 -10
leaf_value=-1.882064483821392 2.1140754501024883 1.8177758011994538 -3.1415330116565414 -2.6033229226157779 2.6512083743669974 -2.0059767681976846 2.3663319444322921 1.3152090334516811 -2.4356362100073272
leaf_weight=100 135 135 104 126 161 145 143 127 175
leaf_count=100 135 135 104 126 161 145 143 127 175
internal_value=0 0.072918 -0.173996 -0.448093 -0.128689 0.286496 -0.35879 0.177934 -0.858294
internal_weight=0 1251 1116 981 877 751 590 445 302
internal_count=1351 1251 1116 981 877 751 590 445 302
is_linear=0
shrinkage=0.05


Tree=539
num_leaves=11
num_cat=0
split_feature=15 5 16 16 11 13 1 12 16 12
split_gain=211436 314794 209989 297269 165410 360798 333153 288742 206190 118603
threshold=7.016993366003268 1.0000000180025095e-35 0.901297074151859 1.5689207809669858 5085.1936250000008 6315.4483363095251 21.354369716726811 5256.165750000001 0.68824104632685501 6386.7641250000006
decision_type=2 2 2 2 8 8 2 10 2 10
left_child=1 -1 -2 -4 7 9 -7 8 -3 -6
right_child=2 4 3 -5 5 6 -8 -9 -10 -11
leaf_value=-1.9674282428872496 0.57934507958350645 2.218750380516052 -3.6717590861743497 -0.20958298406293319 1.6694575993814202 2.2509131673391507 -1.4539267803493301 -2.324858231898749 -0.68908660912714081 4.0523233771324163
leaf_weight=131 124 125 124 124 107 101 152 106 119 102
leaf_count=131 124 125 124 124 107 101 152 106 119 102
internal_value=0 0.306987 -1.10067 -1.94067 0.673919 1.29505 0.0250805 -0.145979 0.800584 2.83239
internal_weight=0 943 372 248 812 462 253 350 244 209
internal_count=1315 943 372 248 812 462 253 350 244 209
is_linear=0
shrinkage=0.05


Tree=540
num_leaves=11
num_cat=1
split_feature=0 15 10 9 13 15 13 7 15 14
split_gain=203782 327886 400469 343680 389514 312491 307506 144319 187145 71280.8
threshold=7.7523391228011702 6.1076816014934847 7263.7992500000009 0 5071.9340029761916 6.9840178462290687 4666.4050074404777 0.50481153556350622 4.4750002778055586 -658.70575000000019
decision_type=2 2 2 9 8 2 10 2 2 10
left_child=1 3 5 4 -1 -3 9 8 -8 -5
right_child=-2 2 -4 6 -6 -7 7 -9 -10 -11
leaf_value=-0.89848822860030442 -2.0754568965622671 2.0974599194526671 3.5274880769517689 -0.55289583439920464 3.2626161222917993 -1.0054425904324635 -1.2202099750342879 -0.52788808393006281 -4.0986239790439605 1.3256934287548066
leaf_weight=111 108 140 135 102 114 193 103 101 125 100
leaf_count=111 108 140 135 102 114 193 103 101 125 100
internal_value=0 0.190244 1.23035 -0.453633 1.15832 0.299081 -1.13707 -2.1013 -2.79829 0.377099
internal_weight=0 1224 468 756 225 333 531 329 228 202
internal_count=1332 1224 468 756 225 333 531 329 228 202
cat_boundaries=0 1
cat_threshold=194
is_linear=0
shrinkage=0.05


Tree=541
num_leaves=11
num_cat=0
split_feature=4 11 13 16 10 3 15 14 15 10
split_gain=251004 216509 243363 207680 237379 336733 242548 202292 178843 79260.3
threshold=1.5000000000000002 8113.5491250000005 6965.8672224702395 0.54449889433387721 2721.4547500000003 0.71397731184781044 7.1606174506339535 326.48500000000018 4.8734956829016243 3927.5505000000003
decision_type=2 10 10 2 2 2 2 10 2 2
left_child=-1 2 3 7 -5 6 8 9 -6 -2
right_child=1 -3 -4 4 5 -7 -8 -9 -10 -11
leaf_value=-2.5948211875557901 -1.0269862991922041 1.6778775022043626 -2.5885732915141797 2.7356678061625539 1.1232833556577464 -1.8654004469320373 2.731094946972723 -2.5663484770198206 -1.6176341419219971 0.93934197286957688
leaf_weight=100 102 168 101 102 147 154 123 129 100 103
leaf_count=100 102 168 101 102 147 154 123 129 100 103
internal_value=0 0.0101127 -0.253963 -0.00834267 0.528834 0.09926 0.916984 -1.01515 0.0136002 -0.0390262
internal_weight=0 1229 1061 960 626 524 370 334 247 205
internal_count=1329 1229 1061 960 626 524 370 334 247 205
is_linear=0
shrinkage=0.05


Tree=542
num_leaves=11
num_cat=0
split_feature=13 0 11 10 0 0 15 11 8 4
split_gain=185230 284239 173770 252095 312556 298825 591034 349122 347734 523961
threshold=3808.4850163690476 4.5899326043715485 2471.5736250000004 2919.6167500000006 4.3265715460434935 6.0914341434143422 5.1317617872898413 4474.1850000000004 0.83762026153657965 16.500000000000004
decision_type=10 2 10 2 2 2 2 10 2 2
left_child=1 -1 -2 -4 -5 6 -6 -7 -9 -10
right_child=2 -3 3 4 5 7 -8 8 9 -11
leaf_value=0.071060954084220737 1.7807335957613859 -3.5239677942461443 1.8559217184529466 -3.2368270626068121 -1.2993616853239975 -3.7378435723781589 2.8234719622318307 2.0261860795462363 0.94583807353462501 -3.8905970948083062
leaf_weight=112 110 108 118 100 169 100 179 104 112 112
leaf_count=112 110 108 118 100 169 100 179 104 112 112
internal_value=0 -1.69377 -0.104953 -0.31363 -0.605876 -0.266836 0.821291 -1.15157 -0.363078 -1.47238
internal_weight=0 220 1104 994 876 776 348 428 328 224
internal_count=1324 220 1104 994 876 776 348 428 328 224
is_linear=0
shrinkage=0.05


Tree=543
num_leaves=10
num_cat=0
split_feature=13 11 13 15 13 4 5 12 1
split_gain=312915 347365 305086 498340 279998 292610 866294 566823 260984
threshold=4760.9137745535727 4992.4027500000011 5469.2313831845249 6.1298588192152561 6024.8598586309536 14.500000000000002 3.5000000000000004 6925.1222500000013 27.734854954911729
decision_type=8 8 8 2 8 2 2 8 2
left_child=1 -1 3 -2 -4 6 8 -7 -6
right_child=2 -3 4 -5 5 7 -8 -9 -10
leaf_value=0.028080528813921764 0.16065295397308824 -3.4733966280774378 -2.0745381180024309 4.3073701233699406 -0.16841386388987303 -0.58873964537744938 -3.7344098997743509 4.5583760991096502 3.2218710815205291
leaf_weight=167 193 123 151 116 128 115 133 100 102
leaf_count=167 193 123 151 116 128 115 133 100 102
internal_value=0 -1.45703 0.400709 1.71735 -0.157374 0.343477 -0.522321 1.80527 1.3351
internal_weight=0 290 1038 309 729 578 363 215 230
internal_count=1328 290 1038 309 729 578 363 215 230
is_linear=0
shrinkage=0.05


Tree=544
num_leaves=10
num_cat=0
split_feature=12 5 4 12 12 14 14 14 5
split_gain=186602 193295 421234 601911 354491 593645 256877 506677 112105
threshold=8312.1225000000013 3.5000000000000004 16.500000000000004 3334.4725000000003 6801.9046250000001 -322.82487499999996 974.67025000000001 421.48624999999953 1.5000000000000002
decision_type=10 2 2 10 8 10 10 10 2
left_child=1 4 3 -3 6 -6 7 8 -1
right_child=-2 2 -4 -5 5 -7 -8 -9 -10
leaf_value=0.36798638553484114 -1.9579075956807555 -1.8801416565540923 3.3217714919266133 2.0946751898232225 0.52406850580511433 -4.6651955579859878 2.7186953590648013 -2.4973920938076706 2.5566576116085056
leaf_weight=141 103 189 141 192 116 105 101 141 100
leaf_count=141 103 189 141 192 116 105 101 141 100
internal_value=0 0.257875 0.986974 0.122916 -0.282736 -1.94142 0.476207 -0.116703 1.27615
internal_weight=0 1226 522 381 704 221 483 382 241
internal_count=1329 1226 522 381 704 221 483 382 241
is_linear=0
shrinkage=0.05


Tree=545
num_leaves=11
num_cat=0
split_feature=13 13 3 3 15 4 13 3 13 11
split_gain=141192 355993 201490 404255 427965 275857 285445 286409 208576 167343
threshold=6734.5962790178583 7384.4301934523819 0.58385194694120723 0.54778829968049425 4.2495332866620013 18.500000000000004 4660.0974858630971 0.7112217373707711 5267.8024561011907 4023.7812500000005
decision_type=10 10 2 2 2 2 10 2 10 10
left_child=2 -2 3 4 9 6 -4 -8 -9 -1
right_child=1 -3 5 -5 -6 -7 7 8 -10 -11
leaf_value=2.6083714713554573 2.5547755965267323 -1.1129322265901349 -1.7774226782772993 3.4038074970245362 -2.6418872577363048 -2.8421075024302045 2.8748681596681185 1.2762322641835355 -1.8846094260613127 -0.20430197227108585
leaf_weight=101 166 110 185 102 116 126 102 101 108 111
leaf_count=101 166 110 185 102 116 126 102 101 108 111
internal_value=0 1.09301 -0.177598 0.654645 -0.200277 -0.752943 -0.222228 0.702888 -0.357121 1.1357
internal_weight=0 276 1052 430 328 622 496 311 209 212
internal_count=1328 276 1052 430 328 622 496 311 209 212
is_linear=0
shrinkage=0.05


Tree=546
num_leaves=10
num_cat=0
split_feature=10 15 12 3 13 10 10 7 11
split_gain=141875 268144 229256 322864 329418 417350 438587 371972 368332
threshold=2013.4711250000003 3.2134227311620061 7213.3506250000009 0.50441687681469582 7384.4301934523819 7263.7992500000009 5225.0711250000013 0.15211460679705976 5096.2043750000003
decision_type=2 2 10 2 8 2 2 2 10
left_child=-1 -2 3 -3 5 6 7 -5 -8
right_child=1 2 -4 4 -6 -7 8 -9 -10
leaf_value=1.670326500611568 -2.5913883461996363 2.7861047258743876 -1.6240138774477568 -0.34970052288957393 -2.1935376347766984 2.5123278008825953 -3.958113909076463 3.5105182142257689 -0.029502200156219245
leaf_weight=109 108 117 179 166 144 179 111 100 129
leaf_count=109 108 117 179 166 144 179 111 100 129
internal_value=0 -0.211607 0.0168517 0.327333 -0.0196835 0.437302 -0.296749 1.10151 -1.84649
internal_weight=0 1233 1125 946 829 685 506 266 240
internal_count=1342 1233 1125 946 829 685 506 266 240
is_linear=0
shrinkage=0.05


Tree=547
num_leaves=11
num_cat=0
split_feature=13 13 14 13 3 13 3 11 8 0
split_gain=239953 181861 227685 295298 278159 369509 661769 268359 263111 116674
threshold=6801.7100691964288 3871.5821391369054 1295.119375 4625.3227596726201 0.50342616797796447 5047.1090840773822 0.69613980361678729 6565.8356250000006 0.9442956573789022 6.4888474958606981
decision_type=10 8 10 8 2 8 2 8 2 2
left_child=1 -1 3 -3 -5 -6 7 -7 -8 -2
right_child=9 2 -4 4 5 6 8 -9 -10 -11
leaf_value=-2.2972869657053807 2.498867977783084 2.4408493108807074 -2.3307306077220651 -2.1472974668757447 -1.8063989107565182 1.2784422636032104 0.65248388660714984 4.6199210164783242 -2.5257648485258595 0.28909177788134133
leaf_weight=101 128 124 101 147 164 131 141 111 121 112
leaf_count=101 128 124 101 147 164 131 141 111 121 112
internal_value=0 -0.271689 -0.0749719 0.16766 -0.178199 0.25512 0.925932 2.8111 -0.815333 1.46764
internal_weight=0 1141 1040 939 815 668 504 242 262 240
internal_count=1381 1141 1040 939 815 668 504 242 262 240
is_linear=0
shrinkage=0.05


Tree=548
num_leaves=10
num_cat=0
split_feature=11 3 16 13 12 12 0 8 16
split_gain=216905 194910 190278 338591 306142 373449 303405 290216 263306
threshold=2673.2261250000006 0.46741392184506253 1.1748133146647997 5029.6087202380959 3465.9887500000009 5505.5550000000012 5.0157932459912669 0.97847079604404563 1.7062567367847905
decision_type=8 2 2 8 8 8 2 2 2
left_child=-1 -2 3 -3 -5 -6 -7 8 -4
right_child=1 2 7 4 5 6 -8 -9 -10
leaf_value=-1.8107317658704383 2.1246749662768063 -2.4381068522515505 1.1779407745562727 -2.2522592027630428 2.9031410234708055 1.6016730395414063 -1.7187339196060645 3.0018456056296272 -2.0592707446477947
leaf_weight=172 107 184 161 113 130 118 165 107 103
leaf_count=172 107 184 161 113 130 118 165 107 103
internal_value=0 0.0890395 -0.112453 -0.591975 0.0538201 0.684781 -0.334253 0.805232 -0.0850622
internal_weight=0 1188 1081 710 526 413 283 371 264
internal_count=1360 1188 1081 710 526 413 283 371 264
is_linear=0
shrinkage=0.05


Tree=549
num_leaves=10
num_cat=0
split_feature=16 0 16 4 14 14 12 12 8
split_gain=251020 335859 307661 357480 403282 256380 151274 322572 320065
threshold=1.8809867097820903 7.6260028780655853 0.19766143280994755 14.500000000000002 606.31137500000034 -946.69475 3846.0587500000006 5088.5527500000007 0.94864129199499481
decision_type=2 2 2 2 10 10 8 10 2
left_child=1 2 -1 5 -5 -4 -7 -8 -9
right_child=-2 -3 3 4 -6 6 7 8 -10
leaf_value=1.9899864708665032 2.1462210747988326 -3.0438234845797223 -3.2746853500883155 2.5046790446088618 -1.3153009042546557 0.55080838751919725 -2.8640905489092288 -1.8574621174335482 2.1429452661275863
leaf_weight=159 115 102 107 183 111 188 161 100 100
leaf_count=159 115 102 107 183 111 188 161 100 100
internal_value=0 -0.298195 -0.0456663 -0.38637 1.06244 -1.03569 -0.599305 -1.19826 0.142742
internal_weight=0 1211 1109 950 294 656 549 361 200
internal_count=1326 1211 1109 950 294 656 549 361 200
is_linear=0
shrinkage=0.05


Tree=550
num_leaves=10
num_cat=0
split_feature=7 12 13 12 16 13 16 4 12
split_gain=259583 294279 193227 296745 195092 265962 306954 195106 366133
threshold=0.02595509350583269 3212.3787500000003 7888.0297842261916 8858.6746250000015 1.4897031369803651 6037.4356845238099 0.814117522863398 5.5000000000000009 4052.0387500000006
decision_type=2 10 8 8 2 10 2 2 10
left_child=1 -1 3 4 5 7 -7 -2 -9
right_child=2 -3 -4 -5 -6 6 -8 8 -10
leaf_value=3.2539606405727906 1.8679332575500014 0.1664757037637653 -1.9827090745791793 -2.0742643774003908 -1.1785959572445417 0.67873266989158265 4.284685158610344 -2.9718463504089501 0.91160651252303326
leaf_weight=134 100 182 128 133 141 144 100 106 142
leaf_count=134 100 182 128 133 141 144 100 106 142
internal_value=0 1.47573 -0.169431 0.0985826 0.492837 0.890932 2.15658 0.00352223 -0.748256
internal_weight=0 316 994 866 733 592 244 348 248
internal_count=1310 316 994 866 733 592 244 348 248
is_linear=0
shrinkage=0.05


Tree=551
num_leaves=10
num_cat=0
split_feature=13 0 0 0 7 5 13 16 10
split_gain=178262 231464 139623 391114 272909 252566 221559 236293 345500
threshold=3808.4850163690476 4.7720647064706485 6.4359422053316448 6.8615917147270293 0.49840052098464266 4.5000000000000009 6691.8105424107152 0.87928237268171239 3662.8778750000006
decision_type=10 2 2 2 2 2 10 2 2
left_child=1 -1 4 -4 6 -5 7 8 -2
right_child=2 -3 3 5 -6 -7 -8 -9 -10
leaf_value=-0.059884286626377181 0.72674721225653549 -3.2277383761498535 -2.9209962821188777 1.6141348886454179 2.4935175739935715 -1.5063888643147811 1.9313472114377104 0.79302444836618946 -3.0664242085572835
leaf_weight=131 101 103 131 167 137 106 118 196 148
leaf_count=131 101 103 131 167 137 106 118 196 148
internal_value=0 -1.45428 0.0649884 -0.675166 0.492163 0.402503 0.00515533 -0.50561 -1.52783
internal_weight=0 234 1104 404 700 273 563 445 249
internal_count=1338 234 1104 404 700 273 563 445 249
is_linear=0
shrinkage=0.05


Tree=552
num_leaves=11
num_cat=0
split_feature=8 10 13 13 13 13 4 14 11 12
split_gain=185035 176695 197975 254206 452739 228659 286382 369407 198419 170440
threshold=0.75300874312020383 2556.1753750000007 7888.0297842261916 6024.8598586309536 5560.4712291666674 5050.7033965773817 6.5000000000000009 480.08200000000039 5430.5123750000012 5178.5242500000013
decision_type=2 2 8 10 10 10 2 10 10 10
left_child=-1 -2 3 4 5 6 -3 -8 -5 -10
right_child=1 2 -4 8 -6 -7 7 -9 9 -11
leaf_value=-1.8595350007122418 2.2394199541129107 1.8562512212565967 -1.7531410930618163 3.0174209496006372 -3.0529059613316227 2.0717818608900318 -2.7566504989015428 1.0678596257887505 1.9898622445621581 -0.78952808919160267
leaf_weight=106 109 112 124 128 116 147 152 108 106 115
leaf_count=106 109 112 124 128 116 147 152 108 106 115
internal_value=0 0.31857 0.129606 0.366862 -0.228924 0.402254 -0.257478 -1.16801 1.45089 0.543573
internal_weight=0 1217 1108 984 635 519 372 260 349 221
internal_count=1323 1217 1108 984 635 519 372 260 349 221
is_linear=0
shrinkage=0.05


Tree=553
num_leaves=10
num_cat=0
split_feature=8 0 7 4 5 12 8 4 12
split_gain=176304 437664 346652 220511 522418 730400 308176 493874 266453
threshold=0.97490884252009502 5.8453164760920542 0.02595509350583269 14.500000000000002 1.5000000000000002 5863.6727500000006 0.77846085266459142 10.500000000000002 4798.2103750000006
decision_type=2 2 2 2 2 10 2 2 8
left_child=3 2 -2 6 -5 -6 -1 8 -8
right_child=1 -3 -4 4 5 -7 7 -9 -10
leaf_value=-3.6166113109542772 1.2444704534034052 3.4844261935779026 -2.1607269439012255 3.426336764942095 1.8021151592654565 -3.7682869886181187 -1.1147331703730992 -3.7035192641019821 1.6251962896850374
leaf_weight=104 169 105 134 103 124 112 175 100 180
leaf_count=104 169 105 134 103 124 112 175 100 180
internal_value=0 0.702556 -0.261458 -0.550886 0.455241 -0.841466 -1.16104 -0.599769 0.274527
internal_weight=0 408 303 898 339 236 559 455 355
internal_count=1306 408 303 898 339 236 559 455 355
is_linear=0
shrinkage=0.05


Tree=554
num_leaves=10
num_cat=0
split_feature=14 0 0 7 14 5 3 14 13
split_gain=150698 186605 367891 324915 172379 171083 240102 127492 123138
threshold=-1542.6836249999994 5.4359644297763117 6.4359422053316448 0.41315138530344325 801.179125 2.5000000000000004 0.70156862838921941 448.07687500000026 5267.8024561011907
decision_type=10 2 2 2 10 2 2 10 10
left_child=-1 4 3 -3 7 -4 -7 8 -2
right_child=1 2 5 -5 -6 6 -8 -9 -10
leaf_value=-1.2867192550955049 0.41453906063233381 0.83953019371399518 -1.5523181303854914 4.6198490541760284 -1.9228910606298877 1.7366389463610827 -1.2602958380029752 1.6749139568969316 -1.7000927855751731
leaf_weight=166 184 130 124 101 134 187 104 102 110
leaf_count=166 184 130 124 101 134 187 104 102 110
internal_value=0 0.322598 0.893091 2.4924 -0.372757 0.00287534 0.665569 0.151783 -0.37665
internal_weight=0 1176 646 231 530 415 291 396 294
internal_count=1342 1176 646 231 530 415 291 396 294
is_linear=0
shrinkage=0.05


Tree=555
num_leaves=10
num_cat=0
split_feature=5 15 16 0 12 12 11 8 15
split_gain=184321 414665 591141 497220 244284 309039 269500 336607 218676
threshold=3.5000000000000004 5.0302113544687819 0.88290773521796628 4.1488509962107329 6801.9046250000001 5384.4587500000007 4400.7466250000007 0.88114418652073301 5.44197475303086
decision_type=2 2 2 2 10 10 10 2 2
left_child=4 3 -3 -2 5 6 7 -1 -8
right_child=1 2 -4 -5 -6 -7 8 -9 -10
leaf_value=2.4215071382305844 1.327082868235874 3.6475522625768506 -0.42437141114889193 -3.3742589173609754 -2.7130555886243073 1.8304328287641209 -3.6009941474526332 -1.1998942923236204 -0.51708164162870152
leaf_weight=110 111 185 172 114 112 147 113 154 117
leaf_count=110 111 185 172 114 112 147 113 154 117
internal_value=0 0.626196 1.68573 -1.05493 -0.558589 -0.182145 -0.78103 0.309023 -2.03222
internal_weight=0 582 357 225 753 641 494 264 230
internal_count=1335 582 357 225 753 641 494 264 230
is_linear=0
shrinkage=0.05


Tree=556
num_leaves=10
num_cat=0
split_feature=7 7 3 3 14 12 10 12 0
split_gain=232431 498209 213142 173640 503569 319711 265701 287258 247479
threshold=0.031852830198467741 0.13319269483855958 0.69613980361678729 0.6155597785876642 558.65112499999998 8242.3378750000029 7684.2328750000006 3701.6082500000002 6.4541995866253306
decision_type=2 2 2 2 8 8 2 10 2
left_child=2 -2 -1 5 8 6 7 -3 -5
right_child=1 3 -4 4 -6 -7 -8 -9 -10
leaf_value=2.5032180738449097 -3.7326726239975367 -1.2786603708267212 -0.11756576316795131 0.86478860229253773 2.9074013618667145 -3.0097964811325078 -2.1131515521521962 2.1333710986079639 -2.1634796230149442
leaf_weight=140 107 100 174 132 153 120 109 161 138
leaf_count=140 107 100 174 132 153 120 109 161 138
internal_value=0 -0.504778 1.05094 -0.126482 0.61566 -0.767148 -0.0398022 0.826079 -0.682993
internal_weight=0 1020 314 913 423 490 370 261 270
internal_count=1334 1020 314 913 423 490 370 261 270
is_linear=0
shrinkage=0.05


Tree=557
num_leaves=10
num_cat=0
split_feature=16 3 14 4 7 10 13 5 13
split_gain=187048 292225 278436 213348 379950 507945 280443 181010 83725.2
threshold=0.42280894756142257 0.50441687681469582 335.57862500000061 12.500000000000002 -0.034254965367935493 5758.8316250000016 4724.1026607142858 2.5000000000000004 5927.6305461309539
decision_type=2 2 8 2 2 2 10 2 8
left_child=2 -2 -1 6 -5 -6 -3 -8 -7
right_child=1 3 -4 4 5 8 7 -9 -10
leaf_value=0.47636365907412054 2.0103297156808169 -3.2006633802577187 -2.5018126244598866 -2.111343348934537 4.1093002615345489 -0.91161969219419081 1.3573205037249458 -1.3981270747637391 0.98104714946409244
leaf_weight=141 184 111 177 105 111 121 108 133 113
leaf_count=141 184 111 177 105 111 121 108 133 113
internal_value=0 0.213246 -1.1813 -0.199053 0.522208 1.32372 -1.12112 -0.163321 0.00236045
internal_weight=0 986 318 802 450 345 352 241 234
internal_count=1304 986 318 802 450 345 352 241 234
is_linear=0
shrinkage=0.05


Tree=558
num_leaves=10
num_cat=0
split_feature=11 10 10 0 10 14 14 10 3
split_gain=242732 316081 235694 632247 272396 481897 407998 280000 106593
threshold=2471.5736250000004 3510.0427500000005 3020.5996250000003 5.0006431198675436 6663.3981250000006 611.9962499999998 194.43887500000031 5609.1810000000014 0.6074464372320405
decision_type=10 2 2 2 2 10 10 2 2
left_child=1 -1 -2 -4 6 8 -5 -8 -6
right_child=2 -3 3 4 5 -7 7 -9 -10
leaf_value=-0.52395130092814823 1.4439057110475773 2.9505506210586656 -3.1112923267453456 3.348322598565193 -1.2532835478534794 1.542160469729726 -1.7625420652564587 1.7457267646650667 -3.5284471816108347
leaf_weight=118 165 147 197 126 101 123 127 103 105
leaf_count=118 165 147 197 126 101 123 127 103 105
internal_value=0 1.40341 -0.290551 -0.615025 0.10288 -0.934294 1.06139 -0.191448 -2.41295
internal_weight=0 265 1047 882 685 329 356 230 206
internal_count=1312 265 1047 882 685 329 356 230 206
is_linear=0
shrinkage=0.05


Tree=559
num_leaves=11
num_cat=0
split_feature=15 12 13 14 13 8 15 15 12 11
split_gain=195296 238125 508700 635731 202624 243468 183260 275159 285889 207494
threshold=6.7247127490526841 7304.1262500000012 5181.2097916666671 546.4607500000003 4910.2443452380967 0.89530026964928811 5.4834261203898178 4.6145364536453659 5754.3072500000007 8316.3065000000006
decision_type=2 8 10 10 8 2 2 2 8 8
left_child=4 2 -2 -4 5 -1 7 8 -6 -10
right_child=1 -3 3 -5 6 -7 -8 -9 9 -11
leaf_value=2.8002140816684085 -2.4850639323393509 2.9668732109617015 4.2830791817656886 -1.1282735047387142 -3.0710880438393016 -0.26571533182045309 -2.0278883679524311 1.7385539501905443 1.752531951904297 -1.4604658839726214
leaf_weight=107 105 122 116 102 106 164 182 135 100 101
leaf_count=107 105 122 116 102 106 164 182 135 100 101
internal_value=0 1.0849 0.374061 1.75116 -0.196776 0.944818 -0.692564 -0.142725 -0.969997 0.138041
internal_weight=0 445 323 218 895 271 624 442 307 201
internal_count=1340 445 323 218 895 271 624 442 307 201
is_linear=0
shrinkage=0.05


Tree=560
num_leaves=11
num_cat=0
split_feature=16 11 0 16 0 15 4 11 13 11
split_gain=187348 296754 411406 189165 221969 343532 292510 393733 270109 180871
threshold=1.3020232578813451 6852.170000000001 5.2973005633896735 1.0895381204787153 4.5459684857374638 3.4369617517307289 16.500000000000004 3462.0656250000006 6791.7650372023818 7083.7040000000006
decision_type=2 10 2 2 2 2 2 8 8 8
left_child=3 2 -2 4 5 -1 7 -6 -9 -8
right_child=1 -3 -4 -5 6 -7 9 8 -10 -11
leaf_value=-0.52488192878191986 -2.8222426761495005 -3.5560900142192846 1.2840945264348738 1.9703991175203002 0.93099017243469717 3.0321807950484652 -0.68965895313483028 -1.3454198827888026 -4.628471364449747 2.2521660616851991
leaf_weight=158 101 100 154 118 113 119 104 165 101 105
leaf_count=158 101 100 154 118 113 119 104 165 101 105
internal_value=0 -1.24762 -0.342337 0.092462 -0.163719 1.00324 -0.713461 -1.5416 -2.59199 0.788291
internal_weight=0 355 255 983 865 277 588 379 266 209
internal_count=1338 355 255 983 865 277 588 379 266 209
is_linear=0
shrinkage=0.05


Tree=561
num_leaves=10
num_cat=0
split_feature=13 3 7 16 0 3 7 4 3
split_gain=156175 188080 305025 244308 336691 256663 240331 232353 313752
threshold=7384.4301934523819 0.50342616797796447 0.33180526839621155 0.86779789090020121 6.5518107366292195 0.56693514952373192 0.031852830198467741 12.500000000000002 0.70552214405125491
decision_type=10 2 2 2 2 2 2 2 2
left_child=1 2 -1 4 5 -3 -7 -5 -9
right_child=-2 3 -4 7 -6 6 -8 8 -10
leaf_value=0.75855623235796943 -1.9685446007251741 2.4689820261270392 -2.9996247380971912 -1.8212676846981048 3.1790876334700093 1.2851518867271288 -1.7547250269305323 -1.4570011399460563 1.7303740049562149
leaf_weight=101 100 102 116 185 145 112 155 132 186
leaf_count=101 100 102 116 185 145 112 155 132 186
internal_value=0 0.0859053 -1.25043 0.371042 1.13766 0.335476 -0.479571 -0.412344 0.407313
internal_weight=0 1234 217 1017 514 369 267 503 318
internal_count=1334 1234 217 1017 514 369 267 503 318
is_linear=0
shrinkage=0.05


Tree=562
num_leaves=10
num_cat=0
split_feature=7 12 14 0 5 12 8 13 12
split_gain=232173 387388 206492 270451 436031 251679 177792 215681 391504
threshold=0.031852830198467741 3864.9356250000005 -52.435124999999964 6.5518107366292195 2.5000000000000004 3107.7450000000003 0.82702876702490424 5132.1188556547631 5701.7337500000012
decision_type=2 10 10 2 2 10 2 10 10
left_child=1 -1 3 4 -2 -4 -7 -8 -9
right_child=2 -3 5 -5 -6 6 7 8 -10
leaf_value=2.9013241923474649 -0.44452927092840872 -0.53254355960948907 -1.570837301804739 0.71298899165555552 -4.7031247318337819 2.4031042065240644 1.7030418497503252 1.1310066749220311 -3.1466755951046945
leaf_weight=154 134 176 170 102 109 113 133 115 100
leaf_count=154 134 176 170 102 109 113 133 115 100
internal_value=0 1.06993 -0.464213 -1.44778 -2.35476 0.0735518 0.679943 0.12041 -0.858613
internal_weight=0 330 976 345 243 631 461 348 215
internal_count=1306 330 976 345 243 631 461 348 215
is_linear=0
shrinkage=0.05


Tree=563
num_leaves=11
num_cat=0
split_feature=14 0 13 7 13 7 10 10 4 15
split_gain=171992 137956 419366 294024 213478 206538 335702 173187 418295 388734
threshold=-744.34987500000034 6.6501830738629417 5296.0675505952386 0.52929179376193913 6871.5982961309537 0.49840052098464266 2556.1753750000007 3246.8245000000002 14.500000000000002 5.1708462512917972
decision_type=8 2 8 2 10 2 2 2 2 2
left_child=-1 4 -3 -4 5 6 -2 -8 9 -9
right_child=1 2 3 -5 -6 -7 7 8 -10 -11
leaf_value=1.9784336822965871 1.8821687103693305 -3.4382725892283705 -1.465076127395315 2.2953766981395436 2.4352219088832934 1.5667431281790849 -2.7821535986489976 -0.20964561748343546 1.7472795378095167 -4.0186795484452018
leaf_weight=115 130 110 106 102 101 168 104 185 139 105
leaf_count=115 130 110 106 102 101 168 104 185 139 105
internal_value=0 -0.0421963 -0.941445 0.378992 0.264629 0.000814522 -0.395982 -0.951628 -0.507865 -1.58878
internal_weight=0 1250 318 208 932 831 663 533 429 290
internal_count=1365 1250 318 208 932 831 663 533 429 290
is_linear=0
shrinkage=0.05


Tree=564
num_leaves=9
num_cat=0
split_feature=0 13 13 13 4 15 4 16
split_gain=148366 381720 210811 303332 417456 260280 291134 294632
threshold=3.5096565212076771 3954.0670163690479 6019.169925595239 6965.8672224702395 14.500000000000002 8.1561128335055759 5.5000000000000009 0.86779789090020121
decision_type=2 10 10 10 2 2 2 2
left_child=-1 -2 5 4 -4 6 -3 -8
right_child=1 2 3 -5 -6 -7 7 -9
leaf_value=-1.4943004851452788 2.2126568833093967 0.41831930565507447 -0.064005756314311713 -1.0864951015241218 4.1657671194076533 1.382285368204117 -1.0048771264081333 -4.097073456804261
leaf_weight=171 178 146 140 165 100 100 187 131
leaf_count=171 178 146 140 165 100 100 187 131
internal_value=0 0.0844565 -0.306482 0.563813 1.6984 -0.931428 -1.43007 -2.27871
internal_weight=0 1147 969 405 240 564 464 318
internal_count=1318 1147 969 405 240 564 464 318
is_linear=0
shrinkage=0.05


Tree=565
num_leaves=9
num_cat=0
split_feature=8 5 14 11 13 10 11 15
split_gain=250400 245934 626121 399571 316465 201017 385480 173621
threshold=0.99660533306829857 4.5000000000000009 242.34887499999994 2471.5736250000004 4314.8293452380958 4645.7676250000013 5504.8525000000009 6.4917422297785352
decision_type=2 2 10 10 10 2 10 2
left_child=1 3 -3 -1 -5 -6 -7 -8
right_child=-2 2 -4 4 5 6 7 -9
leaf_value=2.2850400707931136 1.8945739496616447 -3.68824822296058 0.68744666038910096 -2.8917627110064608 -1.2193788306889954 2.8206393402069807 0.97473707089919859 -1.8841107596244133
leaf_weight=185 159 155 173 103 182 144 101 112
leaf_count=185 159 155 173 103 182 144 101 112
internal_value=0 -0.221815 -1.38034 0.237671 -0.352303 0.132974 0.822409 -0.528507
internal_weight=0 1155 328 827 642 539 357 213
internal_count=1314 1155 328 827 642 539 357 213
is_linear=0
shrinkage=0.05


Tree=566
num_leaves=10
num_cat=0
split_feature=10 5 11 13 13 11 13 11 5
split_gain=170980 255638 611516 499451 421858 291784 200646 179352 171298
threshold=7650.0631250000015 3.5000000000000004 3498.4912500000005 4096.0548519345248 5132.1188556547631 6361.3830000000007 6724.7786071428582 3165.6062500000003 3.5000000000000004
decision_type=2 2 10 8 10 10 10 10 2
left_child=1 3 -3 -1 7 -4 -6 -5 -2
right_child=8 2 5 4 6 -7 -8 -9 -10
leaf_value=-3.3058559033105959 0.41250991230761563 -1.0417845138584274 4.4281411822831291 0.79818615331099585 -2.1352691798988319 1.2524482933314225 0.43738228162750609 3.5765600477088064 -2.3322943715751174
leaf_weight=106 108 166 138 130 144 152 160 105 120
leaf_count=106 108 166 138 130 144 152 160 105 120
internal_value=0 0.472211 1.37833 -0.168396 0.448619 2.76364 -0.781242 2.03959 -1.03212
internal_weight=0 1101 456 645 539 290 304 235 228
internal_count=1329 1101 456 645 539 290 304 235 228
is_linear=0
shrinkage=0.05


Tree=567
num_leaves=10
num_cat=0
split_feature=13 14 16 12 16 12 0 12 13
split_gain=285421 221359 287348 336770 247437 288553 233258 196662 186015
threshold=7054.0726733630954 215.29899999999955 0.901297074151859 4425.3225000000011 0.901297074151859 3987.1552500000003 5.7400823415674909 3090.8956250000006 7319.4136011904775
decision_type=8 10 2 10 2 10 2 10 10
left_child=1 4 6 -4 7 -6 -3 -1 -2
right_child=8 2 3 -5 5 -7 -8 -9 -10
leaf_value=1.5516939819416153 2.6526631892114492 -2.0621412655919982 3.679557700041268 0.12115744399714333 -4.2840415672191137 -0.55040131125312586 0.76666370750788382 -1.2620023387710793 -0.084347063962083607
leaf_weight=107 154 157 108 173 103 104 136 148 104
leaf_count=107 154 157 108 173 103 104 136 148 104
internal_value=0 -0.309248 0.34645 1.4888 -1.1239 -2.4082 -0.749112 -0.0813533 1.54937
internal_weight=0 1036 574 281 462 207 293 255 258
internal_count=1294 1036 574 281 462 207 293 255 258
is_linear=0
shrinkage=0.05


Tree=568
num_leaves=11
num_cat=0
split_feature=3 3 13 13 13 13 8 13 0 3
split_gain=151962 231826 189199 369062 399501 293311 223818 494025 203562 200087
threshold=0.47312346682686118 0.50973065633407788 6024.8598586309536 5560.4712291666674 5098.2869188988107 6989.8039397321436 0.99089228753389758 4666.4050074404777 5.2973005633896735 0.67576227896536623
decision_type=2 2 10 10 10 10 2 10 2 2
left_child=-1 -2 3 4 6 9 7 8 -3 -4
right_child=1 2 5 -5 -6 -7 -8 -9 -10 -11
leaf_value=1.6429410874104229 -2.2159499461533594 0.00079044248456152798 3.7344759163925954 -3.1449998493377982 2.931441361997642 -0.83171359088052721 -2.3243184039517053 -2.2093013040934291 3.0183595310928477 0.76353782475704246
leaf_weight=131 122 107 103 104 102 136 126 140 117 126
leaf_count=131 122 107 103 104 102 136 126 140 117 126
internal_value=0 -0.151825 0.0855204 -0.397998 0.0845834 1.00752 -0.508028 0.120688 1.57693 2.09981
internal_weight=0 1183 1061 696 592 365 490 364 224 229
internal_count=1314 1183 1061 696 592 365 490 364 224 229
is_linear=0
shrinkage=0.05


Tree=569
num_leaves=10
num_cat=0
split_feature=16 16 14 14 11 5 13 10 13
split_gain=190254 277548 226545 333445 229031 220438 185153 430330 120054
threshold=0.54449889433387721 0.36859935993599452 1269.8450000000005 964.03387500000019 6487.3637500000004 3.5000000000000004 6463.2768534226198 6842.4301250000008 4887.6527455357145
decision_type=2 2 10 8 10 2 8 2 10
left_child=1 5 3 4 6 -1 7 8 -2
right_child=2 -3 -4 -5 -6 -7 -8 -9 -10
leaf_value=-0.99975325545991756 0.47144903198145988 -2.5825950015674941 -1.4240367988372844 3.0128862372060357 2.0630147108548806 1.7997161927281835 -2.0337446845403995 2.8556374620646241 -1.6780631357174838
leaf_weight=166 114 132 120 152 158 122 101 120 151
leaf_count=166 114 132 120 152 158 122 101 120 151
internal_value=0 -0.684039 0.601153 0.906459 0.409289 0.186133 -0.128342 0.371517 -0.753367
internal_weight=0 420 916 796 644 288 486 385 265
internal_count=1336 420 916 796 644 288 486 385 265
is_linear=0
shrinkage=0.05


Tree=570
num_leaves=11
num_cat=0
split_feature=8 5 8 14 16 14 14 8 16 14
split_gain=189746 186090 403432 443538 227998 660207 284297 411055 242647 232957
threshold=0.99660533306829857 1.5000000000000002 0.84572077968177972 271.33187499999968 0.87483748374837467 66.141624999999991 801.179125 0.86169484476275116 0.43002633596693035 1171.5847500000002
decision_type=2 2 2 10 2 8 10 2 2 8
left_child=1 2 -1 -4 6 -6 7 -3 -9 -7
right_child=-2 4 3 -5 5 9 -8 8 -10 -11
leaf_value=1.0999526811732074 1.5479594546518509 4.1540879830166153 -0.45611246145837675 -4.8692542592309564 -4.2571889656605109 1.5043863122044385 -1.2802302752448396 2.1254244752157301 -1.1990646429943002 -1.4442861454259783
leaf_weight=118 157 108 123 106 101 185 113 105 115 105
leaf_count=118 157 108 123 106 101 185 113 105 115 105
internal_value=0 -0.302384 -1.27507 -2.49888 0.103291 -0.775741 0.882659 1.6278 0.387623 0.436764
internal_weight=0 1179 347 229 832 391 441 328 220 290
internal_count=1336 1179 347 229 832 391 441 328 220 290
is_linear=0
shrinkage=0.05


Tree=571
num_leaves=10
num_cat=0
split_feature=13 7 7 12 8 12 13 4 14
split_gain=195071 292342 289457 322528 261620 368813 282593 281333 156430
threshold=5047.1090840773822 -0.0405627603679901 0.30771799597985372 1243.7531250000002 0.89406515360395356 3445.8260000000005 6062.9620312500019 16.500000000000004 230.89674999999991
decision_type=10 2 2 10 2 10 10 2 10
left_child=1 -1 -3 -4 5 -2 -7 8 -6
right_child=4 2 3 -5 7 6 -8 -9 -10
leaf_value=-2.5220403758410752 -2.8669026587773296 1.5751795798378145 -2.9813336826407393 0.63446837641242748 3.8045432556519465 -1.2185390595449221 2.1767239346248761 -0.57961729221176683 1.4098558709631828
leaf_weight=145 103 184 115 133 113 109 140 114 172
leaf_count=145 103 184 115 133 113 109 140 114 172
internal_value=0 -0.579431 0.0726018 -1.04221 0.643092 -0.350484 0.690444 1.51963 2.35933
internal_weight=0 577 432 248 751 352 249 399 285
internal_count=1328 577 432 248 751 352 249 399 285
is_linear=0
shrinkage=0.05


Tree=572
num_leaves=10
num_cat=0
split_feature=15 12 3 16 12 0 15 5 13
split_gain=177853 415571 221069 153385 162612 345287 231129 200804 106141
threshold=6.7247127490526841 7680.4096250000011 0.70415188187921507 0.25688541076329902 4472.4462500000009 5.0885241301907973 5.1708462512917972 3.5000000000000004 5098.2869188988107
decision_type=2 8 2 2 8 2 2 2 8
left_child=3 2 -2 -1 6 7 -5 8 -6
right_child=1 -3 -4 4 5 -7 -8 -9 -10
leaf_value=-1.6794176897217086 1.3733359277796893 3.717580165028572 -1.1857179782731193 -0.44550645952826146 0.52505364449127867 -2.2266841298437376 2.8431917663916799 1.9551152442818258 -1.7022584800720215
leaf_weight=173 163 100 175 111 115 187 103 134 100
leaf_count=173 163 100 175 111 115 187 103 134 100
internal_value=0 0.886098 0.048382 -0.337368 -0.0278022 -0.493002 1.13737 0.435933 -0.510905
internal_weight=0 438 338 923 750 536 214 349 215
internal_count=1361 438 338 923 750 536 214 349 215
is_linear=0
shrinkage=0.05


Tree=573
num_leaves=9
num_cat=0
split_feature=4 3 13 12 14 4 12 13
split_gain=175604 178601 193167 219179 207100 323081 590608 237258
threshold=21.500000000000004 0.46741392184506253 3808.4850163690476 7367.3225000000011 495.81787500000013 5.5000000000000009 3465.9887500000009 6640.0596130952381
decision_type=2 2 10 8 10 2 10 10
left_child=1 -1 -3 4 5 -4 -7 -6
right_child=-2 2 3 -5 7 6 -8 -9
leaf_value=1.6186172724316972 1.8353652200073871 -2.0379647789662974 2.4505567076238428 1.3281411851148892 -2.6402406041997342 -3.0935246464232327 1.20373439967958 0.093002104210226158
leaf_weight=109 103 173 111 184 197 142 183 133
leaf_count=109 103 173 111 184 197 142 183 133
internal_value=0 -0.313721 -0.501276 -0.221437 -0.59366 0.121593 -0.673837 -1.53866
internal_weight=0 1232 1123 950 766 436 325 330
internal_count=1335 1232 1123 950 766 436 325 330
is_linear=0
shrinkage=0.05


Tree=574
num_leaves=10
num_cat=0
split_feature=14 12 5 3 3 11 12 11 11
split_gain=335411 350919 300607 725257 402144 232863 208729 191025 242875
threshold=448.07687500000026 7367.3225000000011 4.5000000000000009 0.58244051218004744 0.70295330009159351 2868.1325000000002 2972.1767500000005 8113.5491250000005 6069.0785000000014
decision_type=10 8 2 2 2 10 10 10 10
left_child=2 7 4 -4 6 -6 -1 8 -2
right_child=1 -3 3 -5 5 -7 -8 -9 -10
leaf_value=0.18235022127628328 0.73842754878495875 3.4492662852706988 1.3354765621423723 -4.154422047625709 3.5087746117155527 0.24218672745186709 -2.3788344268460531 1.9679561687143226 -2.2862257785218603
leaf_weight=172 190 121 100 151 103 116 148 133 102
leaf_count=172 190 121 100 151 103 116 148 133 102
internal_value=0 1.07364 -0.537944 -1.96721 0.127633 1.77853 -1.0022 0.397281 -0.318129
internal_weight=0 546 790 251 539 219 320 425 292
internal_count=1336 546 790 251 539 219 320 425 292
is_linear=0
shrinkage=0.05


Tree=575
num_leaves=10
num_cat=0
split_feature=13 11 14 13 13 11 12 0 16
split_gain=178689 210532 167707 510198 403120 330747 266414 341190 303781
threshold=7020.3951063988106 9589.8430000000026 473.45962500000002 5746.8981250000006 6492.6215066964296 6096.9351250000009 1293.6387500000003 4.7720647064706485 1.156486481981531
decision_type=10 8 10 10 10 10 10 2 2
left_child=1 2 4 5 6 -4 -1 -8 -9
right_child=-2 -3 3 -5 -6 -7 7 8 -10
leaf_value=-1.9405282822690268 1.5583185469309491 -1.8861925527539558 0.98492641701148109 2.9974559450299485 -3.3470581690852459 -2.8291678017908986 -1.2467556287713399 3.2552042182053436 -0.1123993179662441
leaf_weight=129 150 173 130 159 104 101 151 147 123
leaf_count=129 150 173 130 159 104 101 151 147 123
internal_value=0 -0.270677 -0.00297166 0.817667 -0.492343 -0.682708 0.0474576 0.656603 1.72107
internal_weight=0 1217 1044 390 654 231 550 421 270
internal_count=1367 1217 1044 390 654 231 550 421 270
is_linear=0
shrinkage=0.05


Tree=576
num_leaves=10
num_cat=0
split_feature=11 8 14 16 15 12 3 3 7
split_gain=303948 245132 196129 238045 260938 242764 189982 187669 79048.3
threshold=2153.2641250000006 0.98946771493821706 -294.30324999999988 0.65663927503861486 6.6990740740740744 5256.165750000001 0.56783897809778294 0.63752543744624324 -0.022655687367580963
decision_type=10 2 10 2 2 8 2 2 2
left_child=7 2 -2 6 5 -5 -4 -1 -3
right_child=1 8 3 4 -6 -7 -8 -9 -10
leaf_value=0.23907767188549045 -2.140038769012317 0.17313089472990412 0.10773588867362488 1.0349608674281983 1.8615386355840244 -2.0468363455811835 -2.6894408475961131 3.1451215207099916 1.9977277387353316
leaf_weight=100 160 102 109 123 195 133 137 125 142
leaf_count=100 160 102 109 123 195 133 137 125 142
internal_value=0 -0.163223 -0.561313 -0.198908 0.483528 -0.566129 -1.45004 1.85355 1.23499
internal_weight=0 1101 857 697 451 256 246 225 244
internal_count=1326 1101 857 697 451 256 246 225 244
is_linear=0
shrinkage=0.05


Tree=577
num_leaves=9
num_cat=0
split_feature=0 14 13 13 13 6 13 14
split_gain=408074 207921 183137 340665 264188 166815 147851 244033
threshold=6.4359422053316448 -204.14612500000018 4910.2443452380967 4024.6791674107144 7044.6583288690481 1.0000000180025095e-35 5332.7113891369054 448.07687500000026
decision_type=2 10 8 10 8 2 10 10
left_child=2 -2 3 -1 6 -3 -4 -8
right_child=1 5 4 -5 -6 -7 7 -9
leaf_value=-0.5095990455207916 0.66415264816511244 -2.8124297489056884 0.73075512389878972 3.1529135837876723 1.677141383784462 -0.44072324799373752 -2.7682669767759798 0.21224158817613628
leaf_weight=104 105 194 148 163 196 120 133 142
leaf_count=104 105 194 148 163 196 120 133 142
internal_value=0 -1.26196 0.63178 1.72632 0.159661 -1.90605 -0.543474 -1.22924
internal_weight=0 419 886 267 619 314 423 275
internal_count=1305 419 886 267 619 314 423 275
is_linear=0
shrinkage=0.05


Tree=578
num_leaves=10
num_cat=0
split_feature=13 13 10 8 7 12 11 15 5
split_gain=262040 201030 195932 195868 340763 271070 300260 278426 314862
threshold=7384.4301934523819 7031.7957492559535 3060.8093750000003 0.81855491997912566 0.48437931100148762 6984.4762500000006 3117.9376250000005 4.7850576724339104 3.5000000000000004
decision_type=10 8 2 2 2 10 10 2 2
left_child=1 2 -1 -4 5 6 -5 -8 -9
right_child=-2 -3 3 4 -6 -7 7 8 -10
leaf_value=1.4036397969782957 -2.3601087741802136 1.882808056032216 -2.2913797261459488 -2.4701459960182115 1.8419244385510685 -2.7999321473969356 -1.5545741196274758 -0.06853652530837627 3.6583305981552723
leaf_weight=198 105 162 112 101 180 117 100 126 103
leaf_count=198 105 162 112 101 180 117 100 126 103
internal_value=0 0.244775 -0.0111179 -0.344994 -0.0451381 -0.666109 -0.0855109 0.64655 1.60774
internal_weight=0 1199 1037 839 727 547 430 329 229
internal_count=1304 1199 1037 839 727 547 430 329 229
is_linear=0
shrinkage=0.05


Tree=579
num_leaves=11
num_cat=0
split_feature=13 10 12 7 3 5 16 8 10 0
split_gain=191216 178327 332043 277139 298054 436250 275315 223316 182386 113653
threshold=3274.8545528273812 6534.5297500000006 9246.2960000000021 0.38524295600145436 0.70931161874798154 2.5000000000000004 1.4012915180406926 0.85698747474995696 7333.2271250000003 5.0006431198675436
decision_type=10 2 8 2 2 2 2 2 2 2
left_child=-1 2 3 4 5 -2 8 -5 -3 -6
right_child=1 6 -4 7 9 -7 -8 -9 -10 -11
leaf_value=-1.7281865337799336 0.48536081978103573 -3.1886643661204541 2.7029400226978524 0.052592841278422967 -0.34744205212593082 -3.7675643411464992 1.4366654568013892 3.3004824819371983 -0.56625490522909661 2.0363851726055144
leaf_weight=145 114 101 155 110 100 128 113 102 193 100
leaf_count=145 114 101 155 110 100 128 113 102 193 100
internal_value=0 0.192737 0.622209 0.12907 -0.583762 -1.76412 -0.660931 1.61526 -1.46715 0.844472
internal_weight=0 1216 809 654 442 242 407 212 294 200
internal_count=1361 1216 809 654 442 242 407 212 294 200
is_linear=0
shrinkage=0.05


Tree=580
num_leaves=10
num_cat=0
split_feature=13 3 1 1 13 13 11 8 15
split_gain=304427 159311 260717 252509 483876 202359 270276 175617 183707
threshold=3462.4428913690485 0.55152302345175219 18.471278528419607 37.10557006840552 5880.2598735119054 6558.8215498511909 6069.0785000000014 0.85359627944782701 4.6145364536453659
decision_type=10 2 2 2 10 10 10 2 2
left_child=-1 7 -3 4 -4 6 -5 -2 -9
right_child=1 2 3 5 -6 -7 -8 8 -10
leaf_value=1.8698970855185479 2.1879706003908388 -2.8495157176050649 -0.85251695427401319 1.0319687067739893 3.6685009690523147 -2.5540419176377203 -2.2225858363967674 -1.1988985196599422 1.519756593511385
leaf_weight=198 118 116 145 165 100 143 104 159 102
leaf_count=198 118 116 145 165 100 143 104 159 102
internal_value=0 -0.252465 -0.66418 -0.278336 0.992796 -1.03423 -0.226298 0.587258 -0.136436
internal_weight=0 1152 773 657 245 412 269 379 261
internal_count=1350 1152 773 657 245 412 269 379 261
is_linear=0
shrinkage=0.05


Tree=581
num_leaves=10
num_cat=0
split_feature=13 8 7 14 14 4 10 4 12
split_gain=314863 285946 266060 197407 267222 350030 480860 243685 164293
threshold=6965.8672224702395 0.99660533306829857 0.48695596333391661 1269.8450000000005 -52.435124999999964 7.5000000000000009 4816.6130000000003 11.500000000000002 4824.5128750000013
decision_type=8 2 2 10 10 2 2 2 10
left_child=1 3 -2 4 7 8 -7 -1 -6
right_child=2 -3 -4 -5 5 6 -8 -9 -10
leaf_value=0.48873841287998054 -0.39021374488130528 2.5261953170634501 -3.3811609128626383 -2.1339663696566631 -2.1473881831535926 -0.38964677653205931 3.5390229095694843 -2.5124121224626581 0.68387169082566068
leaf_weight=130 188 121 123 102 104 134 186 141 101
leaf_count=130 188 121 123 102 104 134 186 141 101
internal_value=0 0.244435 -1.57313 -0.0630183 0.202354 0.860549 1.89389 -1.07275 -0.752475
internal_weight=0 1019 311 898 796 525 320 271 205
internal_count=1330 1019 311 898 796 525 320 271 205
is_linear=0
shrinkage=0.05


Tree=582
num_leaves=10
num_cat=0
split_feature=10 3 12 11 1 16 8 13 11
split_gain=268614 380929 588394 528969 239382 228563 342618 245423 380339
threshold=6265.0037500000008 0.70415188187921507 6220.841625 4804.7018750000007 37.593017755495161 1.3020232578813451 0.81373347099488147 5503.4587425595246 3165.6062500000003
decision_type=2 2 10 8 2 2 2 10 10
left_child=4 2 3 -2 5 6 -1 8 -8
right_child=1 -3 -4 -5 -6 -7 7 -9 -10
leaf_value=3.1311357956273218 -1.4888477417161166 -3.809254976546411 -3.1851876405272952 3.3504106374979017 2.5251377606391907 -1.5439046035151511 -0.89833806903119306 -1.5157405044351306 2.6104996869830712
leaf_weight=105 103 101 118 125 115 169 157 175 152
leaf_count=105 103 101 118 125 115 169 157 175 152
internal_value=0 -1.10769 -0.319081 1.16425 0.399476 0.0769811 0.542057 -0.0196234 0.827692
internal_weight=0 447 346 228 873 758 589 484 309
internal_count=1320 447 346 228 873 758 589 484 309
is_linear=0
shrinkage=0.05


Tree=583
num_leaves=11
num_cat=0
split_feature=10 13 12 12 14 4 13 8 4 8
split_gain=187631 450030 184682 156277 342448 257021 240997 237513 199084 51303.8
threshold=2013.4711250000003 3346.6369174107149 8208.2975000000024 3465.9887500000009 -267.67650000000043 4.5000000000000009 6713.0132916666671 0.87246776526987591 16.500000000000004 0.94734267998499688
decision_type=2 10 10 8 8 2 10 2 2 2
left_child=-1 -2 3 7 -5 -6 8 -3 9 -7
right_child=1 2 -4 4 5 6 -8 -9 -10 -11
leaf_value=1.9135855134747446 -3.3005442073128446 -2.3863741851732381 -1.9791467346767389 3.0557633039451417 -1.7127955304632942 0.24477617812156677 2.896596498593762 0.51215890204267844 -1.5064967079226637 1.8309221189755662
leaf_weight=109 110 122 101 124 139 100 101 168 121 104
leaf_count=109 110 122 101 124 139 100 101 168 121 104
internal_value=0 -0.253823 0.0564916 0.266501 0.676342 0.154133 0.763295 -0.707224 0.100331 1.0534
internal_weight=0 1190 1080 979 689 565 426 290 325 204
internal_count=1299 1190 1080 979 689 565 426 290 325 204
is_linear=0
shrinkage=0.05


Tree=584
num_leaves=10
num_cat=0
split_feature=10 14 12 12 14 11 10 0 5
split_gain=162517 277581 344176 185974 309436 295921 231725 361762 168950
threshold=6145.0835000000015 -1.0000000180025095e-35 5989.2871250000007 5963.4620000000014 448.07687500000026 4023.7812500000005 4364.6698750000005 4.0427376070940442 2.5000000000000004
decision_type=2 8 8 8 10 10 2 2 2
left_child=3 -2 -3 5 6 -1 7 -5 -7
right_child=1 2 -4 4 -6 8 -8 -9 -10
leaf_value=1.2292988269383671 -2.8664130635973479 1.1780630611045206 -2.1752260573265207 0.87897888371924404 2.6357304722070696 -0.51408851352526985 1.7937773511626505 -3.1476121821857639 -3.0926018545133438
leaf_weight=131 144 184 131 119 152 139 110 105 117
leaf_count=131 144 184 131 119 152 139 110 105 117
internal_value=0 -1.04783 -0.216479 0.114308 0.765526 -0.7035 -0.0855847 -1.00849 -1.69255
internal_weight=0 459 315 873 486 387 334 224 256
internal_count=1332 459 315 873 486 387 334 224 256
is_linear=0
shrinkage=0.05


Tree=585
num_leaves=11
num_cat=0
split_feature=14 13 10 10 5 11 15 7 16 11
split_gain=174365 161260 159854 272564 445289 210778 325651 226886 342582 189993
threshold=-744.34987500000034 4227.1781837797635 2674.9426250000006 3390.8146250000004 5.5000000000000009 5690.4673750000011 6.2752261337244848 0.21900470262519689 1.0455031614272545 3165.6062500000003
decision_type=8 8 2 2 2 10 2 2 2 10
left_child=-1 -2 -3 -4 5 6 9 -7 -9 -5
right_child=1 2 3 4 -6 7 -8 8 -10 -11
leaf_value=2.0091826468442395 -1.4579032222659603 1.875538933060823 -2.4344656243920326 -2.1328738133907321 3.2782929346383178 0.88887765451308798 2.5393247448222738 -3.3699051352987688 0.35385854421981744 0.9492792032957077
leaf_weight=113 173 124 105 100 107 109 142 150 105 100
leaf_count=113 173 124 105 100 107 109 142 150 105 100
internal_value=0 -0.044206 0.190506 -0.0371022 0.27252 -0.183029 0.708259 -1.02045 -1.83659 -0.591797
internal_weight=0 1215 1042 918 813 706 342 364 255 200
internal_count=1328 1215 1042 918 813 706 342 364 255 200
is_linear=0
shrinkage=0.05


Tree=586
num_leaves=10
num_cat=0
split_feature=16 10 7 3 12 11 14 14 5
split_gain=106168 229035 267623 216081 212960 161812 266309 354928 198624
threshold=0.42280894756142257 2674.9426250000006 -0.038447723798136511 0.5904064878864802 1121.6430000000003 3236.8575000000005 585.74324999999988 1269.8450000000005 2.5000000000000004
decision_type=2 2 2 2 10 10 10 10 2
left_child=3 -2 -3 -1 -4 -6 8 -8 -7
right_child=1 2 4 -5 5 6 7 -9 -10
leaf_value=-2.2316166598375151 2.2948701026559877 -2.0730536548760687 2.4185058124008636 0.30991641404971326 1.8048944733675247 0.35738768566113255 2.4788118649011768 -1.3345105055197379 -2.3736806783966116
leaf_weight=147 119 137 105 194 103 104 142 107 185
leaf_count=147 119 137 105 194 103 104 142 107 185
internal_value=0 0.235693 -0.0418177 -0.7857 0.331211 -0.0107017 -0.358297 0.840155 -1.39087
internal_weight=0 1002 883 341 746 641 538 249 289
internal_count=1343 1002 883 341 746 641 538 249 289
is_linear=0
shrinkage=0.05


Tree=587
num_leaves=10
num_cat=0
split_feature=14 13 7 3 12 5 12 7 12
split_gain=91595.7 141365 317378 320184 365733 217977 560418 420712 345337
threshold=-744.34987500000034 6062.9620312500019 0.069447254871579406 0.61932960075916388 5352.1175000000012 3.5000000000000004 4890.243625000001 0.074668312648017612 3692.3112500000002
decision_type=8 8 2 2 8 2 10 2 10
left_child=-1 5 -3 4 -4 6 -2 -7 -9
right_child=1 2 3 -5 -6 7 -8 8 -10
leaf_value=1.4443604715939227 -3.2954804953330203 -1.5969879646149894 2.2520314812660218 2.832568473434383 -1.8194453027190232 3.1043071041986785 0.56170323706164804 1.3809328899339395 -2.431465544799964
leaf_weight=116 183 126 100 182 123 103 194 108 132
leaf_count=116 183 126 100 182 123 103 194 108 132
internal_value=0 -0.0243431 0.594573 1.27639 0.00632904 -0.480794 -1.31062 0.431286 -0.715886
internal_weight=0 1251 531 405 223 720 377 343 240
internal_count=1367 1251 531 405 223 720 377 343 240
is_linear=0
shrinkage=0.05


Tree=588
num_leaves=11
num_cat=1
split_feature=15 12 14 12 14 0 10 11 8 9
split_gain=214251 299840 276574 188946 277984 159683 258241 209899 349118 172051
threshold=7.8566009378715664 5384.4587500000007 -658.70575000000019 3636.8562500000003 296.75737499999997 4.1190827416074951 3743.7526250000005 6654.7398750000011 0.94967288660109206 0
decision_type=2 10 8 8 10 2 2 10 2 9
left_child=2 -2 -1 4 -4 9 -7 8 -8 -5
right_child=1 -3 3 5 -6 6 7 -9 -10 -11
leaf_value=2.584015175965753 -3.4090588910015009 0.20169027201060594 3.0345156923812979 1.8915508267780146 -0.53663886194555166 -3.2272396241341319 -1.1220934650866237 -2.003647965192795 2.4400051378998264 -0.84241692036913163
leaf_weight=101 114 116 102 110 117 105 169 146 116 104
leaf_count=101 114 116 102 110 117 105 169 146 116 104
internal_value=0 -1.58799 0.0940972 -0.16543 1.12664 -0.542714 -1.00371 -0.462009 0.327743 0.611919
internal_weight=0 230 1070 969 219 750 536 431 285 214
internal_count=1300 230 1070 969 219 750 536 431 285 214
cat_boundaries=0 1
cat_threshold=3
is_linear=0
shrinkage=0.05


Tree=589
num_leaves=10
num_cat=0
split_feature=10 0 15 15 16 0 4 12 14
split_gain=130163 349730 506949 528112 278945 242675 339950 305335 164665
threshold=7650.0631250000015 6.8319901434587917 6.9408899223255673 6.1076816014934847 0.27360930537498246 5.0885241301907973 5.5000000000000009 8026.7225000000008 230.89674999999991
decision_type=2 2 2 2 2 2 2 8 10
left_child=1 2 3 4 -1 6 -6 -8 -2
right_child=8 -3 -4 -5 5 -7 7 -9 -10
leaf_value=-2.1018184886559061 -2.5552718142392461 2.7843774954650713 -3.0775205931794929 3.383353036046028 -0.92020481833875578 -1.24078650104124 0.63214259819189711 4.1378829132835824 0.11522555581984982
leaf_weight=152 108 115 127 120 149 177 150 106 124
leaf_count=152 108 115 127 120 149 177 150 106 124
internal_value=0 0.175722 -0.130083 0.308236 -0.194508 0.303621 0.978584 2.08374 -1.12794
internal_weight=0 1096 981 854 734 582 405 256 232
internal_count=1328 1096 981 854 734 582 405 256 232
is_linear=0
shrinkage=0.05


Tree=590
num_leaves=10
num_cat=0
split_feature=13 15 10 4 3 0 0 3 11
split_gain=224368 253026 472114 175903 197509 220064 263453 166013 196234
threshold=6024.8598586309536 3.8069293040415153 4816.6130000000003 19.500000000000004 0.7227479532947777 6.1313145203409247 5.0710973875165299 0.58752844152932371 7022.1361250000009
decision_type=8 2 2 2 2 2 2 2 8
left_child=3 -2 -3 4 5 6 -1 -4 -9
right_child=1 2 7 -5 -6 -7 -8 8 -10
leaf_value=0.54362421183158527 -1.5710228296789792 4.0188845386462555 -0.97573762772067285 -2.298879871419234 -1.723455246864704 1.6688507391118457 -2.6244532783826191 -0.35233559620262378 2.7419220272881484
leaf_weight=184 101 112 149 129 171 174 102 101 104
leaf_count=184 101 112 149 129 171 174 102 101 104
internal_value=0 0.697762 1.18949 -0.616518 -0.27258 0.266767 -0.58625 0.294319 1.21743
internal_weight=0 567 466 760 631 460 286 354 205
internal_count=1327 567 466 760 631 460 286 354 205
is_linear=0
shrinkage=0.05


Tree=591
num_leaves=11
num_cat=0
split_feature=16 5 8 13 0 11 11 13 13 0
split_gain=181350 346491 378876 448011 236584 379708 400779 370352 264848 184965
threshold=1.0895381204787153 1.5000000000000002 0.97752675714435588 5798.6745944940476 5.0157932459912669 6816.0311250000004 5467.5017500000013 6749.2609836309539 5149.2331622023821 3.7739426720449831
decision_type=2 2 2 8 2 10 8 8 10 2
left_child=4 -2 3 -3 7 6 8 9 -6 -1
right_child=1 2 -4 -5 5 -7 -8 -9 -10 -11
leaf_value=-1.9427156110302264 3.0266711942507669 -2.8843178579505064 2.5759236583025151 1.4471470876804835 -2.7124393850415949 0.79121784804445328 -4.7240939108998452 3.0977433328489656 0.91755452226884293 0.73836246532936622
leaf_weight=115 130 142 101 103 100 165 103 103 101 146
leaf_count=115 130 142 101 103 100 165 103 103 101 146
internal_value=0 0.825879 -0.00100779 -1.06333 -0.397534 -1.13988 -2.188 0.558946 -0.888413 -0.442955
internal_weight=0 476 346 245 833 469 304 364 201 261
internal_count=1309 476 346 245 833 469 304 364 201 261
is_linear=0
shrinkage=0.05


Tree=592
num_leaves=10
num_cat=0
split_feature=13 4 8 10 10 12 14 15 12
split_gain=262202 177297 171331 183309 231969 296367 238139 235686 158456
threshold=7689.3236830357146 18.500000000000004 0.77103858515298584 7263.7992500000009 5225.0711250000013 4605.6617500000002 426.55725000000035 7.0470033114422579 5863.6727500000006
decision_type=8 2 2 2 2 10 10 2 10
left_child=1 2 -1 4 5 -4 -7 -6 -3
right_child=-2 8 3 -5 7 6 -8 -9 -10
leaf_value=-1.408714487976753 -1.8389049408552438 0.24627995431423189 2.6980427593078922 2.2519602777873291 0.5581431476595371 -1.8634941731989383 1.5005767517798656 -2.4130176630340703 -2.3960003347269128
leaf_weight=104 184 115 173 162 152 100 111 119 112
leaf_count=104 184 115 173 162 152 100 111 119 112
internal_value=0 0.194204 0.502688 0.746 0.373534 1.164 -0.0937697 -0.746536 -1.0574
internal_weight=0 1148 921 817 655 384 211 271 227
internal_count=1332 1148 921 817 655 384 211 271 227
is_linear=0
shrinkage=0.05


Tree=593
num_leaves=10
num_cat=1
split_feature=7 14 14 10 13 13 13 5 9
split_gain=198095 348982 340399 343188 322068 306004 332789 169353 339402
threshold=0.50674059605289978 -744.34987500000034 990.88162500000055 6596.6015000000007 4625.3227596726201 6918.3104523809534 5927.6305461309539 1.5000000000000002 0
decision_type=2 10 10 2 10 8 10 2 9
left_child=1 -1 3 4 -3 6 -2 -6 -9
right_child=5 2 -4 -5 7 -7 -8 8 -10
leaf_value=1.6976459888572042 0.54655253226590006 1.7466783935169006 1.1833525500934701 -3.5067667774159279 0.23068191387823653 -1.1367861497565173 4.2147673125360532 0.19033321003461709 -3.5551930822864657
leaf_weight=176 157 106 174 139 112 112 102 106 145
leaf_count=176 157 106 174 139 112 112 102 106 145
internal_value=0 -0.313929 -0.766661 -1.32472 -0.678021 1.04689 1.99118 -1.38606 -2.10748
internal_weight=0 958 782 608 469 371 259 363 251
internal_count=1329 958 782 608 469 371 259 363 251
cat_boundaries=0 1
cat_threshold=128
is_linear=0
shrinkage=0.05


Tree=594
num_leaves=10
num_cat=0
split_feature=16 8 5 16 12 11 15 0 13
split_gain=218646 152601 733086 275350 257418 409786 356090 847124 145401
threshold=0.19766143280994755 0.97847079604404563 3.5000000000000004 1.7062567367847905 3107.7450000000003 7342.3012500000013 7.5471422142214237 6.2561381138113807 5785.1372313988113
decision_type=2 2 2 2 10 8 2 2 10
left_child=-1 3 -3 4 5 -2 7 8 -6
right_child=1 2 -4 -5 6 -7 -8 -9 -10
leaf_value=1.8941870945656374 -2.5539708225514879 -1.09535218358664 3.750219775962107 -2.6222216269549201 3.1474628853855782 1.193774601059445 3.3325619947563099 -3.6454080997793761 0.50339834758213586
leaf_weight=167 191 191 132 119 103 118 103 108 105
leaf_count=167 191 191 132 119 103 118 103 108 105
internal_value=0 -0.039808 0.884882 -0.392435 -0.0279502 -1.12279 0.779464 -0.052717 1.81272
internal_weight=0 1170 323 847 728 309 419 316 208
internal_count=1337 1170 323 847 728 309 419 316 208
is_linear=0
shrinkage=0.05


Tree=595
num_leaves=9
num_cat=0
split_feature=13 3 13 11 11 5 4 5
split_gain=189698 157405 307612 330603 473424 288032 176384 240958
threshold=3462.4428913690485 0.59467037378418619 4706.3317857142865 4639.7763750000004 3294.7815000000005 3.5000000000000004 6.5000000000000009 3.5000000000000004
decision_type=10 2 10 10 10 2 2 2
left_child=-1 6 -3 4 -4 -5 7 -2
right_child=1 2 3 5 -6 -7 -8 -9
leaf_value=1.6403608684356397 -1.2368453380811282 -1.737791803264618 1.8469299460832891 0.80821462714441383 -2.9713660140037539 3.9771971474994312 -1.9773862098569925 1.4933808596983349
leaf_weight=195 181 125 104 176 100 121 177 146
leaf_count=195 181 125 104 176 100 121 177 146
internal_value=0 -0.0483416 0.481161 1.03479 -0.51498 2.09928 -0.706017 -0.0178453
internal_weight=0 1130 626 501 204 297 504 327
internal_count=1325 1130 626 501 204 297 504 327
is_linear=0
shrinkage=0.05


Tree=596
num_leaves=10
num_cat=1
split_feature=9 13 13 8 13 11 0 10 15
split_gain=185777 392415 187674 206315 193906 324590 212730 306214 377510
threshold=0 4724.1026607142858 4594.8602090773811 0.95530112361429342 5202.2732953869054 4928.6376250000012 5.2397100821193243 6559.1576250000007 7.9659660410485502
decision_type=9 10 10 2 10 10 2 2 2
left_child=2 -2 3 -1 5 -4 -6 -8 -9
right_child=1 -3 4 -5 6 -7 7 8 -10
leaf_value=2.4300491110561722 -3.5302959144600039 0.072646772374912183 -3.403579611052638 -0.39420702233910565 -1.391413513833079 0.1991250911985871 2.8415548273297246 -2.1097554918289183 1.7386220490130093
leaf_weight=153 123 196 115 112 145 137 129 125 130
leaf_count=153 123 196 115 112 145 137 129 125 130
internal_value=0 -1.27656 0.0858161 1.2364 -0.303488 -1.44497 0.240278 0.856411 -0.147838
internal_weight=0 319 1046 265 781 252 529 384 255
internal_count=1365 319 1046 265 781 252 529 384 255
cat_boundaries=0 1
cat_threshold=67
is_linear=0
shrinkage=0.05


Tree=597
num_leaves=12
num_cat=0
split_feature=11 14 16 7 13 4 12 3 10 10 10
split_gain=181270 318164 214019 361868 153125 142447 219392 375604 326987 306983 264453
threshold=3498.4912500000005 -502.71449999999999 0.36859935993599452 0.47285874389596799 5114.5384449404764 2.5000000000000004 5518.6168750000006 0.7034749373802075 6217.5320000000002 6295.386625000001 4002.453500000001
decision_type=10 10 2 2 8 2 8 2 2 2 2
left_child=2 -2 -1 4 -4 -3 7 9 10 -7 -8
right_child=1 5 3 -5 -6 6 8 -9 -10 -11 -12
leaf_value=1.0472440894265644 3.0906477932135266 -1.5172750434744249 -3.961527850095508 1.0590490600850324 -1.3072010903773101 -1.0727903338311946 0.81675775016055396 -2.5669989895729621 -0.54955877467342051 2.787533361124761 4.4351818192005155
leaf_weight=122 105 109 103 101 115 103 102 131 138 103 100
leaf_count=122 105 109 103 101 115 103 102 131 138 103 100
internal_value=0 0.505572 -0.733872 -1.41505 -2.56131 0.160238 0.430325 -0.473764 1.32644 0.857372 2.60806
internal_weight=0 891 441 319 218 786 677 337 340 206 202
internal_count=1332 891 441 319 218 786 677 337 340 206 202
is_linear=0
shrinkage=0.05


Tree=598
num_leaves=11
num_cat=0
split_feature=16 11 15 7 15 15 0 11 12 11
split_gain=109758 334192 292798 152017 291124 190370 340114 281367 274604 203657
threshold=1.3020232578813451 6998.8377500000006 7.675482826060386 -0.013548609987176729 4.1434574012956862 6.8188902223555692 4.4254147636985932 3088.2181250000003 4236.7195000000002 6477.8272500000012
decision_type=2 8 2 2 2 2 2 10 10 10
left_child=3 2 -2 4 -1 6 -5 -8 -7 -9
right_child=1 -3 -4 5 -6 8 7 9 -10 -11
leaf_value=-0.52745324158324647 -1.4382516575813293 -3.0720487582165266 2.0987634485960007 1.1569306822163719 3.1873996135726501 -0.63326495505041547 -3.7839975301027295 0.52658998805441359 2.9935406634418094 -2.2621287390589715
leaf_weight=104 125 115 110 175 107 108 100 152 101 115
leaf_count=104 125 115 110 175 107 108 100 152 101 115
internal_value=0 -0.863437 0.217372 0.170594 1.35638 -0.162563 -0.6569 -1.52181 1.1194 -0.674544
internal_weight=0 350 235 962 211 751 542 367 209 267
internal_count=1312 350 235 962 211 751 542 367 209 267
is_linear=0
shrinkage=0.05


Tree=599
num_leaves=9
num_cat=0
split_feature=8 14 10 10 12 13 8 10
split_gain=158721 251258 196524 153655 229526 192473 151198 310060
threshold=0.99343453522172209 -365.02162500000003 3743.7526250000005 5590.8848750000006 4625.6637500000006 7888.0297842261916 0.89006293675044923 7856.3701250000004
decision_type=2 8 2 2 10 8 2 2
left_child=1 -1 -2 4 5 -3 7 -5
right_child=2 3 -4 6 -6 -7 -8 -9
leaf_value=-1.8686797102292378 -0.24535501056909564 1.5100361285370747 2.7284625506997111 3.3756616825086101 -1.6666199155912107 -1.1489511894845517 -0.19729127925255396 -0.066050999605749547
leaf_weight=162 100 187 125 135 196 107 173 127
leaf_count=162 100 187 125 135 196 107 173 127
internal_value=0 -0.0522081 1.40677 0.26592 -0.341262 0.542309 0.949872 1.70735
internal_weight=0 1087 225 925 490 294 435 262
internal_count=1312 1087 225 925 490 294 435 262
is_linear=0
shrinkage=0.05


Tree=600
num_leaves=10
num_cat=0
split_feature=16 16 11 13 12 13 7 3 12
split_gain=146700 345219 329996 263318 214933 196263 307427 199781 163729
threshold=0.54449889433387721 0.68824104632685501 6477.8272500000012 4227.1781837797635 3118.5862500000007 4887.6527455357145 0.25255162048585017 0.61932960075916388 4698.8862500000005
decision_type=2 2 8 8 8 10 2 2 8
left_child=2 -2 8 -3 -5 -6 -7 -8 -1
right_child=1 3 -4 4 5 6 7 -9 -10
leaf_value=-1.0578529614668628 2.8743729496002199 -2.2856829608054388 -2.3502845989709553 -1.347163385370352 2.5104912683039031 -1.7952204502622289 0.010514956712722779 2.8074598584195662 1.523734552025795
leaf_weight=104 125 105 176 137 136 120 142 116 150
leaf_count=104 125 105 176 137 136 120 142 116 150
internal_value=0 0.440292 -0.686294 0.0378317 0.412592 0.881632 0.295587 1.26806 0.466707
internal_weight=0 881 430 756 651 514 378 258 254
internal_count=1311 881 430 756 651 514 378 258 254
is_linear=0
shrinkage=0.05


Tree=601
num_leaves=10
num_cat=0
split_feature=10 16 11 12 8 13 3 4 13
split_gain=197477 173733 348828 268192 259027 196677 224178 280932 159866
threshold=2701.2275000000004 1.3020232578813451 6683.4167500000012 5737.547375000001 0.8257290299734229 4666.4050074404777 0.54491311560669087 11.500000000000002 6558.8215498511909
decision_type=2 2 8 8 2 8 2 2 8
left_child=-1 4 3 -3 -2 -6 -7 -8 -9
right_child=1 2 -4 -5 5 6 7 8 -10
leaf_value=1.5006686206767585 2.2066770359287111 -1.7852906288327397 -3.6546139610748671 1.7847447402477266 1.449233879071695 -2.1059685020987451 2.146636246524074 0.44967293801515001 -2.12370975561968
leaf_weight=187 127 111 102 100 135 183 110 115 127
leaf_count=187 127 111 102 100 135 183 110 115 127
internal_value=0 -0.255703 -1.25388 -0.0933307 0.136303 -0.256141 -0.686469 0.0515092 -0.900821
internal_weight=0 1110 313 211 797 670 535 352 242
internal_count=1297 1110 313 211 797 670 535 352 242
is_linear=0
shrinkage=0.05


Tree=602
num_leaves=10
num_cat=0
split_feature=3 13 13 5 14 10 7 15 8
split_gain=228749 253298 170009 293692 355353 290105 401916 235207 148304
threshold=0.46741392184506253 3808.4850163690476 5104.3257462797619 1.5000000000000002 -112.80199999999989 4743.4648750000006 0.44279603141041052 6.414459501505708 0.87424791059748619
decision_type=2 10 10 2 10 2 2 2 2
left_child=-1 -2 5 -4 -5 -3 -7 -6 -9
right_child=1 2 3 4 7 6 -8 8 -10
leaf_value=2.1969998801793529 -1.8657151478435356 -0.6327327658364803 -2.0895081354512111 2.9301110675334932 0.94311060030784832 4.4425019540038759 0.10404578213180815 -0.22901523208618163 -2.9521023930311205
leaf_weight=109 191 162 180 100 169 102 112 100 100
leaf_count=109 191 162 180 100 169 102 112 100 100
internal_value=0 -0.19399 0.117521 -0.372614 0.286322 0.963526 2.17191 -0.430152 -1.59056
internal_weight=0 1216 1025 649 469 376 214 369 200
internal_count=1325 1216 1025 649 469 376 214 369 200
is_linear=0
shrinkage=0.05


Tree=603
num_leaves=9
num_cat=0
split_feature=3 13 3 3 7 13 8 13
split_gain=164660 442908 469803 411692 228023 217556 290446 477868
threshold=0.69485467442395865 4666.4050074404777 0.61276795670054518 0.55527296729161024 0.40930586836933308 4660.0974858630971 0.86989745237268745 5670.4112946428577
decision_type=2 8 2 2 2 10 2 10
left_child=1 -1 3 4 -3 -2 -7 -8
right_child=5 2 -4 -5 -6 6 7 -9
leaf_value=2.8072431808441696 -2.225800749470916 1.3113448905406027 2.5664962976239623 -3.2736207754351199 -1.1796886145132375 -2.0262693561491418 3.5941572004162214 -0.81265592113617924
leaf_weight=161 158 177 128 128 191 122 102 155
leaf_count=161 158 177 128 128 191 122 102 155
internal_value=0 0.469098 -0.134174 -0.831121 0.0184443 -0.667112 -0.0173153 0.936352
internal_weight=0 785 624 496 368 537 379 257
internal_count=1322 785 624 496 368 537 379 257
is_linear=0
shrinkage=0.05


Tree=604
num_leaves=11
num_cat=1
split_feature=5 15 7 12 9 13 13 7 12 12
split_gain=172310 316349 458756 257726 220099 402640 286283 281989 514915 186114
threshold=4.5000000000000009 5.1708462512917972 0.49508546571370921 2584.7607500000008 0 5050.7033965773817 3425.8359880952389 0.47958517974789011 4309.4613750000008 6005.8556250000011
decision_type=2 2 2 8 9 10 10 2 10 10
left_child=3 -2 -3 -1 6 -6 -5 8 -8 -10
right_child=1 2 -4 4 5 -7 7 -9 9 -11
leaf_value=2.7364137070934951 -2.567361816418344 2.6484358965340307 -1.7699230815164555 3.0961025339585766 -3.4081834002739129 1.0564208247874043 -3.3038282001828372 1.8592800352454846 2.3884564610088574 -0.51101834403027679
leaf_weight=123 138 118 117 108 101 101 115 181 102 121
leaf_count=123 138 118 117 108 101 101 115 181 102 121
internal_value=0 -0.667189 0.448657 0.600639 0.283751 -1.12042 0.742163 0.266626 -0.586245 0.815199
internal_weight=0 373 235 952 829 202 627 519 338 223
internal_count=1325 373 235 952 829 202 627 519 338 223
cat_boundaries=0 1
cat_threshold=67
is_linear=0
shrinkage=0.05


Tree=605
num_leaves=11
num_cat=0
split_feature=15 15 14 7 7 0 0 13 8 0
split_gain=223366 228314 293883 134275 268013 198684 203468 188084 171483 116488
threshold=7.8566009378715664 6.7247127490526841 292.0562500000006 0.036191921291930981 0.18037553283415778 5.9360991654721031 5.2397100821193243 5076.30549107143 0.8835790288393367 7.442852618595194
decision_type=2 2 8 2 2 2 2 8 2 2
left_child=1 3 -3 7 -5 6 8 -1 -6 -2
right_child=9 2 -4 4 5 -7 -8 -9 -10 -11
leaf_value=-0.41024559040069586 -2.3952276428222659 3.77409774330583 -0.012568981487017412 -2.6959057872777894 -1.2812649921662567 -1.5043283221639436 2.5813527845868878 2.3112834246583689 1.1980586851742252 -0.15330358263519075
leaf_weight=125 125 101 104 105 138 145 102 129 141 108
leaf_count=125 125 101 104 105 138 145 102 129 141 108
internal_value=0 0.349508 1.85306 0.00122807 -0.389521 0.0708785 0.670367 0.971948 -0.0282735 -1.35605
internal_weight=0 1090 205 885 631 526 381 254 279 233
internal_count=1323 1090 205 885 631 526 381 254 279 233
is_linear=0
shrinkage=0.05


Tree=606
num_leaves=10
num_cat=0
split_feature=4 11 14 5 13 13 4 14 13
split_gain=95296.1 226729 176747 256417 343506 410025 290964 130594 128157
threshold=6.5000000000000009 4532.3325000000013 -429.63075000000021 1.0000000180025095e-35 4858.4337797619055 5798.6745944940476 13.500000000000002 737.58000000000004 5946.3511607142864
decision_type=2 10 8 2 10 10 2 10 10
left_child=1 -1 -2 -4 6 -6 -5 -7 -3
right_child=2 8 3 4 5 7 -8 -9 -10
leaf_value=2.2063451276648616 -1.7176314688391157 0.89308806030646615 -2.083066714472241 -0.11705292639977272 -2.1761483927062679 2.0986893925401904 3.3189257560651515 -0.13553487491958283 -1.5543441444039345
leaf_weight=168 144 115 108 101 177 126 158 136 100
leaf_count=168 144 115 108 101 177 126 158 136 100
internal_value=0 0.830122 -0.104125 0.184145 0.534945 -0.31703 1.97903 0.938939 -0.245253
internal_weight=0 383 950 806 698 439 259 262 215
internal_count=1333 383 950 806 698 439 259 262 215
is_linear=0
shrinkage=0.05


Tree=607
num_leaves=11
num_cat=0
split_feature=3 12 8 16 8 1 1 14 4 12
split_gain=137439 155986 347686 211098 218474 370127 436504 143013 408117 267147
threshold=0.46741392184506253 1243.7531250000002 0.95210745033794308 1.7062567367847905 0.88114418652073301 36.223955109295431 51.463042253083309 458.95112499999999 10.500000000000002 4856.4187500000007
decision_type=2 10 2 2 2 2 2 10 2 10
left_child=-1 2 -2 4 5 -3 -7 8 -6 -9
right_child=1 3 -4 -5 7 6 -8 9 -10 -11
leaf_value=1.7415717829828676 -2.9223404727042168 3.9565662397528594 0.75916163494916467 -1.5881941605223358 3.0304608766762717 -1.731723556882244 2.6464600633914497 -2.6930844209775202 -1.1794024159037879 0.58560337350918701
leaf_weight=115 134 106 123 137 106 118 110 119 126 130
leaf_count=115 134 106 123 137 106 118 110 119 126 130
internal_value=0 -0.0672957 -1.16038 0.22779 0.533054 1.51546 0.380558 -0.149115 0.74407 -0.98132
internal_weight=0 1209 257 952 815 334 228 481 232 249
internal_count=1324 1209 257 952 815 334 228 481 232 249
is_linear=0
shrinkage=0.05


Tree=608
num_leaves=10
num_cat=0
split_feature=12 8 4 12 4 4 11 11 0
split_gain=165243 262255 755443 148686 288579 483016 209205 158173 125021
threshold=5088.5527500000007 0.89832463868887169 16.500000000000004 4274.2133750000003 4.5000000000000009 8.5000000000000018 1461.8552500000003 3870.4553750000005 6.5236773677367745
decision_type=10 2 2 10 2 2 10 10 2
left_child=3 8 -3 4 -1 -6 -7 -8 -2
right_child=1 2 -4 -5 5 6 7 -9 -10
leaf_value=1.9797040350620563 3.2510346737977502 1.6990645234612214 -3.7543890466690066 -2.0824032356946365 -3.474065237126108 -1.6649076015011879 2.1912792067617182 -0.10612847397034182 0.87639528487039664
leaf_weight=130 107 174 100 115 118 117 125 187 115
leaf_count=130 107 174 100 115 118 117 125 187 115
internal_value=0 0.743638 -0.291247 -0.420183 -0.137826 -0.641079 0.138158 0.814307 2.02093
internal_weight=0 496 274 792 677 547 429 312 222
internal_count=1288 496 274 792 677 547 429 312 222
is_linear=0
shrinkage=0.05


Tree=609
num_leaves=10
num_cat=0
split_feature=14 14 11 3 12 10 7 3 0
split_gain=132134 249335 161541 392508 235058 182841 186636 130023 130875
threshold=-1542.6836249999994 -639.16212499999972 4474.1850000000004 0.71641774141410874 3334.4725000000003 3627.9993750000008 0.0580715325578074 0.61932960075916388 6.5926481537042605
decision_type=10 10 10 2 10 2 2 2 2
left_child=-1 -2 3 4 -3 -4 -7 8 -8
right_child=1 2 5 -5 -6 6 7 -9 -10
leaf_value=-1.4292691530648227 2.3417319305241109 3.6347783888124079 1.2553105065581995 -1.6561433343156691 0.5779154238086649 -2.8825564161936441 -0.37145229872817609 0.44724875759157839 -2.6886095659174027
leaf_weight=161 112 102 109 124 164 105 156 191 100
leaf_count=161 112 102 109 124 164 105 156 191 100
internal_value=0 0.0990672 -0.139923 0.667087 1.7501 -0.61607 -0.9856 -0.540007 -1.27659
internal_weight=0 1163 1051 390 266 661 552 447 256
internal_count=1324 1163 1051 390 266 661 552 447 256
is_linear=0
shrinkage=0.05


Tree=610
num_leaves=11
num_cat=0
split_feature=8 3 11 13 14 13 3 13 12 12
split_gain=227462 190010 205921 225151 260560 267166 259791 416548 343261 126488
threshold=0.99821055881106358 0.46741392184506253 2548.7687500000006 5850.6047738095249 964.03387500000019 6691.8105424107152 0.70613899712446704 5108.068815476191 7213.3506250000009 4584.9455000000007
decision_type=2 2 8 10 10 10 2 8 8 10
left_child=1 -1 -3 6 5 -5 8 -8 9 -4
right_child=-2 2 3 4 -6 -7 7 -9 -10 -11
leaf_value=2.1415272179806588 -2.3933166080830146 1.6959354445882089 -1.7541110404647224 1.523342006284047 2.5306998783144459 -1.5175219808987208 2.2527960375785829 -2.030206815783794 -3.6484088162058281 0.74824831411980175
leaf_weight=101 102 137 101 123 116 175 125 104 152 101
leaf_count=101 102 137 101 123 116 175 125 104 152 101
internal_value=0 0.0634097 -0.121678 -0.371441 0.520208 -0.2624 -1.00462 0.307677 -1.85353 -0.502931
internal_weight=0 1235 1134 997 414 298 583 229 354 202
internal_count=1337 1235 1134 997 414 298 583 229 354 202
is_linear=0
shrinkage=0.05


Tree=611
num_leaves=11
num_cat=0
split_feature=5 3 12 11 7 12 13 11 12 4
split_gain=206813 332940 330394 320371 314520 444914 369875 280620 456457 248814
threshold=4.5000000000000009 0.57013020445087415 2650.2000000000003 4474.1850000000004 0.47510688284350872 7367.3225000000011 5838.3660863095247 6361.3830000000007 4856.4187500000007 8.5000000000000018
decision_type=2 2 8 10 2 8 8 10 10 2
left_child=2 -2 -1 -3 5 7 -7 8 -4 -6
right_child=1 3 4 -5 9 6 -8 -9 -10 -11
leaf_value=2.5114300468005242 0.67017321234018035 -4.539476405858994 -3.7008354687690734 -0.79364329782643717 -0.50630689530145556 -1.1422065084044999 2.9214877063194211 -4.1502765855368446 0.61059516351552878 2.7496280318140087
leaf_weight=128 142 100 100 133 105 111 113 102 159 133
leaf_count=128 142 100 100 133 105 111 113 102 159 133
internal_value=0 -1.23823 0.148283 -2.4013 -0.219254 -0.842708 0.907782 -1.92888 -1.05405 1.31319
internal_weight=0 375 951 233 823 585 224 361 259 238
internal_count=1326 375 951 233 823 585 224 361 259 238
is_linear=0
shrinkage=0.05


Tree=612
num_leaves=9
num_cat=0
split_feature=15 0 4 15 14 5 0 10
split_gain=134978 222847 198249 291139 222843 376732 232220 136726
threshold=3.3931045882366018 4.4697094709470955 20.500000000000004 5.009189807869677 335.57862500000061 3.5000000000000004 6.6609549843873284 2674.9426250000006
decision_type=2 2 2 2 8 2 2 2
left_child=7 -2 3 -3 6 -6 -5 -1
right_child=1 2 -4 4 5 -7 -8 -9
leaf_value=-0.10067020819439153 1.9954240357875825 -2.3682063046154704 1.6485304264197673 -0.20859415196535883 -2.3070917780866327 0.97593407762125617 2.5654641833128755 -2.5900788577795031
leaf_weight=123 140 157 133 171 194 159 135 100
leaf_count=123 140 157 133 171 194 159 135 100
internal_value=0 0.133215 -0.141505 -0.433263 0.0277174 -0.828335 1.01526 -1.217
internal_weight=0 1089 949 816 659 353 306 223
internal_count=1312 1089 949 816 659 353 306 223
is_linear=0
shrinkage=0.05


Tree=613
num_leaves=10
num_cat=0
split_feature=13 13 14 14 12 13 12 15 5
split_gain=148448 174790 133675 262270 310684 224782 198161 379510 202889
threshold=7888.0297842261916 7031.7957492559535 1097.9547500000008 473.45962500000002 6386.7641250000006 6438.9044062500006 1995.7810000000002 6.297335289084466 2.5000000000000004
decision_type=8 10 8 10 8 10 10 2 2
left_child=1 2 3 5 -5 6 -1 8 -8
right_child=-2 -3 -4 4 -6 -7 7 -9 -10
leaf_value=-1.4443150172914778 -1.293037455596707 2.2636407786607742 -1.2596353749809026 0.27389504330338171 3.8200430102867657 -2.4096697145104411 -2.2560037586838009 2.5852096976666914 0.72976816531383637
leaf_weight=140 176 100 159 159 101 100 100 164 132
leaf_count=140 176 100 159 159 101 100 100 164 132
internal_value=0 0.265791 0.0764208 0.313511 1.65144 -0.23344 0.172573 0.744201 -0.557202
internal_weight=0 1155 1055 896 260 636 536 396 232
internal_count=1331 1155 1055 896 260 636 536 396 232
is_linear=0
shrinkage=0.05


Tree=614
num_leaves=10
num_cat=0
split_feature=14 10 5 8 14 14 14 10 13
split_gain=144396 157255 186923 149516 236908 386267 215356 201887 363055
threshold=-674.54962499999976 7906.507125000001 5.5000000000000009 0.92946223143241891 1222.6207499999989 265.89874999999989 215.29899999999955 3627.9993750000008 5124.4507886904767
decision_type=8 2 2 2 8 10 8 2 8
left_child=-1 2 3 4 5 -2 -5 -8 -9
right_child=1 -3 -4 6 -6 -7 7 8 -10
leaf_value=1.7504802843101885 1.5168060722095627 -1.5194220122658404 1.9563158191385726 -2.7585404017184043 2.4855260874255229 -1.9618575551007922 1.5455171246488557 1.3473537613566107 -2.4664988876153267
leaf_weight=119 168 163 126 101 118 152 119 104 156
leaf_count=119 168 163 126 101 118 152 119 104 156
internal_value=0 -0.0750637 0.150444 -0.0974204 0.570578 -0.135559 -0.706969 -0.160244 -0.940958
internal_weight=0 1207 1044 918 438 320 480 379 260
internal_count=1326 1207 1044 918 438 320 480 379 260
is_linear=0
shrinkage=0.05


Tree=615
num_leaves=11
num_cat=1
split_feature=10 11 9 0 13 8 0 0 13 13
split_gain=203448 262750 321251 181977 152310 213914 180277 230132 281496 429592
threshold=3627.9993750000008 4875.6825000000008 0 4.621078774544122 4227.1781837797635 0.97847079604404563 5.3820562611816749 6.0914341434143422 5296.0675505952386 6463.2768534226198
decision_type=2 10 9 2 8 2 2 2 8 10
left_child=1 2 -1 -2 -5 6 -6 -8 -9 -10
right_child=3 -3 -4 4 5 -7 7 8 9 -11
leaf_value=1.8229164901127419 -2.3920467673713328 2.9000132444801681 -1.7266481704571668 -2.0592135538564666 -2.3552988163475854 1.7062292255408746 1.8043493420600893 -2.5310477262152768 2.6748055099899122 -1.4218938540009891
leaf_weight=110 117 109 126 107 103 142 125 133 110 153
leaf_count=110 117 109 126 107 103 142 125 133 110 153
internal_value=0 0.869644 -0.0681109 -0.540327 -0.292158 -0.0453238 -0.443914 -0.06604 -0.656441 0.291555
internal_weight=0 345 236 990 873 766 624 521 396 263
internal_count=1335 345 236 990 873 766 624 521 396 263
cat_boundaries=0 1
cat_threshold=3
is_linear=0
shrinkage=0.05


Tree=616
num_leaves=10
num_cat=0
split_feature=15 0 4 13 12 4 11 4 10
split_gain=248733 362600 258986 208644 216602 214621 168436 164616 154234
threshold=3.4369617517307289 4.5459684857374638 20.500000000000004 6801.7100691964288 2846.4150000000004 16.500000000000004 6007.3450000000003 12.500000000000002 2620.7030000000004
decision_type=2 2 2 8 10 2 10 2 2
left_child=8 -2 3 4 -3 6 -6 -5 -1
right_child=1 2 -4 7 5 -7 -8 -9 -10
leaf_value=-0.17999671548604967 2.7533268756424358 0.79977660452165911 2.1175314617069332 -0.3646198093617728 0.24905627667903901 -3.2927737115719999 -2.3072840327083477 2.341549099211035 -2.7934374706284837
leaf_weight=128 151 155 136 109 178 109 101 116 101
leaf_count=128 151 155 136 109 178 109 101 116 101
internal_value=0 0.485272 0.106427 -0.249706 -0.780204 -1.41138 -0.676357 1.03056 -1.33265
internal_weight=0 1055 904 768 543 388 279 225 229
internal_count=1284 1055 904 768 543 388 279 225 229
is_linear=0
shrinkage=0.05


Tree=617
num_leaves=9
num_cat=0
split_feature=5 12 3 13 7 12 13 13
split_gain=146901 329248 235975 332828 179236 201734 262107 230711
threshold=4.5000000000000009 2329.3800000000006 0.58244051218004744 5202.2732953869054 0.55334358773528314 4089.0537500000005 5039.3636532738101 6438.9044062500006
decision_type=2 8 2 10 2 8 8 8
left_child=1 -1 -2 -4 5 -3 -7 -8
right_child=2 4 3 -5 -6 6 7 -9
leaf_value=3.1144103093216056 0.81347018724832787 -1.5990468635752395 -3.3403222613764885 0.46683889875317564 1.8167553532034604 -1.2472701650195652 2.3784678107937851 -0.14335224650880343
leaf_weight=104 156 185 133 101 134 180 177 186
leaf_count=104 156 185 133 101 134 180 177 186
internal_value=0 0.45687 -0.692848 -1.69706 0.136239 -0.173087 0.312738 1.0863
internal_weight=0 966 390 234 862 728 543 363
internal_count=1356 966 390 234 862 728 543 363
is_linear=0
shrinkage=0.05


Tree=618
num_leaves=10
num_cat=0
split_feature=14 4 4 4 0 10 14 13 13
split_gain=162883 170023 189525 330545 233069 257401 271933 152973 138872
threshold=964.03387500000019 18.500000000000004 14.500000000000002 11.500000000000002 6.4182682157104614 3627.9993750000008 296.75737499999997 5638.7290669642871 6581.18222247024
decision_type=10 2 2 2 2 2 8 8 10
left_child=1 2 3 4 5 -1 -7 -3 -2
right_child=8 7 -4 -5 -6 6 -8 -9 -10
leaf_value=1.1325092349805543 0.19195406366797055 -0.1740875744819641 1.4633263918871438 -2.5057619927622752 2.3393981761657279 0.167301729596253 -3.0933804080121092 -2.9129843316399135 2.5879790446162225
leaf_weight=185 153 100 183 141 104 141 117 104 100
leaf_count=185 153 100 183 141 104 141 117 104 100
internal_value=0 -0.271076 0.0332399 -0.347146 0.209279 -0.290794 -1.31138 -1.57039 1.139
internal_weight=0 1075 871 688 547 443 258 204 253
internal_count=1328 1075 871 688 547 443 258 204 253
is_linear=0
shrinkage=0.05


Tree=619
num_leaves=10
num_cat=0
split_feature=3 14 8 3 4 12 14 13 16
split_gain=146833 443681 306981 360174 325356 248895 212778 209408 113352
threshold=0.65169855779463914 -771.53750000000002 0.89072219910788641 0.70647690515167538 13.500000000000002 7680.4096250000011 990.88162500000055 6024.8598586309536 0.7146936915913803
decision_type=2 10 2 2 2 8 10 10 2
left_child=1 -1 4 -4 -2 6 8 -5 -3
right_child=2 5 3 7 -6 -7 -8 -9 -10
leaf_value=3.5386898615649929 -0.83168863416198757 -0.98910412604087272 -3.9186852127760652 -1.4089406081262581 2.8605411801130876 -1.6810686993406667 2.541570538550884 1.373175810262995 0.89006754431216162
leaf_weight=107 124 152 100 197 115 155 111 103 170
leaf_count=107 124 152 100 197 115 155 111 103 170
internal_value=0 0.577203 -0.472864 -1.31998 0.944907 0.0382931 0.653769 -0.453747 0.00300514
internal_weight=0 695 639 400 239 588 433 300 322
internal_count=1334 695 639 400 239 588 433 300 322
is_linear=0
shrinkage=0.05


Tree=620
num_leaves=11
num_cat=1
split_feature=15 8 5 11 11 8 9 5 3 0
split_gain=168956 263298 454856 410159 227187 331786 199888 381948 189356 154755
threshold=4.636049716082721 0.87172973814449528 3.5000000000000004 5338.6625000000013 4224.8462500000014 0.82702876702490424 0 2.5000000000000004 0.66207026611656683 6.0186338078252275
decision_type=2 2 2 10 8 2 9 2 2 2
left_child=6 4 8 -4 -2 -6 -1 -8 -3 -10
right_child=1 2 3 -5 5 -7 7 -9 9 -11
leaf_value=-2.4786960859979903 -3.0371383876777163 1.340197196662426 4.6826818361460605 0.39050488430878216 1.479731585933612 -2.2893031473992007 1.331523551393605 -2.3379968879744411 -2.5173719745724146 0.084226192344318745
leaf_weight=165 102 100 107 116 130 106 159 128 119 110
leaf_count=165 102 100 107 116 130 106 159 128 119 110
internal_value=0 0.0336783 0.706636 2.44998 -1.06535 -0.21314 -1.15337 -0.294786 -0.475023 -1.2677
internal_weight=0 890 552 223 338 236 452 287 329 229
internal_count=1342 890 552 223 338 236 452 287 329 229
cat_boundaries=0 1
cat_threshold=140
is_linear=0
shrinkage=0.05


Tree=621
num_leaves=10
num_cat=0
split_feature=12 12 4 15 13 13 13 7 0
split_gain=198803 359787 477634 308654 247584 311797 160233 174981 96509
threshold=7367.3225000000011 5178.5242500000013 15.500000000000002 3.8069293040415153 7044.6583288690481 6601.2711622023817 5181.2097916666671 0.21900470262519689 3.0860169350268367
decision_type=10 10 2 2 8 10 10 2 2
left_child=1 3 -3 8 5 6 7 -5 -1
right_child=-2 2 -4 4 -6 -7 -8 -9 -10
leaf_value=-0.23638839567504311 1.555165428807959 -0.17062048976903135 -4.3108935733453944 1.8749804377555848 2.6102954032599546 -2.0288561210719815 2.6133716557242654 -0.72563082590983941 -2.4012603825614569
leaf_weight=101 192 193 109 110 157 109 110 157 105
leaf_count=101 192 193 109 110 157 109 110 157 105
internal_value=0 -0.182762 -1.66496 0.344474 0.884084 0.326439 1.00741 0.345782 -1.33984
internal_weight=0 1151 302 849 643 486 377 267 206
internal_count=1343 1151 302 849 643 486 377 267 206
is_linear=0
shrinkage=0.05


Tree=622
num_leaves=10
num_cat=0
split_feature=4 8 8 11 4 4 11 0 15
split_gain=165844 155453 214506 160422 494512 282020 179745 156090 168141
threshold=21.500000000000004 0.99432304346742451 0.97847079604404563 7520.0152500000013 14.500000000000002 11.500000000000002 4154.0075000000006 6.4182682157104614 4.6145364536453659
decision_type=2 2 2 8 2 2 10 2 2
left_child=1 2 3 5 -5 7 -7 8 -1
right_child=-2 -3 -4 4 -6 6 -8 -9 -10
leaf_value=0.61697190725940398 1.7975016043466683 -1.4849816489984646 1.7529319068164 -1.1138626616252096 3.5138526012500133 -3.3805325728006985 -0.73755360057909192 1.9127803940584167 -1.8342708040506412
leaf_weight=174 119 187 162 133 102 115 146 101 117
leaf_count=174 119 187 162 133 102 115 146 101 117
internal_value=0 -0.156796 0.079747 -0.225496 0.894763 -0.628652 -1.90208 0.21922 -0.368579
internal_weight=0 1237 1050 888 235 653 261 392 291
internal_count=1356 1237 1050 888 235 653 261 392 291
is_linear=0
shrinkage=0.05


Tree=623
num_leaves=11
num_cat=0
split_feature=16 10 14 0 4 11 11 11 11 10
split_gain=266964 194871 239672 166649 132584 434361 338693 142645 234688 198699
threshold=0.19766143280994755 7502.0387500000006 307.48924999999957 6.8319901434587917 14.500000000000002 5243.4551250000013 1860.6670000000001 4053.4950000000003 5430.5123750000012 4979.3253750000013
decision_type=2 2 10 2 2 10 10 10 10 2
left_child=-1 3 -3 4 6 -6 -2 -8 -9 -10
right_child=1 2 -4 -5 5 -7 7 8 9 -11
leaf_value=2.0414021076590703 -2.8669058671204941 -3.2306994793415074 0.15882497402506138 2.0620015702389796 2.8990184254506057 -1.1045155123428063 1.3905023238081842 -2.2120422408360394 2.1590572114037996 -0.95457956247891385
leaf_weight=170 115 100 109 109 136 135 157 119 101 104
leaf_count=170 115 100 109 109 136 135 157 119 101 104
internal_value=0 -0.077361 -1.46296 0.21935 -0.0123102 0.904638 -0.429245 0.153564 -0.445816 0.579456
internal_weight=0 1185 209 976 867 271 596 481 324 205
internal_count=1355 1185 209 976 867 271 596 481 324 205
is_linear=0
shrinkage=0.05


Tree=624
num_leaves=10
num_cat=0
split_feature=14 14 16 10 0 4 3 12 14
split_gain=247871 137430 193150 387877 153470 151826 149319 180921 136597
threshold=-744.34987500000034 -429.63075000000021 0.42280894756142257 5410.621000000001 4.4254147636985932 2.5000000000000004 0.72226034985445786 6500.3456250000008 558.65112499999998
decision_type=8 10 2 2 2 2 2 10 10
left_child=-1 4 3 -3 -2 -4 7 8 -7
right_child=1 2 5 -5 -6 6 -8 -9 -10
leaf_value=2.3953441368208992 -2.6713132093448451 0.60139168839082657 -1.1485470622518787 -3.4579409244627062 0.022255406078991589 0.95179317600347779 -0.56340532399217291 -0.26422712819443811 2.9095177078688588
leaf_weight=108 101 141 115 101 111 198 150 144 162
leaf_count=108 101 141 115 101 111 198 150 144 162
internal_value=0 -0.103543 0.139168 -1.09279 -1.261 0.526859 0.821464 1.23363 1.83277
internal_weight=0 1223 1011 242 212 769 654 504 360
internal_count=1331 1223 1011 242 212 769 654 504 360
is_linear=0
shrinkage=0.05


Tree=625
num_leaves=9
num_cat=0
split_feature=10 12 15 0 4 5 11 12
split_gain=154943 283891 196876 250461 242280 201979 166497 200166
threshold=4145.9725000000008 8312.1225000000013 7.1964029736306978 5.4359644297763117 16.500000000000004 2.5000000000000004 6130.451250000001 5178.5242500000013
decision_type=2 8 2 2 2 2 8 10
left_child=6 2 3 -2 -4 -5 7 -1
right_child=1 -3 4 5 -6 -7 -8 -9
leaf_value=1.0476067991916744 -0.94617672738980285 -2.3295610838716136 0.25091357764638506 -0.024167559453106804 -2.7204149121997738 2.7810744653527557 2.0113917429254662 -1.6607959400157672
leaf_weight=177 147 159 162 109 119 156 161 111
leaf_count=177 147 159 162 109 119 156 161 111
internal_value=0 -0.424127 0.0130505 0.709042 -1.00741 1.62722 0.723635 0.00374324
internal_weight=0 852 693 412 281 265 449 288
internal_count=1301 852 693 412 281 265 449 288
is_linear=0
shrinkage=0.05


Tree=626
num_leaves=10
num_cat=0
split_feature=10 4 11 12 16 14 8 14 12
split_gain=219538 147731 244265 231245 197047 148808 174731 156800 120983
threshold=7924.3781250000011 18.500000000000004 1860.6670000000001 9012.8650000000016 1.4897031369803651 499.81450000000046 0.92756277474110271 164.01737499999993 5032.8700000000008
decision_type=2 2 10 8 2 10 2 10 10
left_child=1 2 -1 4 5 7 -7 -4 -3
right_child=-2 8 3 -5 -6 6 -8 -9 -10
leaf_value=-1.2948419101354554 -1.6703122981371044 0.15908771238037359 0.69883823679770285 2.8877390398033733 -1.4543848597251618 1.5181017839121369 -1.1376006487081916 3.0486023967636044 -2.2536558037937278
leaf_weight=164 183 107 183 116 111 106 149 116 101
leaf_count=164 183 107 183 116 111 106 149 116 101
internal_value=0 0.19387 0.459395 0.827763 0.468428 0.853685 -0.0336616 1.61045 -1.01248
internal_weight=0 1153 945 781 665 554 255 299 208
internal_count=1336 1153 945 781 665 554 255 299 208
is_linear=0
shrinkage=0.05


Tree=627
num_leaves=10
num_cat=0
split_feature=14 4 12 16 5 7 14 12 4
split_gain=224946 184202 264726 198465 198656 190771 197994 159291 147824
threshold=-744.34987500000034 18.500000000000004 5280.3630000000012 1.5832013756931247 4.5000000000000009 0.04976369321360443 260.38362500000022 4400.7466250000007 7.5000000000000009
decision_type=8 2 10 2 2 2 10 10 2
left_child=-1 3 -3 4 5 -2 8 -8 -7
right_child=1 2 -4 -5 -6 6 7 -9 -10
leaf_value=2.3083957148987113 -1.1442718201619717 0.27126290984736146 -2.9259954102919439 1.813412256369108 -1.4961042719869759 0.67229978719949735 -1.6133299807591417 1.1086287912671213 3.1794568052162995
leaf_weight=103 163 131 128 158 199 125 107 108 111
leaf_count=103 163 131 128 158 199 125 107 108 111
internal_value=0 -0.124107 -1.30885 0.191906 -0.123221 0.321737 0.85158 -0.24602 1.85151
internal_weight=0 1230 259 971 813 614 451 215 236
internal_count=1333 1230 259 971 813 614 451 215 236
is_linear=0
shrinkage=0.05


Tree=628
num_leaves=11
num_cat=0
split_feature=14 12 14 12 0 3 11 8 8 0
split_gain=161515 133314 167616 241593 295092 287913 408898 479404 214284 169311
threshold=-720.7254999999999 2972.1767500000005 59.139999999999652 8026.7225000000008 6.9112577924459124 0.72723870663756551 6629.5200000000013 0.90207405283405706 0.90207405283405706 5.0460532164327558
decision_type=8 8 8 10 2 2 10 2 2 2
left_child=-1 -2 8 4 5 6 7 -4 -3 -9
right_child=1 2 3 -5 -6 -7 -8 9 -10 -11
leaf_value=1.7230207743764927 1.0014781018408636 -0.21514531081048852 -1.0361528058674023 2.1848926522354088 -2.6658100287445254 -1.8142522201909648 -2.0903650349229577 4.3598282319528092 -3.3672574802041058 1.5333111863869888
leaf_weight=119 192 117 115 101 122 154 100 108 100 104
leaf_count=119 192 117 115 101 122 154 100 108 100 104
internal_value=0 -0.207281 -0.434589 -0.101763 -0.430287 0.0391341 0.707568 1.56321 -1.66773 2.97323
internal_weight=0 1213 1021 804 703 581 427 327 217 212
internal_count=1332 1213 1021 804 703 581 427 327 217 212
is_linear=0
shrinkage=0.05


Tree=629
num_leaves=9
num_cat=0
split_feature=0 12 14 11 7 13 5 12
split_gain=131671 109657 231714 292802 196913 223923 172113 245624
threshold=3.5096565212076771 2213.5533750000004 1070.7481250000003 1901.4648750000003 0.55334358773528314 4832.9830877976201 1.5000000000000002 5863.6727500000006
decision_type=2 8 10 10 2 10 2 10
left_child=-1 -2 3 -3 5 -5 -7 -8
right_child=1 2 -4 4 -6 6 7 -9
leaf_value=-1.2501721450459888 -1.3034361834753128 -1.2966407365634525 -1.1579543842511175 2.4259952815373742 2.903425742114397 1.8553752597221838 0.89303742151071386 -1.9317013920586685
leaf_weight=171 105 145 196 150 133 112 164 145
leaf_count=171 105 145 196 150 133 112 164 145
internal_value=0 0.236857 0.391623 0.749359 1.17076 0.767185 0.17616 -0.432487
internal_weight=0 1150 1045 849 704 571 421 309
internal_count=1321 1150 1045 849 704 571 421 309
is_linear=0
shrinkage=0.05


Tree=630
num_leaves=10
num_cat=0
split_feature=8 5 13 13 10 13 16 10 15
split_gain=149752 195012 161578 149995 286133 332345 300858 428946 191871
threshold=0.75300874312020383 1.0000000180025095e-35 4055.427697172619 5047.1090840773822 4221.4631250000011 7384.4301934523819 1.3020232578813451 5829.0020000000013 5.6275558111366708
decision_type=2 2 8 8 2 8 2 2 2
left_child=-1 -2 -3 8 -5 6 7 -6 -4
right_child=1 2 3 4 5 -7 -8 -9 -10
leaf_value=-1.7631712758425371 -1.3825084997832411 2.3277727003367441 -2.2222206965088844 2.2573783378211818 -0.91681374913012537 -2.5426257093163098 -1.5815990737665482 3.1220533225774059 0.60525625487168633
leaf_weight=103 163 106 120 196 108 102 107 168 120
leaf_count=103 163 106 120 196 108 102 107 168 120
internal_value=0 0.224131 0.479128 0.266363 0.645163 -0.00637082 0.669081 1.54163 -0.808482
internal_weight=0 1190 1027 921 681 485 383 276 240
internal_count=1293 1190 1027 921 681 485 383 276 240
is_linear=0
shrinkage=0.05


Tree=631
num_leaves=10
num_cat=0
split_feature=15 15 13 13 11 14 8 12 13
split_gain=154817 162912 358118 191054 160738 177738 152123 140391 223473
threshold=8.4525772021646635 3.5613866942249786 3954.0670163690479 7031.7957492559535 6218.9250000000002 882.77999999999986 0.87717575501506595 5701.7337500000012 5067.721941964287
decision_type=2 2 10 10 10 10 2 8 10
left_child=1 6 -3 4 7 -6 -1 8 -4
right_child=-2 2 3 -5 5 -7 -8 -9 -10
leaf_value=0.77631798146063824 -1.281585126891172 3.1549395224452024 1.8281362671601145 2.2829175539505786 2.0561340684662324 -0.55413520060410015 -1.6610743671247405 -1.7986891937560181 -1.0764615557804893
leaf_weight=114 133 140 114 117 167 107 146 142 158
leaf_count=114 133 140 114 117 167 107 146 142 158
internal_value=0 0.515992 0.820939 0.415026 0.097376 1.0368 -0.592372 -0.524365 0.140907
internal_weight=0 1205 945 805 688 274 260 414 272
internal_count=1338 1205 945 805 688 274 260 414 272
is_linear=0
shrinkage=0.05


Tree=632
num_leaves=11
num_cat=0
split_feature=16 8 4 11 5 12 4 0 3 8
split_gain=105135 163287 322377 383628 289980 174283 237676 275586 193592 191009
threshold=1.8809867097820903 0.9442956573789022 6.5000000000000009 3532.5338750000005 2.5000000000000004 8607.1571250000015 17.500000000000004 6.2094598348723773 0.53718411974879554 0.84637168427714815
decision_type=2 2 2 10 2 8 2 2 2 2
left_child=1 5 -3 -4 -5 6 7 8 -1 -9
right_child=-2 2 3 4 -6 -7 -8 9 -10 -11
leaf_value=0.11687909762064617 1.665873965649378 1.3601091966248942 -3.7294247436907981 -2.0259973706356411 1.5408380610602244 -0.9285338873066098 2.7799326165941838 -2.5176124017427464 3.0903438580808817 0.51401977883042582
leaf_weight=111 105 138 124 116 112 166 131 101 108 107
leaf_count=111 105 138 124 116 112 166 131 101 108 107
internal_value=0 0.0167142 -0.688154 -1.49117 -0.273868 0.493766 0.916887 0.345321 1.58325 -0.958071
internal_weight=0 1214 490 352 228 724 558 427 219 208
internal_count=1319 1214 490 352 228 724 558 427 219 208
is_linear=0
shrinkage=0.05


Tree=633
num_leaves=10
num_cat=0
split_feature=11 16 16 12 8 15 15 12 8
split_gain=175663 160919 280186 198976 183296 270773 275273 168177 239635
threshold=2719.2775000000006 0.42280894756142257 0.60159488171039366 3486.4720000000002 0.99248233904949357 6.6625801469035801 8.4525772021646635 7680.4096250000011 0.90258555141862706
decision_type=8 2 2 10 2 2 2 8 2
left_child=-1 3 -3 -2 5 7 -7 8 -4
right_child=1 2 4 -5 -6 6 -8 -9 -10
leaf_value=-1.5499831617396467 -2.5295078947233121 2.8040832241015003 1.0624182440458783 0.1666021651241201 1.7859924412586474 2.3403958603541057 -0.9791650547045414 -2.7567679974070769 -2.163482913093747
leaf_weight=187 115 110 126 169 132 150 107 114 106
leaf_count=187 115 110 126 169 132 150 107 114 106
internal_value=0 0.104531 0.450595 -0.925133 0.0983724 -0.271057 0.958322 -1.18421 -0.411485
internal_weight=0 1129 845 284 735 603 257 346 232
internal_count=1316 1129 845 284 735 603 257 346 232
is_linear=0
shrinkage=0.05


Tree=634
num_leaves=11
num_cat=0
split_feature=0 8 10 14 11 10 12 3 10 0
split_gain=118076 94884.1 110015 290933 169213 125929 198739 318267 225591 131025
threshold=7.7523391228011702 0.77103858515298584 7263.7992500000009 -449.02100000000013 2096.5808750000006 2919.6167500000006 6896.6761250000009 0.71888712837513824 4816.6130000000003 6.0780730850862872
decision_type=2 2 2 8 10 2 10 2 2 2
left_child=1 -1 3 -3 -5 -6 7 8 -7 -10
right_child=-2 2 -4 4 5 6 -8 -9 9 -11
leaf_value=-1.1151128104062584 -1.5282069044692494 -2.211681413650513 1.4915949839109419 1.9941085547208788 1.7653660354614258 -0.84150597439969299 -1.903131015469709 -1.9315227986418684 3.0140897852904871 0.61468435144424438
leaf_weight=123 107 116 177 148 100 102 127 115 132 100
leaf_count=123 107 116 177 148 100 102 127 115 132 100
internal_value=0 0.202931 0.34807 0.132746 0.462787 0.127527 -0.15682 0.337126 1.11825 1.97986
internal_weight=0 1240 1117 940 824 676 576 449 334 232
internal_count=1347 1240 1117 940 824 676 576 449 334 232
is_linear=0
shrinkage=0.05


Tree=635
num_leaves=10
num_cat=0
split_feature=7 10 12 7 11 12 11 8 8
split_gain=261526 231908 190603 229405 183508 155604 198040 134926 112219
threshold=0.02595509350583269 3020.5996250000003 3465.9887500000009 0.60011513502367497 9043.1762500000023 8858.6746250000015 6149.4768750000012 0.87246776526987591 0.87841777489102257
decision_type=2 2 8 2 8 8 10 2 2
left_child=1 -1 7 4 5 6 8 -2 -4
right_child=2 -3 3 -5 -6 -7 -8 -9 -10
leaf_value=3.0368703644851163 -2.9321619820157325 0.17922304041398682 -1.5484304003715517 1.9817921791194886 -1.9163910201053747 -1.59527305610683 2.2008952981088221 -0.52526774556636813 0.57425014722584322
leaf_weight=116 109 183 100 121 151 109 123 125 165
leaf_count=116 109 183 100 121 151 109 123 125 165
internal_value=0 1.28788 -0.396918 -0.016703 -0.389879 0.0739106 0.542831 -1.64643 -0.226761
internal_weight=0 299 1003 769 648 497 388 234 265
internal_count=1302 299 1003 769 648 497 388 234 265
is_linear=0
shrinkage=0.05


Tree=636
num_leaves=11
num_cat=0
split_feature=4 13 10 16 16 13 10 10 11 7
split_gain=198220 381713 481375 271515 252296 175312 193188 461831 256325 49266.2
threshold=11.500000000000002 6019.169925595239 6559.1576250000007 0.57495471769399209 1.0372481692613711 6853.4243244047639 6217.5320000000002 4707.9080000000004 5485.9666250000009 0.26064608257049132
decision_type=2 10 2 2 2 10 2 2 8 2
left_child=5 3 -3 -2 -5 6 7 8 -1 -6
right_child=1 2 -4 4 9 -7 -8 -9 -10 -11
leaf_value=0.002386249127713117 -3.5209416981899384 3.4458718463486315 -1.2171927629423536 1.1504202401526622 -2.6423928613662722 -1.407352261048443 2.3875586944321792 -2.6013333984677285 2.9364168065462928 -1.072899409890175
leaf_weight=176 132 102 121 107 100 106 144 105 129 100
leaf_count=176 132 102 121 107 100 106 144 105 129 100
internal_value=0 -0.768882 0.915689 -1.6246 -0.809232 0.455616 0.812069 0.258726 1.24334 -1.85765
internal_weight=0 662 223 439 307 660 554 410 305 200
internal_count=1322 662 223 439 307 660 554 410 305 200
is_linear=0
shrinkage=0.05


Tree=637
num_leaves=11
num_cat=0
split_feature=11 15 15 3 5 15 13 3 8 16
split_gain=143554 115810 269063 125713 193648 148540 262915 356307 143536 129051
threshold=2153.2641250000006 8.3730664733139992 7.7536253625362539 0.4797469026548804 1.0000000180025095e-35 6.3535242413130213 5076.30549107143 0.71463745631888853 0.88827056008891014 0.69376798790990246
decision_type=8 2 2 2 2 2 10 2 2 2
left_child=-1 2 3 -2 -5 6 7 -6 -7 -8
right_child=1 -3 -4 4 5 8 9 -9 -10 -11
leaf_value=1.6721655143871903 1.0153806542140851 -1.6567140360530332 2.3196775618721457 -2.6431479390385082 -2.1931315469611539 -2.8154482836723331 2.7074963664779297 1.4832518508133381 -0.19808849307623777 0.30109600851933166
leaf_weight=100 138 139 102 103 183 100 104 103 110 120
leaf_count=100 138 139 102 103 183 100 104 103 110 120
internal_value=0 -0.299492 -0.122019 -0.381179 -0.615353 -0.325266 0.135575 -0.869119 -1.44445 1.41835
internal_weight=0 1202 1063 961 823 720 510 286 210 224
internal_count=1302 1202 1063 961 823 720 510 286 210 224
is_linear=0
shrinkage=0.05


Tree=638
num_leaves=9
num_cat=0
split_feature=10 10 13 8 11 14 4 14
split_gain=165194 426610 314101 120046 122130 256607 163819 240171
threshold=2013.4711250000003 2898.5950000000007 3954.0670163690479 0.99660533306829857 7520.0152500000013 737.58000000000004 5.5000000000000009 -83.292499999999777
decision_type=2 2 10 2 10 10 2 10
left_child=-1 -2 -3 4 5 6 -4 -8
right_child=1 2 3 -5 -6 -7 7 -9
leaf_value=1.8211132934588254 -3.0929255737861001 2.4843135053828611 1.1769927643609386 1.3697374332184886 0.65224292015418028 -2.7617568319577437 -2.1245463093773265 0.38508511452219596
leaf_weight=103 120 118 141 102 195 130 183 199
leaf_count=103 120 118 141 102 195 130 183 199
internal_value=0 -0.266274 0.0513269 -0.250876 -0.445808 -0.77371 -0.279549 -0.817173
internal_weight=0 1188 1068 950 848 653 523 382
internal_count=1291 1188 1068 950 848 653 523 382
is_linear=0
shrinkage=0.05


Tree=639
num_leaves=10
num_cat=0
split_feature=13 11 16 0 16 16 14 13 11
split_gain=192034 293012 230171 224313 195135 183783 230510 155184 41501.8
threshold=7384.4301934523819 3498.4912500000005 1.0007111822293353 7.0659440944094412 1.6184340656287859 1.0928176150948432 448.07687500000026 5162.8877604166673 6477.8272500000012
decision_type=10 10 2 2 2 2 10 8 10
left_child=1 2 7 4 5 6 -3 -1 -8
right_child=-2 3 -4 -5 -6 -7 8 -9 -10
leaf_value=-1.2933589762063336 -2.108135890749828 -1.1570097570541578 -2.6144268542316791 2.4280553856269034 -1.7081698333649411 2.1185323703522778 1.9213761754755705 1.0957967517967511 0.53188323159852313
leaf_weight=139 106 195 141 147 105 153 106 133 109
leaf_count=139 106 195 141 147 105 153 106 133 109
internal_value=0 0.10998 -0.974988 0.659787 0.270661 0.639715 0.087864 -0.125132 1.21694
internal_weight=0 1228 413 815 668 563 410 272 215
internal_count=1334 1228 413 815 668 563 410 272 215
is_linear=0
shrinkage=0.05


Tree=640
num_leaves=10
num_cat=0
split_feature=15 10 7 13 11 4 13 0 13
split_gain=142550 124014 136581 251731 208398 303414 418854 249352 201954
threshold=8.2776861019435284 2013.4711250000003 -0.092312900288412589 4647.6477619047628 5039.3122500000009 18.500000000000004 5132.1188556547631 5.8352585258525869 5166.851205357144
decision_type=2 2 2 8 8 2 10 2 10
left_child=1 -1 -3 -4 8 6 -6 -8 -5
right_child=-2 2 3 4 5 -7 7 -9 -10
leaf_value=1.6306413988406594 1.5858530091089116 -1.4478314653309909 1.9865694083372754 -3.0627966505176616 3.5083829661415629 -1.7660656101879526 -1.6861420732884369 1.6271495885381075 -0.27881566778089878
leaf_weight=111 171 165 150 106 121 122 121 107 169
leaf_count=111 171 165 150 106 121 122 121 107 169
internal_value=0 0.04049 -0.125869 0.117573 -0.258231 0.380332 1.13065 -0.13122 -1.35191
internal_weight=0 1172 1061 896 746 471 349 228 275
internal_count=1343 1172 1061 896 746 471 349 228 275
is_linear=0
shrinkage=0.05


Tree=641
num_leaves=11
num_cat=0
split_feature=0 5 12 10 12 3 7 15 15 15
split_gain=341639 248432 252442 391573 193323 173177 214120 242050 315537 153165
threshold=7.7523391228011702 4.5000000000000009 8420.6155000000017 5777.1615000000011 2673.2261250000006 0.74087761392373974 0.0058936591884511018 6.2752261337244848 5.1127571090442387 3.2887427631652058
decision_type=2 2 8 2 8 2 2 2 2 2
left_child=1 4 3 -3 -1 6 -6 8 9 -8
right_child=-2 2 -4 -5 5 -7 7 -9 -10 -11
leaf_value=2.5436754545243847 -2.716482460940326 2.3535404701232912 -2.9765751996865641 -1.7744932942920262 -1.752441361523414 2.2950769804491857 -0.71413193836808209 2.1527894054032579 -2.4822921070287816 1.8367155498349583
leaf_weight=119 108 100 104 135 129 101 100 158 106 143
leaf_count=119 108 100 104 135 129 101 100 158 106 143
internal_value=0 0.22002 -0.925565 -0.0178832 0.673703 0.371768 0.0663364 0.529102 -0.205977 0.786984
internal_weight=0 1195 339 235 856 737 636 507 349 243
internal_count=1303 1195 339 235 856 737 636 507 349 243
is_linear=0
shrinkage=0.05


Tree=642
num_leaves=10
num_cat=0
split_feature=10 14 0 13 14 3 10 15 10
split_gain=118135 741028 331167 238413 264223 292042 243074 194141 154605
threshold=6596.6015000000007 59.139999999999652 6.927849729417388 6871.5982961309537 592.78225000000009 0.72723870663756551 4578.1466250000012 6.1076816014934847 4449.4368750000012
decision_type=2 8 2 10 10 2 2 2 2
left_child=3 -2 -3 4 5 7 -6 8 -1
right_child=1 2 -4 -5 6 -7 -8 -9 -10
leaf_value=1.3509247091215881 -3.972653887420893 2.7421242911536416 -0.88671957229231979 2.3618245441263372 -0.056251369762420657 -1.2161719578308066 -3.3111520010064233 3.0221333376297328 -1.0630159655809404
leaf_weight=197 128 111 145 110 125 182 106 107 100
leaf_count=197 128 111 145 110 125 182 106 107 100
internal_value=0 -0.866402 0.686724 0.176529 -0.117696 0.446852 -1.54984 1.19604 0.53815
internal_weight=0 384 256 927 817 586 231 404 297
internal_count=1311 384 256 927 817 586 231 404 297
is_linear=0
shrinkage=0.05


Tree=643
num_leaves=11
num_cat=0
split_feature=14 3 16 11 14 0 10 11 13 14
split_gain=320390 190732 151067 249316 218608 177819 269693 247070 214168 181427
threshold=-898.29912499999989 0.68532949963282064 0.52432187663210805 4384.8025000000007 611.9962499999998 6.4359422053316448 4873.2451250000013 5746.4165000000012 5332.7113891369054 383.63387500000005
decision_type=10 2 2 10 10 2 2 10 10 10
left_child=1 -1 3 -2 -5 6 9 -8 -7 -4
right_child=2 -3 5 4 -6 8 7 -9 -10 -11
leaf_value=3.2847576926151909 0.56940123038437529 0.31319363613923396 -1.5917716785102873 -3.7221461053443168 -0.58360788040204881 -2.6433075529822245 3.8190877619356218 0.31304455786943436 0.15918946044294391 0.93143512275483875
leaf_weight=108 131 108 141 113 109 109 101 100 182 144
leaf_count=108 131 108 141 113 109 109 101 100 182 144
internal_value=0 1.79898 -0.302702 -1.16041 -2.18115 0.0869641 0.672262 2.07479 -0.890543 -0.316888
internal_weight=0 216 1130 353 222 777 486 201 291 285
internal_count=1346 216 1130 353 222 777 486 201 291 285
is_linear=0
shrinkage=0.05


Tree=644
num_leaves=10
num_cat=0
split_feature=13 13 8 11 11 13 3 15 11
split_gain=181097 179137 130154 165862 159919 332483 311233 262992 67767.2
threshold=7384.4301934523819 6769.4835550595253 0.76492484073770517 2329.3800000000006 5868.9698750000016 5003.3553720238106 0.63204820109316417 5.6055480548054808 3745.6841250000002
decision_type=10 10 2 8 8 8 2 2 10
left_child=1 2 -1 -4 7 -6 -7 8 -5
right_child=-2 -3 3 4 5 6 -8 -9 -10
leaf_value=-1.7605611881407182 -2.0246981340617238 1.7556289354374834 -1.7450918373071922 -1.0356033449468105 -2.7215737107150053 1.8174235373034433 -1.2668205555171184 2.4055437965096589 0.63927976221662686
leaf_weight=101 101 157 106 103 109 186 146 193 146
leaf_count=101 101 157 106 103 109 186 146 193 146
internal_value=0 0.176591 -0.0508489 0.123753 0.348099 -0.325548 0.461099 1.02022 -0.0535434
internal_weight=0 1247 1090 989 883 441 332 442 249
internal_count=1348 1247 1090 989 883 441 332 442 249
is_linear=0
shrinkage=0.05


Tree=645
num_leaves=10
num_cat=0
split_feature=14 7 3 8 1 12 12 13 13
split_gain=144909 149071 269697 355968 521171 282473 467556 329550 144451
threshold=-1337.00325 0.52260299747206151 0.70791112019137725 0.94349588223473047 26.884158287522716 6984.4762500000006 4856.4187500000007 5181.2097916666671 6062.9620312500019
decision_type=10 2 2 2 2 8 10 10 10
left_child=-1 2 5 -4 -5 6 7 -2 -3
right_child=1 8 3 4 -6 -7 -8 -9 -10
leaf_value=-1.5863762728740713 -3.8708390500109928 -0.11451363486128968 -1.4612429712499893 -0.48019085345315005 4.5742720477721273 -2.7681419795606197 1.6470809468299668 0.0052727632802622073 2.1087768154607405
leaf_weight=173 104 154 112 102 102 164 173 116 139
leaf_count=173 104 154 112 102 102 164 173 116 139
internal_value=0 -0.0356466 -0.363172 0.803598 2.04704 -1.02511 -0.297737 -1.82707 0.940221
internal_weight=0 1166 873 316 204 557 393 220 293
internal_count=1339 1166 873 316 204 557 393 220 293
is_linear=0
shrinkage=0.05


Tree=646
num_leaves=10
num_cat=0
split_feature=16 14 1 11 11 8 16 12 11
split_gain=203191 217412 258104 351720 213025 189130 366713 372401 286519
threshold=0.82057233501127913 -294.30324999999988 20.092845880786278 7419.4412500000008 5779.5482500000007 0.81855491997912566 1.3622459468169044 3048.3912500000001 5243.4551250000013
decision_type=2 8 2 10 8 2 2 10 10
left_child=1 -1 -3 4 -4 -2 7 -7 -8
right_child=5 2 3 -5 -6 6 8 -9 -10
leaf_value=2.9657700018051569 -1.9184735399877859 2.2222771133367831 -0.035780121118594438 2.1315180708349279 -2.9488346774237497 -3.5001200704620441 3.1115331465547738 0.27370098913935098 -0.23557070448033271
leaf_weight=109 144 156 156 113 105 104 132 176 124
leaf_count=109 144 156 156 113 105 104 132 176 124
internal_value=0 0.932076 0.513825 -0.198791 -1.2077 -0.309691 0.12252 -1.128 1.49028
internal_weight=0 639 530 374 261 680 536 280 256
internal_count=1319 639 530 374 261 680 536 280 256
is_linear=0
shrinkage=0.05


Tree=647
num_leaves=10
num_cat=0
split_feature=3 16 0 13 0 8 16 3 15
split_gain=157442 167997 166419 443671 267981 252213 153133 282752 162135
threshold=0.49167650387539319 0.19007456301185635 4.9492032536586992 4216.0512321428578 4.2978172817281743 0.9803532036968845 0.65663927503861486 0.70156862838921941 7.016993366003268
decision_type=2 2 2 10 2 2 2 2 2
left_child=-1 -2 4 -4 -3 6 -5 8 -8
right_child=1 2 3 5 -6 -7 7 -9 -10
leaf_value=-1.7922602897028577 1.5133389932103456 -0.64296028878160583 -3.8540479357960153 -2.3089456893934694 2.5267870368184271 1.9903504067063331 -0.34863927282561041 -2.0182938872517404 2.3011838914032152
leaf_weight=178 128 167 103 121 111 100 133 143 102
leaf_count=178 128 167 103 121 111 100 133 143 102
internal_value=0 -0.190228 -0.412734 -0.822762 0.622658 -0.301522 -0.760815 -0.265249 0.801497
internal_weight=0 1108 980 702 278 599 499 378 235
internal_count=1286 1108 980 702 278 599 499 378 235
is_linear=0
shrinkage=0.05


Tree=648
num_leaves=11
num_cat=0
split_feature=13 14 12 0 15 10 5 10 0 11
split_gain=245379 240307 289132 276723 324234 201802 278868 197722 186388 248883
threshold=7384.4301934523819 426.55725000000035 7920.0148750000008 6.2815892700381157 7.5471422142214237 6507.9031250000007 2.5000000000000004 4707.9080000000004 5.3366989476725468 4023.7812500000005
decision_type=8 10 8 2 2 2 2 2 2 8
left_child=1 3 5 8 -5 6 -3 -2 9 -1
right_child=7 2 -4 4 -6 -7 -8 -9 -10 -11
leaf_value=0.95968093099728446 -0.14919674502265068 1.3241377222636515 3.5339453098207416 3.0887995377397885 -0.68310892605592333 2.1397884164305947 -2.1144793206971624 -3.105418450972782 -2.9675695104826065 -2.0681838513452275
leaf_weight=142 124 121 101 104 126 124 115 104 105 130
leaf_count=142 124 121 101 104 126 124 115 104 105 130
internal_value=0 0.309267 1.16989 -0.34435 1.02245 0.506637 -0.35146 -1.49765 -1.17821 -0.48746
internal_weight=0 1068 461 607 230 360 236 228 377 272
internal_count=1296 1068 461 607 230 360 236 228 377 272
is_linear=0
shrinkage=0.05


Tree=649
num_leaves=9
num_cat=0
split_feature=13 8 12 13 13 14 14 12
split_gain=409869 160477 206132 144647 183843 395424 285961 119665
threshold=3274.8545528273812 0.99660533306829857 7423.0843750000013 7031.7957492559535 5560.4712291666674 136.91737499999957 94.748499999999936 3426.6762500000009
decision_type=10 2 10 10 10 10 10 10
left_child=-1 2 3 4 6 -6 -2 -8
right_child=1 -3 -4 -5 5 -7 7 -9
leaf_value=-2.6357432453528697 1.5734281651178996 1.8457916881079262 1.6983971255866788 1.3560660396516324 -3.8651039419390942 -0.098161306741990542 -2.0303020318654865 0.029764586377453495
leaf_weight=138 195 138 158 120 110 190 130 154
leaf_count=138 195 138 158 120 110 190 130 154
internal_value=0 0.242213 0.0328529 -0.259868 -0.508792 -1.47937 0.0990876 -0.913224
internal_weight=0 1195 1057 899 779 300 479 284
internal_count=1333 1195 1057 899 779 300 479 284
is_linear=0
shrinkage=0.05


Tree=650
num_leaves=9
num_cat=0
split_feature=14 8 3 3 4 7 12 7
split_gain=164971 179157 234907 143106 313907 197128 244875 135291
threshold=499.81450000000046 0.95775810273644291 0.6155597785876642 0.49879692190200425 5.5000000000000009 0.031852830198467741 5298.5196250000008 -0.034254965367935493
decision_type=8 2 2 2 2 2 8 2
left_child=3 2 -2 -1 -5 -6 -7 -3
right_child=1 7 -4 4 5 6 -8 -9
leaf_value=-1.2744841564999949 -1.0264101478992365 -3.053820342800635 1.6309861864920323 3.1451376707958327 1.9118246571540833 -1.6265905424715983 1.0095665628621073 -0.75794783803941201
leaf_weight=101 195 102 145 112 125 189 165 173
leaf_count=101 195 102 145 112 125 189 165 173
internal_value=0 -0.660604 0.106891 0.464832 0.762075 0.204866 -0.397873 -1.60951
internal_weight=0 615 340 692 591 479 354 275
internal_count=1307 615 340 692 591 479 354 275
is_linear=0
shrinkage=0.05


Tree=651
num_leaves=11
num_cat=0
split_feature=8 11 13 10 11 14 14 12 3 12
split_gain=138171 215768 165753 242316 273237 228365 240309 222584 194398 124612
threshold=0.80158646113560139 4746.6350000000011 5108.068815476191 2898.5950000000007 7461.3461250000009 -245.04224999999994 964.03387500000019 3846.0587500000006 0.59657680338635743 3507.5447500000005
decision_type=2 10 10 2 8 10 10 10 2 10
left_child=1 -1 3 -2 9 -4 7 -7 -9 -5
right_child=2 -3 5 4 -6 6 -8 8 -10 -11
leaf_value=-2.8849022353049554 -1.2150125832129748 0.39153104758262636 1.7441208131313326 1.7057544082194775 3.539567184893885 0.15706757810609095 0.88331877159721717 -4.0875442564487461 -1.0936828969029693 -0.29168587424034298
leaf_weight=101 117 100 100 143 107 116 136 106 111 172
leaf_count=101 117 100 100 143 107 116 136 106 111 172
internal_value=0 -1.25484 0.17005 0.798386 1.3566 -0.425159 -0.887691 -1.61099 -2.55612 0.615089
internal_weight=0 201 1108 539 422 569 469 333 217 315
internal_count=1309 201 1108 539 422 569 469 333 217 315
is_linear=0
shrinkage=0.05


Tree=652
num_leaves=10
num_cat=0
split_feature=14 15 11 11 10 11 5 4 7
split_gain=268561 216259 184743 259182 246761 235074 325907 179825 125825
threshold=-1542.6836249999994 8.64326849351602 4092.9800000000005 3379.0362500000006 3416.5141250000001 7520.0152500000013 1.5000000000000002 8.5000000000000018 0.31715296652162867
decision_type=10 2 10 10 2 10 2 2 2
left_child=-1 2 3 8 -4 6 -6 -8 -2
right_child=1 -3 4 -5 5 -7 7 -9 -10
leaf_value=-1.7835744190367924 -0.95045916216432558 2.4485033761646791 1.6732399982999462 3.1132454328440335 0.25614546257377474 0.62506782097948932 -1.3506099224377137 -4.3053000869704228 1.2698536296685539
leaf_weight=157 121 118 129 111 149 198 104 102 135
leaf_count=157 121 118 129 111 149 198 104 102 135
internal_value=0 0.419101 0.190818 1.09535 -0.295934 -0.755289 -1.52518 -2.81361 0.220409
internal_weight=0 1167 1049 367 682 553 355 206 256
internal_count=1324 1167 1049 367 682 553 355 206 256
is_linear=0
shrinkage=0.05


Tree=653
num_leaves=11
num_cat=0
split_feature=7 4 16 10 1 15 5 10 10 13
split_gain=218669 347130 127627 157968 235944 233085 331223 238708 160132 280564
threshold=0.56222009265034878 10.500000000000002 0.19766143280994755 6655.4568750000008 48.739573268191563 4.636049716082721 3.5000000000000004 4893.9087500000014 2620.7030000000004 5267.8024561011907
decision_type=2 2 2 2 2 2 2 2 2 8
left_child=2 -2 -1 5 -5 8 7 -7 -4 -10
right_child=1 -3 3 4 -6 6 -8 -9 9 -11
leaf_value=1.2038082441462106 -0.20376151567552148 3.7628177260011437 0.62949769998138605 0.24033334265862194 -2.8744116212640489 -2.0280542377063209 2.8382968486660589 1.177266069008754 0.10699621265584774 -3.4250929376094237
leaf_weight=152 123 100 110 112 133 105 137 130 110 115
leaf_count=152 123 100 110 112 133 105 137 130 110 115
internal_value=0 1.57497 -0.1416 -0.356413 -1.45053 0.0227358 0.884262 -0.254898 -0.933944 -1.69829
internal_weight=0 223 1104 952 245 707 372 235 335 225
internal_count=1327 223 1104 952 245 707 372 235 335 225
is_linear=0
shrinkage=0.05


Tree=654
num_leaves=9
num_cat=0
split_feature=8 3 11 11 11 13 14 4
split_gain=192444 225404 663510 340405 325360 320944 170909 153048
threshold=0.99498691186870403 0.54778829968049425 3271.0261250000003 2548.7687500000006 7520.0152500000013 5108.068815476191 265.89874999999989 4.5000000000000009
decision_type=2 2 10 10 10 10 10 2
left_child=1 2 -1 -3 5 -5 -7 -4
right_child=-2 3 7 4 -6 6 -8 -9
leaf_value=-4.2213929772377012 -1.7437286818524205 2.5537293252367412 -0.70517864069445946 0.83608223412049387 2.0824595362600617 -0.64009489626374871 -3.257753231745808 1.7745758395968823
leaf_weight=111 180 161 137 191 137 131 119 114
leaf_count=111 180 161 137 191 137 131 119 114
internal_value=0 0.019738 -1.00244 0.520452 -0.0459107 -0.707105 -1.8861 0.421084
internal_weight=0 1101 362 739 578 441 250 251
internal_count=1281 1101 362 739 578 441 250 251
is_linear=0
shrinkage=0.05


Tree=655
num_leaves=9
num_cat=0
split_feature=15 10 15 14 4 12 4 12
split_gain=115026 169786 201573 208128 199360 187694 171077 373229
threshold=8.2526224844706721 5741.0952500000012 4.2038231600937879 -334.82537499999984 13.500000000000002 2816.6125000000006 4.5000000000000009 3532.5338750000005
decision_type=2 2 2 10 2 10 2 10
left_child=1 2 5 -4 -5 -1 -3 -8
right_child=-2 6 3 4 -6 -7 7 -9
leaf_value=-1.9596603320066972 1.0820583220489406 0.60423887400951204 2.7805012609507589 -0.96746932562345112 1.7184629820046888 0.34703448613866783 -4.1121283580672063 -0.33175451201551104
leaf_weight=161 182 103 111 156 124 195 106 170
leaf_count=161 182 103 111 156 124 195 106 170
internal_value=0 -0.272718 0.164613 0.948337 0.222015 -0.696162 -1.13469 -1.78364
internal_weight=0 1126 747 391 280 356 379 276
internal_count=1308 1126 747 391 280 356 379 276
is_linear=0
shrinkage=0.05


Tree=656
num_leaves=10
num_cat=0
split_feature=15 14 15 12 13 13 8 5 15
split_gain=291953 142408 206054 183132 198520 349749 136917 410044 147026
threshold=8.4525772021646635 292.0562500000006 6.7247127490526841 8026.7225000000008 6589.8850959821439 5108.068815476191 0.98215323540907429 3.5000000000000004 4.7268518518518521
decision_type=2 10 2 8 10 10 2 2 2
left_child=1 2 6 4 5 -3 7 8 -1
right_child=-2 3 -4 -5 -6 -7 -8 -9 -10
leaf_value=1.8902078617450802 -2.2868636544976204 -0.21657479612194763 2.1467234169259486 1.3803996329124157 0.38081091517316445 -3.9160243302847437 1.4292530259076697 -2.8986022618778966 -0.61033370793900554
leaf_weight=129 143 147 162 104 168 113 137 114 108
leaf_count=129 143 147 162 104 168 113 137 114 108
internal_value=0 0.105116 0.601626 -0.501522 -0.958811 -1.82441 0.0887045 -0.43453 0.750721
internal_weight=0 1182 650 532 428 260 488 351 237
internal_count=1325 1182 650 532 428 260 488 351 237
is_linear=0
shrinkage=0.05


Tree=657
num_leaves=9
num_cat=0
split_feature=0 10 15 10 8 7 5 12
split_gain=89541.8 142153 118097 188817 219254 207998 261162 150207
threshold=7.8008120256470104 7263.7992500000009 6.9840178462290687 5881.7398750000011 0.92946223143241891 0.031852830198467741 2.5000000000000004 8312.1225000000013
decision_type=2 2 2 2 2 2 2 8
left_child=1 2 3 4 7 -6 -7 -1
right_child=-2 -3 -4 -5 5 6 -8 -9
leaf_value=1.8162089761015008 -1.3037486997361367 1.4896475677953123 -1.1277235701446136 2.0429618585586549 0.36609900408054719 -0.21863275652346403 -3.6676287873124793 -0.45879103011555139
leaf_weight=191 104 188 191 125 199 115 105 117
leaf_count=191 104 188 191 125 199 115 105 117
internal_value=0 0.224091 -0.00402463 0.247884 -0.0607603 -0.805227 -1.86474 0.952004
internal_weight=0 1231 1043 852 727 419 220 308
internal_count=1335 1231 1043 852 727 419 220 308
is_linear=0
shrinkage=0.05


Tree=658
num_leaves=10
num_cat=0
split_feature=10 3 12 3 14 8 8 14 10
split_gain=240030 467403 335890 208455 197576 137646 220184 185631 213714
threshold=6145.0835000000015 0.69923370096537574 6220.841625 0.57151255782500343 -898.29912499999989 0.99683731551295363 0.98323758125013172 606.31137500000034 4707.9080000000004
decision_type=2 2 8 2 10 2 2 10 2
left_child=4 2 3 -2 -1 6 7 8 -6
right_child=1 -3 -4 -5 5 -7 -8 -9 -10
leaf_value=1.8271016578039818 -0.30146823656761046 -3.5723534413025932 -2.1310384955137009 2.7930782252018993 -0.14610511895382045 1.6748074635420698 -2.1310983607516838 -1.2284531886378924 2.7069229132538544
leaf_weight=186 118 130 124 101 165 101 130 144 109
leaf_count=186 118 130 124 101 165 101 130 144 109
internal_value=0 -1.0193 -0.0516651 1.1257 0.390424 -0.0213209 -0.333928 0.225 0.988859
internal_weight=0 473 343 219 835 649 548 418 274
internal_count=1308 473 343 219 835 649 548 418 274
is_linear=0
shrinkage=0.05


Tree=659
num_leaves=10
num_cat=0
split_feature=1 13 1 4 13 8 12 3 10
split_gain=239414 244830 225282 420589 587722 305573 197712 157204 101201
threshold=54.598492629535592 7031.7957492559535 21.067481419224002 15.500000000000002 4706.3317857142865 0.89072219910788641 4745.1537500000013 0.63752543744624324 2898.5950000000007
decision_type=2 10 2 2 10 2 10 2 2
left_child=1 2 7 4 -4 -6 -5 8 -1
right_child=-2 -3 3 6 5 -7 -8 -9 -10
leaf_value=-1.025692539408803 -1.7736881100101236 2.4894385255543536 -4.4299684875812693 2.4212826320758234 -2.1145587434211084 1.22030947140672 -0.28661883151956968 2.1974549596692312 1.1866633879247113
leaf_weight=100 162 113 122 130 124 154 140 162 107
leaf_count=100 162 113 122 130 124 154 140 162 107
internal_value=0 0.27917 0.0387851 -0.507603 -1.53683 -0.267186 1.01719 1.03087 0.117892
internal_weight=0 1152 1039 670 400 278 270 369 207
internal_count=1314 1152 1039 670 400 278 270 369 207
is_linear=0
shrinkage=0.05


Tree=660
num_leaves=11
num_cat=0
split_feature=4 12 12 8 10 8 12 13 13 10
split_gain=143273 299688 230396 361880 272489 193156 259777 278608 214353 176740
threshold=3.5000000000000004 3913.7600000000002 3107.7450000000003 0.99432304346742451 5632.1317500000014 0.9779244321237387 8208.2975000000024 6601.2711622023817 5560.4712291666674 7213.1593750000011
decision_type=2 10 8 2 2 2 8 8 10 2
left_child=1 -1 4 5 -2 6 8 -8 -4 -10
right_child=2 -3 3 -5 -6 -7 7 -9 9 -11
leaf_value=3.2720608331122492 0.26964063381447512 -0.41346270978450783 2.4859955956244608 -1.870763584556459 -3.3851259852595192 2.4521787740182184 -2.7933672783571648 0.8242856685054275 1.5624432949586349 -1.2409426205572875
leaf_weight=106 102 115 169 158 102 138 109 104 110 115
leaf_count=106 102 115 169 158 102 138 109 104 110 115
internal_value=0 1.35425 -0.0401239 0.302727 -1.55774 0.763682 0.379806 -1.027 1.14034 0.129602
internal_weight=0 221 1107 903 204 745 607 213 394 225
internal_count=1328 221 1107 903 204 745 607 213 394 225
is_linear=0
shrinkage=0.05


Tree=661
num_leaves=9
num_cat=0
split_feature=13 4 7 12 3 4 3 7
split_gain=169294 194777 133374 131873 192721 146247 228217 173693
threshold=6965.8672224702395 20.500000000000004 0.48695596333391661 6386.7641250000006 0.6912397236079636 10.500000000000002 0.53979593403800796 0.23791372706477112
decision_type=8 2 2 8 2 2 2 2
left_child=1 3 -2 5 -5 6 -1 -7
right_child=2 -3 -4 4 -6 7 -8 -9
leaf_value=-1.0137980414542143 -0.10242575076959466 2.2246556317712378 -2.2298033431195274 -0.24073033299526025 2.1244485766413699 0.26249762874526472 1.71305911349467 -2.4519471121184968
leaf_weight=151 186 127 122 179 166 104 156 136
leaf_count=151 186 127 122 179 166 104 156 136
internal_value=0 0.392628 -0.945088 0.13179 0.897298 -0.351026 0.371836 -1.27569
internal_weight=0 1019 308 892 345 547 307 240
internal_count=1327 1019 308 892 345 547 307 240
is_linear=0
shrinkage=0.05


Tree=662
num_leaves=8
num_cat=0
split_feature=5 8 12 14 12 16 11
split_gain=160351 178467 158747 181712 157986 223657 123006
threshold=1.0000000180025095e-35 0.81213631769251415 3349.5581250000005 -898.29912499999989 6736.8210000000008 0.35645508995344005 5430.5123750000012
decision_type=2 2 8 10 10 2 10
left_child=-1 -2 -3 -4 5 -5 -7
right_child=1 2 3 4 -6 6 -8
leaf_value=-1.359125962186067 -1.2708089518897676 1.8027069608504709 1.8762450609757353 1.2303049973819569 1.0538060582613433 -0.50042237856831306 -2.4233848088774188
leaf_weight=187 170 185 130 115 186 195 145
leaf_count=187 170 185 130 115 186 195 145
internal_value=0 0.221932 0.487377 0.171766 -0.173916 -0.675798 -1.32051
internal_weight=0 1126 956 771 641 455 340
internal_count=1313 1126 956 771 641 455 340
is_linear=0
shrinkage=0.05


Tree=663
num_leaves=11
num_cat=0
split_feature=15 0 10 10 5 13 7 8 7 13
split_gain=120773 102585 182251 98469.4 195697 258233 204592 261059 305113 164176
threshold=8.9609488726650444 7.2177467746774679 6842.4301250000008 1901.3547500000002 2.5000000000000004 5267.8024561011907 0.44279603141041052 0.9686268972901324 -0.0071648298719715394 4137.0024069940482
decision_type=2 2 2 2 2 10 2 2 2 10
left_child=1 2 3 -1 5 9 7 -6 -9 -5
right_child=-2 -3 -4 4 6 -7 -8 8 -10 -11
leaf_value=1.460931424811335 1.9234447250962259 -1.3859359557812032 1.7339319966056133 0.50354098518689472 -3.3535395106961654 -0.78741956698960358 0.86721184056652489 1.4334715785564116 -2.3513493865380219 3.231957217875649
leaf_weight=101 100 104 176 120 124 181 121 106 107 102
leaf_count=101 100 104 176 120 124 181 121 106 107 102
internal_value=0 0.117228 0.2546 -0.0160468 -0.189304 0.614297 -0.896403 -1.52963 -0.467823 1.75714
internal_weight=0 1242 1138 962 861 403 458 337 213 222
internal_count=1342 1242 1138 962 861 403 458 337 213 222
is_linear=0
shrinkage=0.05


Tree=664
num_leaves=11
num_cat=0
split_feature=14 7 12 4 4 11 14 12 13 8
split_gain=173849 264401 175972 210125 204724 172579 172571 220432 117191 85495.5
threshold=-720.7254999999999 0.31715296652162867 5178.5242500000013 18.500000000000004 3.5000000000000004 3896.4395000000004 130.00912500000007 4023.7812500000005 5400.4191666666675 0.95775810273644291
decision_type=10 2 8 2 2 10 10 10 10 2
left_child=1 -1 6 4 -4 -6 -2 8 -8 -7
right_child=2 -3 3 -5 5 9 7 -9 -10 -11
leaf_value=2.65508536749739 -1.1282059875223787 -0.6037545296880934 -2.4387421752810479 -2.6341682219697584 -1.4365821332012843 2.0701453864574435 -1.2557443183023953 2.7536930914195081 1.0099385783600157 0.0025923881530761721
leaf_weight=123 160 126 100 155 109 100 103 106 128 100
leaf_count=123 160 126 100 155 109 100 103 106 128 100
internal_value=0 1.00603 -0.461993 -1.06646 -0.472342 0.164033 0.223962 0.86594 -0.000300982 1.03637
internal_weight=0 249 1061 564 409 309 497 337 231 200
internal_count=1310 249 1061 564 409 309 497 337 231 200
is_linear=0
shrinkage=0.05


Tree=665
num_leaves=11
num_cat=0
split_feature=8 8 8 8 4 4 3 14 4 7
split_gain=137314 366230 234495 154164 196696 324479 320989 250799 352052 83037.9
threshold=0.99660533306829857 0.99185570465792849 0.97847079604404563 0.95707615712369043 15.500000000000002 11.500000000000002 0.64519427924229611 -469.30712500000021 6.5000000000000009 0.48935299848452962
decision_type=2 2 2 2 2 2 2 10 2 2
left_child=1 2 3 4 5 7 -6 -1 9 -9
right_child=-2 -3 -4 -5 6 -7 -8 8 -10 -11
leaf_value=-2.1732371639497212 1.1628698768422885 -3.1740079663481033 2.1075439365157353 -2.0914524041522635 -0.8296275802744113 -2.9328087297578653 2.6771303628631635 -1.5274916785289943 2.9526303440332415 0.42715779177520591
leaf_weight=101 170 105 110 110 123 120 139 103 112 115
leaf_count=101 170 105 110 110 123 120 139 103 112 115
internal_value=0 -0.360608 -0.0746379 -0.334703 -0.0970123 -0.633299 1.03083 0.00693538 0.6742 -0.496369
internal_weight=0 1138 1033 923 813 551 262 431 330 218
internal_count=1308 1138 1033 923 813 551 262 431 330 218
is_linear=0
shrinkage=0.05


Tree=666
num_leaves=11
num_cat=0
split_feature=13 11 15 16 11 11 3 12 12 15
split_gain=239189 271865 349754 447476 243658 256566 148074 151203 186900 159665
threshold=4910.2443452380967 3271.0261250000003 3.8069293040415153 0.95346895800691123 3294.7815000000005 4224.8462500000014 0.50973065633407788 7423.0843750000013 5280.3630000000012 6.6086011378915677
decision_type=10 8 2 2 10 10 2 10 10 2
left_child=1 -1 -3 -4 -2 -6 -7 8 9 -8
right_child=4 2 3 -5 5 6 7 -9 -10 -11
leaf_value=-0.81010320955428528 1.7841274464033483 -0.16123524593980346 1.0947162104930197 5.4365724644035973 -2.7878168828850209 -1.8475616417489613 -0.73440614337319732 1.7499165741020235 -1.752269622417433 1.9788467929048359
leaf_weight=138 123 146 140 103 115 111 111 116 140 106
leaf_count=138 123 146 140 103 115 111 111 116 140 106
internal_value=0 1.09657 1.77297 2.93509 -0.268028 -0.629137 -0.204055 0.181631 -0.327953 0.590962
internal_weight=0 527 389 243 822 699 584 473 357 217
internal_count=1349 527 389 243 822 699 584 473 357 217
is_linear=0
shrinkage=0.05


Tree=667
num_leaves=10
num_cat=0
split_feature=8 11 10 10 4 5 5 0 11
split_gain=181804 227396 401777 354999 220566 338404 384979 163146 75015.4
threshold=0.92946223143241891 6007.3450000000003 4743.4648750000006 4612.8626250000007 15.500000000000002 1.5000000000000002 4.5000000000000009 7.2633277216610557 3655.6275000000005
decision_type=2 8 2 2 2 2 2 2 10
left_child=4 2 8 -3 5 -1 -7 -6 -2
right_child=1 3 -4 -5 7 6 -8 -9 -10
leaf_value=-1.9300516149827414 -1.7185532896395992 0.44978151365238078 3.0564354998561054 -3.0400008924447808 3.1049255600507313 2.515710179603869 -0.8888100992441178 0.45673007607460026 0.18530900977906728
leaf_weight=140 102 136 104 157 139 186 150 100 105
leaf_count=140 102 136 104 157 139 186 150 100 105
internal_value=0 -0.420655 0.521011 -1.42017 0.757554 0.13528 0.995835 1.99689 -0.752826
internal_weight=0 604 311 293 715 476 336 239 207
internal_count=1319 604 311 293 715 476 336 239 207
is_linear=0
shrinkage=0.05


Tree=668
num_leaves=11
num_cat=0
split_feature=14 5 7 1 15 14 1 1 10 12
split_gain=126289 196731 207446 186139 267956 181383 145892 198533 141346 32947
threshold=448.07687500000026 4.5000000000000009 0.20871847207075275 39.458363824207446 4.9036042493138217 164.01737499999993 39.604264100778302 28.966529611183649 3627.9993750000008 5518.6168750000006
decision_type=10 2 2 2 2 8 2 2 2 10
left_child=1 3 -3 4 5 -1 7 8 -2 -8
right_child=6 2 -4 -5 -6 -7 9 -9 -10 -11
leaf_value=-1.0483487936535052 1.458531927845695 -0.12517931982151514 -3.0726033579295793 1.3714117505550385 -2.3024105341102068 1.7726172798666462 -0.084920850276947027 2.8185630570531042 -1.0278056928089687 -1.3684128489494325
leaf_weight=112 110 103 142 150 156 116 100 102 119 100
leaf_count=112 110 103 142 150 156 116 100 102 119 100
internal_value=0 -0.660409 -1.83348 -0.122202 -0.705645 0.38688 0.339529 0.983755 0.166505 -0.726667
internal_weight=0 779 245 534 384 228 531 331 229 200
internal_count=1310 779 245 534 384 228 531 331 229 200
is_linear=0
shrinkage=0.05


Tree=669
num_leaves=11
num_cat=0
split_feature=3 16 13 13 14 0 14 0 13 3
split_gain=126700 141717 140338 217225 286704 226847 179972 192763 168505 164533
threshold=0.46741392184506253 1.8809867097820903 6037.4356845238099 5560.4712291666674 292.0562500000006 4.7720647064706485 964.03387500000019 6.1417697325288101 4957.9182812500012 0.64058307198457864
decision_type=2 2 10 10 8 2 10 2 10 2
left_child=-1 2 3 4 8 -6 7 -4 -2 -7
right_child=1 -3 6 -5 5 9 -8 -9 -10 -11
leaf_value=1.6957855987182837 -0.018494593889214272 1.6967237201501739 1.3694046090569412 -2.664159473105594 0.39631358484818247 -3.7398456628322601 2.1794478576062093 -1.3702190851678653 2.5465079357811051 -0.8716313667297364
leaf_weight=114 172 106 114 111 127 100 118 147 102 100
leaf_count=114 172 106 114 111 127 100 118 147 102 100
internal_value=0 -0.0486695 -0.218249 -0.631987 -0.256661 -1.25632 0.55901 -0.173602 0.93636 -2.30574
internal_weight=0 1197 1091 712 601 327 379 261 274 200
internal_count=1311 1197 1091 712 601 327 379 261 274 200
is_linear=0
shrinkage=0.05


Tree=670
num_leaves=10
num_cat=0
split_feature=12 16 8 12 3 4 4 3 4
split_gain=114172 155722 201755 380421 204932 159353 276363 226870 278972
threshold=8312.1225000000013 1.8524908046360193 0.98465950365012189 6553.411000000001 0.65169855779463914 16.500000000000004 11.500000000000002 0.68729820351623805 5.5000000000000009
decision_type=10 2 2 10 2 2 2 2 2
left_child=1 2 3 5 -4 6 7 8 -1
right_child=-2 -3 4 -5 -6 -7 -8 -9 -10
leaf_value=0.6959334562016275 -1.5289757048642194 2.0275104371668067 0.47391678649727087 2.8626209237025337 -2.3371924773231152 1.286224081717342 -2.3224365307980737 2.262783765435219 -2.3901700871475673
leaf_weight=193 108 103 109 130 160 166 149 100 118
leaf_count=193 108 103 109 130 160 166 149 100 118
internal_value=0 0.166697 -0.00367069 0.371687 -1.19812 -0.0743476 -0.47766 0.191128 -0.475
internal_weight=0 1228 1125 856 269 726 560 411 311
internal_count=1336 1228 1125 856 269 726 560 411 311
is_linear=0
shrinkage=0.05


Tree=671
num_leaves=11
num_cat=0
split_feature=12 7 11 11 4 11 3 11 7 11
split_gain=90694.3 155046 196821 236365 217277 231615 265148 225540 293263 163149
threshold=8312.1225000000013 -0.022655687367580963 2945.4400000000005 3745.6841250000002 2.5000000000000004 8113.5491250000005 0.54286215562781404 6069.0785000000014 0.49165724376999459 5243.4551250000013
decision_type=10 2 8 8 2 10 2 10 2 8
left_child=1 9 -3 -4 -5 6 -6 8 -8 -1
right_child=-2 2 3 4 5 -7 7 -9 -10 -11
leaf_value=0.11757492876406445 -1.571946645003778 -1.389045775848331 2.7880862560750237 -1.863007511584847 2.0201013619208155 2.4816895963653689 1.5434016909822823 -2.45968760563209 -1.9082379841804504 -2.4953528705091514
leaf_weight=118 108 161 101 108 131 126 160 113 100 121
leaf_count=118 108 161 101 108 131 126 160 113 100 121
internal_value=0 -0.0611835 0.212257 0.51954 0.209075 0.564289 0.0849386 -0.594703 0.215848 -1.20529
internal_weight=0 1239 1000 839 738 630 504 373 260 239
internal_count=1347 1239 1000 839 738 630 504 373 260 239
is_linear=0
shrinkage=0.05


Tree=672
num_leaves=10
num_cat=0
split_feature=13 12 13 11 11 0 10 0 11
split_gain=162484 118440 174616 201728 326121 209981 382890 259013 171156
threshold=3462.4428913690485 1293.6387500000003 4931.5767633928581 8377.5663750000022 6487.3637500000004 5.7400823415674909 4099.2062500000011 6.8615917147270293 6007.3450000000003
decision_type=10 10 10 10 10 2 2 2 10
left_child=-1 -2 8 4 5 6 -4 -7 -3
right_child=1 2 3 -5 -6 7 -8 -9 -10
leaf_value=1.5095837599562634 -1.5661932891065424 2.3081141330401103 -1.2925696495195362 -2.1034315501611065 1.9931740365473622 -3.1450332944209762 2.5023219204942388 0.15158073035153477 -0.34661394521301869
leaf_weight=185 121 150 149 127 166 130 120 110 102
leaf_count=185 121 150 149 127 166 130 120 110 102
internal_value=0 -0.0846047 0.0854828 -0.275266 0.0686995 -0.558929 0.400319 -1.63409 1.23358
internal_weight=0 1175 1054 802 675 509 269 240 252
internal_count=1360 1175 1054 802 675 509 269 240 252
is_linear=0
shrinkage=0.05


Tree=673
num_leaves=10
num_cat=0
split_feature=11 14 12 0 10 14 10 0 15
split_gain=213513 115876 93932.5 213547 273576 134328 140688 131772 263968
threshold=8546.1325000000015 -744.34987500000034 6842.4882500000012 7.1179590181240355 6572.4263750000009 292.0562500000006 3605.6853750000005 5.0885241301907973 3.2134227311620061
decision_type=10 8 10 2 2 8 2 2 2
left_child=1 -1 3 4 5 6 -3 8 -7
right_child=-2 2 -4 -5 -6 7 -8 -9 -10
leaf_value=1.6689938587003521 -2.0030327653700066 -0.74147789835929867 0.98729098673266269 -2.1079587569603553 2.2656278996428183 -2.0360969103804423 1.7109250559838434 -2.0150769229787282 1.2109885335576778
leaf_weight=112 129 105 191 130 121 109 132 156 147
leaf_count=112 129 105 191 130 121 109 132 156 147
internal_value=0 0.137425 -0.0198033 -0.233531 0.0829307 -0.324013 0.624417 -0.86959 -0.17156
internal_weight=0 1203 1091 900 770 649 237 412 256
internal_count=1332 1203 1091 900 770 649 237 412 256
is_linear=0
shrinkage=0.05


Tree=674
num_leaves=11
num_cat=0
split_feature=11 10 8 16 16 0 12 16 12 5
split_gain=157062 383513 190727 113761 198803 155168 150482 156614 121237 102806
threshold=2548.7687500000006 3743.7526250000005 0.99660533306829857 1.7769207476303186 0.87928237268171239 6.7841506372859515 3048.3912500000001 0.60159488171039366 5154.9900000000007 3.5000000000000004
decision_type=10 2 2 2 2 2 10 2 10 2
left_child=1 -1 3 4 6 8 -2 9 -6 -8
right_child=2 -3 -4 -5 5 -7 7 -9 -10 -11
leaf_value=-0.54820761636121951 -2.1412182379685918 3.1746747879923642 1.8811762288091629 -1.7320218413247976 2.5708719280914027 -0.74146398214193487 -0.48836928904056554 -1.7180315261276868 0.35110501372049341 1.6947638539331302
leaf_weight=134 130 143 123 109 135 104 104 104 113 112
leaf_count=134 130 143 123 109 135 104 104 104 113 112
internal_value=0 1.37371 0.0330891 -0.216433 -0.0104491 0.879632 -0.70669 -0.123913 1.55945 0.643626
internal_weight=0 277 1034 911 802 352 450 320 248 216
internal_count=1311 277 1034 911 802 352 450 320 248 216
is_linear=0
shrinkage=0.05


Tree=675
num_leaves=10
num_cat=0
split_feature=13 5 0 4 14 0 7 13 0
split_gain=161818 155492 363753 207300 206660 140676 269942 288532 91705.2
threshold=6062.9620312500019 3.5000000000000004 5.362036203620363 9.5000000000000018 318.73999999999984 4.3265715460434935 0.31715296652162867 6933.9571517857157 3.8842912068984683
decision_type=8 2 2 2 10 2 2 8 2
left_child=1 2 8 -3 -5 -2 -7 -8 -1
right_child=5 3 -4 4 -6 6 7 -9 -10
leaf_value=-0.97716660912220288 -1.0334720827065982 1.6041399895769997 -2.8838987316199614 -2.2967036681825466 0.77522441711994494 2.6989813085560774 1.6576291534998646 -1.519312420487404 1.0217256986070424
leaf_weight=104 104 159 177 110 109 154 146 140 128
leaf_count=104 104 159 177 110 109 154 146 140 128
internal_value=0 -0.501111 -1.17676 0.229948 -0.767753 0.620353 1.01126 0.102483 0.125671
internal_weight=0 787 409 378 219 544 440 286 232
internal_count=1331 787 409 378 219 544 440 286 232
is_linear=0
shrinkage=0.05


Tree=676
num_leaves=11
num_cat=0
split_feature=16 13 16 8 4 0 15 0 0 0
split_gain=158724 141710 202447 171019 202506 171335 115936 307211 101653 69267
threshold=0.19766143280994755 7689.3236830357146 0.52432187663210805 0.79201889620928811 9.5000000000000018 4.8363586358635873 8.5895006167283423 6.3523477347734794 5.2505028280605854 5.266389138913893
decision_type=2 8 2 2 2 2 2 2 2 2
left_child=-1 2 8 -4 5 -5 7 9 -2 -6
right_child=1 -3 3 4 6 -7 -8 -9 -10 -11
leaf_value=1.3745589871348047 -2.541938681747312 -1.7312443772718411 2.1742785466978183 2.6336423946157943 -0.92123307311162361 0.060456730515123847 0.73425241563921784 -3.2429909588997825 -0.33032752369890117 0.93977434083819389
leaf_weight=163 107 149 104 106 100 166 107 114 101 100
leaf_count=163 107 149 104 106 100 166 107 114 101 100
internal_value=0 -0.292254 -0.0789109 0.28362 -0.000115329 1.06324 -0.68713 -1.17149 -1.46803 0.00927063
internal_weight=0 1154 1005 797 693 272 421 314 208 200
internal_count=1317 1154 1005 797 693 272 421 314 208 200
is_linear=0
shrinkage=0.05


Tree=677
num_leaves=10
num_cat=0
split_feature=12 13 11 12 11 11 8 14 15
split_gain=158101 177426 208094 195461 158748 280210 137043 182843 181487
threshold=2719.2775000000006 4858.4337797619055 3165.6062500000003 3576.5320000000006 8316.3065000000006 6565.8356250000006 0.93662069115390512 -63.073124999999884 6.2752261337244848
decision_type=8 8 10 8 10 10 2 10 2
left_child=-1 2 -2 -3 5 6 8 -8 -5
right_child=1 3 -4 4 -6 -7 7 -9 -10
leaf_value=1.28624747197931 -1.0877111243970186 -2.7473941972940277 1.6856647180421704 -0.79281837621693896 -2.2460188742280009 2.2278051296684231 -2.8557186862250337 0.044681551158428194 1.8242079792653811
leaf_weight=181 103 101 197 189 100 107 119 100 102
leaf_count=181 103 101 197 189 100 107 119 100 102
internal_value=0 -0.306626 0.733472 -0.68808 -0.397995 -0.0984776 -0.586541 -1.53134 0.12449
internal_weight=0 1118 300 818 717 617 510 219 291
internal_count=1299 1118 300 818 717 617 510 219 291
is_linear=0
shrinkage=0.05


Tree=678
num_leaves=11
num_cat=0
split_feature=10 3 1 12 12 15 10 3 14 14
split_gain=159632 235216 191002 209602 300726 123086 104210 196129 280770 191012
threshold=7650.0631250000015 0.6074464372320405 30.493708401635224 6659.2087500000007 4502.1175000000012 6.9098715427098281 3882.9592500000003 0.72508532077577303 665.87012500000003 697.50350000000003
decision_type=2 2 2 8 10 2 2 2 8 8
left_child=2 -2 6 4 5 -4 7 8 -1 -8
right_child=1 -3 3 -5 -6 -7 9 -9 -10 -11
leaf_value=-0.50047073558934274 -2.9413974428718745 0.29267426115015283 1.765627627246148 -0.95810572367448088 3.9016322829462591 -0.57858578084825396 -0.07520531426057403 -1.2158514286216058 3.0410392560210884 -2.8542339988946916
leaf_weight=124 110 115 113 104 100 111 162 154 102 100
leaf_count=124 110 115 113 104 100 111 162 154 102 100
internal_value=0 -1.28843 0.176722 0.99489 1.62178 0.603986 -0.368723 0.160228 1.09791 -1.1359
internal_weight=0 225 1070 428 324 224 642 380 226 262
internal_count=1295 225 1070 428 324 224 642 380 226 262
is_linear=0
shrinkage=0.05


Tree=679
num_leaves=11
num_cat=0
split_feature=14 12 16 14 10 14 12 11 10 11
split_gain=290191 199032 235450 354856 197440 240258 247392 181116 164124 132931
threshold=-1542.6836249999994 6386.7641250000006 1.3020232578813451 -294.30324999999988 6364.8971250000004 762.91849999999943 4985.6865000000007 7393.6912500000008 6145.0835000000015 5553.8325000000004
decision_type=10 10 2 10 2 10 8 10 2 10
left_child=-1 2 3 -2 5 6 -5 9 -4 -3
right_child=1 7 8 4 -6 -7 -8 -9 -10 -11
leaf_value=-2.4766614692658191 2.3451756400892796 0.49171015106805482 -3.4188618261229111 2.3156991461122578 -2.1734140317151502 -1.8817057621479034 -0.88700992728138839 -0.70324551916529998 -0.60776843672990799 3.063408539533615
leaf_weight=160 118 101 108 132 157 120 111 117 100 100
leaf_count=160 118 101 108 132 157 120 111 117 100 100
internal_value=0 -0.205649 -0.606501 -0.130229 -0.691955 -0.0512135 0.852733 0.860767 -2.06737 1.77116
internal_weight=0 1164 846 638 520 363 243 318 208 201
internal_count=1324 1164 846 638 520 363 243 318 208 201
is_linear=0
shrinkage=0.05


Tree=680
num_leaves=10
num_cat=0
split_feature=14 3 11 4 8 11 13 14 11
split_gain=229561 251278 139299 224444 322626 188860 290740 178676 28675.5
threshold=-868.66987499999993 0.65169855779463914 4400.7466250000007 11.500000000000002 0.91299788836275464 6816.0311250000004 5119.5339970238101 1017.8320000000004 5746.4165000000012
decision_type=10 2 10 2 2 10 10 10 10
left_child=1 -1 3 4 -2 6 -4 -7 -8
right_child=2 -3 5 -5 -6 7 8 -9 -10
leaf_value=3.300536843337635 3.3996727234809785 -0.090439732034667208 0.088792591793521961 -0.86814283201934173 -0.3329120363085723 1.1854043720487775 -2.1921875201738796 -1.2137583184851348 -3.3780222485065461
leaf_weight=101 111 119 157 189 121 179 104 137 100
leaf_count=101 111 119 157 189 121 179 104 137 100
internal_value=0 1.46633 -0.303228 0.410932 1.45294 -0.747336 -1.52867 0.145261 -2.77348
internal_weight=0 220 1098 421 232 677 361 316 204
internal_count=1318 220 1098 421 232 677 361 316 204
is_linear=0
shrinkage=0.05


Tree=681
num_leaves=10
num_cat=0
split_feature=7 7 14 7 12 11 11 7 11
split_gain=130908 201446 186982 159231 156721 189608 251170 160882 134242
threshold=0.51643914541819569 0.47285874389596799 -868.66987499999993 0.41315138530344325 3349.5581250000005 3192.9375000000005 6324.1136250000009 0.0098296499946843117 5292.9371250000013
decision_type=2 2 10 2 8 10 10 2 10
left_child=1 2 -1 4 -4 -6 7 -7 -2
right_child=8 -3 3 -5 5 6 -8 -9 -10
leaf_value=1.4138777673624123 -2.022788766870609 2.1279051692397508 1.4082060706711585 -2.2892519705636163 -2.4799531242022148 -0.52387998682437553 -1.4752527851027413 2.1145925807069847 -0.03240603948213968
leaf_weight=157 173 108 124 105 104 101 185 135 166
leaf_count=157 173 108 124 105 104 101 185 135 166
internal_value=0 0.0861235 -0.155932 -0.482802 -0.190541 -0.56815 -0.0958756 0.985416 -1.04815
internal_weight=0 1019 911 754 649 525 421 236 339
internal_count=1358 1019 911 754 649 525 421 236 339
is_linear=0
shrinkage=0.05


Tree=682
num_leaves=10
num_cat=0
split_feature=16 5 10 12 10 11 13 13 3
split_gain=125902 265624 180652 256347 166425 413565 265286 225501 256435
threshold=0.35645508995344005 5.5000000000000009 3510.0427500000005 5133.5242500000004 2428.2222500000003 3745.6841250000002 4760.9137745535727 5267.8024561011907 0.66452567990542699
decision_type=2 2 2 8 2 8 10 10 2
left_child=2 4 -1 -4 -2 -6 -7 -8 -9
right_child=1 -3 3 -5 5 6 7 8 -10
leaf_value=-0.90258253076497263 1.8690804637304628 -2.445329465559035 -0.10694407415390016 3.4731916290521627 1.7690278023321999 -2.7367764525066152 1.5003870257446845 0.29530745656308482 -2.4997001309410418
leaf_weight=102 101 132 100 100 187 151 124 177 153
leaf_count=102 101 132 100 100 187 151 124 177 153
internal_value=0 -0.351793 0.809806 1.68312 -0.0423344 -0.286088 -0.921306 -0.317482 -1.00056
internal_weight=0 1025 302 200 893 792 605 454 330
internal_count=1327 1025 302 200 893 792 605 454 330
is_linear=0
shrinkage=0.05


Tree=683
num_leaves=11
num_cat=0
split_feature=4 3 7 11 11 0 12 7 7 15
split_gain=170549 130574 136946 214357 447897 161883 217224 334710 200039 132923
threshold=21.500000000000004 0.46741392184506253 0.47510688284350872 3462.0656250000006 5096.2043750000003 4.5899326043715485 5701.7337500000012 0.26064608257049132 0.10215237023458758 3.8238712760164915
decision_type=2 2 2 10 10 2 8 2 2 2
left_child=1 -1 5 -4 -5 9 7 -7 -8 -3
right_child=-2 2 3 4 -6 6 8 -9 -10 -11
leaf_value=1.6597444019271332 2.0657561902816481 -0.5392658518324065 2.5393213480126624 -2.7741821973040555 1.4682862611372531 1.6945583010078373 -3.7146366310971128 -1.7843012326707441 -0.84666256783600147 1.8895452815890312
leaf_weight=103 104 129 102 101 162 133 112 144 133 100
leaf_count=103 104 129 102 101 162 133 112 144 133 100
internal_value=0 -0.0436299 -0.200841 0.593646 -0.160951 -0.586976 -1.0732 -0.113946 -2.15774 0.52135
internal_weight=0 1219 1116 365 263 751 522 277 245 229
internal_count=1323 1219 1116 365 263 751 522 277 245 229
is_linear=0
shrinkage=0.05


Tree=684
num_leaves=10
num_cat=0
split_feature=12 12 7 14 11 11 15 3 12
split_gain=124185 197310 283435 131943 299328 267921 217388 196780 212062
threshold=6386.7641250000006 8242.3378750000029 0.44279603141041052 -553.73987499999987 5397.5905000000012 7342.3012500000013 6.0871781622606722 0.71758019508296167 4890.243625000001
decision_type=10 8 2 8 8 8 2 2 8
left_child=3 2 -2 -1 7 -6 -7 8 -5
right_child=1 -3 -4 4 5 6 -8 -9 -10
leaf_value=-2.1053076686525567 -0.21070705821071198 -1.1142015906213556 3.4657750826070806 0.016102516819053971 -2.6586408195049405 -1.2627433155313392 1.6298549772741702 -0.92728918910026548 2.6991128046333404
leaf_weight=109 109 103 101 142 179 173 104 130 153
leaf_count=109 109 103 101 142 179 173 104 130 153
internal_value=0 0.678318 1.55751 -0.464264 -0.261229 -1.15098 -0.176714 0.693419 1.40763
internal_weight=0 313 210 990 881 456 277 425 295
internal_count=1303 313 210 990 881 456 277 425 295
is_linear=0
shrinkage=0.05


Tree=685
num_leaves=11
num_cat=0
split_feature=15 12 15 12 4 10 15 10 11 12
split_gain=137263 455796 137478 449487 537592 291023 411369 291025 244555 154304
threshold=7.8566009378715664 5280.3630000000012 6.1076816014934847 5863.6727500000006 12.500000000000002 4770.9222500000005 3.8238712760164915 3559.0332500000004 3945.3612500000004 7920.0148750000008
decision_type=2 8 2 10 2 2 2 2 10 8
left_child=2 -2 5 4 -4 6 9 -8 -7 -1
right_child=1 -3 3 -5 -6 8 7 -9 -10 -11
leaf_value=-1.9920071430848196 -3.6676618713553588 0.840736364301235 -0.4424145187409419 -1.698044122361912 4.3308616385424044 -3.479739432811737 0.43068730876789441 4.1495894366502766 -0.34257061739520328 0.37265073637775825
leaf_weight=130 101 126 106 106 133 100 111 100 164 147
leaf_count=130 101 126 106 106 133 100 111 100 164 147
internal_value=0 -1.1652 0.185546 1.01193 2.21384 -0.193579 0.529885 2.1932 -1.53089 -0.737116
internal_weight=0 227 1097 345 239 752 488 211 264 277
internal_count=1324 227 1097 345 239 752 488 211 264 277
is_linear=0
shrinkage=0.05


Tree=686
num_leaves=10
num_cat=0
split_feature=8 10 3 5 11 7 16 12 4
split_gain=144244 160707 176758 326849 427210 509386 355046 237130 160855
threshold=0.77103858515298584 2674.9426250000006 0.7112217373707711 5.5000000000000009 6683.4167500000012 0.32565298347212801 1.273359280372482 2625.5810000000006 5.5000000000000009
decision_type=2 2 2 2 8 2 2 10 2
left_child=-1 -2 3 4 6 -6 8 -4 -3
right_child=1 2 7 -5 5 -7 -8 -9 -10
leaf_value=-1.4984859323113915 2.0350018468126656 1.687217090235037 -2.8808766051834707 2.8479130572080615 -4.2109097807747977 0.36858165272408061 3.4659304536080793 0.084088236902227359 -0.82714758018064782
leaf_weight=123 120 102 102 125 105 144 112 199 169
leaf_count=123 120 102 102 125 105 144 112 199 169
internal_value=0 0.300931 0.104249 0.511772 0.0497194 -1.56253 1.09789 -0.920651 0.119218
internal_weight=0 1178 1058 757 632 249 383 301 271
internal_count=1301 1178 1058 757 632 249 383 301 271
is_linear=0
shrinkage=0.05


Tree=687
num_leaves=11
num_cat=0
split_feature=16 8 8 11 4 11 13 0 10 10
split_gain=76347.6 269643 208486 183241 134426 131198 257530 119352 239956 164308
threshold=1.517148937115935 0.94734267998499688 0.82702876702490424 1293.6387500000003 8.5000000000000018 4092.9800000000005 5202.2732953869054 6.6501830738629417 5687.9747500000003 4612.8626250000007
decision_type=2 2 2 10 2 10 10 2 2 2
left_child=2 -2 4 -4 -1 6 -5 8 9 -7
right_child=1 -3 3 5 -6 7 -8 -9 -10 -11
leaf_value=0.25617995397879345 -2.1425154798956063 1.2884796140193941 -1.811343631744385 -0.089818890050331265 2.6679717608403277 0.43648957318189191 3.121241590176143 -1.5844346341417461 2.1706556092067202 -2.1753127771265368
leaf_weight=101 134 100 125 161 135 147 102 122 110 102
leaf_count=101 134 100 125 161 135 147 102 122 110 102
internal_value=0 -0.676278 0.317911 -0.0399988 1.63581 0.257606 1.15554 -0.233361 0.225778 -0.633405
internal_weight=0 234 1105 869 236 744 263 481 359 249
internal_count=1339 234 1105 869 236 744 263 481 359 249
is_linear=0
shrinkage=0.05


Tree=688
num_leaves=11
num_cat=0
split_feature=13 4 13 3 8 4 7 11 12 7
split_gain=169701 153439 419265 302064 427818 248127 202203 194632 214289 107407
threshold=7319.4136011904775 14.500000000000002 6734.5962790178583 0.70552214405125491 0.89644750545553831 11.500000000000002 -0.038447723798136511 4532.3325000000013 7556.3323750000009 0.40930586836933308
decision_type=10 2 8 2 2 2 2 8 8 2
left_child=1 5 3 4 -3 6 -1 -8 9 -9
right_child=-2 2 -4 -5 -6 -7 7 8 -10 -11
leaf_value=1.9306424502030162 -2.228963100792158 0.755071175043736 3.2521237023044054 1.5579283810676412 -3.7389527496782322 -2.3651829602334327 0.80406589124883932 -1.5469210300445557 -3.1085627677348948 0.68914426719320243
leaf_weight=103 101 109 114 141 103 149 182 100 104 116
leaf_count=103 101 109 114 141 103 149 182 100 104 116
internal_value=0 -0.0963615 0.615847 -0.235528 -1.42835 -0.537477 -0.0873483 -0.501398 -1.24388 -0.346071
internal_weight=0 1221 467 353 212 754 605 502 320 216
internal_count=1322 1221 467 353 212 754 605 502 320 216
is_linear=0
shrinkage=0.05


Tree=689
num_leaves=11
num_cat=0
split_feature=15 10 12 12 13 8 8 10 13 1
split_gain=257576 271481 243007 139740 126484 167596 140577 89179.5 177742 191494
threshold=7.991185229634076 6680.1892500000004 4645.4502500000008 5705.7073750000009 5076.30549107143 0.89072219910788641 0.98394544888404878 3220.3467500000002 5400.4191666666675 28.480359844360503
decision_type=2 2 10 8 8 2 2 2 10 2
left_child=1 4 -3 -2 5 -1 -7 -6 -9 -10
right_child=3 2 -4 -5 7 6 -8 8 9 -11
leaf_value=1.1000525306520008 0.43492428154343427 -0.041261652521058623 -3.4599390366167393 3.0339026865180374 -0.39896539736252568 -2.6334470367877287 -0.14082030885697655 2.5656171413985169 -0.99329891711797402 1.5916748673323817
leaf_weight=105 101 102 106 106 143 107 120 132 138 149
leaf_count=105 101 102 106 106 143 107 120 132 138 149
internal_value=0 -0.156479 -1.78347 1.7658 0.22206 -0.551722 -1.31576 0.67917 1.04713 0.348726
internal_weight=0 1102 208 207 894 332 227 562 419 287
internal_count=1309 1102 208 207 894 332 227 562 419 287
is_linear=0
shrinkage=0.05


Tree=690
num_leaves=11
num_cat=0
split_feature=13 8 10 12 7 13 8 11 12 13
split_gain=131978 241719 208008 199981 231627 313908 157876 260233 119469 137149
threshold=4042.0245089285722 0.99627292483850005 2674.9426250000006 2213.5533750000004 -0.10840777582355555 4713.9948400297626 0.82702876702490424 7048.5988750000006 3719.3775000000005 5746.8981250000006
decision_type=8 2 2 8 2 10 2 10 10 8
left_child=-1 2 -2 -4 -5 -6 -7 8 -8 -10
right_child=1 -3 3 4 5 6 7 -9 9 -11
leaf_value=1.6222936704111615 2.251194759047237 -1.9574873874123608 -2.1066129564046863 -1.8673590458828855 2.7213854353204905 1.5776806530687546 -1.0794349520206452 -2.3433867184842221 2.344354909947775 -0.11975850706100465
leaf_weight=139 116 140 100 111 139 135 100 122 103 125
leaf_count=139 116 140 100 111 139 135 100 122 103 125
internal_value=0 -0.0058155 0.25416 0.00639934 0.259455 0.585527 0.0780324 -0.371862 0.361449 0.993416
internal_weight=0 1191 1051 935 835 724 585 450 328 228
internal_count=1330 1191 1051 935 835 724 585 450 328 228
is_linear=0
shrinkage=0.05


Tree=691
num_leaves=10
num_cat=0
split_feature=14 0 16 13 5 12 12 11 13
split_gain=102537 178391 148548 133192 248087 345056 271948 171226 178922
threshold=964.03387500000019 5.4664619239701757 0.74837622651153979 4370.9482217261912 4.5000000000000009 5256.165750000001 6896.6761250000009 5690.4673750000011 6081.0332001488105
decision_type=8 2 2 10 2 10 10 10 10
left_child=3 2 -2 -1 6 -6 7 8 -5
right_child=1 -3 -4 4 5 -7 -8 -9 -10
leaf_value=1.1237853207010211 1.0985597367639897 1.9244645302360124 -1.5489830578748998 -0.71702895881657935 -0.20059311225706217 -3.9965520429139092 2.187151945435156 -2.0491410515954098 1.894630295606238
leaf_weight=165 108 185 104 187 147 101 127 120 101
leaf_count=165 108 185 104 187 147 101 127 120 101
internal_value=0 0.789864 -0.200235 -0.167268 -0.439329 -1.74653 0.166625 -0.462313 0.198865
internal_weight=0 397 212 948 783 248 535 408 288
internal_count=1345 397 212 948 783 248 535 408 288
is_linear=0
shrinkage=0.05


Tree=692
num_leaves=10
num_cat=0
split_feature=14 1 8 14 16 11 10 5 8
split_gain=156958 268559 147752 227484 235127 137266 260081 135597 113510
threshold=1039.9483750000002 47.765488230114606 0.99343453522172209 -429.63075000000021 0.84274538564967594 6506.0815000000011 3743.7526250000005 2.5000000000000004 0.8913825677464472
decision_type=8 2 2 10 2 10 2 2 2
left_child=1 2 3 -1 8 6 -2 -6 -5
right_child=5 -3 -4 4 7 -7 -8 -9 -10
leaf_value=-2.1114380928475085 -1.5395868820659186 2.1796729853704346 1.5058603231008951 0.43666873757655805 0.25123072132583735 -1.9181557078724323 1.8560858964920044 2.6125033132926276 -1.7311091778799892
leaf_weight=127 118 199 154 104 129 138 108 115 144
leaf_count=127 118 199 154 104 129 138 108 115 144
internal_value=0 0.541651 0.119962 -0.224834 0.262155 -0.675603 0.083124 1.36413 -0.822041
internal_weight=0 972 773 619 492 364 226 244 248
internal_count=1336 972 773 619 492 364 226 244 248
is_linear=0
shrinkage=0.05


Tree=693
num_leaves=10
num_cat=0
split_feature=11 8 3 10 13 6 10 14 0
split_gain=102757 188730 122992 208362 167692 209409 144716 240576 110315
threshold=3015.1575000000007 0.89072219910788641 0.51626265662509763 4449.4368750000012 7384.4301934523819 1.0000000180025095e-35 4645.7676250000013 265.89874999999989 6.5926481537042605
decision_type=8 2 2 2 8 2 2 10 2
left_child=1 -1 3 -2 5 6 -4 -8 -7
right_child=2 -3 4 -5 -6 8 7 -9 -10
leaf_value=0.76814970550606554 2.6946796307037046 -2.102107048635335 -1.2986227109627699 -0.28210002045940469 -1.5046828876146012 0.48435850155235516 2.4329225807224666 -0.55696540179940845 2.7680264629759233
leaf_weight=103 129 129 186 108 144 101 103 194 111
leaf_count=103 129 129 186 108 144 101 103 194 111
internal_value=0 -0.827812 0.332379 1.33817 0.0482631 0.370025 -0.204977 0.479932 1.68005
internal_weight=0 232 1076 237 839 695 483 297 212
internal_count=1308 232 1076 237 839 695 483 297 212
is_linear=0
shrinkage=0.05


Tree=694
num_leaves=12
num_cat=0
split_feature=10 5 12 7 8 15 16 16 11 11 7
split_gain=167424 168767 369433 319617 243676 279089 230693 229638 184093 253593 99738.1
threshold=1901.3547500000002 2.5000000000000004 9862.2843750000011 0.43992243281430071 0.95530112361429342 5.4541926414863724 1.517148937115935 0.94299985554110932 6612.8687500000005 4698.8862500000005 0.44546288344344537
decision_type=2 2 8 2 2 2 2 2 10 10 2
left_child=-1 3 6 4 -2 -6 8 -5 9 -3 -10
right_child=1 2 -4 7 5 -7 -8 -9 10 -11 -12
leaf_value=1.9102639063596727 3.1083060433156788 0.60808764736478527 -3.3186528163370883 -2.7792455821361362 2.1257865639748394 -1.5031607480003286 -2.3722928022875371 0.56770779434956764 0.283265965183576 -2.4801431187716396 2.4580254211009129
leaf_weight=100 128 168 115 103 108 104 103 102 108 110 103
leaf_count=100 128 168 115 103 108 104 103 102 108 110 103
internal_value=0 -0.215747 -0.72543 0.445437 1.38565 0.345548 -0.221679 -1.11393 0.231314 -0.613874 1.34488
internal_weight=0 1252 707 545 340 212 592 205 489 278 211
internal_count=1352 1252 707 545 340 212 592 205 489 278 211
is_linear=0
shrinkage=0.05


Tree=695
num_leaves=10
num_cat=0
split_feature=10 7 12 13 12 16 15 12 15
split_gain=135255 202367 501935 149685 209992 183311 256542 346836 137185
threshold=2040.5321250000004 -0.034254965367935493 5798.3507500000005 4594.8602090773811 2625.5810000000006 0.394446389083353 7.931552877509974 6304.9237500000008 5.0946900245580116
decision_type=2 2 8 8 8 2 2 10 2
left_child=-1 2 -2 -3 -5 -6 7 8 -7
right_child=1 3 -4 4 5 6 -8 -9 -10
leaf_value=1.9501456212997437 1.254564325809479 1.7554951035293045 -3.569697692251613 -1.8628547745694719 1.9580111332587748 1.5466272206251859 1.7623773504098257 -2.6889914402858821 -0.67143344383111747
leaf_weight=100 100 157 117 120 149 131 150 139 149
leaf_count=100 100 157 117 120 149 131 150 139 149
internal_value=0 0.0369365 -1.34654 0.338658 0.073213 0.39679 -0.0120362 -0.647268 0.366302
internal_weight=0 1212 217 995 838 718 569 419 280
internal_count=1312 1212 217 995 838 718 569 419 280
is_linear=0
shrinkage=0.05


Tree=696
num_leaves=10
num_cat=0
split_feature=14 13 4 12 10 1 5 12 15
split_gain=155333 156466 110616 144062 238613 329346 181844 171015 136638
threshold=2213.7222499999993 6965.8672224702395 20.500000000000004 2816.6125000000006 4578.1466250000012 49.263560422245924 3.5000000000000004 1171.4996250000002 6.5077563311886761
decision_type=8 10 2 10 2 2 2 10 2
left_child=1 2 3 7 6 8 -5 -1 -6
right_child=-2 -3 -4 4 5 -7 -8 -9 -10
leaf_value=-0.36158029984901935 1.4830945967128442 -1.6096165100733442 1.4006083865960441 -0.50808830263257831 -1.429373441077769 0.72569650998115542 2.2162857262293496 2.2338815824324345 -3.8144619606073622
leaf_weight=136 159 165 132 147 144 125 105 119 103
leaf_count=136 159 165 132 147 144 125 105 119 103
internal_value=0 -0.182003 0.0509901 -0.151683 -0.560875 -1.36561 0.627068 0.849635 -2.42397
internal_weight=0 1176 1011 879 624 372 252 255 247
internal_count=1335 1176 1011 879 624 372 252 255 247
is_linear=0
shrinkage=0.05


Tree=697
num_leaves=10
num_cat=0
split_feature=7 13 14 14 12 3 12 14 12
split_gain=173097 222987 212835 223400 253757 212759 376592 274562 248532
threshold=0.62233074253674336 6965.8672224702395 1097.9547500000008 473.45962500000002 5878.9408750000011 0.69713687402262681 4089.0537500000005 -674.54962499999976 3846.0587500000006
decision_type=2 10 10 10 8 2 10 10 10
left_child=1 2 3 5 -5 7 -7 -1 -9
right_child=-2 -3 -4 4 -6 6 -8 8 -10
leaf_value=2.9520385704658652 2.0130085915260549 -1.8814137969345883 -1.6809446049100569 0.33169730855512991 3.6509899723128636 -2.4281668746010379 1.0611678603843406 1.5739279531166517 -1.3811757591814777
leaf_weight=108 112 145 131 129 104 181 135 133 153
leaf_count=108 112 145 131 129 104 181 135 133 153
internal_value=0 -0.0409554 0.207524 0.469866 1.81327 0.029003 -0.93747 0.804144 -0.00694921
internal_weight=0 1219 1074 943 233 710 316 394 286
internal_count=1331 1219 1074 943 233 710 316 394 286
is_linear=0
shrinkage=0.05


Tree=698
num_leaves=10
num_cat=0
split_feature=0 0 11 11 13 13 10 12 4
split_gain=140019 137858 117502 219050 303482 325213 197621 138580 165713
threshold=7.7523391228011702 6.8319901434587917 2673.2261250000006 4532.3325000000013 4760.9137745535727 5296.0675505952386 4760.8765000000012 3846.0587500000006 9.5000000000000018
decision_type=2 2 8 8 8 8 2 10 2
left_child=1 2 -1 6 -5 -6 -4 8 -7
right_child=-2 -3 3 4 5 7 -8 -9 -10
leaf_value=-1.5813249097525619 -1.799028799303791 1.3583979059605911 0.026688137002613233 -2.6962824188112244 2.4268403989704033 1.6589907137625808 2.8677253526991064 -1.5644565028013644 -1.0561832458808504
leaf_weight=131 114 169 138 123 114 109 110 194 116
leaf_count=131 114 169 138 123 114 109 110 194 116
internal_value=0 0.0343635 -0.181831 0.0209712 -0.457583 0.0590394 1.28683 -0.585183 0.259168
internal_weight=0 1204 1035 904 656 533 248 419 225
internal_count=1318 1204 1035 904 656 533 248 419 225
is_linear=0
shrinkage=0.05


Tree=699
num_leaves=9
num_cat=0
split_feature=14 14 4 8 0 11 11 12
split_gain=194962 186782 167210 296760 281987 350572 93491.8 37027.9
threshold=448.07687500000026 737.58000000000004 13.500000000000002 0.87552432584805295 5.624272149437167 4053.4950000000003 7609.636125 5627.0512500000013
decision_type=10 10 2 2 2 8 10 8
left_child=2 -2 4 -4 5 -1 7 -3
right_child=1 6 3 -5 -6 -7 -8 -9
leaf_value=1.5960368097650595 1.973297497072322 0.0050981113910675054 2.4462949046143541 -0.8045604467391968 -2.7153748354911809 -1.7416073410316955 0.96901136024561296 -1.3456168388857426
leaf_weight=145 187 100 111 191 175 172 149 103
leaf_count=145 187 100 111 191 175 172 149 103
internal_value=0 0.696291 -0.535836 0.39029 -1.10431 -0.214925 0.0178806 -0.68024
internal_weight=0 539 794 302 492 317 352 203
internal_count=1333 539 794 302 492 317 352 203
is_linear=0
shrinkage=0.05


Tree=700
num_leaves=10
num_cat=0
split_feature=7 5 12 15 14 15 14 12 16
split_gain=123282 178577 316434 304061 189449 269439 349135 174503 102022
threshold=0.573036617530577 3.5000000000000004 4368.1068750000004 5.1708462512917972 292.0562500000006 5.1708462512917972 772.47450000000015 6873.0156250000009 0.85021974419664137
decision_type=2 2 10 2 8 2 10 10 2
left_child=1 4 3 -3 8 -6 -7 -4 -1
right_child=-2 2 7 -5 5 6 -8 -9 -10
leaf_value=-0.17427922371360993 -1.0107616299513689 0.15933899113110134 -1.8636962327957154 3.6263796989272978 0.51320630079991114 -4.1019920634993605 -0.013646231854663177 0.9864649153988938 1.7935838445805121
leaf_weight=126 194 105 100 159 185 107 102 116 138
leaf_count=126 194 105 100 159 185 107 102 116 138
internal_value=0 0.352881 1.08622 2.24744 -0.182077 -0.876553 -2.10672 -0.333054 0.854376
internal_weight=0 1138 480 264 658 394 209 216 264
internal_count=1332 1138 480 264 658 394 209 216 264
is_linear=0
shrinkage=0.05


Tree=701
num_leaves=9
num_cat=0
split_feature=4 4 11 13 11 16 12 16
split_gain=158156 117997 175966 191559 167477 182175 232588 115335
threshold=21.500000000000004 18.500000000000004 4568.880000000001 4931.5767633928581 5085.1936250000008 1.517148937115935 5088.5527500000007 0.83292079207920822
decision_type=2 2 8 10 10 2 8 2
left_child=1 2 3 -1 -4 6 -6 -5
right_child=-2 -3 4 7 5 -7 -8 -9
leaf_value=2.42801430850536 2.1894593984456292 -1.0985947610903533 -1.3664136235160058 1.4225895525098922 -0.27385788777517894 -1.4533166865507763 2.3037084316914798 -0.78376686734946699
leaf_weight=174 105 160 198 111 189 105 163 127
leaf_count=174 105 160 198 111 189 105 163 127
internal_value=0 0.167617 0.357489 1.1671 -0.15176 0.374501 0.919731 0.245248
internal_weight=0 1227 1067 412 655 457 352 238
internal_count=1332 1227 1067 412 655 457 352 238
is_linear=0
shrinkage=0.05


Tree=702
num_leaves=10
num_cat=0
split_feature=0 10 10 11 0 12 13 11 0
split_gain=135925 165011 152222 186119 297641 200780 286345 289405 98127.5
threshold=7.3890791856963487 7391.9315000000015 6655.4568750000008 4053.4950000000003 5.2973005633896735 5963.4620000000014 5071.9340029761916 5952.9287500000009 4.5899326043715485
decision_type=2 2 2 8 2 10 8 10 2
left_child=1 2 3 4 -1 6 -5 8 -8
right_child=-2 -3 -4 5 -6 -7 7 -9 -10
leaf_value=-0.028793027143220646 -1.5145247396563186 1.8466930811562816 -1.9386200056356544 -3.0061893535096473 3.3569429330825806 0.99981699702255222 -0.21670542409864524 1.972050653594845 -2.3233154764112371
leaf_weight=185 147 121 102 123 100 187 118 106 104
leaf_count=185 147 121 102 123 100 187 118 106 104
internal_value=0 0.100457 -0.105684 0.0968726 1.15918 -0.377671 -0.948825 -0.177313 -1.20359
internal_weight=0 1146 1025 923 285 638 451 328 222
internal_count=1293 1146 1025 923 285 638 451 328 222
is_linear=0
shrinkage=0.05


Tree=703
num_leaves=9
num_cat=0
split_feature=15 13 11 12 7 16 10 12
split_gain=195852 378568 189661 105559 383635 198934 348072 277390
threshold=3.8069293040415153 3954.0670163690479 3192.9375000000005 5701.7337500000012 0.29742577976977425 1.4012915180406926 5497.1775000000007 3379.0362500000006
decision_type=2 10 10 8 2 2 2 10
left_child=2 -2 -1 5 -5 6 -3 -8
right_child=1 3 -4 4 -6 -7 7 -9
leaf_value=-2.6163152502059939 2.8549183742020485 1.7208217471837999 -0.092402620710756472 -2.7190060421352236 0.686578053090665 2.1846688909704488 -2.9839165956270501 0.2616490670434245
leaf_weight=125 129 160 184 142 198 120 122 143
leaf_count=125 129 160 184 142 198 120 122 143
internal_value=0 0.324455 -1.1134 -0.0443917 -0.735754 0.386917 -0.120684 -1.23254
internal_weight=0 1014 309 885 340 545 425 265
internal_count=1323 1014 309 885 340 545 425 265
is_linear=0
shrinkage=0.05


Tree=704
num_leaves=10
num_cat=0
split_feature=3 11 11 5 13 14 11 3 13
split_gain=172726 147746 209255 238647 235989 211559 198151 127379 202987
threshold=0.4898228605740596 2471.5736250000004 3498.4912500000005 5.5000000000000009 6965.8672224702395 473.45962500000002 6096.9351250000009 0.64354077747071747 5104.3257462797619
decision_type=2 8 8 2 10 10 10 2 10
left_child=-1 -2 -3 4 5 7 -7 -4 -9
right_child=1 2 3 -5 -6 6 -8 8 -10
leaf_value=-1.549456170386464 1.7639137067832054 -1.811521445412736 0.58412606865167616 2.2740642872333527 -2.308538202869082 2.7691875352144244 0.13682042820724899 0.16133471537973279 -2.971932542294264
leaf_weight=169 128 143 144 125 103 125 167 107 100
leaf_count=169 128 143 144 125 103 125 167 107 100
internal_value=0 0.163216 -0.038844 0.252193 -0.0865929 0.269333 1.26369 -0.557881 -1.35232
internal_weight=0 1142 1014 871 746 643 292 351 207
internal_count=1311 1142 1014 871 746 643 292 351 207
is_linear=0
shrinkage=0.05


Tree=705
num_leaves=12
num_cat=0
split_feature=5 4 8 13 10 11 14 12 8 8 12
split_gain=212732 396862 440532 289485 207276 231751 188443 364371 232054 184906 143698
threshold=3.5000000000000004 16.500000000000004 0.9041920413145953 4137.0024069940482 3832.7250000000008 7811.7663750000002 416.14912499999951 4890.243625000001 0.84572077968177972 0.95210745033794308 4023.7812500000005
decision_type=2 2 2 10 2 10 10 10 2 2 8
left_child=1 6 -3 -2 -5 10 8 -8 -1 -10 -6
right_child=3 2 -4 4 5 -7 7 -9 9 -11 -12
leaf_value=2.8220170558613038 3.0053300819758859 -0.17453829206038859 -4.7785625927519098 2.1094490393299923 -0.074608438931978674 1.5194117537411778 -3.0264157970017251 1.0809536482686195 -1.4438615588205201 1.4357084233481605 -2.4637594134104059
leaf_weight=107 112 107 101 107 130 110 109 107 112 111 122
leaf_count=107 112 107 101 107 130 110 109 107 112 111 122
internal_value=0 -0.551619 -2.41015 0.721455 0.176052 -0.395421 0.156391 -0.991747 0.9079 -0.010533 -1.23126
internal_weight=0 754 208 581 469 362 546 216 330 223 252
internal_count=1335 754 208 581 469 362 546 216 330 223 252
is_linear=0
shrinkage=0.05


Tree=706
num_leaves=9
num_cat=0
split_feature=13 11 11 8 13 4 7 15
split_gain=239799 210116 181902 168903 209473 216031 190004 148231
threshold=5047.1090840773822 6683.4167500000012 3532.5338750000005 0.83840317010002929 5560.4712291666674 16.500000000000004 0.28911242237189688 4.4750002778055586
decision_type=10 8 10 2 10 2 2 2
left_child=1 2 -1 -2 -5 6 -6 -3
right_child=3 7 -4 4 5 -7 -8 -9
leaf_value=-1.5887474787834834 1.6132496270270362 -1.0907571015374684 0.66055727380638318 1.4900511614126819 1.5219524605215089 -2.443424645993252 -1.1109357680701002 -3.7614155862886132
leaf_weight=169 173 107 192 140 121 129 158 101
leaf_count=169 173 107 192 140 121 129 158 101
internal_value=0 -1.12177 -0.392441 0.251215 -0.17877 -0.751405 0.0309262 -2.38757
internal_weight=0 569 361 721 548 408 279 208
internal_count=1290 569 361 721 548 408 279 208
is_linear=0
shrinkage=0.05


Tree=707
num_leaves=10
num_cat=0
split_feature=12 10 10 14 11 3 4 15 3
split_gain=108417 89650.5 126030 190007 218165 322350 294136 309877 110317
threshold=7680.4096250000011 8178.9776250000004 7263.7992500000009 -449.02100000000013 6654.7398750000011 0.72573682836186693 13.500000000000002 4.9510006556211188 0.50342616797796447
decision_type=10 2 2 8 10 2 2 2 2
left_child=1 2 3 -1 5 6 7 8 -5
right_child=-2 -3 -4 4 -6 -7 -8 -9 -10
leaf_value=-1.9709278915279596 1.265913718561642 -1.5228922423261864 1.4615356464729166 0.50344977915287026 -1.4532482249557637 -1.2448681893244469 3.4132685620658871 -1.6843299807201733 2.7061513576242664
leaf_weight=129 160 104 132 120 178 183 116 110 108
leaf_count=129 160 104 132 120 178 183 116 110 108
internal_value=0 -0.121064 0.0144286 -0.187921 0.0942971 0.526735 1.24084 0.495272 1.54683
internal_weight=0 1180 1076 944 815 637 454 338 228
internal_count=1340 1180 1076 944 815 637 454 338 228
is_linear=0
shrinkage=0.05


Tree=708
num_leaves=10
num_cat=0
split_feature=10 15 11 14 15 3 3 14 11
split_gain=100627 246038 242912 229805 103990 203442 358296 210713 83802.9
threshold=6145.0835000000015 7.1088011578935681 4154.0075000000006 435.84674999999976 3.0274583013856944 0.51827572883148465 0.71975820053914819 335.57862500000061 5039.3122500000009
decision_type=2 2 8 10 2 2 2 8 8
left_child=1 4 -2 -4 -1 -6 7 -7 -8
right_child=2 -3 3 -5 5 6 8 -9 -10
leaf_value=-0.97908264219269658 -2.2795217160269514 2.6136567149173331 1.8525853724673738 -0.88776334319660011 2.0591417846062199 0.19128857656525305 0.33665569319444549 -2.8334134361540624 2.3351238907487306
leaf_weight=182 139 108 129 188 139 104 102 129 108
leaf_count=182 139 108 129 188 139 104 102 129 108
internal_value=0 0.379838 -0.536775 0.227394 0.0640623 0.390269 -0.133373 -1.48333 1.36444
internal_weight=0 872 456 317 764 582 443 233 210
internal_count=1328 872 456 317 764 582 443 233 210
is_linear=0
shrinkage=0.05


Tree=709
num_leaves=11
num_cat=0
split_feature=16 0 0 11 12 10 12 14 12 13
split_gain=156950 242471 282600 257519 243121 228635 224140 186784 268140 260832
threshold=1.0007111822293353 5.7400823415674909 5.0885241301907973 5292.9371250000013 3465.9887500000009 2877.4460000000004 5473.0875000000015 -402.90250000000009 3692.3112500000002 5896.606912202381
decision_type=2 2 2 10 8 2 10 10 10 10
left_child=1 2 3 5 -3 -1 -6 -2 -9 -10
right_child=7 4 -4 -5 6 -7 -8 8 9 -11
leaf_value=-0.04526924706422366 -2.2387621583109318 -0.34080368014215268 -2.4418495435714722 -1.5094484010957323 4.0781265368312596 2.9496489854812626 0.96078993710311689 1.7778614964567383 -2.0895322409158914 1.0402789570459532
leaf_weight=130 115 103 100 106 120 125 111 145 171 109
leaf_count=130 115 103 100 106 120 125 111 145 171 109
internal_value=0 0.653528 -0.0897296 0.561827 1.6794 1.42283 2.58019 -0.451088 0.032636 -0.871141
internal_weight=0 795 461 361 334 255 231 540 425 280
internal_count=1335 795 461 361 334 255 231 540 425 280
is_linear=0
shrinkage=0.05


Tree=710
num_leaves=11
num_cat=0
split_feature=11 16 8 13 16 11 10 5 14 13
split_gain=289097 325907 353952 289098 258188 162560 157976 357032 248475 177006
threshold=5039.3122500000009 1.3020232578813451 0.82702876702490424 6348.9505342261918 0.54449889433387721 6998.8377500000006 5842.5996250000007 4.5000000000000009 1.0000000180025095e-35 4931.5767633928581
decision_type=8 2 2 10 2 8 2 2 10 10
left_child=6 2 -2 4 -4 -3 7 9 -8 -1
right_child=1 5 3 -5 -6 -7 8 -9 -10 -11
leaf_value=0.18205949187278747 3.6933006146124434 0.28119842324119348 -0.12463670842838984 -1.2048974121932861 2.8369542297889603 -2.4947354762771421 -3.7291343329087745 2.2326489883065226 -0.25463774871081113 -2.4446882307529449
leaf_weight=115 112 104 137 154 159 107 106 100 100 145
leaf_count=115 112 104 137 154 159 107 106 100 100 145
internal_value=0 0.549035 1.17811 0.552103 1.46622 -1.1265 -0.938216 -0.306328 -2.04249 -1.28286
internal_weight=0 773 562 450 296 211 566 360 206 260
internal_count=1339 773 562 450 296 211 566 360 206 260
is_linear=0
shrinkage=0.05


Tree=711
num_leaves=10
num_cat=0
split_feature=14 5 10 15 10 5 14 8 14
split_gain=165852 182986 239756 401811 182459 151773 251304 303135 136849
threshold=964.03387500000019 4.5000000000000009 6507.9031250000007 5.1708462512917972 7889.8513750000011 3.5000000000000004 265.89874999999989 0.90258555141862706 1314.2828749999996
decision_type=10 2 2 2 2 2 10 2 10
left_child=1 4 3 -3 5 6 7 -1 -2
right_child=8 2 -4 -5 -6 -7 -8 -9 -10
leaf_value=1.8988810159315337 2.4148362052440646 -2.4372032448097514 -3.1439150633097723 1.9388107618645709 1.9132376017606156 1.4349178377006737 -2.0088851690672493 -1.154754238677296 0.1088788676261902
leaf_weight=151 110 108 116 102 117 112 196 176 155
leaf_count=151 110 108 116 102 117 112 196 176 155
internal_value=0 -0.330094 -1.31949 -0.311711 0.0988197 -0.23549 -0.593207 0.255334 1.06607
internal_weight=0 1078 326 210 752 635 523 327 265
internal_count=1343 1078 326 210 752 635 523 327 265
is_linear=0
shrinkage=0.05


Tree=712
num_leaves=11
num_cat=0
split_feature=8 16 3 12 7 14 3 3 3 8
split_gain=165593 150906 141848 169471 649518 194781 143390 262508 196833 99065.6
threshold=0.99821055881106358 1.7941460812747951 0.46741392184506253 8902.1287500000017 0.30188382027270316 -267.67650000000043 0.51827572883148465 0.57465702787269246 0.69923370096537574 0.91049964949710194
decision_type=2 2 2 8 2 10 2 2 2 2
left_child=1 2 -1 5 -5 -4 -7 -8 -9 -10
right_child=-2 -3 3 4 -6 6 7 8 9 -11
leaf_value=2.1283435486763427 -1.9358993417918684 -1.4847725152969362 2.2447433718304706 1.4584047276382299 -3.7214941156537913 1.8472586863508849 -1.8933472119608235 1.9898082057907158 -1.4150407056101657 0.62775879285335545
leaf_weight=103 100 123 138 129 114 107 155 146 113 125
leaf_count=103 100 123 138 129 114 107 155 146 113 125
internal_value=0 0.178389 0.359423 0.182014 -0.971671 0.539598 0.175341 -0.156561 0.544485 -0.342142
internal_weight=0 1253 1130 1027 243 784 646 539 384 238
internal_count=1353 1253 1130 1027 243 784 646 539 384 238
is_linear=0
shrinkage=0.05


Tree=713
num_leaves=10
num_cat=0
split_feature=13 12 12 13 11 11 4 3 4
split_gain=155849 187907 237178 261109 222977 406302 196480 223954 173408
threshold=6734.5962790178583 2816.6125000000006 5432.0000000000009 5108.068815476191 6852.170000000001 4875.6825000000008 14.500000000000002 0.63204820109316417 9.5000000000000018
decision_type=10 8 8 10 10 10 2 2 2
left_child=1 -1 3 -3 5 6 7 -4 -2
right_child=8 2 4 -5 -6 -7 -8 -9 -10
leaf_value=1.3799210834887721 -0.6705800203127521 -0.31361667953688527 0.047452011397032721 -3.2563480772030582 -2.0180270694551012 2.6102051102417581 1.0260759109587181 -3.0576695651357824 1.9444258731976154
leaf_weight=124 105 145 123 157 126 141 127 110 160
leaf_count=124 105 145 123 157 126 141 127 110 160
internal_value=0 -0.44828 -0.692302 -1.84345 -0.137844 0.335017 -0.556098 -1.41849 0.908291
internal_weight=0 1053 929 302 627 501 360 233 265
internal_count=1318 1053 929 302 627 501 360 233 265
is_linear=0
shrinkage=0.05


Tree=714
num_leaves=11
num_cat=0
split_feature=13 7 3 16 13 12 7 13 11 10
split_gain=240249 149666 142187 112195 140614 190690 161503 153047 163424 284257
threshold=6830.154145833335 0.31715296652162867 0.58752844152932371 0.23281217010589897 6438.9044062500006 3107.7450000000003 0.37393059161188685 4910.2443452380967 5711.8702500000009 4681.4075000000012
decision_type=8 2 2 2 10 10 2 10 10 2
left_child=3 -2 -3 -1 5 6 -5 -7 9 -9
right_child=1 2 -4 4 -6 7 -8 8 -10 -11
leaf_value=1.1214865078777077 2.5013997177977663 -0.83870862202210861 1.7529103429878461 -2.8311976885576864 -2.1767979376226942 1.6756206679675316 -0.076837323577358174 -2.9176556068276049 1.0609470566393624 0.71880375151626796
leaf_weight=125 143 110 102 109 107 144 104 109 142 106
leaf_count=125 143 110 102 109 107 144 104 109 142 106
internal_value=0 1.25138 0.408202 -0.274007 -0.486476 -0.233164 -1.48635 0.299626 -0.255397 -1.1248
internal_weight=0 355 212 946 821 714 213 501 357 215
internal_count=1301 355 212 946 821 714 213 501 357 215
is_linear=0
shrinkage=0.05


Tree=715
num_leaves=11
num_cat=0
split_feature=13 13 0 10 3 0 13 13 12 3
split_gain=262367 290704 186556 183009 192492 156027 196561 192941 157479 126853
threshold=3808.4850163690476 4594.8602090773811 4.7380501939082817 2919.6167500000006 0.50898329477497894 6.4541995866253306 5332.7113891369054 5560.4712291666674 5919.9185000000007 0.69485467442395865
decision_type=10 10 2 2 2 2 10 10 10 2
left_child=2 -2 -1 -3 -5 7 -7 -6 -8 -9
right_child=1 3 -4 4 5 6 8 9 -10 -11
leaf_value=-0.36420303815748634 2.319538092537083 1.7036099061622458 -3.2191256306438802 -2.1604506899382323 2.1080320187494266 -2.499238877049808 1.0257581766019732 0.98133924866423894 -1.5241551398208328 -1.4774294802470616
leaf_weight=123 137 118 107 131 141 116 149 102 102 108
leaf_count=123 137 118 107 131 141 116 149 102 102 108
internal_value=0 0.163961 -1.69236 -0.141431 -0.397868 -0.0762825 -0.797105 0.677398 -0.0104616 -0.28317
internal_weight=0 1104 230 967 849 718 367 351 251 210
internal_count=1334 1104 230 967 849 718 367 351 251 210
is_linear=0
shrinkage=0.05


Tree=716
num_leaves=10
num_cat=0
split_feature=16 11 14 10 8 4 14 14 3
split_gain=122143 148901 251329 177237 131858 176780 274884 270003 153806
threshold=1.9422192219221934 7022.1361250000009 1070.7481250000003 7924.3781250000011 0.79762364354186011 11.500000000000002 223.68625000000023 260.38362500000022 0.55752457296260094
decision_type=2 10 10 2 2 2 10 10 2
left_child=1 3 -3 4 -1 7 -7 8 -6
right_child=-2 2 -4 -5 5 6 -8 -9 -10
leaf_value=1.6028628384724994 1.864454093493453 2.491965837825358 -0.59401087565668698 -2.001935788166934 0.45705040400145491 -2.3412125329862645 0.62130853715150258 -0.86665179105905388 3.0607489620774704
leaf_weight=122 109 153 116 116 122 181 138 195 106
leaf_count=122 109 153 116 116 122 181 138 195 106
internal_value=0 0.119194 1.16121 -0.166828 0.0795519 -0.170912 -1.05962 0.499297 1.66754
internal_weight=0 1249 269 980 864 742 319 423 228
internal_count=1358 1249 269 980 864 742 319 423 228
is_linear=0
shrinkage=0.05


Tree=717
num_leaves=11
num_cat=0
split_feature=11 0 11 14 13 13 0 8 5 10
split_gain=88782.2 163858 336568 368226 373128 182493 166585 182583 199999 161238
threshold=2153.2641250000006 6.1417697325288101 4224.8462500000014 194.43887500000031 6253.1274136904767 4006.5344903273813 4.1740757409074254 0.88114418652073301 2.5000000000000004 2898.5950000000007
decision_type=8 2 8 10 10 10 2 2 2 2
left_child=-1 5 -3 -4 -5 9 -7 -8 -9 -2
right_child=1 2 3 4 -6 6 7 8 -10 -11
leaf_value=1.201141486823559 -2.5934214413750407 -3.4853723906778864 2.1136661013342297 -3.6717312408882439 0.43866301915224865 -0.75878573698656904 2.9427655096147576 1.9666603061370553 -0.67057243058594262 0.18491136665656188
leaf_weight=100 102 112 106 103 119 168 102 128 164 107
leaf_count=100 102 112 106 103 119 168 102 128 164 107
internal_value=0 -0.348967 -1.11886 -0.310789 -1.46841 0.0904037 0.55951 1.12163 0.485475 -1.17102
internal_weight=0 1211 440 328 222 771 562 394 292 209
internal_count=1311 1211 440 328 222 771 562 394 292 209
is_linear=0
shrinkage=0.05


Tree=718
num_leaves=10
num_cat=0
split_feature=3 13 7 7 3 16 5 14 4
split_gain=204845 124029 273405 160631 188220 216553 105736 172354 160358
threshold=0.74087761392373974 6965.8672224702395 0.48437931100148762 0.29317302245953819 0.70791112019137725 0.70383149426053671 4.5000000000000009 -135.21750000000017 6.5000000000000009
decision_type=2 8 2 2 2 2 2 10 2
left_child=1 3 -3 4 5 -1 7 -5 -9
right_child=-2 2 -4 6 -6 -7 -8 8 -10
leaf_value=0.28193944372603152 2.1638609045787773 0.57436720116933182 -2.6581420921559995 3.1634903399400343 1.2063422418634098 -2.6911123405627122 -0.057197016342885078 -0.79686329752645069 1.755933174067928
leaf_weight=122 136 150 116 103 120 123 177 102 155
leaf_count=122 136 150 116 103 120 123 177 102 155
internal_value=0 0.113499 -0.835299 0.393299 -0.416025 -1.21065 0.943399 1.43536 0.742761
internal_weight=0 1168 266 902 365 245 537 360 257
internal_count=1304 1168 266 902 365 245 537 360 257
is_linear=0
shrinkage=0.05


Tree=719
num_leaves=9
num_cat=0
split_feature=5 8 15 10 4 7 7 15
split_gain=167485 206484 311252 481951 241170 203693 259389 201832
threshold=1.5000000000000002 0.8201342777943007 5.0741226900467833 3882.9592500000003 9.5000000000000018 0.18797285152606205 0.47958517974789011 5.1708462512917972
decision_type=2 2 2 2 2 2 2 2
left_child=7 -2 3 -3 -4 -6 -7 -1
right_child=1 2 4 -5 5 6 -8 -9
leaf_value=0.30225699227817815 -1.1910836732254348 1.0467828240520076 3.3543745572213086 -2.9703340700002223 2.3446030000098665 -1.915265823375611 1.5909566182010579 -2.013371104792673
leaf_weight=181 179 190 128 123 133 105 106 196
leaf_count=181 179 190 128 123 133 105 106 196
internal_value=0 0.341353 0.690788 -0.531829 1.50155 0.812124 -0.153846 -0.901624
internal_weight=0 964 785 313 472 344 211 377
internal_count=1341 964 785 313 472 344 211 377
is_linear=0
shrinkage=0.05


Tree=720
num_leaves=10
num_cat=0
split_feature=14 0 12 14 0 10 11 15 7
split_gain=130829 104745 138071 162205 287794 202366 195248 196272 92514.9
threshold=-868.66987499999993 3.8842912068984683 7213.3506250000009 -30.408374999999975 6.9813731373137324 6507.9031250000007 3870.4553750000005 5.6580158015801585 0.31715296652162867
decision_type=10 2 10 8 2 2 10 2 2
left_child=8 -2 3 -3 5 6 -5 -8 -1
right_child=1 2 -4 4 -6 -7 7 -9 -10
leaf_value=2.2356169396203085 -1.3556859071590479 1.7204627928210467 -1.2128556968209645 1.5359079637835105 -2.0781633222804348 2.3255391310111193 0.37231202180995498 -2.5627017015919966 0.1656973474675959
leaf_weight=106 158 164 180 124 136 118 129 102 110
leaf_count=106 158 164 180 124 136 118 129 102 110
internal_value=0 -0.163355 0.0343238 0.324741 -0.0511188 0.53171 -0.0645485 -0.923668 1.18149
internal_weight=0 1111 953 773 609 473 355 231 216
internal_count=1327 1111 953 773 609 473 355 231 216
is_linear=0
shrinkage=0.05


Tree=721
num_leaves=11
num_cat=0
split_feature=14 7 4 16 10 15 13 11 15 15
split_gain=108336 160510 363236 305864 239199 155816 135246 335626 116850 160983
threshold=473.45962500000002 0.46469237625979232 13.500000000000002 0.35645508995344005 5528.589750000001 7.931552877509974 5267.8024561011907 3404.8228750000003 6.4596154059850441 4.6716935582447148
decision_type=10 2 2 2 2 2 10 10 2 2
left_child=1 3 4 -1 -3 8 7 -5 9 -2
right_child=5 2 -4 6 -6 -7 -8 -9 -10 -11
leaf_value=2.5374956307808558 -0.30203170123734058 -0.58766486507195692 1.2743865481046874 -1.2235013853048995 -3.9472742391957176 2.4769652514457707 -1.8627504494145652 2.238670527674258 -1.1529074607873864 2.0445500617956411
leaf_weight=120 158 104 107 168 108 100 107 120 106 136
leaf_count=120 158 104 107 168 108 100 107 120 106 136
internal_value=0 -0.219168 -1.10051 0.326752 -2.29916 0.711652 -0.344866 0.21907 0.270324 0.783462
internal_weight=0 834 319 515 212 500 395 288 400 294
internal_count=1334 834 319 515 212 500 395 288 400 294
is_linear=0
shrinkage=0.05


Tree=722
num_leaves=10
num_cat=0
split_feature=11 13 10 12 11 5 4 10 1
split_gain=210470 215430 324374 265216 244583 189188 587465 245968 155995
threshold=5862.1117500000009 4931.5767633928581 4259.2112500000012 4204.136375000001 3271.0261250000003 3.5000000000000004 16.500000000000004 6094.9231250000012 25.346786599538774
decision_type=8 10 2 10 10 2 2 2 2
left_child=1 4 -3 -4 -1 7 -7 8 -2
right_child=5 2 3 -5 -6 6 -8 -9 -10
leaf_value=-0.88611315397115864 -0.26073999764784328 -3.0142999854170043 -1.7086100038771446 1.4276787793955634 2.0909793934043575 0.048044488145099894 4.6505046854860019 -1.8189988898603542 2.4922576981186868
leaf_weight=130 106 145 130 140 147 182 112 114 100
leaf_count=130 106 145 130 140 147 182 112 114 100
internal_value=0 -0.386038 -1.10679 -0.0823862 0.693788 0.885704 1.80136 0.0444421 1.07567
internal_weight=0 692 415 270 277 614 294 320 206
internal_count=1306 692 415 270 277 614 294 320 206
is_linear=0
shrinkage=0.05


Tree=723
num_leaves=10
num_cat=1
split_feature=11 12 12 9 15 4 13 6 12
split_gain=193920 151917 168050 130979 318081 498553 234347 228489 133983
threshold=4224.8462500000014 4204.136375000001 4985.6865000000007 0 4.8475778133368914 5.5000000000000009 7384.4301934523819 1.0000000180025095e-35 6304.9237500000008
decision_type=8 8 10 9 2 2 8 2 10
left_child=1 -1 -3 4 5 -2 7 8 -6
right_child=3 2 -4 -5 6 -7 -8 -9 -10
leaf_value=-1.8368651405820307 0.1359805233407729 1.1857429909321568 -1.3369070174383082 -0.48300139845320678 0.9702375249237033 5.0450281815427651 -1.8472218044772746 2.4741502403367495 -1.3700691271711278
leaf_weight=159 101 155 115 188 141 106 100 141 108
leaf_count=159 101 155 115 188 141 106 100 141 108
internal_value=0 -0.610759 0.111281 0.684567 0.992187 2.64979 0.312182 0.865875 -0.0448352
internal_weight=0 429 270 885 697 207 490 390 249
internal_count=1314 429 270 885 697 207 490 390 249
cat_boundaries=0 1
cat_threshold=67
is_linear=0
shrinkage=0.05


Tree=724
num_leaves=11
num_cat=0
split_feature=14 4 4 14 3 12 11 0 12 5
split_gain=135331 186594 148888 415284 178004 207572 196693 193179 130793 129592
threshold=-898.29912499999989 12.500000000000002 18.500000000000004 491.34200000000016 0.49167650387539319 6477.8272500000012 4366.2450000000008 5.6437213165761024 4645.4502500000008 3.5000000000000004
decision_type=10 2 2 10 2 8 10 2 10 2
left_child=1 -1 4 -4 -2 6 7 -6 -8 -7
right_child=2 -3 3 -5 5 9 8 -9 -10 -11
leaf_value=-0.17205832521120709 -1.6108986919009407 2.7366773894604517 -3.6872934977213543 0.677579905735886 -0.54655993013706028 0.39293826286281863 -0.2087591532062977 2.4869722759055204 -2.3985464289088116 2.7392974204594092
leaf_weight=120 129 102 102 117 103 112 188 107 107 124
leaf_count=120 129 102 102 117 103 112 188 107 107 124
internal_value=0 1.16439 -0.190112 -1.35537 0.103213 0.401621 -0.170457 0.999097 -1.00302 1.62577
internal_weight=0 222 1089 219 870 741 505 210 295 236
internal_count=1311 222 1089 219 870 741 505 210 295 236
is_linear=0
shrinkage=0.05


Tree=725
num_leaves=11
num_cat=0
split_feature=11 4 3 14 0 11 12 13 13 0
split_gain=142678 314406 367541 116085 204818 261404 111510 95717.7 308208 68869.5
threshold=4224.8462500000014 6.5000000000000009 0.68729820351623805 -147.03600000000048 4.0901173450678412 5039.3122500000009 3500.2175000000002 5104.3257462797619 6052.3133430059534 6.5747324732473267
decision_type=8 2 2 8 2 10 10 10 10 2
left_child=1 -1 -3 -2 -5 -6 -4 -7 -9 -10
right_child=3 2 6 4 5 7 -8 8 9 -11
leaf_value=1.6484199053945794 1.8732001775875688 -3.9355053213834768 0.82567857833845282 1.9679156390258243 -2.1032148842046512 1.3793560140806198 -1.4005542688665138 -2.3695949841071577 1.8524944470563067 0.035543067842721938
leaf_weight=113 128 100 112 140 134 163 113 102 109 100
leaf_count=113 128 100 112 140 134 163 113 102 109 100
internal_value=0 -0.623438 -1.41335 0.481803 0.243703 -0.153319 -0.292385 0.397917 -0.116471 0.98314
internal_weight=0 438 325 876 748 608 225 474 311 209
internal_count=1314 438 325 876 748 608 225 474 311 209
is_linear=0
shrinkage=0.05


Tree=726
num_leaves=10
num_cat=0
split_feature=8 13 0 0 0 0 0 0 11
split_gain=125047 186679 240947 364323 209093 145688 223470 142570 96519.4
threshold=0.95707615712369043 4632.4860654761915 6.4541995866253306 5.4359644297763117 5.034559011456702 5.3820562611816749 4.561518651865188 4.4697094709470955 6654.7398750000011
decision_type=2 10 2 2 2 2 2 2 10
left_child=1 4 3 7 -1 6 -2 -3 -4
right_child=5 2 8 -5 -6 -7 -8 -9 -10
leaf_value=0.084572326134298451 -1.0948947877778361 0.77701896393653191 -1.8662701735231613 2.788370355013488 3.2484618490817505 -1.808028031128079 1.6215685605525971 -1.8862924253940585 0.0084049827746442846
leaf_weight=107 192 101 180 138 102 179 125 100 111
leaf_count=107 192 101 180 138 102 179 125 100 111
internal_value=0 0.33378 -0.0957951 0.810162 1.62867 -0.667663 -0.0237342 -0.548012 -1.15119
internal_weight=0 839 630 339 209 496 317 201 291
internal_count=1335 839 630 339 209 496 317 201 291
is_linear=0
shrinkage=0.05


Tree=727
num_leaves=10
num_cat=0
split_feature=8 5 10 11 12 11 10 1 15
split_gain=167587 184701 120996 331097 261663 422325 127664 192642 195613
threshold=0.77103858515298584 1.0000000180025095e-35 3832.7250000000008 5779.5482500000007 1171.4996250000002 3462.0656250000006 5700.7292500000012 41.65669662779333 8.2861466702225801
decision_type=2 2 2 8 10 10 2 2 2
left_child=-1 -2 3 -3 -4 -6 -7 -8 -9
right_child=1 2 4 -5 5 6 7 8 -10
leaf_value=-1.7220326087951658 -1.3292340106122635 -0.21170902980698481 -2.2301037612759953 3.1547677459349313 3.3382301461779407 -1.0933294203413193 2.2963377058506014 -1.4734667699941448 1.3967830373376025
leaf_weight=125 170 162 103 133 108 199 104 142 102
leaf_count=125 170 162 103 133 108 199 104 142 102
internal_value=0 0.200026 0.446915 1.30606 0.112552 0.480939 -0.0832063 0.494422 -0.273608
internal_weight=0 1223 1053 295 758 655 547 348 244
internal_count=1348 1223 1053 295 758 655 547 348 244
is_linear=0
shrinkage=0.05


Tree=728
num_leaves=10
num_cat=0
split_feature=12 0 8 10 16 4 10 13 8
split_gain=182466 189384 138208 124920 145569 96823 134233 92167.6 172565
threshold=8312.1225000000013 4.1190827416074951 0.95210745033794308 8084.7896250000003 1.517148937115935 3.5000000000000004 6217.5320000000002 6640.0596130952381 0.95530112361429342
decision_type=8 2 2 2 2 2 2 10 2
left_child=3 -2 -3 4 5 -1 7 8 -7
right_child=1 2 -4 -5 -6 6 -8 -9 -10
leaf_value=1.8470942053558499 0.77412908741685216 -2.8263660982614613 -0.49255936401718448 1.9506826290830237 -1.2714413572992407 1.6557021555147675 -0.93445114040949262 2.0454863913429597 -0.75822025508937729
leaf_weight=116 122 123 131 122 134 133 166 103 167
leaf_count=116 122 123 131 122 134 133 166 103 167
internal_value=0 -0.845012 -1.62271 0.45805 0.235704 0.530532 0.26213 0.755014 0.311952
internal_weight=0 376 254 941 819 685 569 403 300
internal_count=1317 376 254 941 819 685 569 403 300
is_linear=0
shrinkage=0.05


Tree=729
num_leaves=10
num_cat=0
split_feature=8 15 15 16 5 8 15 14 15
split_gain=115192 189292 209491 175134 155557 444323 260447 130328 123557
threshold=0.99578464184792892 6.8188902223555692 6.1917011145559018 1.0706709559844871 2.5000000000000004 0.89072219910788641 5.0302113544687819 230.89674999999991 3.3931045882366018
decision_type=2 2 2 2 2 2 2 10 2
left_child=1 2 4 -3 6 -6 8 -7 -1
right_child=-2 3 -4 -5 5 7 -8 -9 -10
leaf_value=-1.3769331291610121 1.245897674560547 1.9945109020873728 -2.524651195538246 -0.22046608371090706 2.8647879232962925 -2.1753810724499179 -3.1352115417718891 0.35219210199281281 0.9557866171933711
leaf_weight=102 171 166 118 193 126 102 100 102 128
leaf_count=102 171 166 118 193 126 102 100 102 128
internal_value=0 -0.145998 -0.58424 0.803729 -0.237318 0.530297 -1.00493 -0.911594 -0.0787239
internal_weight=0 1137 778 359 660 330 330 204 230
internal_count=1308 1137 778 359 660 330 330 204 230
is_linear=0
shrinkage=0.05


Tree=730
num_leaves=10
num_cat=0
split_feature=7 13 5 3 0 13 13 15 4
split_gain=106780 172009 251655 276926 115567 76911.4 182512 101071 139855
threshold=0.31715296652162867 6871.5982961309537 3.5000000000000004 0.65579892396560568 5.0885241301907973 6062.9620312500019 6853.4243244047639 4.9510006556211188 15.500000000000002
decision_type=2 8 2 2 2 10 10 2 2
left_child=1 2 4 -4 -1 7 -7 -2 -9
right_child=5 -3 3 -5 -6 6 -8 8 -10
leaf_value=-0.35158032835884528 -0.079686999628156951 1.8123454312077998 -0.70500780695676812 2.9630175082751045 -2.4734054066167022 1.4066441855859013 -1.1630719817526125 -2.717001230215681 -0.31471311157500304
leaf_weight=176 171 147 100 106 101 132 145 138 108
leaf_count=176 171 147 100 106 101 132 145 138 108
internal_value=0 0.314765 -0.141021 1.18242 -1.12524 -0.584337 0.0614859 -1.01334 -1.66234
internal_weight=0 630 483 206 277 694 277 417 246
internal_count=1324 630 483 206 277 694 277 417 246
is_linear=0
shrinkage=0.05


Tree=731
num_leaves=12
num_cat=0
split_feature=12 11 12 10 1 10 7 10 16 13 10
split_gain=159773 149556 163424 225543 261246 146724 422288 187990 257638 180758 83058.3
threshold=5178.5242500000013 7357.9217500000004 4502.1175000000012 5225.0711250000013 45.609391746715325 2237.0975000000003 -0.081185695542261502 3882.9592500000003 0.95346895800691123 5691.2441815476204 6120.6272500000005
decision_type=8 10 10 2 2 2 2 2 2 10 2
left_child=1 2 3 -1 -5 -2 -7 -8 10 -10 -9
right_child=5 -3 -4 4 -6 6 7 8 9 -11 -12
leaf_value=1.1687125711337381 1.1208615809968376 2.0569325280896691 1.8451801679807134 -2.9560977619111055 0.43948922390029549 -3.7663952509562173 1.3405364290466459 -3.1370560989521521 1.7362052060465896 -1.1823593343496321 -1.1333547374549902
leaf_weight=138 103 118 101 123 105 108 127 101 113 100 106
leaf_count=138 103 118 101 123 105 108 127 101 113 100 106
internal_value=0 0.466513 0.0646507 -0.426698 -1.39234 -0.633373 -0.90923 -0.345109 -0.854817 0.365987 -2.11101
internal_weight=0 585 467 366 228 758 655 547 420 213 207
internal_count=1343 585 467 366 228 758 655 547 420 213 207
is_linear=0
shrinkage=0.05


Tree=732
num_leaves=11
num_cat=0
split_feature=14 12 11 13 8 16 12 14 8 10
split_gain=83350.3 176202 164503 137223 195800 164795 120519 173112 80848.8 73497.1
threshold=448.07687500000026 7826.1928750000006 3462.0656250000006 5332.7113891369054 0.86632064599742575 0.72483081641497515 6304.9237500000008 1222.6207499999989 0.95116368562329023 6046.5910000000013
decision_type=10 8 8 10 2 2 10 10 2 2
left_child=2 6 9 5 -5 -4 7 8 -2 -1
right_child=1 -3 3 4 -6 -7 -8 -9 -10 -11
leaf_value=1.4309840967549998 0.52665351957587869 2.2647916529476642 -1.4875212982589125 -0.38675998707788184 -3.3367457579821349 0.71726446584651349 -1.4932862301306291 2.1151107015929105 -1.3904396194856146 -0.33959830409114805
leaf_weight=136 118 100 153 113 112 190 110 103 103 103
leaf_count=136 118 100 153 113 112 190 110 103 103 103
internal_value=0 0.372667 -0.432583 -0.895651 -1.8552 -0.266211 -0.063307 0.42218 -0.366833 0.66793
internal_weight=0 534 807 568 225 343 434 324 221 239
internal_count=1341 534 807 568 225 343 434 324 221 239
is_linear=0
shrinkage=0.05


Tree=733
num_leaves=10
num_cat=0
split_feature=16 0 10 13 13 0 8 14 16
split_gain=185571 130969 148847 281488 211070 227431 144474 139454 198270
threshold=1.8809867097820903 7.6985851362914079 2877.4460000000004 4042.0245089285722 3954.0670163690479 4.2978172817281743 0.85698747474995696 230.89674999999991 0.62596259625962658
decision_type=2 2 2 10 10 2 2 10 2
left_child=1 2 3 -1 -4 -6 -7 -8 -9
right_child=-2 -3 4 -5 5 6 7 8 -10
leaf_value=-2.7374507064819338 2.3824301021908401 -1.4952479967386416 2.602865725071704 0.87529159295253267 -1.8598627461194994 -0.44720406203853841 2.2068345149047675 1.9988791599746578 -0.66924756689042586
leaf_weight=100 109 101 122 117 100 196 192 121 164
leaf_count=100 109 101 122 117 100 196 192 121 164
internal_value=0 0.228669 0.385248 -0.789567 0.670091 0.365048 0.695643 1.16524 0.463536
internal_weight=0 1213 1112 217 895 773 673 477 285
internal_count=1322 1213 1112 217 895 773 673 477 285
is_linear=0
shrinkage=0.05


Tree=734
num_leaves=11
num_cat=0
split_feature=4 3 0 0 7 16 11 0 10 16
split_gain=227800 229528 145329 214107 183229 165276 136251 231505 127913 50032.3
threshold=18.500000000000004 0.6074464372320405 6.2815892700381157 4.6776761009434287 0.45342637268663055 1.3963410229911888 2153.2641250000006 3.9061142225333652 7180.7051250000013 0.68824104632685501
decision_type=2 2 2 2 2 2 10 2 2 2
left_child=2 -2 3 6 9 8 -1 -8 -4 -5
right_child=1 -3 5 4 -6 -7 7 -9 -10 -11
leaf_value=2.4162024708551781 0.10265944064038356 -2.7940198231736821 -0.71735672065527134 -0.72580338751915663 0.89362837508184101 2.9874188230080265 -0.97067995458454281 1.9586916475991409 1.7928794097666647 -2.18371967859302
leaf_weight=107 159 120 101 101 109 105 154 120 102 141
leaf_count=107 159 120 101 101 109 105 154 120 102 141
internal_value=0 -1.14322 0.465756 0.0823591 -0.808562 1.37695 0.903128 0.312257 0.543944 -1.57525
internal_weight=0 279 1040 732 351 308 381 274 203 242
internal_count=1319 279 1040 732 351 308 381 274 203 242
is_linear=0
shrinkage=0.05


Tree=735
num_leaves=11
num_cat=0
split_feature=14 14 4 13 15 13 15 13 16 16
split_gain=118448 211866 157155 250161 230140 505164 189288 150194 112854 160150
threshold=-744.34987500000034 -294.30324999999988 14.500000000000002 3993.7879761904774 5.4541926414863724 5202.2732953869054 4.5130374148525974 5296.0675505952386 1.3687354846595781 0.65663927503861486
decision_type=8 8 2 10 2 10 2 8 2 2
left_child=-1 -2 4 -4 6 -6 7 -3 9 -5
right_child=1 2 3 8 5 -7 -8 -9 -10 -11
leaf_value=1.6637351812746215 -2.1182376071947431 1.031113748195948 3.1023058356607667 -0.53629370663525922 -4.0852331104679642 0.44385462154602184 2.1201877275434864 -1.2168442196355147 -1.1333620737791061 2.125664030520384
leaf_weight=115 109 132 102 106 107 145 119 170 100 121
leaf_count=115 109 132 102 106 107 145 119 170 100 121
internal_value=0 -0.0153971 0.192597 0.94046 -0.284124 -1.47921 0.431225 -0.234293 0.266122 0.882635
internal_weight=0 1211 1102 429 673 252 421 302 327 227
internal_count=1326 1211 1102 429 673 252 421 302 327 227
is_linear=0
shrinkage=0.05


Tree=736
num_leaves=10
num_cat=0
split_feature=4 11 12 14 15 16 14 13 3
split_gain=126181 299535 208815 204897 194761 134935 183466 170862 130198
threshold=6.5000000000000009 4474.1850000000004 5737.547375000001 -429.63075000000021 3.8238712760164915 0.65663927503861486 106.39037500000019 6006.3600818452387 0.64899937274009545
decision_type=2 10 10 8 2 2 10 10 2
left_child=1 -1 -3 -2 -5 8 -7 -8 -6
right_child=3 2 -4 4 5 6 7 -9 -10
leaf_value=2.2755120854517994 -2.0966730385610504 -1.8588864992298779 1.1843311687438367 -1.7713658971072985 -1.9626277426114449 2.5981911264024342 -0.78590074178987546 1.6788231277617358 0.35567888153010402
leaf_weight=170 146 126 102 137 104 111 174 118 145
leaf_count=170 146 126 102 137 104 111 174 118 145
internal_value=0 0.686983 -0.497447 -0.376019 -0.0576215 0.302475 0.867875 0.210118 -0.61261
internal_weight=0 398 228 935 789 652 403 292 249
internal_count=1333 398 228 935 789 652 403 292 249
is_linear=0
shrinkage=0.05


Tree=737
num_leaves=10
num_cat=0
split_feature=11 12 14 3 12 13 5 15 3
split_gain=174895 87516.5 116150 159414 112018 162565 239575 79706.8 128478
threshold=7520.0152500000013 1243.7531250000002 -571.06599999999969 0.73284656262280568 3553.2800000000002 5076.30549107143 2.5000000000000004 6.0125734795701797 0.53979593403800796
decision_type=8 10 10 2 10 10 2 2 2
left_child=1 -1 -3 4 -4 -6 -7 8 -2
right_child=7 2 3 -5 5 6 -8 -9 -10
leaf_value=-1.6458753408924229 1.3832124970927098 1.1936722344103849 0.87038401011026145 -2.3777168632688976 -2.0725315606340451 1.2250449529613359 -1.7365922274260688 1.5722106219092504 -1.0760475283754725
leaf_weight=155 101 106 159 105 141 166 116 158 112
leaf_count=155 101 106 159 105 141 166 116 158 112
internal_value=0 -0.559246 -0.346853 -0.584546 -0.261036 -0.686322 0.00678285 0.721284 0.0900805
internal_weight=0 948 793 687 582 423 282 371 213
internal_count=1319 948 793 687 582 423 282 371 213
is_linear=0
shrinkage=0.05


Tree=738
num_leaves=9
num_cat=0
split_feature=11 15 16 4 12 5 13 12
split_gain=153081 172545 297265 129240 262266 122909 95321.9 80549.5
threshold=1461.8552500000003 8.3480806413974751 0.6458284717360635 11.500000000000002 5705.7073750000009 3.5000000000000004 5864.5514449404773 5405.3876250000003
decision_type=10 2 2 2 10 2 10 8
left_child=-1 2 5 7 -5 6 -2 -4
right_child=1 -3 3 4 -6 -7 -8 -9
leaf_value=-1.5421405886973631 -2.5751372810067803 -1.5839214164018633 -0.39369063166820489 3.180533575099342 -0.039279739209660547 0.16919341173654046 -0.53012526705861096 1.1851856637332174
leaf_weight=188 116 150 184 147 111 183 112 144
leaf_count=188 116 150 184 147 111 183 112 144
internal_value=0 -0.00288555 0.234983 0.958031 1.79527 -0.795931 -1.57057 0.299475
internal_weight=0 1147 997 586 258 411 228 328
internal_count=1335 1147 997 586 258 411 228 328
is_linear=0
shrinkage=0.05


Tree=739
num_leaves=10
num_cat=0
split_feature=15 11 16 16 8 14 15 10 11
split_gain=111569 127134 186282 116591 350578 159325 103039 243578 184408
threshold=8.4525772021646635 1901.4648750000003 0.70383149426053671 0.87928237268171239 0.85968402575097935 292.0562500000006 5.009189807869677 3020.5996250000003 7022.1361250000009
decision_type=2 10 2 2 2 10 2 2 10
left_child=1 2 -1 6 -5 -6 7 -3 -8
right_child=-2 3 -4 4 5 -7 8 -9 -10
leaf_value=0.25551884737881747 -1.574073061836637 0.69353013377670847 -2.7108583870909961 -1.2522539478281272 3.3784755782439158 0.91006537750575023 -0.62811646339844684 -2.4841056866557509 1.8871257678188127
leaf_weight=110 136 109 102 138 104 176 196 135 116
leaf_count=110 136 109 102 138 104 176 196 135 116
internal_value=0 -0.062093 -1.1717 0.179423 0.81034 1.8269 -0.294899 -1.06459 0.307038
internal_weight=0 1186 212 974 418 280 556 244 312
internal_count=1322 1186 212 974 418 280 556 244 312
is_linear=0
shrinkage=0.05


Tree=740
num_leaves=9
num_cat=1
split_feature=13 16 16 11 4 9 12 13
split_gain=231608 148373 190338 171307 269463 227090 218658 99636.9
threshold=3425.8359880952389 1.6435476881021438 1.3622459468169044 8113.5491250000005 18.500000000000004 0 3576.5320000000006 5119.5339970238101
decision_type=10 2 2 10 2 9 10 10
left_child=-1 2 3 4 5 -2 -7 -8
right_child=1 -3 -4 -5 -6 6 7 -9
leaf_value=1.8393492058002749 1.7666103697158921 -1.4969255711193439 1.9756609620602152 1.4545039968171591 -2.4666675359455508 -1.864629912179905 -0.81629656317210442 1.2045303614108596
leaf_weight=179 132 162 123 142 134 182 101 154
leaf_count=179 132 162 123 142 134 182 101 154
internal_value=0 -0.0964087 0.137975 -0.129522 -0.449482 0.0255672 -0.52866 0.404124
internal_weight=0 1130 968 845 703 569 437 255
internal_count=1309 1130 968 845 703 569 437 255
cat_boundaries=0 1
cat_threshold=128
is_linear=0
shrinkage=0.05


Tree=741
num_leaves=10
num_cat=0
split_feature=4 11 12 11 12 15 8 16 14
split_gain=163702 310061 227966 247989 377937 197479 165296 117733 116584
threshold=9.5000000000000018 6130.451250000001 7423.0843750000013 5663.0625000000009 5989.2871250000007 7.479235423542355 0.91049964949710194 0.69742946516873972 318.73999999999984
decision_type=2 8 10 8 8 2 2 2 10
left_child=1 7 3 5 -5 6 -2 -1 -3
right_child=2 8 -4 4 -6 -7 -8 -9 -10
leaf_value=0.5992698842134232 2.3417839621211969 3.2130720157314232 1.3356400407850744 -0.41605865989219065 -3.9254461839575985 -1.7427372099062719 -0.36103322210274347 -1.3055551622393571 0.9004274023121055
leaf_weight=156 102 108 134 176 136 109 127 169 110
leaf_count=156 102 108 134 176 136 109 127 169 110
internal_value=0 0.587304 -0.542167 -0.929284 -1.94579 0.00903074 0.842842 -0.391239 2.04614
internal_weight=0 543 784 650 312 338 229 325 218
internal_count=1327 543 784 650 312 338 229 325 218
is_linear=0
shrinkage=0.05


Tree=742
num_leaves=9
num_cat=0
split_feature=11 4 10 12 12 10 3 11
split_gain=90357.6 104028 227240 136248 135818 262037 202695 132704
threshold=1171.4996250000002 18.500000000000004 7263.7992500000009 6159.1568750000015 4890.243625000001 5528.589750000001 0.70552214405125491 5663.0625000000009
decision_type=10 2 2 8 10 2 2 10
left_child=-1 2 4 -3 5 6 -2 -6
right_child=1 3 -4 -5 7 -7 -8 -9
leaf_value=-0.86679087960720058 -0.84691425270706644 0.79804047014978208 2.2509212971566357 -1.5512781801737017 0.073539828950432456 -1.97192253776037 1.8577916473758465 2.2200625116215611
leaf_weight=175 131 108 170 144 157 157 147 133
leaf_count=175 131 108 170 144 157 157 147 133
internal_value=0 0.352949 0.605618 -0.544427 0.219823 -0.338948 0.583272 1.05798
internal_weight=0 1147 895 252 725 435 278 290
internal_count=1322 1147 895 252 725 435 278 290
is_linear=0
shrinkage=0.05


Tree=743
num_leaves=9
num_cat=0
split_feature=5 8 11 10 14 11 10 0
split_gain=139593 136239 155834 254856 153975 237129 243782 189401
threshold=1.0000000180025095e-35 0.9686268972901324 5779.5482500000007 3246.8245000000002 59.139999999999652 3532.5338750000005 6295.386625000001 6.2815892700381157
decision_type=2 2 10 2 8 10 2 2
left_child=-1 4 3 -3 7 -6 -7 -2
right_child=1 2 -4 -5 5 6 -8 -9
leaf_value=-0.91710545486387085 -2.2974402445798914 -1.3736863984200773 2.5746488804848777 1.9800270495950714 2.3673589863352009 -1.3030708841461549 1.2500125334383971 0.63106353653287428
leaf_weight=187 119 101 151 129 143 187 187 103
leaf_count=187 119 101 151 129 143 187 187 103
internal_value=0 0.558632 1.32665 0.507309 0.162672 0.63561 -0.0265292 -0.93872
internal_weight=0 1120 381 230 739 517 374 222
internal_count=1307 1120 381 230 739 517 374 222
is_linear=0
shrinkage=0.05


Tree=744
num_leaves=10
num_cat=0
split_feature=10 0 16 16 16 13 13 13 15
split_gain=126709 200013 185945 139736 176213 87038.5 145850 127289 122659
threshold=7263.7992500000009 7.2177467746774679 0.24202975853141021 1.3020232578813451 1.5832013756931247 7689.3236830357146 5076.30549107143 4370.9482217261912 4.6716935582447148
decision_type=2 2 2 2 2 8 10 10 2
left_child=2 -2 -1 5 -5 6 7 -4 -8
right_child=1 -3 3 4 -6 -7 8 -9 -10
leaf_value=-1.8462111110551449 2.3722632085531949 -0.26811631377786399 1.0533730315347005 -2.4217332772845808 0.1722889220244006 -0.73885268675264459 0.21809335739589206 -1.2157770118299331 2.4594676664785338
leaf_weight=158 130 160 117 115 152 129 102 131 152
leaf_count=158 130 160 117 115 152 129 102 131 152
internal_value=0 0.915502 -0.264453 0.013852 -0.944987 0.419573 0.717256 -0.145251 1.55939
internal_weight=0 290 1056 898 267 631 502 248 254
internal_count=1346 290 1056 898 267 631 502 248 254
is_linear=0
shrinkage=0.05


Tree=745
num_leaves=10
num_cat=0
split_feature=13 13 8 13 15 11 12 3 13
split_gain=127308 179211 314455 168386 204969 148582 326089 263049 241025
threshold=7384.4301934523819 6062.9620312500019 0.8528473177990753 4042.0245089285722 2.7233973397339741 4804.7018750000007 7146.926875000001 0.60994408008824508 5296.0675505952386
decision_type=10 10 2 8 2 10 8 2 8
left_child=1 3 -3 -1 -5 7 -7 -6 -9
right_child=-2 2 -4 4 5 6 -8 8 -10
leaf_value=1.35191300206512 -1.734938275234567 3.1670761565540149 -0.17646503569506811 1.454759741908028 -3.3957038162318804 1.1150828944918998 -2.409174917757511 -2.1954609340971167 1.1455582845042336
leaf_weight=131 108 115 181 105 131 191 100 110 106
leaf_count=131 108 115 181 105 131 191 100 110 106
internal_value=0 0.0592125 1.12255 -0.30091 -0.592322 -0.929225 -0.0960023 -1.62798 -0.555887
internal_weight=0 1170 296 874 743 638 291 347 216
internal_count=1278 1170 296 874 743 638 291 347 216
is_linear=0
shrinkage=0.05


Tree=746
num_leaves=10
num_cat=0
split_feature=5 13 13 10 8 11 12 8 13
split_gain=132208 115232 177021 132480 491526 346674 132384 326497 242980
threshold=1.0000000180025095e-35 4137.0024069940482 4760.9137745535727 3390.8146250000004 0.96485900709848016 3343.8312500000006 7070.5512500000013 0.85698747474995696 6463.2768534226198
decision_type=2 8 8 2 2 10 10 2 10
left_child=-1 -2 -3 4 -4 -5 7 -7 -9
right_child=1 2 3 5 -6 6 -8 8 -10
leaf_value=-1.1260683147060244 1.6366615674174423 -1.5665389005752173 1.8070443619595897 3.3907345929192112 -3.0238489433581179 -1.3839717267568297 -1.1239195803070769 2.9828060974774799 -0.015608960156105767
leaf_weight=190 141 136 101 103 110 130 136 153 121
leaf_count=190 141 136 101 103 110 130 136 153 121
internal_value=0 0.29935 0.108885 0.375697 -0.711431 0.732437 0.225391 0.679615 1.65869
internal_weight=0 1131 990 854 211 643 540 404 274
internal_count=1321 1131 990 854 211 643 540 404 274
is_linear=0
shrinkage=0.05


Tree=747
num_leaves=10
num_cat=0
split_feature=12 0 0 16 10 7 10 16 15
split_gain=163148 144785 280994 341008 167860 254702 334257 213610 105733
threshold=7680.4096250000011 6.0453239768421296 6.6501830738629417 0.89070295918480824 3020.5996250000003 0.021175229246971242 4290.2633750000014 0.901297074151859 2.9451056216732794
decision_type=10 2 2 2 2 2 2 2 2
left_child=1 4 -3 -4 8 -6 -7 -8 -1
right_child=-2 2 3 -5 5 6 7 -9 -10
leaf_value=-0.32982639760233973 1.6777921040477992 2.4662162823843308 1.5074432895137562 -1.8477701964316431 -3.2419065824829709 2.0132166789573374 -2.5317411955801923 0.29758796465807946 1.799783133921169
leaf_weight=131 159 147 149 154 101 103 157 116 105
leaf_count=131 159 147 149 154 101 103 157 116 105
internal_value=0 -0.0298179 0.672414 -0.197847 -0.473022 -1.01265 -0.413835 -1.32954 0.617669
internal_weight=0 1163 450 303 713 477 376 273 236
internal_count=1322 1163 450 303 713 477 376 273 236
is_linear=0
shrinkage=0.05


Tree=748
num_leaves=10
num_cat=0
split_feature=8 11 11 13 15 0 0 13 13
split_gain=165887 163683 164156 152241 124719 222816 185325 148811 179259
threshold=0.80158646113560139 3379.0362500000006 4023.7812500000005 5010.5430877976205 8.3480806413974751 6.6501830738629417 5.8653365336533669 3978.4661979166672 5296.0675505952386
decision_type=2 8 8 10 2 2 2 10 10
left_child=-1 3 -3 -2 5 6 7 -4 -9
right_child=1 2 4 -5 -6 -7 -8 8 -10
leaf_value=-1.580098316554601 -2.2179846142264581 2.2299999376334769 -1.6634266829536868 0.28446476691299016 1.6944730328252682 -2.2454114497742719 1.9949124132172535 1.807110484677648 -0.65466794837786502
leaf_weight=192 139 101 129 108 104 108 118 126 179
leaf_count=192 139 101 129 108 104 108 118 126 179
internal_value=0 0.0114218 0.335582 -1.1238 0.0851423 -0.168449 0.237913 -0.239797 0.362329
internal_weight=0 1112 865 247 764 660 552 434 305
internal_count=1304 1112 865 247 764 660 552 434 305
is_linear=0
shrinkage=0.05


Tree=749
num_leaves=11
num_cat=0
split_feature=10 4 12 2 12 13 8 3 3 3
split_gain=161536 275016 263983 174085 145261 137185 178790 96545.3 131836 99244.9
threshold=6265.0037500000008 5.5000000000000009 3426.6762500000009 230.49461572766299 6005.8556250000011 4006.5344903273813 0.94967288660109206 0.5126760599002298 0.70552214405125491 0.73627690142104962
decision_type=2 2 10 2 10 10 2 2 2 2
left_child=3 -2 -3 5 -4 6 -1 -7 -9 -10
right_child=1 2 4 -5 -6 7 -8 8 9 -11
leaf_value=-2.7110748627185823 1.1176369626552631 -3.8506305031776429 0.43573947548866276 1.8779413452515237 -2.0348525656481922 1.3705562457348566 0.11058358550071717 -1.2159540458739579 1.8161074266705697 -0.37353910906956744
leaf_weight=100 117 100 120 130 118 159 128 154 103 104
leaf_count=100 117 100 120 130 118 159 128 154 103 104
internal_value=0 -0.9717 -1.69493 0.189125 -0.789176 -0.104385 -1.12699 0.343986 -0.10816 0.715995
internal_weight=0 455 338 878 238 748 228 520 361 207
internal_count=1333 455 338 878 238 748 228 520 361 207
is_linear=0
shrinkage=0.05


Tree=750
num_leaves=11
num_cat=0
split_feature=4 8 11 8 11 13 12 13 3 4
split_gain=107993 130966 200564 362058 242597 274317 192381 158191 317908 139588
threshold=2.5000000000000004 0.99815526829469314 2471.5736250000004 0.91172304485420863 4154.0075000000006 4910.2443452380967 3118.5862500000007 5108.068815476191 0.56693514952373192 17.500000000000004
decision_type=2 2 10 2 10 10 10 10 2 2
left_child=-1 2 3 -2 5 -4 -6 -8 -9 -10
right_child=1 -3 4 -5 6 -7 7 8 9 -11
leaf_value=-1.3144133191037026 3.5476587353045481 -1.6290393446255658 0.50769444437860289 -0.44608875017250532 -1.0957807568587223 -2.8918187840708667 2.2432855305310926 2.6049154954602813 0.40352421533958671 -2.1255872374020734
leaf_weight=158 114 103 103 113 159 140 152 101 116 103
leaf_count=158 114 103 103 113 159 140 152 101 116 103
internal_value=0 0.0759069 0.235407 1.55958 -0.108515 -1.45087 0.408431 0.915147 0.284281 -0.785967
internal_weight=0 1204 1101 227 874 243 631 472 320 219
internal_count=1362 1204 1101 227 874 243 631 472 320 219
is_linear=0
shrinkage=0.05


Tree=751
num_leaves=10
num_cat=0
split_feature=4 14 13 0 7 14 15 12 15
split_gain=122699 298186 246413 194953 216214 184476 210537 151759 188249
threshold=14.500000000000002 -1270.5373749999994 4006.5344903273813 5.8026302630263036 0.47510688284350872 -267.67650000000043 5.7280339145025634 3913.7600000000002 4.0297418630751975
decision_type=2 10 10 2 2 10 2 10 2
left_child=1 -1 -2 -4 -5 -3 7 -7 -9
right_child=2 5 3 4 -6 6 -8 8 -10
leaf_value=-2.9869428477504041 2.6087270968168688 1.4370057256732669 1.7251560524829384 -2.0594005016811714 0.6975648465523353 1.3153220004075534 -1.9015247472566577 0.61627366813291029 -2.3187663883265883
leaf_weight=110 103 140 103 157 130 154 199 119 101
leaf_count=110 103 140 103 157 130 154 199 119 101
internal_value=0 -0.563895 0.433565 -0.140901 -0.810601 -0.190073 -0.587614 0.111499 -0.731177
internal_weight=0 823 493 390 287 713 573 374 220
internal_count=1316 823 493 390 287 713 573 374 220
is_linear=0
shrinkage=0.05


Tree=752
num_leaves=11
num_cat=0
split_feature=12 15 13 10 11 13 5 5 14 11
split_gain=99011.8 137465 197378 124143 99118.5 310897 212860 222447 277145 163695
threshold=8026.7225000000008 3.4369617517307289 4042.0245089285722 2316.2806250000003 3484.9258750000004 5124.4507886904767 5.5000000000000009 1.5000000000000002 990.88162500000055 6565.8356250000006
decision_type=10 2 8 2 8 10 2 2 10 8
left_child=1 3 -3 -1 5 -4 7 -6 9 -9
right_child=-2 2 4 -5 6 -7 -8 8 -10 -11
leaf_value=-0.056468718075284779 1.2712138732522726 2.0860349231296116 -1.1694562877463823 -2.4575418987752577 0.50693959932231425 2.7536751433174214 1.6458544474353296 -3.911947485270193 0.10104266873002053 -1.1978109248128592
leaf_weight=102 130 108 101 114 199 101 101 122 150 102
leaf_count=102 130 108 101 114 199 101 101 122 150 102
internal_value=0 -0.181489 0.0692401 -1.3237 -0.179406 0.792109 -0.470572 -0.843625 -1.56224 -2.67605
internal_weight=0 1200 984 216 876 202 674 573 374 224
internal_count=1330 1200 984 216 876 202 674 573 374 224
is_linear=0
shrinkage=0.05


Tree=753
num_leaves=11
num_cat=0
split_feature=15 13 13 0 15 13 13 15 8 14
split_gain=123938 137786 415504 305094 312362 192086 171511 152036 160381 54027.1
threshold=3.4369617517307289 6062.9620312500019 5638.7290669642871 4.5459684857374638 6.1298588192152561 4801.5656473214303 4892.0073958333332 6.3535242413130213 0.84843985197199534 426.55725000000035
decision_type=2 10 10 2 2 8 8 2 2 8
left_child=9 2 3 -2 6 -6 -5 -3 -9 -1
right_child=1 7 -4 4 5 -7 -8 8 -10 -11
leaf_value=-1.8563931984059954 2.7883705065689153 2.1636482253311629 -2.8753671874093194 -0.12349465489387512 -0.36663908235954518 2.33076350255446 -3.0036083076323306 1.6528093872701419 -1.0095226406845756 -0.35449542142193896
leaf_weight=102 108 166 117 100 132 132 107 102 127 145
leaf_count=102 108 166 117 100 132 132 107 102 127 145
internal_value=0 0.265626 -0.15768 0.39149 -0.158113 0.982062 -1.61225 1.0115 0.17632 -0.974712
internal_weight=0 1091 696 579 471 264 207 395 229 247
internal_count=1338 1091 696 579 471 264 207 395 229 247
is_linear=0
shrinkage=0.05


Tree=754
num_leaves=9
num_cat=0
split_feature=7 11 4 7 11 14 10 11
split_gain=186494 203655 186896 185659 162944 176916 187464 239112
threshold=0.31715296652162867 3379.0362500000006 16.500000000000004 0.04976369321360443 9360.8856250000026 611.9962499999998 5700.7292500000012 4172.1611250000014
decision_type=2 8 2 2 8 10 2 10
left_child=1 -1 3 -3 5 6 -2 -8
right_child=4 2 -4 -5 -6 -7 7 -9
leaf_value=-1.182360188492009 0.59495968552109624 0.6464763797186559 -0.23611453316428443 3.1434071021038914 -2.3880374309420587 1.1545229262643797 -3.1329547804455427 -0.22753702254052374
leaf_weight=122 161 153 165 145 105 163 129 157
leaf_count=122 161 153 165 145 105 163 129 157
internal_value=0 0.635039 1.11392 1.86143 -0.568731 -0.255572 -0.769767 -1.53802
internal_weight=0 585 463 298 715 610 447 286
internal_count=1300 585 463 298 715 610 447 286
is_linear=0
shrinkage=0.05


Tree=755
num_leaves=11
num_cat=0
split_feature=14 3 1 10 11 11 13 15 13 10
split_gain=211562 157550 163205 136500 289430 250849 207536 241964 149714 103996
threshold=-744.34987500000034 0.72460295650958118 21.354369716726811 4025.8915000000006 5711.8702500000009 9360.8856250000026 5050.7033965773817 7.7536253625362539 4594.8602090773811 6069.7908750000015
decision_type=8 2 2 2 8 8 10 2 10 2
left_child=-1 3 -3 4 -2 6 8 9 -5 -8
right_child=1 2 -4 5 -6 -7 7 -9 -10 -11
leaf_value=2.3466872182623906 -0.17220885499503263 0.35386145747544473 -2.19436075764043 0.33120410936634714 3.3822392891911628 -2.2862070884190353 -0.86684517115354542 2.8397654102398802 -2.2737596085667611 1.0931375835581045
leaf_weight=110 129 114 140 123 103 102 122 130 100 152
leaf_count=110 129 114 140 123 103 102 122 130 100 152
internal_value=0 0.0568113 -1.05067 0.349528 1.40584 0.0133612 0.387454 1.0633 -0.836941 0.220445
internal_weight=0 1215 254 961 232 729 627 404 223 274
internal_count=1325 1215 254 961 232 729 627 404 223 274
is_linear=0
shrinkage=0.05


Tree=756
num_leaves=9
num_cat=0
split_feature=13 7 0 5 10 10 11 13
split_gain=83828.6 149702 147360 136377 155273 143850 404174 214779
threshold=6965.8672224702395 0.50674059605289978 6.9813731373137324 1.0000000180025095e-35 6069.7908750000015 4180.3218750000005 5905.0932500000008 5746.8981250000006
decision_type=10 2 2 2 2 2 8 8
left_child=1 3 -3 -1 5 7 -7 -5
right_child=-2 2 -4 4 -6 6 -8 -9
leaf_value=-1.8675844143290039 -1.0510547981262206 1.932514822261689 -0.36272809156426439 -0.89550731374045567 1.2760341191083515 0.69755591180013576 -3.5517328971022866 1.690284083043637
leaf_weight=109 175 189 111 177 186 115 109 147
leaf_count=109 175 189 111 177 186 115 109 147
internal_value=0 0.124064 1.08327 -0.217292 0.0277784 -0.3959 -1.37018 0.277676
internal_weight=0 1143 300 843 734 548 224 324
internal_count=1318 1143 300 843 734 548 224 324
is_linear=0
shrinkage=0.05


Tree=757
num_leaves=10
num_cat=1
split_feature=16 11 0 13 0 10 4 9 4
split_gain=128376 126376 270676 113123 213932 267036 309339 274446 247414
threshold=1.3020232578813451 6998.8377500000006 6.0072146103499247 7384.4301934523819 6.7675295307308518 4518.1601250000012 12.500000000000002 0 10.500000000000002
decision_type=2 8 2 10 2 2 2 9 2
left_child=3 2 -2 4 5 7 -7 8 -1
right_child=1 -3 -4 -5 -6 6 -8 -9 -10
leaf_value=3.6094502079181185 -2.089364665383878 -2.3578365807160648 1.2173238223613199 -1.4191210763454438 1.8684231188490585 -2.3624333978928242 0.9471639186412365 -0.61580266636337733 0.23147493547732287
leaf_weight=117 115 108 134 100 185 194 111 187 101
leaf_count=117 115 108 134 100 185 194 111 187 101
internal_value=0 -0.929417 -0.309862 0.17582 0.354026 -0.0405709 -1.15796 0.800917 1.95476
internal_weight=0 357 249 995 895 710 305 405 218
internal_count=1352 357 249 995 895 710 305 405 218
cat_boundaries=0 1
cat_threshold=3
is_linear=0
shrinkage=0.05


Tree=758
num_leaves=11
num_cat=1
split_feature=10 10 13 13 16 11 9 3 3 13
split_gain=77089.8 107826 256886 234966 143606 104492 143066 254768 138162 105080
threshold=5410.621000000001 7263.7992500000009 4771.129851190477 6640.0596130952381 0.94299985554110932 4023.7812500000005 0 0.71975820053914819 0.51554306840966724 4887.6527455357145
decision_type=2 2 8 10 2 8 9 2 2 10
left_child=5 2 -2 -3 -4 9 7 8 -7 -1
right_child=1 3 4 -5 -6 6 -8 -9 -10 -11
leaf_value=1.962713066732215 -3.5598469343185428 0.99551452949393393 -1.7452510315228285 -1.966161662061638 0.69108972479315378 0.42574797126508895 -1.5626924586352162 2.1597120693712326 -2.1711035429835319 -0.25320159118866253
leaf_weight=107 100 179 123 107 119 105 176 108 100 107
leaf_count=107 100 179 123 107 119 105 176 108 100 107
internal_value=0 -0.82897 -1.4281 -0.112525 -0.547216 -0.0667155 -0.469977 0.188366 -0.841009 0.854756
internal_weight=0 628 342 286 242 703 489 313 205 214
internal_count=1331 628 342 286 242 703 489 313 205 214
cat_boundaries=0 1
cat_threshold=67
is_linear=0
shrinkage=0.05


Tree=759
num_leaves=11
num_cat=0
split_feature=16 13 14 15 16 16 3 1 12 7
split_gain=79260 134962 215973 327449 213014 169451 252760 207187 164983 102488
threshold=0.11309742085319653 6438.9044062500006 964.03387500000019 6.4596154059850441 0.35645508995344005 1.5689207809669858 0.69713687402262681 28.751482039757331 6159.1568750000015 0.40930586836933308
decision_type=2 10 10 2 2 2 2 2 8 2
left_child=-1 4 3 -3 -2 6 8 -8 -6 -10
right_child=1 2 -4 -5 5 -7 7 -9 9 -11
leaf_value=-1.3023035182207823 2.3474629526871902 0.40484420234248752 1.2009886649847032 -3.4734120544079135 1.7287555225238116 1.5837445292758143 -0.14443430754087738 -3.2133678945522868 0.69062224873551381 -1.4938513065217054
leaf_weight=100 130 105 100 113 167 164 118 103 111 104
leaf_count=100 130 105 100 113 167 164 118 103 111 104
internal_value=0 0.162137 -0.722918 -1.60544 0.475903 0.158689 -0.228888 -1.57475 0.54974 -0.366053
internal_weight=0 1215 318 218 897 767 603 221 382 215
internal_count=1315 1215 318 218 897 767 603 221 382 215
is_linear=0
shrinkage=0.05


Tree=760
num_leaves=10
num_cat=0
split_feature=14 3 14 4 0 12 10 12 15
split_gain=156005 200196 157959 148904 148802 265599 372977 146959 91719.4
threshold=-429.63075000000021 0.65169855779463914 -30.408374999999975 2.5000000000000004 6.8206945694569479 4023.7812500000005 5557.6150000000007 2096.5808750000006 4.3864455890033458
decision_type=10 2 10 2 2 10 2 10 2
left_child=1 -1 -2 -4 5 7 8 -5 -7
right_child=2 -3 3 4 -6 6 -8 -9 -10
leaf_value=0.13120450693985514 1.4653302669271944 -2.3810852019446238 -1.9910258543268544 0.54254837540479806 -1.2174430375988472 1.239699714363746 3.8266704838252767 -1.9706138654188678 -0.80348029220313366
leaf_weight=145 160 175 107 104 187 106 103 132 114
leaf_count=145 160 175 107 104 187 106 103 132 114
internal_value=0 -1.2427 0.0237055 -0.246705 0.0034861 0.411919 1.34352 -0.863119 0.180961
internal_weight=0 320 1013 853 746 559 323 236 220
internal_count=1333 320 1013 853 746 559 323 236 220
is_linear=0
shrinkage=0.05


Tree=761
num_leaves=9
num_cat=0
split_feature=15 4 4 15 13 12 0 10
split_gain=132930 144079 97436.6 209095 200023 260403 109969 137904
threshold=7.8566009378715664 16.500000000000004 12.500000000000002 5.4834261203898178 6006.3600818452387 5798.3507500000005 3.8842912068984683 5326.8267500000011
decision_type=2 2 2 2 8 10 2 2
left_child=2 -2 3 6 5 -4 -1 -8
right_child=1 -3 4 -5 -6 -7 7 -9
leaf_value=-0.77860882132847042 -0.11657837389445887 -2.5569315307030158 1.1403583088341882 -1.7860584492174287 1.7640744347901394 -2.3116400217065718 1.5931969805670683 -0.67329436251095365
leaf_weight=187 123 119 119 192 192 101 186 105
leaf_count=187 123 119 119 192 192 101 186 105
internal_value=0 -1.31659 -0.0202912 -0.392365 0.58478 -0.444423 0.167445 0.775391
internal_weight=0 242 1082 670 412 220 478 291
internal_count=1324 242 1082 670 412 220 478 291
is_linear=0
shrinkage=0.05


Tree=762
num_leaves=10
num_cat=0
split_feature=3 3 14 3 12 14 0 12 8
split_gain=104863 171830 170021 149882 197637 222253 112951 236629 63792.8
threshold=0.70552214405125491 0.7227479532947777 265.89874999999989 0.55527296729161024 6055.8247500000007 394.08750000000049 4.8999497171939428 3913.7600000000002 0.94043087664549441
decision_type=2 2 8 2 10 10 2 10 2
left_child=3 -2 -3 6 5 -5 8 -8 -1
right_child=1 2 -4 4 -6 -7 7 -9 -10
leaf_value=0.097379931160863853 1.6730847484860683 1.1206102881549804 -1.2898704455188803 -1.7331572579232273 -2.878816339648687 1.2294851120185415 2.6542617988586428 -0.59747286537500821 -1.6372945778774768
leaf_weight=106 163 121 185 151 130 109 100 127 106
leaf_count=106 163 121 185 151 130 109 100 127 106
internal_value=0 0.361792 -0.336706 -0.573731 -1.28702 -0.491126 0.0599457 0.835009 -0.769957
internal_weight=0 469 306 829 390 260 439 227 212
internal_count=1298 469 306 829 390 260 439 227 212
is_linear=0
shrinkage=0.05


Tree=763
num_leaves=11
num_cat=1
split_feature=14 3 9 5 13 12 12 5 13 3
split_gain=187955 224310 93071.8 229033 135446 129536 282901 286067 108020 92643.6
threshold=-898.29912499999989 0.69613980361678729 0 3.5000000000000004 6062.9620312500019 7213.3506250000009 5088.5527500000007 3.5000000000000004 6965.8672224702395 0.5904064878864802
decision_type=10 2 9 2 10 8 10 2 10 2
left_child=1 -1 3 -2 5 6 7 -4 9 -6
right_child=2 -3 4 -5 8 -7 -8 -9 -10 -11
leaf_value=3.0232566030226025 -0.77537792173642961 -0.1994161402960436 -3.3449041760295906 2.3470569659363139 0.0038806389464010106 -2.0493506494299165 1.3587269245944125 0.17975412023360615 -0.7690245676898595 2.1507967584729193
leaf_weight=107 126 109 109 110 101 177 141 122 132 100
leaf_count=107 126 109 109 110 101 177 141 122 132 100
internal_value=0 1.397 -0.214115 0.652352 -0.448272 -0.935918 -0.40614 -1.4834 0.342223 1.072
internal_weight=0 216 1118 236 882 549 372 231 333 201
internal_count=1334 216 1118 236 882 549 372 231 333 201
cat_boundaries=0 1
cat_threshold=128
is_linear=0
shrinkage=0.05


Tree=764
num_leaves=11
num_cat=0
split_feature=14 0 4 14 14 6 16 0 16 14
split_gain=140168 124352 97621.6 164475 144148 208299 160999 122493 113903 76735.5
threshold=801.179125 6.4182682157104614 18.500000000000004 -260.57837499999999 448.07687500000026 1.0000000180025095e-35 1.0706709559844871 5.4898323165649909 0.49413969174695255 1222.6207499999989
decision_type=10 2 2 8 10 2 2 2 2 10
left_child=2 9 3 7 5 6 8 -1 -5 -2
right_child=1 -3 -4 4 -6 -7 -8 -9 -10 -11
leaf_value=0.3787612090110779 -1.2595362135884809 -2.3359695231606223 -0.86815963254618544 -0.25056022896486174 1.2229714441059651 -2.2263146621424976 -1.366818877685446 2.823925125485375 2.0353865833363982 0.6752205000485032
leaf_weight=100 102 116 185 102 174 123 111 105 117 103
leaf_count=100 102 116 185 102 174 123 111 105 117 103
internal_value=0 -1.02772 0.170703 0.4017 -0.000276684 -0.470134 0.184443 1.63116 0.970699 -0.287439
internal_weight=0 321 1017 832 627 453 330 205 219 205
internal_count=1338 321 1017 832 627 453 330 205 219 205
is_linear=0
shrinkage=0.05


Tree=765
num_leaves=10
num_cat=0
split_feature=16 3 13 4 0 4 5 13 5
split_gain=119886 126186 126069 159927 160618 316832 481086 269258 145985
threshold=1.7941460812747951 0.46741392184506253 7384.4301934523819 15.500000000000002 4.5241954751030669 3.5000000000000004 4.5000000000000009 5400.4191666666675 3.5000000000000004
decision_type=2 2 8 2 2 2 2 10 2
left_child=1 -1 3 4 -3 -6 7 -7 -5
right_child=-2 2 -4 8 5 6 -8 -9 -10
leaf_value=1.652478894277623 -1.5068473267021465 0.92896209095769755 -1.2656781225141727 0.14070686180533076 1.481576155015716 -2.167540366858244 -4.4965658431264144 1.4251057206729958 2.4171718937735402
leaf_weight=114 134 182 190 163 108 100 101 109 124
leaf_count=114 134 182 190 163 108 100 101 109 124
internal_value=0 0.0705953 -0.0968465 0.153523 -0.310816 -0.850623 -1.66313 -0.293864 1.12427
internal_weight=0 1191 1077 887 600 418 310 209 287
internal_count=1325 1191 1077 887 600 418 310 209 287
is_linear=0
shrinkage=0.05


Tree=766
num_leaves=9
num_cat=0
split_feature=13 10 15 4 5 15 0 16
split_gain=162922 129088 201623 195956 179974 165708 285113 254745
threshold=6965.8672224702395 7130.8721250000008 6.9408899223255673 16.500000000000004 1.5000000000000002 5.1708462512917972 4.5459684857374638 0.68824104632685501
decision_type=10 2 2 2 2 2 2 2
left_child=1 2 4 -3 -1 6 7 -6
right_child=-2 3 -4 -5 5 -7 -8 -9
leaf_value=1.4249389064949796 -1.6044576656117417 2.3907900330674559 -1.8173421167623922 -0.50078539529086075 1.7383120654090758 1.0359044407804807 -2.6353960469773372 -1.543749596000509
leaf_weight=198 169 131 161 106 124 156 146 113
leaf_count=198 169 131 161 106 124 156 146 113
internal_value=0 0.0595562 -0.214381 1.09751 0.135791 -0.337773 -0.897287 0.173447
internal_weight=0 1135 898 237 737 539 383 237
internal_count=1304 1135 898 237 737 539 383 237
is_linear=0
shrinkage=0.05


Tree=767
num_leaves=10
num_cat=0
split_feature=11 0 16 16 11 11 4 8 13
split_gain=72898.9 205957 106548 138342 64274.2 168131 104094 224056 104988
threshold=7670.1621250000007 5.5221105443877727 0.19766143280994755 0.42280894756142257 4092.9800000000005 3048.3912500000001 16.500000000000004 0.9779244321237387 5824.5070833333348
decision_type=8 2 2 2 10 10 2 2 10
left_child=2 -2 -1 -4 5 -5 7 8 -6
right_child=1 -3 3 4 6 -7 -8 -9 -10
leaf_value=1.2511293027405592 -0.48315730111443261 1.8868560214837391 -1.8061821470968427 -0.532682763725702 -1.9913796437307469 1.8629508048071899 -1.6427861260204779 2.0228004201836884 0.25538918205669953
leaf_weight=129 178 189 128 163 103 133 123 100 105
leaf_count=129 178 189 128 163 103 133 123 100 105
internal_value=0 0.737367 -0.0883428 -0.290439 -0.0235677 0.543734 -0.413176 0.0778695 -0.857193
internal_weight=0 367 984 855 727 296 431 308 208
internal_count=1351 367 984 855 727 296 431 308 208
is_linear=0
shrinkage=0.05


Tree=768
num_leaves=11
num_cat=0
split_feature=15 3 0 14 14 11 14 16 3 3
split_gain=241742 131112 127352 370039 226650 72469.3 98878.7 99031.4 59689.4 53626.4
threshold=7.991185229634076 0.74689427406478137 6.0453239768421296 -30.408374999999975 -449.02100000000013 4092.9800000000005 448.07687500000026 0.814117522863398 0.70479840528742888 0.58752844152932371
decision_type=2 2 2 10 10 10 10 2 2 2
left_child=1 2 4 -4 -1 -6 -7 -8 -2 -5
right_child=8 -3 3 9 5 6 7 -9 -10 -11
leaf_value=-2.0993067873230107 2.677869378089905 1.6139744329337891 3.0009882945106146 -1.4740245272617529 0.78415476151977681 -1.6634316850931219 1.2258826644353147 -0.94580074771522327 0.95458875646685615 0.15939037571847439
leaf_weight=190 100 104 105 101 166 117 106 104 101 100
leaf_count=190 100 104 105 101 166 117 106 104 101 100
internal_value=0 -0.0747668 -0.252349 0.595315 -0.632123 -0.0666765 -0.498597 0.150382 1.81194 -0.66138
internal_weight=0 1093 989 306 683 493 327 210 201 201
internal_count=1294 1093 989 306 683 493 327 210 201 201
is_linear=0
shrinkage=0.05


Tree=769
num_leaves=10
num_cat=0
split_feature=3 16 3 13 14 3 13 12 7
split_gain=83785.5 154772 155310 171435 176143 158826 90327.4 172486 122952
threshold=0.74689427406478137 1.8809867097820903 0.69613980361678729 5094.1165543154775 296.75737499999997 0.62929730396764583 5912.631443452382 4726.2925000000005 0.46079028404426081
decision_type=2 2 2 10 10 2 8 10 2
left_child=1 2 5 -4 -5 6 7 -1 -8
right_child=-2 -3 3 4 -6 -7 8 -9 -10
leaf_value=-0.69081782892437804 1.4598639885921068 1.7818188680184854 -2.2877993204763958 1.4343766749203206 -1.4234715897940164 1.8428815976716579 0.41186784480232747 1.5888899537585897 -1.6701092683856595
leaf_weight=163 107 111 154 100 117 128 128 169 159
leaf_count=163 107 111 154 100 117 128 128 169 159
internal_value=0 0.00108376 -0.175716 -1.01194 -0.106491 0.239598 -0.0919373 0.469636 -0.741562
internal_weight=0 1229 1118 371 217 747 619 332 287
internal_count=1336 1229 1118 371 217 747 619 332 287
is_linear=0
shrinkage=0.05


Tree=770
num_leaves=10
num_cat=0
split_feature=12 3 14 14 14 15 0 16 3
split_gain=205878 158167 188368 156308 185580 140703 195953 77769.8 99548.2
threshold=7367.3225000000011 0.7112217373707711 -1270.5373749999994 265.89874999999989 1314.2828749999996 6.1298588192152561 7.3213265771021563 0.45831110888866627 0.51117759218219583
decision_type=10 2 10 8 8 2 2 2 2
left_child=1 2 -1 -3 -5 7 -7 -4 -9
right_child=-2 3 5 4 -6 6 -8 8 -10
leaf_value=-1.7679716711044311 1.6990194606167428 0.21418010606368384 -1.1702265347133982 -3.3092118017308345 -0.36233489617560677 2.5915735293492195 -0.19805965569784056 1.4788710311055184 -0.45903471088087233
leaf_weight=100 170 150 110 111 103 155 106 120 148
leaf_count=100 170 150 110 111 103 155 106 120 148
internal_value=0 -0.170273 0.249939 -1.0234 -1.89086 0.565731 1.45862 -0.0507871 0.408684
internal_weight=0 1103 739 364 214 639 261 378 268
internal_count=1273 1103 739 364 214 639 261 378 268
is_linear=0
shrinkage=0.05


Tree=771
num_leaves=11
num_cat=0
split_feature=15 10 10 16 12 7 12 4 12 12
split_gain=209656 120649 224301 108888 201815 182255 425824 117002 100038 60336
threshold=3.7559269815870482 4221.4631250000011 3324.9048750000006 1.0831374804147087 3379.0362500000006 0.27822997175252467 3379.0362500000006 14.500000000000002 4913.8135000000011 6159.1568750000015
decision_type=2 2 2 2 10 2 10 2 10 10
left_child=8 2 -2 5 -5 -3 -7 -8 -1 -6
right_child=1 3 -4 4 9 6 7 -9 -10 -11
leaf_value=-1.8359026222787005 -0.19235457518313193 1.1644035414991707 3.1482324707806111 2.6154040131366481 -0.88448908345566868 -3.0560211994581756 -0.64066892397112962 1.6202591036733622 0.046519514113928365 0.81123783027424534
leaf_weight=188 101 145 100 106 108 144 123 107 113 102
leaf_count=188 101 145 100 106 108 144 123 107 113 102
internal_value=0 0.369871 1.46963 0.105139 0.836881 -0.340391 -0.923801 0.411154 -1.12921 -0.0608503
internal_weight=0 1036 201 835 316 519 374 230 301 210
internal_count=1337 1036 201 835 316 519 374 230 301 210
is_linear=0
shrinkage=0.05


Tree=772
num_leaves=9
num_cat=0
split_feature=4 13 11 16 7 16 7 12
split_gain=106633 237135 157121 123173 91031.2 153429 154283 159067
threshold=15.500000000000002 6614.0354598214299 1901.4648750000003 1.3856316187174282 0.57111962327622912 1.3687354846595781 0.081008405495497746 3107.7450000000003
decision_type=2 8 10 2 2 2 2 10
left_child=2 3 -1 -2 5 6 -4 -8
right_child=1 -3 4 -5 -6 -7 7 -9
leaf_value=-1.9987898613383743 0.30369194214758666 2.0229652405612999 0.87054863957462791 -1.8694127626348251 -1.4303252741910411 1.6252676921671836 -2.5697442667844062 -0.20734705497421813
leaf_weight=162 184 144 157 101 138 116 111 199
leaf_count=162 184 144 157 101 138 116 111 199
internal_value=0 0.369174 -0.591716 -0.466426 -0.275564 -0.00222382 -0.406483 -1.05324
internal_weight=0 429 883 285 721 583 467 310
internal_count=1312 429 883 285 721 583 467 310
is_linear=0
shrinkage=0.05


Tree=773
num_leaves=10
num_cat=0
split_feature=13 8 10 11 4 11 13 8 12
split_gain=113395 175472 204171 179656 172435 250630 237822 206795 100634
threshold=5104.3257462797619 0.82702876702490424 4849.3181250000007 5630.4787500000011 5.5000000000000009 3722.4837500000003 4706.3317857142865 0.89072219910788641 6025.4506250000004
decision_type=10 2 2 10 2 10 10 2 10
left_child=4 -2 -3 -4 -1 7 -7 -6 -5
right_child=1 2 3 8 5 6 -8 -9 -10
leaf_value=2.1430763239632111 1.3787226745589027 0.86345065333658744 0.042729067138046223 -1.1593631883950106 0.99284906226855052 -0.11100221671680413 3.3287993152141575 -1.8711017841100692 -3.3415921165347102
leaf_weight=167 145 168 157 112 104 101 100 160 100
leaf_count=167 145 168 157 112 104 101 100 160 100
internal_value=0 -0.164699 -0.581452 -1.23929 0.764941 0.269997 1.60034 -0.742879 -2.18872
internal_weight=0 682 537 369 632 465 201 264 212
internal_count=1314 682 537 369 632 465 201 264 212
is_linear=0
shrinkage=0.05


Tree=774
num_leaves=11
num_cat=0
split_feature=13 16 13 10 16 13 13 12 0 15
split_gain=186999 173214 105714 99392.6 128463 109363 128751 86456.8 159398 94291.9
threshold=3808.4850163690476 0.68824104632685501 7384.4301934523819 8084.7896250000003 1.7769207476303186 4370.9482217261912 5039.3636532738101 3719.3775000000005 5.8653365336533669 4.1582449911657848
decision_type=10 2 10 2 2 10 10 10 2 2
left_child=1 -1 3 4 5 -2 -7 -8 9 -9
right_child=2 -3 -4 -5 -6 6 7 8 -10 -11
leaf_value=0.040122490837460473 1.8391491844103887 -2.7516390717635719 -1.3184543326631324 1.5489736064732504 -1.5490471817914724 -0.97449232604768543 -0.42337840435405572 1.3828767690211536 2.6440993805726372 -0.69996206269544725
leaf_weight=105 104 118 111 139 103 198 156 100 102 119
leaf_count=105 104 118 111 139 103 198 156 100 102 119
internal_value=0 -1.43713 0.146972 0.306289 0.110446 0.329866 0.0973242 0.542229 1.0115 0.251106
internal_weight=0 223 1132 1021 882 779 675 477 321 219
internal_count=1355 223 1132 1021 882 779 675 477 321 219
is_linear=0
shrinkage=0.05


Tree=775
num_leaves=11
num_cat=0
split_feature=10 15 0 13 3 12 15 12 8 13
split_gain=82680.1 174620 153469 199636 158633 187808 182641 126724 137850 111487
threshold=2013.4711250000003 3.4832788834439006 4.4461223900167797 3744.8374322916675 0.68954511121281437 6553.411000000001 7.8566009378715664 7213.3506250000009 0.85558290960068029 5181.2097916666671
decision_type=2 2 2 10 2 8 2 8 2 10
left_child=-1 -2 -3 -4 7 6 -6 8 -5 -10
right_child=1 2 3 4 5 -7 -8 -9 9 -11
leaf_value=1.2109875077293033 -1.8313469198015 1.6593453566233318 -2.2518117992156141 -1.4194131506912744 1.0973339918394422 2.6342731675188436 -1.5897974646985533 -2.0901126726909918 -0.646210964754516 1.5583657577114878
leaf_weight=105 153 120 109 134 172 101 100 108 102 131
leaf_count=105 153 120 109 134 172 101 100 108 102 131
internal_value=0 -0.250732 -0.0261875 -0.23754 0.0213705 0.793092 0.109418 -0.584634 -0.141605 0.593272
internal_weight=0 1230 1077 957 848 373 272 475 367 233
internal_count=1335 1230 1077 957 848 373 272 475 367 233
is_linear=0
shrinkage=0.05


Tree=776
num_leaves=9
num_cat=0
split_feature=4 12 12 14 11 11 12 0
split_gain=99481.4 170931 97680.6 151126 101052 112356 154410 97473.1
threshold=18.500000000000004 5863.6727500000006 7920.0148750000008 -429.63075000000021 3462.0656250000006 5085.1936250000008 4425.3225000000011 5.362036203620363
decision_type=2 8 8 10 10 10 10 2
left_child=2 -2 4 -4 7 -6 -7 -1
right_child=1 -3 3 -5 5 6 -8 -9
leaf_value=-0.22008851933479312 0.77018828878898438 -1.8268595892892165 -0.17992235371764279 2.0922510058149566 -1.4186927506532621 1.1113963044531967 -0.91297740822011331 1.9875472642183305
leaf_weight=100 101 170 142 151 189 184 193 100
leaf_count=100 101 170 142 151 189 184 193 100
internal_value=0 -0.858956 0.214623 0.991061 -0.0823692 -0.423747 0.0750458 0.883729
internal_weight=0 271 1059 293 766 566 377 200
internal_count=1330 271 1059 293 766 566 377 200
is_linear=0
shrinkage=0.05


Tree=777
num_leaves=10
num_cat=0
split_feature=3 5 11 14 3 11 0 0 11
split_gain=185824 111414 123169 215211 202830 348324 170508 220662 245199
threshold=0.4634887239058364 1.0000000180025095e-35 2584.7607500000008 401.67312500000031 0.71975820053914819 4875.6825000000008 4.7720647064706485 5.5221105443877727 6096.9351250000009
decision_type=2 2 8 8 2 10 2 2 10
left_child=-1 -2 -3 4 5 -4 -5 -8 -9
right_child=1 2 3 6 -6 -7 7 8 -10
leaf_value=2.2350998586947379 -1.1842012897659753 1.6822470715375453 -3.42077830279315 2.0325559354891443 1.0537951827049257 0.032805432838463933 -1.8409271084324079 2.8065727855265141 -0.27233705072780773
leaf_weight=101 170 123 135 157 100 159 108 100 183
leaf_count=101 170 123 135 157 100 159 108 100 183
internal_value=0 0.00445622 0.194195 -0.000104816 -0.891395 -1.55302 0.640713 0.0818401 0.815617
internal_weight=0 1235 1065 942 394 294 548 391 283
internal_count=1336 1235 1065 942 394 294 548 391 283
is_linear=0
shrinkage=0.05


Tree=778
num_leaves=10
num_cat=0
split_feature=7 4 3 14 14 13 0 16 14
split_gain=103001 328849 107457 405289 265844 201037 175991 197519 119685
threshold=0.56222009265034878 9.5000000000000018 0.69878488308568654 -744.34987500000034 801.179125 5560.4712291666674 6.6501830738629417 0.87928237268171239 611.9962499999998
decision_type=2 2 2 10 8 10 2 2 10
left_child=2 -2 3 -1 5 -4 7 8 -5
right_child=1 -3 4 6 -6 -7 -8 -9 -10
leaf_value=3.1137905457440547 -0.95705340761657165 2.9180284279155209 1.0743791980087443 -1.6558162187853604 -2.5685402532075567 -1.4411276986999235 -1.9510287181129606 1.5537865725890647 0.59908388261452761
leaf_weight=102 109 110 189 141 143 137 127 159 101
leaf_count=102 109 110 189 141 143 137 127 159 101
internal_value=0 0.989335 -0.198146 0.228437 -0.771169 0.017249 -0.328961 0.184762 -0.714722
internal_weight=0 219 1099 630 469 326 528 401 242
internal_count=1318 219 1099 630 469 326 528 401 242
is_linear=0
shrinkage=0.05


Tree=779
num_leaves=10
num_cat=0
split_feature=12 15 10 13 13 10 13 12 12
split_gain=122740 358676 165410 125044 92705.8 203884 150487 99107.7 138121
threshold=2584.7607500000008 6.5728433954506569 2919.6167500000006 3506.1352425595242 5108.068815476191 4849.3181250000007 6019.169925595239 6590.9387500000003 4564.6135000000004
decision_type=10 2 2 10 10 2 10 10 10
left_child=1 3 -2 -1 5 -4 -6 8 -8
right_child=2 -3 4 -5 6 -7 7 -9 -10
leaf_value=0.73990920878004762 1.5188473590702383 3.1937966450074011 -1.5127911022415867 -1.2635142295073112 -2.0619361482295893 1.2883857118571465 0.15700904548603253 0.98797392119275473 -2.273175176218444
leaf_weight=174 106 107 108 141 197 163 137 101 102
leaf_count=174 106 107 108 141 197 163 137 101 102
internal_value=0 0.692713 -0.338235 -0.156861 -0.581862 0.17205 -0.962327 -0.325201 -0.880141
internal_weight=0 422 914 315 808 271 537 340 239
internal_count=1336 422 914 315 808 271 537 340 239
is_linear=0
shrinkage=0.05


Tree=780
num_leaves=11
num_cat=0
split_feature=16 15 3 14 10 10 0 12 7 4
split_gain=122795 126219 80041.3 94895.3 178650 294772 176408 290042 123656 74188.5
threshold=1.7769207476303186 8.2776861019435284 0.46741392184506253 292.0562500000006 6364.8971250000004 4953.7521250000009 4.1190827416074951 7556.3323750000009 0.47285874389596799 12.500000000000002
decision_type=2 2 2 8 2 2 2 8 2 2
left_child=1 2 -1 4 5 -4 -5 8 9 -8
right_child=-2 -3 3 6 -6 -7 7 -9 -10 -11
leaf_value=1.0250751727450209 -1.7175118720437599 1.618160125285387 -0.28840282256590494 0.92593578221434258 -1.3066460214555264 3.0530969474829881 -2.0607841298847536 -3.2086140780520616 0.91756415474522235 -0.19431167738778252
leaf_weight=113 127 100 187 118 136 102 108 133 111 105
leaf_count=113 127 100 187 118 136 102 108 133 111 105
internal_value=0 -0.0834071 -0.236288 -0.378822 0.187719 0.89095 -0.797571 -1.24259 -0.435549 -1.14069
internal_weight=0 1213 1113 1000 425 289 575 457 324 213
internal_count=1340 1213 1113 1000 425 289 575 457 324 213
is_linear=0
shrinkage=0.05


Tree=781
num_leaves=10
num_cat=0
split_feature=12 7 10 0 12 10 7 0 7
split_gain=191238 219376 161510 213798 122181 256011 532356 120940 90949.8
threshold=5432.0000000000009 -0.092312900288412589 7014.482750000001 4.254308764209755 7070.5512500000013 2898.5950000000007 0.30771799597985372 6.1002100210021011 0.30771799597985372
decision_type=8 2 2 2 10 2 2 2 2
left_child=2 -2 3 -1 5 -3 -7 8 -5
right_child=1 4 -4 7 -6 6 -8 -9 -10
leaf_value=-2.2302988650752051 -1.3036725149763857 -0.58568501420188379 -2.0959083973976873 0.0080480130002050128 -0.14642076710095772 5.0687118601340515 0.57983463521820411 -0.84541637184113039 2.0685682385375626
leaf_weight=102 136 114 155 101 182 104 181 127 114
leaf_count=102 136 114 155 101 182 104 181 127 114
internal_value=0 0.504017 -0.706335 -0.221236 0.927159 1.41686 2.21788 0.377958 1.1006
internal_weight=0 717 599 444 581 399 285 342 215
internal_count=1316 717 599 444 581 399 285 342 215
is_linear=0
shrinkage=0.05


Tree=782
num_leaves=11
num_cat=0
split_feature=7 14 0 7 7 11 10 12 12 11
split_gain=100589 155521 123954 109396 116287 119850 119998 140067 109305 82589.7
threshold=-0.092312900288412589 -898.29912499999989 4.3845162294007194 0.54505056646173411 0.081008405495497746 5779.5482500000007 4816.6130000000003 4309.4613750000008 5432.0000000000009 5952.9287500000009
decision_type=2 10 2 2 2 10 2 8 10 10
left_child=2 -2 -1 4 -3 6 -6 -8 -7 -5
right_child=1 3 -4 9 5 8 7 -9 -10 -11
leaf_value=0.40401220917701725 1.6375166705327158 1.0666347828507423 -2.0614497694831626 0.17299102818036116 -1.2484747762783714 -2.4662395943701267 -0.41302142305526601 2.125535675227642 -0.27366419015107335 2.1060485697323736
leaf_weight=100 195 140 104 122 115 120 119 100 108 101
leaf_count=100 195 140 104 122 115 120 119 100 108 101
internal_value=0 0.354273 -0.85289 0.0837509 -0.222715 -0.543906 0.0593695 0.746137 -1.42765 1.0485
internal_weight=0 1120 204 925 702 562 334 219 228 223
internal_count=1324 1120 204 925 702 562 334 219 228 223
is_linear=0
shrinkage=0.05


Tree=783
num_leaves=11
num_cat=0
split_feature=1 10 1 5 11 11 11 5 8 10
split_gain=172364 150516 259593 198299 198026 256596 158909 165582 154544 115832
threshold=60.852673366844947 3743.7526250000005 20.206171099141145 5.5000000000000009 6654.7398750000011 2945.4400000000005 4384.8025000000007 1.5000000000000002 0.96485900709848016 6295.386625000001
decision_type=2 2 2 2 10 10 10 2 2 2
left_child=1 2 8 4 5 -3 -7 -8 -1 -6
right_child=-2 3 -4 -5 9 6 7 -9 -10 -11
leaf_value=1.0310038634916632 -2.0804535782573246 -0.83765153723604535 -2.8968898203477118 2.4453943713947579 -2.1143999694023008 3.1953664597635179 2.1930382581514731 -0.58215088137873905 -1.3302494087815286 0.07795209154486657
leaf_weight=164 101 170 103 108 121 102 107 108 120 120
leaf_count=164 101 170 103 108 121 102 107 108 120 120
internal_value=0 0.0686827 -0.746576 0.446081 0.14948 0.729588 1.57006 0.79899 0.0332912 -1.02277
internal_weight=0 1223 387 836 728 487 317 215 284 241
internal_count=1324 1223 387 836 728 487 317 215 284 241
is_linear=0
shrinkage=0.05


Tree=784
num_leaves=11
num_cat=0
split_feature=14 4 8 13 11 5 15 13 11 8
split_gain=152120 319148 112902 251030 199170 174814 149146 226730 137900 50360.1
threshold=-898.29912499999989 12.500000000000002 0.89006293675044923 5076.30549107143 3294.7815000000005 3.5000000000000004 7.65495160627174 5102.5891592261914 6506.0815000000011 0.96485900709848016
decision_type=10 2 2 10 10 2 2 10 10 2
left_child=1 -1 4 5 -2 -4 7 -6 9 -5
right_child=2 -3 3 8 6 -7 -8 -9 -10 -11
leaf_value=-0.56203802266428549 2.2772843036514061 3.1650481137159829 -3.242469501886212 0.045798547107439774 0.91077752986550342 -0.67007612817817275 1.3116117523746058 -2.2018243083717133 1.1945060093364963 -1.5256912488341332
leaf_weight=124 104 107 122 104 100 144 110 141 173 100
leaf_count=124 104 107 122 104 100 144 110 141 173 100
internal_value=0 1.16436 -0.247262 -0.673762 0.355462 -1.8499 -0.213966 -0.910288 0.156083 -0.72454
internal_weight=0 231 1098 643 455 266 351 241 377 204
internal_count=1329 231 1098 643 455 266 351 241 377 204
is_linear=0
shrinkage=0.05


Tree=785
num_leaves=10
num_cat=0
split_feature=16 7 13 12 7 14 13 0 0
split_gain=152463 292891 165204 149576 218750 155857 203113 177660 433343
threshold=0.54449889433387721 0.46853681572873079 6691.8105424107152 2548.7687500000006 0.30771799597985372 1280.5077500000004 4887.6527455357145 6.927849729417388 5.9165666566656681
decision_type=2 2 8 10 2 10 10 2 2
left_child=1 2 -1 4 -2 6 -5 8 -8
right_child=3 -3 -4 5 -6 -7 7 -9 -10
leaf_value=-0.82438704632795778 3.0908603373027983 -2.868888720293199 1.6670388444225388 2.281494993686676 0.18823437063133017 -1.8304498020318096 0.52936045748852389 1.4222687250019139 -3.4619984369050893
leaf_weight=195 105 124 101 100 170 108 193 117 105
leaf_count=195 105 124 101 100 170 108 193 117 105
internal_value=0 -0.828873 0.0257279 0.325237 1.29651 -0.103494 0.258663 -0.228766 -0.876991
internal_weight=0 420 296 898 275 623 515 415 298
internal_count=1318 420 296 898 275 623 515 415 298
is_linear=0
shrinkage=0.05


Tree=786
num_leaves=10
num_cat=0
split_feature=14 11 11 14 14 11 7 10 8
split_gain=98627.7 80903.6 140848 134322 126730 140109 177895 125612 90756.9
threshold=-720.7254999999999 7461.3461250000009 8906.1312500000022 737.58000000000004 215.29899999999955 4384.8025000000007 0.3951189149017032 5141.3960000000006 0.93662069115390512
decision_type=8 10 10 8 10 10 2 2 2
left_child=-1 3 -3 4 5 6 -2 -6 -5
right_child=1 2 -4 8 7 -7 -8 -9 -10
leaf_value=1.6398905762310687 -0.97171553800690857 1.9496017808120856 -0.46560955452067515 0.043498426675796509 2.1174757971459588 -1.6032477030089796 1.9250538630305596 0.057416609608802675 -1.6105232735319686
leaf_weight=116 106 142 105 146 149 131 106 147 192
leaf_count=116 106 142 105 146 149 131 106 147 192
internal_value=0 0.114426 0.922893 -0.0899664 0.33642 -0.317701 0.476669 1.09441 -0.896064
internal_weight=0 1224 247 977 639 343 212 296 338
internal_count=1340 1224 247 977 639 343 212 296 338
is_linear=0
shrinkage=0.05


Tree=787
num_leaves=10
num_cat=0
split_feature=4 4 5 8 3 10 16 7 11
split_gain=220157 125370 259109 232268 239162 175753 143410 89200.6 62618.5
threshold=21.500000000000004 6.5000000000000009 5.5000000000000009 0.95530112361429342 0.70647690515167538 5477.6962500000009 0.86048327054927742 0.50674059605289978 5147.9050000000016
decision_type=2 2 2 2 2 2 2 2 10
left_child=1 6 3 5 -5 -3 8 -7 -1
right_child=-2 2 -4 4 -6 7 -8 -9 -10
leaf_value=2.2131750567124624 2.0287173614718697 1.6073423309031352 -2.9635413816233851 -3.1243452427478937 -0.26488913956743021 -1.5536842902887216 -0.63412246158597074 0.48497917290244791 0.48512160685084282
leaf_weight=101 110 186 106 117 195 103 171 112 109
leaf_count=101 110 186 106 117 195 103 171 112 109
internal_value=0 -0.308424 -0.657 -0.314092 -1.33719 0.48193 0.440877 -0.491683 1.31623
internal_weight=0 1200 819 713 312 401 381 215 210
internal_count=1310 1200 819 713 312 401 381 215 210
is_linear=0
shrinkage=0.05


Tree=788
num_leaves=10
num_cat=0
split_feature=14 16 8 13 11 3 0 11 7
split_gain=120391 204195 137347 165748 158067 126970 114747 234592 104894
threshold=990.88162500000055 1.517148937115935 0.79762364354186011 4370.9482217261912 6565.8356250000006 0.7152912156644774 5.9165666566656681 4023.7812500000005 0.34615249817885974
decision_type=8 2 2 10 10 2 2 10 2
left_child=1 2 -1 -4 6 8 7 -5 -2
right_child=5 -3 3 4 -6 -7 -8 -9 -10
leaf_value=1.8502128181504269 2.5851710363969964 -1.7828815882315947 1.6621190946036526 1.2429031859232686 1.0251318544649812 -0.45221897285580637 -1.9545716200354537 -1.8082934174969794 0.54788617216708035
leaf_weight=102 118 168 109 127 134 125 169 125 136
leaf_count=102 118 168 109 127 134 125 169 125 136
internal_value=0 -0.204255 0.141971 -0.12044 -0.470528 0.852336 -0.946581 -0.270587 1.49434
internal_weight=0 934 766 664 555 379 421 252 254
internal_count=1313 934 766 664 555 379 421 252 254
is_linear=0
shrinkage=0.05


Tree=789
num_leaves=9
num_cat=0
split_feature=11 16 10 1 1 10 1 13
split_gain=129296 98841.8 152005 232434 143233 171340 114814 150671
threshold=10681.467500000001 0.19766143280994755 7924.3781250000011 44.946758703608019 37.10557006840552 4999.2396250000011 24.494617626063604 4910.2443452380967
decision_type=8 2 2 2 2 2 2 10
left_child=1 -1 3 4 5 6 7 -3
right_child=-2 2 -4 -5 -6 -7 -8 -9
leaf_value=1.1910548515515786 1.4888282208709243 1.4292610608678951 -1.6037374516144212 1.8823206488400288 -1.7478635939494742 1.3974042376921032 -1.9663098451188383 -0.92312358065762301
leaf_weight=146 161 111 162 146 139 165 102 176
leaf_count=146 161 111 162 146 139 165 102 176
internal_value=0 -0.0242889 -0.201552 0.069192 -0.312795 0.0472677 -0.525412 -0.0133163
internal_weight=0 1147 1001 839 693 554 389 287
internal_count=1308 1147 1001 839 693 554 389 287
is_linear=0
shrinkage=0.05


Tree=790
num_leaves=9
num_cat=0
split_feature=15 11 7 12 16 8 7 14
split_gain=211498 117851 176126 220455 147210 106251 93670.5 164612
threshold=3.7559269815870482 5467.5017500000013 -0.0405627603679901 4204.136375000001 0.89070295918480824 0.9442956573789022 0.078598749424858602 611.9962499999998
decision_type=2 10 2 8 2 2 2 10
left_child=5 2 -2 -4 -5 -1 -3 -8
right_child=1 6 3 4 -6 -7 7 -9
leaf_value=-0.25564733925987693 -0.9101177608164458 1.150525349569977 0.032816140123164458 1.2329584074945288 3.6113947615279991 -2.1672056949983434 -1.6624788355126361 0.46953778448777322
leaf_weight=170 104 109 181 145 118 127 169 195
leaf_count=170 104 109 181 145 118 127 169 195
internal_value=0 0.442918 0.941991 1.37582 2.30009 -1.07305 -0.135289 -0.520327
internal_weight=0 1021 548 444 263 297 473 364
internal_count=1318 1021 548 444 263 297 473 364
is_linear=0
shrinkage=0.05


Tree=791
num_leaves=10
num_cat=0
split_feature=16 11 11 4 13 12 5 12 11
split_gain=179733 224005 220904 166543 189924 177314 133648 119422 132056
threshold=0.72483081641497515 3498.4912500000005 3745.6841250000002 11.500000000000002 5365.2527046130963 2786.0127500000003 1.5000000000000002 4274.2133750000003 6487.3637500000004
decision_type=2 8 10 2 10 10 2 8 10
left_child=3 -2 -3 5 -5 -1 -4 -8 -9
right_child=1 2 6 4 -6 -7 7 8 -10
leaf_value=1.5760996685028077 -1.2368635997380295 3.0667512252342468 1.7076026711494301 -2.8123904848678247 -0.11905852456887563 -0.85634603498772499 1.2695482636894191 -2.0697007833140915 0.3981769936716455
leaf_weight=125 146 102 157 144 120 187 111 101 117
leaf_count=125 146 102 157 144 120 187 111 101 117
internal_value=0 0.516059 0.951308 -0.663881 -1.58815 0.118192 0.507326 -0.0654505 -0.745198
internal_weight=0 734 588 576 264 312 486 329 218
internal_count=1310 734 588 576 264 312 486 329 218
is_linear=0
shrinkage=0.05


Tree=792
num_leaves=11
num_cat=0
split_feature=11 13 3 5 13 11 3 0 13 3
split_gain=167082 301595 150507 209529 237834 407360 186843 232741 205037 134963
threshold=3165.6062500000003 5010.5430877976205 0.73028633460456138 1.0000000180025095e-35 6438.9044062500006 7022.1361250000009 0.68729820351623805 6.2561381138113807 5047.1090840773822 0.54778829968049425
decision_type=8 10 2 2 8 10 2 2 10 2
left_child=1 -1 3 -2 6 9 7 8 -5 -6
right_child=2 -3 -4 4 5 -7 -8 -9 -10 -11
leaf_value=-2.8222795805536718 2.4603015741731369 0.80184909518402403 -1.0823282396177882 -0.24132687900517441 -0.93518494317437162 1.4475629841146822 2.5703478237702733 -1.6708956879727983 2.8801880245208742 -3.5264711837768554
leaf_weight=133 117 101 184 111 101 121 126 102 100 100
leaf_count=133 117 101 184 111 101 121 126 102 100 100
internal_value=0 -1.25802 0.217914 0.490403 0.18754 -0.844552 0.944565 0.290096 1.23806 -2.22438
internal_weight=0 234 1062 878 761 322 439 313 211 201
internal_count=1296 234 1062 878 761 322 439 313 211 201
is_linear=0
shrinkage=0.05


Tree=793
num_leaves=11
num_cat=0
split_feature=13 13 16 12 10 6 12 7 15 0
split_gain=142701 178810 207050 160408 199678 151072 344955 130271 212139 152206
threshold=6965.8672224702395 6769.4835550595253 0.72483081641497515 2816.6125000000006 7778.3687500000005 1.0000000180025095e-35 7103.7228750000004 0.45723567153614458 6.3535242413130213 4.3265715460434935
decision_type=10 8 2 8 2 2 8 2 2 2
left_child=1 3 -3 -1 5 7 -7 8 9 -5
right_child=-2 2 -4 4 -6 6 -8 -9 -10 -11
leaf_value=1.4945954212317101 -1.3646833783754424 -0.11252757281933018 3.0426664128879621 -1.4438505699016431 -2.1306049457062843 3.0031458579410208 -1.0544091298580172 1.0254177911923481 -2.9455402704477311 0.92175583317332033
leaf_weight=130 179 103 105 135 138 110 100 104 100 137
leaf_count=130 179 103 105 135 138 110 100 104 100 137
internal_value=0 0.151909 1.48024 -0.137705 -0.395228 -0.0461293 1.07098 -0.53897 -0.976326 -0.25235
internal_weight=0 1162 208 954 824 686 210 476 372 272
internal_count=1341 1162 208 954 824 686 210 476 372 272
is_linear=0
shrinkage=0.05


Tree=794
num_leaves=10
num_cat=0
split_feature=13 13 7 12 14 15 15 12 7
split_gain=108307 159418 143609 201956 244025 149472 129127 134854 118931
threshold=4416.6513690476195 4584.3394575892862 0.14391009236316685 3349.5581250000005 1111.1872500000006 4.5488034914602586 7.4499741640830761 6220.841625 0.1947225628853968
decision_type=8 10 2 10 10 2 2 10 2
left_child=8 -2 5 -4 6 -3 7 -5 -1
right_child=1 2 3 4 -6 -7 -8 -9 -10
leaf_value=-2.1234639423083417 1.7303783643324644 -0.41682057927052185 -1.8283044294757851 1.0255486581474542 -1.9670114969168235 1.9053629110135686 2.0569057651230547 -1.3177723330924813 0.22555694186571734
leaf_weight=113 151 120 184 152 109 164 122 103 103
leaf_count=113 151 120 184 152 109 164 122 103 103
internal_value=0 0.220843 -0.0180879 -0.417488 0.116648 0.924159 0.719086 0.0790308 -1.00333
internal_weight=0 1105 954 670 486 284 377 255 216
internal_count=1321 1105 954 670 486 284 377 255 216
is_linear=0
shrinkage=0.05


Tree=795
num_leaves=10
num_cat=0
split_feature=14 4 13 14 5 3 13 16 14
split_gain=109928 203824 141019 165448 170105 114074 212082 198498 175312
threshold=-868.66987499999993 12.500000000000002 5047.1090840773822 -52.435124999999964 2.5000000000000004 0.72226034985445786 5746.8981250000006 0.65663927503861486 585.74324999999988
decision_type=10 2 10 10 2 2 10 2 10
left_child=1 -1 3 -2 -5 6 -4 -8 -9
right_child=2 -3 5 4 -6 -7 7 8 -10
leaf_value=-0.2123515590891108 -2.4434041837087044 2.8999209487736226 2.3040316313137246 -1.6877171104018753 0.77351969725486502 -0.76073895597732388 -1.3527866644518716 -0.34642554867167435 2.3563864439972178
leaf_weight=111 104 100 162 111 191 152 140 119 121
leaf_count=111 104 100 162 111 191 152 140 119 121
internal_value=0 1.26266 0.0167458 -0.72342 -0.131107 0.449753 0.789227 0.143442 1.01624
internal_weight=0 211 1100 406 302 694 542 380 240
internal_count=1311 211 1100 406 302 694 542 380 240
is_linear=0
shrinkage=0.05


Tree=796
num_leaves=12
num_cat=0
split_feature=16 12 5 14 4 11 1 11 10 12 15
split_gain=95776.9 121477 74832.6 72221.4 83543.8 157615 180163 270307 254997 257326 123073
threshold=1.3020232578813451 7070.5512500000013 2.5000000000000004 -553.73987499999987 2.5000000000000004 8147.4127500000013 25.893078106555503 2096.5808750000006 5557.6150000000007 4798.2103750000006 3.7329969108021919
decision_type=2 8 2 8 2 10 2 10 2 8 2
left_child=3 2 -2 -1 -5 6 7 -6 -8 -10 -9
right_child=1 -3 -4 4 5 -7 8 10 9 -11 -12
leaf_value=1.2729778778553009 0.73909176093175877 -2.0774668479458893 -1.1267224476584849 -1.4597943964542128 2.6331042737872514 1.7449356980242972 -2.9959236422998714 -1.5435692209621956 -1.7417660514149098 1.7523680376071558 0.79635107735975075
leaf_weight=105 109 139 106 102 108 118 113 116 109 102 109
leaf_count=105 109 139 106 102 108 118 113 116 109 102 109
internal_value=0 -0.925535 -0.180798 0.0337467 -0.114622 0.0624201 -0.239767 0.576947 -1.07917 -0.0526586 -0.410008
internal_weight=0 354 215 982 877 775 657 333 324 211 225
internal_count=1336 354 215 982 877 775 657 333 324 211 225
is_linear=0
shrinkage=0.05


Tree=797
num_leaves=10
num_cat=0
split_feature=15 16 5 8 11 5 15 12 12
split_gain=146415 337569 224927 223026 213386 169597 178906 156094 119541
threshold=5.9424386883132767 0.40051505150515082 2.5000000000000004 0.87246776526987591 1461.8552500000003 1.0000000180025095e-35 5.0741226900467833 6386.7641250000006 4472.4462500000009
decision_type=2 2 2 2 10 2 2 8 10
left_child=4 -2 -3 -4 -1 -6 7 8 -7
right_child=1 2 3 -5 5 6 -8 -9 -10
leaf_value=-2.0982616887887318 3.2585595526823812 1.4847774352920191 -2.2803524827150476 0.49833734052467948 -1.7765429312659202 0.21420521783356619 2.1040969118475914 1.1357858751388923 -2.1895991657983584
leaf_weight=150 102 178 133 158 107 101 119 142 106
leaf_count=150 102 178 133 158 107 101 119 142 106
internal_value=0 0.651688 0.0847352 -0.771648 -0.41879 0.0193326 0.429928 -0.14092 -1.01673
internal_weight=0 571 469 291 725 575 468 349 207
internal_count=1296 571 469 291 725 575 468 349 207
is_linear=0
shrinkage=0.05


Tree=798
num_leaves=11
num_cat=0
split_feature=10 14 13 0 4 7 11 7 7 7
split_gain=136011 288151 242846 191691 144664 264937 203219 198245 108932 63021.8
threshold=6145.0835000000015 -199.04962500000008 6801.7100691964288 6.5747324732473267 14.500000000000002 -0.022655687367580963 4474.1850000000004 0.31715296652162867 0.54407224441970536 0.20871847207075275
decision_type=2 8 10 2 2 2 8 2 2 2
left_child=2 -2 4 -3 6 -6 9 -8 -5 -1
right_child=1 3 -4 8 5 -7 7 -9 -10 -11
leaf_value=0.092954151413657454 -2.8045926231258322 1.7807786227750384 2.7523134199714443 -1.6397010640580527 -0.58042498492358019 2.6662727997558462 0.054387570479336914 -2.5173737683402959 0.55902732014656065 1.8055061344873338
leaf_weight=110 106 121 109 129 114 140 170 134 100 105
leaf_count=110 106 121 109 129 114 140 170 134 100 105
internal_value=0 -0.520683 0.542894 0.171016 0.231346 1.20909 -0.247166 -1.07922 -0.679558 0.929317
internal_weight=0 456 882 350 773 254 519 304 229 215
internal_count=1338 456 882 350 773 254 519 304 229 215
is_linear=0
shrinkage=0.05


Tree=799
num_leaves=11
num_cat=0
split_feature=8 12 7 11 11 10 14 8 12 10
split_gain=88573.8 246728 183595 164169 190298 388347 325734 154754 150459 253941
threshold=0.87246776526987591 2696.1723750000006 0.50836954482391061 2786.0127500000003 6361.3830000000007 3743.7526250000005 473.45962500000002 0.96944218490563105 6801.9046250000001 7502.0387500000006
decision_type=2 8 2 8 10 2 8 2 8 2
left_child=2 -2 -1 -3 5 -5 -7 -6 9 -4
right_child=1 3 8 4 7 6 -8 -9 -10 -11
leaf_value=-2.6364234129202018 2.3907819462757485 -2.1055813520261557 0.43513853819758608 -1.1358850624672203 -2.5539939735011732 0.01317887306213379 3.6532848527937229 0.11053456306202798 1.0381389578183493 -2.8596616792111171
leaf_weight=103 102 101 132 172 102 115 132 117 141 105
leaf_count=103 102 101 132 172 102 115 132 117 141 105
internal_value=0 0.0856102 -0.765073 -0.23256 0.0639531 0.68825 1.9585 -1.13048 -0.255155 -1.02458
internal_weight=0 841 481 739 638 419 247 219 378 237
internal_count=1322 841 481 739 638 419 247 219 378 237
is_linear=0
shrinkage=0.05


end of trees

feature_importances:
gen_roll168=1051
gen_lag336=798
gen_lag168=720
err_lag168=653
ritm_fc=648
w100=480
shear=465
hour=430
wdir_sin=418
dow=416
gfs_w100=406
nwp_spread=358
wdir_cos=354
w100_v2=95
wdir_sector=29
is_weekend=23
w100_v3=9

parameters:
[boosting: gbdt]
[objective: regression]
[metric: l2]
[tree_learner: serial]
[device_type: cpu]
[data_sample_strategy: bagging]
[data: ]
[valid: ]
[num_iterations: 800]
[learning_rate: 0.05]
[num_leaves: 63]
[num_threads: 0]
[seed: 42]
[deterministic: 0]
[force_col_wise: 0]
[force_row_wise: 0]
[histogram_pool_size: -1]
[max_depth: -1]
[min_data_in_leaf: 100]
[min_sum_hessian_in_leaf: 0.001]
[bagging_fraction: 0.8]
[pos_bagging_fraction: 1]
[neg_bagging_fraction: 1]
[bagging_freq: 1]
[bagging_seed: 400]
[feature_fraction: 0.8]
[feature_fraction_bynode: 1]
[feature_fraction_seed: 30056]
[extra_trees: 0]
[extra_seed: 12879]
[early_stopping_round: 0]
[early_stopping_min_delta: 0]
[first_metric_only: 0]
[max_delta_step: 0]
[lambda_l1: 0]
[lambda_l2: 0]
[linear_lambda: 0]
[min_gain_to_split: 0]
[drop_rate: 0.1]
[max_drop: 50]
[skip_drop: 0.5]
[xgboost_dart_mode: 0]
[uniform_drop: 0]
[drop_seed: 17869]
[top_rate: 0.2]
[other_rate: 0.1]
[min_data_per_group: 100]
[max_cat_threshold: 32]
[cat_l2: 10]
[cat_smooth: 10]
[max_cat_to_onehot: 4]
[top_k: 20]
[monotone_constraints: ]
[monotone_constraints_method: basic]
[monotone_penalty: 0]
[feature_contri: ]
[forcedsplits_filename: ]
[refit_decay_rate: 0.9]
[cegb_tradeoff: 1]
[cegb_penalty_split: 0]
[cegb_penalty_feature_lazy: ]
[cegb_penalty_feature_coupled: ]
[path_smooth: 0]
[interaction_constraints: ]
[verbosity: -1]
[saved_feature_importance_type: 0]
[use_quantized_grad: 0]
[num_grad_quant_bins: 4]
[quant_train_renew_leaf: 0]
[stochastic_rounding: 1]
[linear_tree: 0]
[max_bin: 255]
[max_bin_by_feature: ]
[min_data_in_bin: 3]
[bin_construct_sample_cnt: 200000]
[data_random_seed: 175]
[is_enable_sparse: 1]
[enable_bundle: 1]
[use_missing: 1]
[zero_as_missing: 0]
[feature_pre_filter: 1]
[pre_partition: 0]
[two_round: 0]
[header: 0]
[label_column: ]
[weight_column: ]
[group_column: ]
[ignore_column: ]
[categorical_feature: 9]
[forcedbins_filename: ]
[precise_float_parser: 0]
[parser_config_file: ]
[objective_seed: 16083]
[num_class: 1]
[is_unbalance: 0]
[scale_pos_weight: 1]
[sigmoid: 1]
[boost_from_average: 1]
[reg_sqrt: 0]
[alpha: 0.9]
[fair_c: 1]
[poisson_max_delta_step: 0.7]
[tweedie_variance_power: 1.5]
[lambdarank_truncation_level: 30]
[lambdarank_norm: 1]
[label_gain: ]
[lambdarank_position_bias_regularization: 0]
[eval_at: ]
[multi_error_top_k: 1]
[auc_mu_weights: ]
[num_machines: 1]
[local_listen_port: 12400]
[time_out: 120]
[machine_list_filename: ]
[machines: ]
[gpu_platform_id: -1]
[gpu_device_id: -1]
[gpu_use_dp: 0]
[num_gpu: 1]

end of parameters

pandas_categorical:[[0, 1, 2, 3, 4, 5, 6, 7]]
