tree
version=v4
num_class=1
num_tree_per_iteration=1
label_index=0
max_feature_idx=16
objective=regression
feature_names=w100 w100_v2 w100_v3 shear hour dow is_weekend wdir_sin wdir_cos wdir_sector ritm_fc gen_lag168 gen_lag336 gen_roll168 err_lag168 gfs_w100 nwp_spread
feature_infos=[1.4125162516251626:9.5304613794712818] [1.9952021611051995:90.829694105593646] [2.8182554778387403:865.64889178255055] [0.40091352677531211:0.78796859185954982] [0:23] [0:6] [0:1] [-0.99988788038129039:0.99967162020500822] [-0.99973639144261917:0.99999936838306624] -1:0:7:1:6:5:2:3 [753.63824999999997:10043.6715] [631.48575000000005:11860.254999999999] [631.48575000000005:11826.555] [3269.8073065476192:8265.0589583333331] [-2921.9802499999996:3403.95975] [0.91892522585591874:11.692460912757944] [0.0010334366770012871:3.9614211421142116]
tree_sizes=1072 1092 1001 1003 998 1004 1003 1001 1000 1000 1086 916 1002 1003 1085 1002 1082 918 1002 914 1001 1082 915 1090 1083 915 913 1082 998 999 1083 998 1086 1083 1172 1002 1002 998 1085 1082 907 912 999 1087 1086 1001 1002 1083 1001 996 1002 1004 993 1000 1090 996 997 1005 1083 1089 1002 919 1082 1080 996 992 1079 1085 1007 1001 1081 1163 1087 995 1002 1086 914 922 1001 1001 1083 1001 1004 910 998 1168 1082 997 1079 994 1089 998 998 1001 1000 1090 1000 999 914 1109 1085 1092 1019 1004 1001 1081 1086 999 999 921 1173 997 920 1089 1003 1005 1085 912 1000 916 1095 1081 1089 996 1004 998 1086 920 918 912 998 1093 994 1176 1088 1094 989 990 1006 916 1163 993 1002 1171 915 1088 914 1001 915 1004 1002 1095 1086 988 907 915 1091 1087 1001 999 994 999 1082 1079 902 997 902 1076 1086 1084 989 989 1006 1075 1079 910 911 998 990 976 973 903 1066 991 999 1079 1084 990 917 1003 999 922 996 1075 907 998 980 1076 984 1080 1080 1079 990 912 975 987 1051 1088 1077 969 878 1078 1059 984 1056 1084 990 973 1074 977 986 979 1054 1074 984 1002 1064 995 987 979 906 896 968 977 1066 893 899 978 976 893 1057 900 1072 1058 900 1061 893 981 1049 968 965 1048 964 978 984 982 1046 1072 1059 894 966 1055 1069 971 888 970 1068 1048 1158 1064 1044 985 965 1059 1053 884 968 966 965 961 969 1065 1046 968 961 961 982 880 884 1052 1055 972 1059 972 971 962 961 974 971 881 981 972 984 967 1041 963 966 967 969 1069 1048 970 966 976 1044 981 883 897 1054 1041 886 1138 968 1052 965 968 968 880 980 968 1053 962 1042 1042 888 970 964 968 1051 875 1042 966 963 958 973 963 1047 961 965 1064 973 963 964 959 965 990 1045 965 952 989 887 886 967 1057 1049 963 967 969 969 959 973 969 967 966 966 1057 889 964 1132 1051 885 963 962 968 883 969 1044 1041 965 881 885 1052 962 1132 883 880 1043 972 962 883 1050 882 961 1044 961 966 880 965 878 1047 1050 983 960 1055 1047 1053 963 1044 969 964 888 975 958 1039 971 962 889 967 971 1039 973 1049 961 886 886 1046 1049 969 1050 885 876 970 963 1047 983 1049 964 964 1050 970 959 968 965 966 881 959 970 964 973 1054 1052 1046 963 961 963 966 888 1042 964 1044 970 877 1049 970 965 1049 1050 996 961 964 976 967 1048 882 967 961 889 1053 889 893 1044 881 877 1134 1056 964 961 966 881 970 959 968 888 963 1054 965 1129 1049 965 1046 964 976 1047 963 966 892 1045 878 1051 881 1049 799 1052 878 973 968 967 967 968 1046 964 969 974 965 963 1053 1049 1055 967 968 962 965 887 968 966 966 1057 1052 885 973 1050 1048 964 965 1055 966 1051 968 883 969 887 1049 883 1068 1049 1046 883 885 963 883 960 972 1050 881 965 1059 1052 968 971 972 1068 1050 961 958 1063 968 973 992 971 964 963 964 964 1052 1039 890 1051 1049 1050 962 966 969 967 962 992 963 980 968 985 886 969 970 963 963 972 1037 1043 1046 964 883 958 964 959 981 973 969 1047 971 964 969 969 1072 968 967 1048 962 1044 966 973 967 973 966 967 888 884 977 973 968 1055 887 1055 970 1132 1053 1051 1054 1047 883 973 1039 966 889 1045 968 964 1047 1052 886 967 990 966 969 980 1155 1040 798 887 879 970 987 967 973 972 969 970 886 967 1041 912 968 880 968 966 968 1138 968 889 891 1052 965 1052 884 908 1047 885 1047 963 971 1050 969 974 1049 973 888 970 1048 973 963 966 967 1054 978 1046 966 1042 1046 1047 963 963 1051 885 1047 890 964 1045 970 885 888 973 888 969 969 1048 971 1041 886 975 1056 874 990 890 910 974 975 966 991 1046 971 968 968 970 970 1051 979 887 963 971 1053 966 1057 968 968 973 1054 1053 972 971 1049 1044 969 980 1054 967 964 970 964 1045 1057 974 1044 984 967 969 1048 974 969 1044 810 886 969

Tree=0
num_leaves=11
num_cat=0
split_feature=0 14 0 8 10 13 14 0 8 12
split_gain=1.05114e+08 4.5639e+07 3.57755e+07 1.9381e+07 1.79436e+07 1.11298e+07 8.83914e+06 7.29432e+06 6.36076e+06 2.72424e+06
threshold=7.210762742940962 -694.41374999999982 5.496699669966997 0.84786768035203297 5881.7398750000011 6283.4210944940487 288.2758750000001 4.6985531886521992 0.94087078414536107 6455.7137500000008
decision_type=2 10 2 2 2 10 10 2 2 8
left_child=1 3 4 -1 7 6 -4 8 9 -3
right_child=-2 2 5 -5 -6 -7 -8 -9 -10 -11
leaf_value=298.9637230147539 384.44576722222394 339.17681277637445 346.86637041114147 326.92252071190177 310.551818449873 339.30770240597747 367.58463125272135 343.83433948581512 321.06347172655489 328.60244235820244
leaf_weight=122 105 147 101 126 100 144 105 132 127 104
leaf_count=122 105 147 101 126 100 144 105 132 127 104
internal_value=336.912 332.29 337.229 313.169 329.918 349.972 357.427 333.715 330.182 334.795
internal_weight=0 1208 960 248 610 350 206 510 378 251
internal_count=1313 1208 960 248 610 350 206 510 378 251
is_linear=0
shrinkage=1


Tree=1
num_leaves=11
num_cat=0
split_feature=0 14 0 10 11 11 12 0 16 8
split_gain=8.4195e+07 3.68935e+07 2.97958e+07 1.44237e+07 1.34084e+07 1.12074e+07 1.31858e+07 1.08627e+07 7.1698e+06 1.74058e+06
threshold=7.0149431609827655 -694.41374999999982 5.496699669966997 5700.7292500000012 5952.9287500000009 6967.0636250000007 4605.6617500000002 4.6985531886521992 0.45515801580157961 0.89781610565015091
decision_type=2 10 2 2 8 10 8 2 2 2
left_child=1 4 3 7 -1 6 -4 8 -3 -10
right_child=-2 2 5 -5 -6 -7 -8 -9 9 -11
leaf_value=-35.742104213072523 40.875317512439416 -0.073138927575200796 6.1386648991107942 -23.130101319600907 -11.692790779646707 0.55106968115304267 31.335359609030462 10.217857983907065 -8.9356592440605169 -18.264589360237121
leaf_weight=101 113 192 100 107 136 131 108 120 100 100
leaf_count=101 113 192 100 107 136 131 108 120 100 100
internal_value=0 -4.27845 0.0912631 -6.43432 -21.9417 12.0067 19.2216 -2.94517 -6.97466 -13.6001
internal_weight=0 1195 958 619 237 339 208 512 392 200
internal_count=1308 1195 958 619 237 339 208 512 392 200
is_linear=0
shrinkage=0.05


Tree=2
num_leaves=10
num_cat=0
split_feature=15 14 0 7 13 13 13 12 5
split_gain=7.47155e+07 3.88593e+07 2.7045e+07 2.08651e+07 1.07477e+07 7.45588e+06 1.29273e+07 5.57494e+06 5.12128e+06
threshold=8.4144747808114158 -694.41374999999982 5.5706653998733211 0.5248462510734262 6283.4210944940487 5503.4587425595246 5067.721941964287 5352.1175000000012 2.5000000000000004
decision_type=2 10 2 2 10 10 10 10 2
left_child=1 3 5 -1 -4 6 7 -3 -7
right_child=-2 2 4 -5 -6 8 -8 -9 -10
leaf_value=-9.389372225413247 39.814251314658748 -2.0197625326151822 21.008238453804694 -39.49074811575548 2.2570565606190547 -18.809071046853887 13.907466862678527 -16.490788513183595 -5.0282676984393406
leaf_weight=126 102 199 158 106 148 145 100 100 126
leaf_count=126 102 199 158 106 148 145 100 100 126
internal_value=0 -4.74907 -0.37684 -23.1426 11.939 -6.0017 -1.6548 -6.85957 -12.4018
internal_weight=0 1208 976 232 306 670 399 299 271
internal_count=1310 1208 976 232 306 670 399 299 271
is_linear=0
shrinkage=0.05


Tree=3
num_leaves=10
num_cat=0
split_feature=15 14 0 7 13 5 11 14 5
split_gain=7.93359e+07 2.62606e+07 2.35527e+07 1.74702e+07 5.61495e+06 6.27549e+06 5.47668e+06 1.10173e+07 3.47555e+06
threshold=8.1941944194419456 -720.7254999999999 5.496699669966997 0.53439777680698708 5469.2313831845249 2.5000000000000004 6967.0636250000007 223.68625000000023 2.5000000000000004
decision_type=2 10 2 2 10 2 10 10 2
left_child=1 3 4 -1 5 -3 7 -4 -6
right_child=-2 2 6 -5 8 -7 -8 -9 -10
leaf_value=-6.6777448237383812 36.779690551757817 4.8799727845054148 3.7680592676003779 -33.727790728016437 -17.208028698144137 -8.1864291783574288 2.0835624294415598 26.51332560176099 -5.4069230202970839
leaf_weight=135 133 173 105 107 135 196 124 108 116
leaf_count=135 133 173 105 107 135 196 124 108 116
internal_value=0 -3.92286 -0.201823 -18.6379 -5.98483 -2.06045 10.4375 15.3009 -11.7541
internal_weight=0 1199 957 242 620 369 337 213 251
internal_count=1332 1199 957 242 620 369 337 213 251
is_linear=0
shrinkage=0.05


Tree=4
num_leaves=10
num_cat=0
split_feature=15 14 0 10 5 0 12 4 5
split_gain=7.63966e+07 2.94773e+07 2.9986e+07 2.42771e+07 1.98789e+07 1.11648e+07 1.03657e+07 8.23267e+06 3.1446e+06
threshold=8.4144747808114158 -602.19012499999974 5.5706653998733211 5933.0506250000008 4.5000000000000009 4.7166049938327168 5496.6426250000013 9.5000000000000018 2.5000000000000004
decision_type=2 10 2 2 2 2 8 2 2
left_child=1 4 3 5 -1 7 -4 8 -3
right_child=-2 2 6 -5 -6 -7 -8 -9 -10
leaf_value=-7.179630585728269 41.152999380202523 5.6777110147097751 5.6250245419960452 -26.782375752709129 -35.17417900122485 11.084221013048863 24.014207368822241 -15.018291743057114 -5.9204157143557836
leaf_weight=165 105 126 179 110 103 141 134 140 109
leaf_count=165 105 126 179 110 103 141 134 140 109
internal_value=0 -3.31274 0.861664 -5.45636 -17.9387 -0.910115 13.4977 -5.41999 0.298154
internal_weight=0 1207 939 626 268 516 313 375 235
internal_count=1312 1207 939 626 268 516 313 375 235
is_linear=0
shrinkage=0.05


Tree=5
num_leaves=10
num_cat=0
split_feature=15 14 0 7 13 14 13 5 5
split_gain=5.85994e+07 1.8069e+07 2.52157e+07 1.62649e+07 8.56264e+06 5.82343e+06 3.60499e+06 9.67738e+06 3.96247e+06
threshold=8.4144747808114158 -868.66987499999993 5.4764893155982266 0.51635440253459819 6348.9505342261918 284.47750000000002 5469.2313831845249 2.5000000000000004 2.5000000000000004
decision_type=2 10 2 2 10 10 10 2 2
left_child=1 3 6 -1 5 -4 7 -3 -8
right_child=-2 2 4 -5 -6 -7 8 -9 -10
leaf_value=-2.5110115943266003 35.564998549664459 5.5013085736987293 8.4245601654052731 -29.404194902235812 1.3108351478905513 25.052699232751674 -16.338447921863501 -10.703182675295476 -3.7111252902883347
leaf_weight=115 108 178 101 110 145 110 138 191 113
leaf_count=115 108 178 101 110 145 110 138 191 113
internal_value=0 -2.88561 0.0590273 -15.6588 10.665 17.0933 -6.03087 -2.88638 -10.6536
internal_weight=0 1201 976 225 356 211 620 369 251
internal_count=1309 1201 976 225 356 211 620 369 251
is_linear=0
shrinkage=0.05


Tree=6
num_leaves=10
num_cat=0
split_feature=15 14 0 10 4 10 0 11 7
split_gain=5.01437e+07 1.9362e+07 2.50086e+07 1.39159e+07 8.60168e+06 1.43836e+07 8.33687e+06 4.21744e+06 6.05807e+06
threshold=8.2290479047904821 -694.41374999999982 5.496699669966997 5881.7398750000011 8.5000000000000018 6145.0835000000015 4.8016093275994276 1461.8552500000003 0.30492459129721267
decision_type=2 8 2 2 2 2 2 10 2
left_child=1 -1 3 6 -4 -6 7 -3 -9
right_child=-2 2 4 -5 5 -7 -8 8 -10
leaf_value=-22.480004326646977 32.215872559003664 -14.957801662357349 22.156414341051644 -22.965263385937945 19.314801939634179 -5.2709219260181461 7.4525514901089842 -10.160452402674634 2.5195734869013182
leaf_weight=110 114 106 109 101 104 139 147 184 193
leaf_count=110 114 106 109 101 104 139 147 184 193
internal_value=0 -2.49322 -0.463166 -5.73562 10.4862 5.25136 -2.97341 -6.14653 -3.66909
internal_weight=0 1193 1083 731 352 243 630 483 377
internal_count=1307 1193 1083 731 352 243 630 483 377
is_linear=0
shrinkage=0.05


Tree=7
num_leaves=10
num_cat=0
split_feature=15 14 0 10 10 4 0 13 4
split_gain=5.93082e+07 2.02021e+07 2.27432e+07 1.20343e+07 9.62443e+06 1.34151e+07 9.29371e+06 6.79211e+06 8.22836e+06
threshold=8.4144747808114158 -694.41374999999982 5.496699669966997 5700.7292500000012 5987.3358750000016 10.500000000000002 4.7445744574457445 6029.7177083333345 9.5000000000000018
decision_type=2 8 2 2 2 2 2 8 2
left_child=1 -1 3 6 -4 -6 7 8 -3
right_child=-2 2 4 -5 5 -7 -8 -9 -10
leaf_value=-24.379158641815188 36.145647471355943 4.2052697365876863 21.818236821889879 -21.186398155872119 18.283254249025102 -5.0474287296775024 7.3300802220900856 -15.093853193780653 -11.956960592777641
leaf_weight=100 106 189 108 110 101 158 156 161 135
leaf_count=100 106 189 108 110 101 158 156 161 135
internal_value=0 -2.84807 -0.92221 -5.90748 9.27925 4.05064 -3.28551 -6.70001 -2.52899
internal_weight=0 1218 1118 751 367 259 641 485 324
internal_count=1324 1218 1118 751 367 259 641 485 324
is_linear=0
shrinkage=0.05


Tree=8
num_leaves=10
num_cat=0
split_feature=0 5 5 10 13 0 11 13 11
split_gain=5.16705e+07 2.21831e+07 1.11907e+07 1.55452e+07 1.3501e+07 1.07885e+07 6.69096e+06 3.90653e+06 9.53608e+06
threshold=7.0149431609827655 5.5000000000000009 1.5000000000000002 6177.6658750000015 5132.1188556547631 5.1092442577591104 4595.4400000000014 5079.3613028273821 7461.3461250000009
decision_type=2 2 2 2 8 2 10 8 8
left_child=1 2 3 4 -1 7 -7 -4 -9
right_child=-2 -3 5 -5 -6 6 -8 8 -10
leaf_value=10.237588476304497 32.317875508713513 -19.498302465302604 -8.458741154704061 -22.836040874859236 -11.800372211786284 20.884985658357731 5.1452969253704115 13.294052985081306 -7.0893721908330924
leaf_weight=140 113 175 143 111 138 106 186 104 128
leaf_count=140 113 175 143 111 138 106 186 104 128
internal_value=0 -3.01041 -0.278043 -7.01797 -0.702119 3.65274 10.859 -1.95855 2.04803
internal_weight=0 1231 1056 389 278 667 292 375 232
internal_count=1344 1231 1056 389 278 667 292 375 232
is_linear=0
shrinkage=0.05


Tree=9
num_leaves=10
num_cat=0
split_feature=0 14 0 13 3 10 0 13 3
split_gain=4.33813e+07 1.56374e+07 1.64646e+07 9.97942e+06 8.04862e+06 4.9132e+06 6.5586e+06 4.65986e+06 5.85054e+06
threshold=6.8219363603026979 -639.16212499999972 5.2385030169683651 6614.0354598214299 0.68902174940751804 5410.621000000001 4.6439852318565196 6024.8598586309536 0.56208053538588543
decision_type=2 8 2 10 2 2 2 8 2
left_child=1 -1 5 4 -4 6 7 8 -3
right_child=-2 2 3 -5 -6 -7 -8 -9 -10
leaf_value=-20.297510103557421 26.378390295188748 3.6108942926317065 19.90956275975093 -4.2438634259640278 2.6447752744209869 -15.755857006861612 6.5453905542018056 -13.952916896907059 -10.676449229579363
leaf_weight=115 143 154 156 133 119 104 118 148 134
leaf_count=115 143 154 156 133 119 104 118 148 134
internal_value=0 -2.78059 -0.890868 7.00046 12.4386 -5.78397 -3.91199 -6.7422 -3.03669
internal_weight=0 1181 1066 408 275 658 554 436 288
internal_count=1324 1181 1066 408 275 658 554 436 288
is_linear=0
shrinkage=0.05


Tree=10
num_leaves=11
num_cat=0
split_feature=0 5 5 10 11 15 14 3 12 12
split_gain=3.73251e+07 1.55763e+07 1.43474e+07 1.27198e+07 9.9402e+06 8.53219e+06 1.19413e+07 9.36442e+06 5.08687e+06 4.22078e+06
threshold=7.0149431609827655 5.5000000000000009 1.5000000000000002 6217.5320000000002 7419.4412500000008 3.9817898456512322 480.08200000000039 0.66795208896578384 3257.6495000000009 3880.9443750000005
decision_type=2 2 2 2 8 2 10 2 10 10
left_child=1 2 3 9 5 -4 7 -7 -6 -1
right_child=-2 -3 4 -5 8 6 -8 -9 -10 -11
leaf_value=-8.2335530714760008 28.258053140980856 -16.189203835400669 -3.3134418464401394 -22.159061018925794 3.953292558437739 16.976746288935342 26.70979583618838 -3.6580878453961176 -10.66841157009779 4.3031526296479363
leaf_weight=129 112 165 103 106 117 108 109 112 121 140
leaf_count=129 112 165 103 106 117 108 109 112 121 140
internal_value=0 -1.9126 0.341604 -7.48946 4.72466 9.24506 13.1767 6.47174 -3.48043 -1.70887
internal_weight=0 1210 1045 375 670 432 329 220 238 269
internal_count=1322 1210 1045 375 670 432 329 220 238 269
is_linear=0
shrinkage=0.05


Tree=11
num_leaves=9
num_cat=0
split_feature=0 5 10 0 10 13 12 12
split_gain=3.4244e+07 1.99303e+07 1.01546e+07 1.78632e+07 1.42834e+07 5.05033e+06 1.01089e+07 5.19294e+06
threshold=6.6652540254025405 5.5000000000000009 6655.4568750000008 4.9384730139680642 5115.1527500000002 5469.2313831845249 7638.8025000000007 3987.1552500000003
decision_type=2 2 2 2 2 8 8 10
left_child=1 2 3 5 -5 6 -1 -7
right_child=-2 -3 -4 4 -6 7 -8 -9
leaf_value=7.2682190280849657 19.84089738726616 -20.330877977536048 -12.12770649627015 25.040511158379644 2.3116143317632778 -3.3495810996898463 -12.619020741939545 -17.785062469877641
leaf_weight=177 172 162 182 110 186 142 100 111
leaf_count=177 172 162 182 110 186 142 100 111
internal_value=0 -4.05268 -1.43654 0.919136 10.7582 -4.57587 0.0887101 -9.68293
internal_weight=0 1170 1008 826 296 530 277 253
internal_count=1342 1170 1008 826 296 530 277 253
is_linear=0
shrinkage=0.05


Tree=12
num_leaves=10
num_cat=0
split_feature=0 11 13 13 8 14 13 15 0
split_gain=4.37517e+07 1.77088e+07 1.38117e+07 1.24257e+07 6.59909e+06 1.16256e+07 8.92296e+06 1.02981e+07 4.14352e+06
threshold=7.210762742940962 1506.7007500000002 3978.4661979166672 4771.129851190477 0.96702428660826045 -449.02100000000013 6601.2711622023817 5.2539920658732546 5.496699669966997
decision_type=2 10 10 10 2 10 10 2 2
left_child=1 -1 -3 -4 5 -5 7 -7 -8
right_child=-2 2 3 4 -6 6 8 -9 -10
leaf_value=-16.039200763451426 32.074716966292435 18.038651994630403 -13.605463225601694 -11.846161678314211 -7.9241526710359684 4.072033571033943 -8.3598317542878711 22.87392190749409 5.6971042056696133
leaf_weight=190 102 102 169 100 152 164 101 131 109
leaf_count=190 102 102 169 100 152 164 101 131 109
internal_value=0 -2.01558 0.576333 -1.34716 1.3895 3.72946 6.81374 12.4213 -1.06361
internal_weight=0 1218 1028 926 757 605 505 295 210
internal_count=1320 1218 1028 926 757 605 505 295 210
is_linear=0
shrinkage=0.05


Tree=13
num_leaves=10
num_cat=0
split_feature=1 5 12 5 13 15 13 10 16
split_gain=3.06247e+07 1.55129e+07 1.24467e+07 1.20524e+07 1.5177e+07 8.59465e+06 7.27775e+06 6.41547e+06 5.41284e+06
threshold=44.42561124441638 5.5000000000000009 7638.8025000000007 1.5000000000000002 5132.1188556547631 3.6131696502983632 6215.3105863095252 4927.9083750000009 0.67858452511917877
decision_type=2 2 10 2 8 2 10 2 2
left_child=1 2 3 4 -1 -5 -6 -7 -9
right_child=-2 -3 -4 5 6 7 -8 8 -10
leaf_value=6.1621188893284602 19.235005817995514 -17.565901277860004 -16.769740066358022 -6.6259018598458717 -24.666048759517103 15.461049757426885 -5.8665257469813028 9.4117451565377674 -5.537742737227795
leaf_weight=142 172 165 112 117 101 193 105 149 102
leaf_count=142 172 165 112 117 101 193 105 149 102
internal_value=0 -3.34112 -1.04231 0.895508 -6.41447 5.43004 -15.0838 8.60694 3.33665
internal_weight=0 1186 1021 909 348 561 206 444 251
internal_count=1358 1186 1021 909 348 561 206 444 251
is_linear=0
shrinkage=0.05


Tree=14
num_leaves=11
num_cat=0
split_feature=1 14 1 10 11 12 11 7 12 1
split_gain=3.33121e+07 2.49855e+07 1.4844e+07 1.26941e+07 8.9456e+06 1.46067e+07 6.08427e+06 7.79904e+06 6.12217e+06 2.49493e+06
threshold=51.995121429404129 -720.7254999999999 31.306697598292967 6094.9231250000012 6967.0636250000007 4913.8135000000011 1461.8552500000003 0.30492459129721267 4625.6637500000006 20.818672744834473
decision_type=2 8 2 2 10 8 10 2 10 2
left_child=1 -1 3 6 5 -4 -3 8 -8 -9
right_child=-2 2 4 -5 -6 -7 7 9 -10 -11
leaf_value=-25.301292678026055 27.881791433984162 -10.02171668291092 2.1253337119389508 -19.2949490927775 -1.0621474494684988 28.626497855413529 4.4473249875149632 3.7193649249840841 -11.207844975747561 13.49744192198211
leaf_weight=104 102 145 103 109 134 105 106 181 152 102
leaf_count=104 102 145 103 109 134 105 106 181 152 102
internal_value=0 -1.84327 0.302404 -3.44469 9.01276 15.5033 -0.926211 1.51159 -4.77588 7.24362
internal_weight=0 1241 1137 795 342 208 686 541 258 283
internal_count=1343 1241 1137 795 342 208 686 541 258 283
is_linear=0
shrinkage=0.05


Tree=15
num_leaves=10
num_cat=0
split_feature=14 1 12 10 1 3 3 13 12
split_gain=2.25257e+07 2.87617e+07 1.67066e+07 1.63811e+07 1.01756e+07 1.09203e+07 3.81351e+06 4.65369e+06 4.70926e+06
threshold=-826.26949999999988 37.580073818581042 4052.0387500000006 6655.4568750000008 24.981048752891478 0.67511068198625857 0.71517305858603708 5946.3511607142864 7103.7228750000004
decision_type=8 2 8 2 2 2 2 8 8
left_child=-1 3 -3 4 6 -6 7 8 -2
right_child=1 2 -4 -5 5 -7 -8 -9 -10
leaf_value=-23.489283056542426 8.632452142649683 0.40005491883666427 25.883560260886668 -20.190575001850604 20.562742618953482 -0.9145758425935786 -10.35931368125766 -8.1040687535703189 -5.3895688475347043
leaf_weight=101 145 108 159 121 102 141 171 160 102
leaf_count=101 145 108 159 121 102 141 171 160 102
internal_value=0 1.09012 15.5756 -3.01565 -0.484384 8.10059 -4.09364 -1.46113 2.84198
internal_weight=0 1209 267 942 821 243 578 407 247
internal_count=1310 1209 267 942 821 243 578 407 247
is_linear=0
shrinkage=0.05


Tree=16
num_leaves=11
num_cat=0
split_feature=0 3 10 13 0 10 0 7 13 0
split_gain=2.7614e+07 1.29139e+07 1.84771e+07 1.1298e+07 1.0541e+07 1.26707e+07 1.00535e+07 7.23427e+06 5.9429e+06 6.21383e+06
threshold=7.210762742940962 0.68902174940751804 6145.0835000000015 4706.3317857142865 5.9529994666133286 6507.9031250000007 4.9763934726806029 0.25162638057143294 5469.2313831845249 3.6516401640164022
decision_type=2 2 2 10 2 2 2 2 8 2
left_child=1 4 3 -3 5 6 8 -5 9 -1
right_child=-2 2 -4 7 -6 -7 -8 -9 -10 -11
leaf_value=-2.9381265033589732 26.092127373695373 -14.018380163652559 -26.542396160635619 -5.4694446783954822 15.656831332818786 -15.023911740950176 17.585941374594093 11.364487823650991 -6.4488061360856328 14.515492845623241
leaf_weight=101 100 140 101 118 134 112 102 139 188 103
leaf_count=101 100 140 101 118 134 112 102 139 188 103
internal_value=0 -1.22295 -7.44796 -2.59019 2.96631 0.160161 3.6027 3.63529 -0.0357923 5.87424
internal_weight=0 1238 498 397 740 606 494 257 392 204
internal_count=1338 1238 498 397 740 606 494 257 392 204
is_linear=0
shrinkage=0.05


Tree=17
num_leaves=9
num_cat=0
split_feature=0 5 5 10 11 13 15 3
split_gain=2.18214e+07 1.45551e+07 1.14633e+07 1.53942e+07 9.10714e+06 8.74939e+06 8.25881e+06 1.12648e+07
threshold=7.210762742940962 5.5000000000000009 1.5000000000000002 5987.3358750000016 7419.4412500000008 5132.1188556547631 4.2250641730839762 0.70536283267115929
decision_type=2 2 2 2 10 8 2 2
left_child=1 2 3 5 6 -1 -4 -8
right_child=-2 -3 4 -5 -6 -7 7 -9
leaf_value=9.0592798036473408 22.163654835710247 -15.28282721902049 -0.92679186722079487 -22.351015794060448 -5.7856921035157152 -9.3216825139475983 19.900490770424682 0.93772054763940682
leaf_weight=131 103 172 182 110 169 128 197 130
leaf_count=131 103 172 182 110 169 128 197 130
internal_value=0 -1.80297 0.411481 -6.68027 4.27115 -0.0247479 7.61026 12.3618
internal_weight=0 1219 1047 369 678 259 509 327
internal_count=1322 1219 1047 369 678 259 509 327
is_linear=0
shrinkage=0.05


Tree=18
num_leaves=10
num_cat=0
split_feature=15 3 10 0 0 10 0 13 12
split_gain=2.34444e+07 1.41624e+07 1.8188e+07 1.62934e+07 1.46254e+07 1.28316e+07 9.35883e+06 4.00088e+06 6.35443e+06
threshold=8.4144747808114158 0.68902174940751804 5115.1527500000002 5.9381938193819392 4.6875145847918134 6655.4568750000008 4.9763934726806029 5469.2313831845249 6896.6761250000009
decision_type=2 2 2 2 2 2 2 8 8
left_child=1 3 4 5 -3 6 7 8 -1
right_child=-2 2 -4 -5 -6 -7 -8 -9 -10
leaf_value=12.582054476871669 23.975809474786125 -9.1315480127519013 -20.679556472642574 18.075153551245698 13.670896023252736 -16.745648240327835 15.833078844831626 -6.0026900474695459 -4.7735962363389826
leaf_weight=107 102 181 173 149 115 100 109 188 104
leaf_count=107 102 181 173 149 115 100 109 188 104
internal_value=0 -0.972644 -7.80004 3.25728 -0.27249 -0.374078 2.84867 -0.698446 4.02761
internal_weight=0 1226 469 757 296 608 508 399 211
internal_count=1328 1226 469 757 296 608 508 399 211
is_linear=0
shrinkage=0.05


Tree=19
num_leaves=9
num_cat=0
split_feature=15 3 13 15 13 11 13 11
split_gain=1.81854e+07 1.26239e+07 1.42339e+07 1.34689e+07 9.18362e+06 5.63508e+06 4.38377e+06 3.3417e+06
threshold=8.1407307397406417 0.6716660069726007 5090.1668883928587 5.5964679801313482 5798.6745944940476 3692.3112500000002 5560.4712291666674 6683.4167500000012
decision_type=2 2 8 2 8 8 10 8
left_child=1 3 -3 5 -5 -1 -4 -7
right_child=-2 2 6 4 -6 7 -8 -9
leaf_value=-12.008369154006513 18.483706606362688 -18.964262346622071 6.1420334996295587 23.391876276259154 2.9035379517394886 5.2583341073151217 -6.0357426257622553 -4.1851955668064162
leaf_weight=111 122 183 119 106 113 199 195 177
leaf_count=111 122 183 119 106 113 199 195 177
internal_value=0 -1.77572 -7.88034 2.52173 12.8203 -2.10945 -1.4206 0.812843
internal_weight=0 1203 497 706 219 487 314 376
internal_count=1325 1203 497 706 219 487 314 376
is_linear=0
shrinkage=0.05


Tree=20
num_leaves=10
num_cat=0
split_feature=0 14 0 11 14 10 3 11 0
split_gain=1.98294e+07 1.39792e+07 1.04933e+07 8.90591e+06 1.09289e+07 8.02494e+06 6.07012e+06 5.68947e+06 5.03832e+06
threshold=7.210762742940962 -639.16212499999972 5.496699669966997 6967.0636250000007 318.73999999999984 4322.9445000000005 0.7198766440142953 6788.9453750000002 3.8531228122812284
decision_type=2 8 2 10 8 2 2 8 2
left_child=1 -1 5 4 -4 6 8 -7 -3
right_child=-2 2 3 -5 -6 7 -8 -9 -10
leaf_value=-17.119921210408211 21.462174096761967 -0.17639216302146377 2.9992401763012535 -2.3649462057993964 25.413179943653255 -3.7932957943604921 -6.0018196595211828 -17.546739582352526 13.77172466466407
leaf_weight=128 102 142 114 143 104 196 168 122 119
leaf_count=128 102 142 114 143 104 196 168 122 119
internal_value=0 -1.47521 0.332121 7.33157 13.6921 -3.05048 1.41138 -9.06977 6.18309
internal_weight=0 1236 1108 361 218 747 429 318 261
internal_count=1338 1236 1108 361 218 747 429 318 261
is_linear=0
shrinkage=0.05


Tree=21
num_leaves=11
num_cat=0
split_feature=0 3 10 0 16 0 10 13 0 10
split_gain=1.73622e+07 1.02723e+07 1.25516e+07 1.52508e+07 9.40464e+06 8.94911e+06 9.01181e+06 5.10125e+06 6.42984e+06 4.79774e+06
threshold=7.210762742940962 0.63706654998659862 5141.3960000000006 4.8388922225555904 1.3430009667633434 5.5706653998733211 5792.9618750000009 6110.2637946428576 3.6203787045371212 3020.5996250000003
decision_type=2 2 2 2 2 2 2 8 2 2
left_child=1 5 3 9 -4 6 7 8 -1 -3
right_child=-2 2 4 -5 -6 -7 -8 -9 -10 -11
leaf_value=-1.381132117680141 20.889730140950419 0.27471856391958654 -22.833769047782368 16.748232779514442 -2.9456420461336776 14.170004699137303 -12.63187965756371 -4.0646046858845342 14.818946810806692 -14.212620155766325
leaf_weight=105 101 124 137 103 105 154 105 132 147 106
leaf_count=105 101 124 137 103 105 154 105 132 147 106
internal_value=0 -0.683294 -5.539 0.758545 -14.2046 3.6589 0.348653 3.89802 8.06891 -6.40205
internal_weight=0 1218 575 333 242 643 489 384 252 230
internal_count=1319 1218 575 333 242 643 489 384 252 230
is_linear=0
shrinkage=0.05


Tree=22
num_leaves=9
num_cat=0
split_feature=0 14 11 11 11 16 16 14
split_gain=1.43367e+07 1.47124e+07 1.76748e+07 7.47707e+06 3.42347e+06 2.82623e+06 2.09724e+06 1.82326e+06
threshold=5.496699669966997 16.86012500000027 6908.167625000001 2584.7607500000008 7048.5988750000006 0.83474597459745914 0.52559422608927553 335.57862500000061
decision_type=2 8 8 8 8 2 2 10
left_child=3 -2 -3 -1 5 7 -6 -5
right_child=1 2 -4 4 6 -7 -8 -9
leaf_value=-17.088608656521888 -6.1059396382444397 22.50904349347271 -0.11172279606825151 -1.3975005631039783 -11.220043781441703 -6.2309888952333514 -2.1362410048298215 5.910104558441077
leaf_weight=100 161 189 159 164 142 131 115 178
leaf_count=100 161 189 159 164 142 131 115 178
internal_value=0 6.39173 12.1737 -4.26654 -2.51009 0.0138456 -7.15531 2.40587
internal_weight=0 509 348 830 730 473 257 342
internal_count=1339 509 348 830 730 473 257 342
is_linear=0
shrinkage=0.05


Tree=23
num_leaves=11
num_cat=0
split_feature=14 15 5 10 13 0 5 10 13 0
split_gain=1.8349e+07 2.16406e+07 1.10729e+07 1.10278e+07 8.51634e+06 6.67169e+06 7.83042e+06 3.62526e+06 5.01843e+06 6.46542e+06
threshold=-720.7254999999999 8.1407307397406417 1.5000000000000002 6265.0037500000008 5132.1188556547631 5.3048179817981813 4.5000000000000009 4290.2633750000014 5083.5082946428583 3.6974072407240728
decision_type=8 2 2 2 8 2 2 2 10 2
left_child=-1 2 3 4 -2 7 -7 8 9 -4
right_child=1 -3 5 -5 -6 6 -8 -9 -10 -11
leaf_value=-19.953847588653918 7.4557693475171138 21.800258932193788 -10.806680369826983 -22.061870868194223 -11.828930025929992 16.826935202209917 -0.25972108706877001 -6.7661649770679935 11.249787399768829 6.8271682599011587
leaf_weight=108 114 119 106 101 115 146 124 168 105 102
leaf_count=108 114 119 106 101 115 146 124 168 105 102
internal_value=0 1.56293 -0.664862 -8.29884 -2.22869 2.68962 8.97973 -0.841216 2.33895 -2.15931
internal_weight=0 1200 1081 330 229 751 270 481 313 208
internal_count=1308 1200 1081 330 229 751 270 481 313 208
is_linear=0
shrinkage=0.05


Tree=24
num_leaves=11
num_cat=0
split_feature=5 15 5 12 10 0 11 10 11 12
split_gain=1.72495e+07 1.62124e+07 7.82455e+06 8.17417e+06 7.2073e+06 5.14173e+06 5.69152e+06 3.22346e+06 2.53618e+06 1.42869e+06
threshold=5.5000000000000009 8.2290479047904821 1.5000000000000002 7615.7300000000005 6217.5320000000002 3.7253892055872249 3870.4553750000005 4290.2633750000014 4804.7018750000007 4115.7787500000013
decision_type=2 2 2 10 2 2 8 2 10 8
left_child=1 2 4 5 8 -4 -7 -8 -1 -9
right_child=-2 -3 3 -5 -6 6 7 9 -10 -11
leaf_value=-4.699412255246064 -12.987083409810248 21.59826239559138 -2.7867473525660382 -8.7366522369384771 -15.67607458034214 17.588857796552372 12.699005301872104 5.8992020836243269 5.1273085476954776 -2.4498851405511992
leaf_weight=145 196 107 112 100 106 139 101 104 120 101
leaf_count=145 196 107 112 100 106 139 101 104 120 101
internal_value=0 3.07574 1.14781 4.4258 -4.65715 6.78889 9.19894 5.38784 -0.249576 1.78575
internal_weight=0 1135 1028 657 371 557 445 306 265 205
internal_count=1331 1135 1028 657 371 557 445 306 265 205
is_linear=0
shrinkage=0.05


Tree=25
num_leaves=9
num_cat=0
split_feature=0 11 13 12 12 0 12 4
split_gain=1.79735e+07 1.36155e+07 5.07245e+06 7.39275e+06 1.09878e+07 1.71523e+07 5.82113e+06 4.35411e+06
threshold=6.6652540254025405 2387.2200000000007 6380.9452492559531 6483.8737500000007 3672.9137500000002 4.8233531686501996 3257.6495000000009 10.500000000000002
decision_type=2 8 8 10 8 2 10 2
left_child=1 -1 3 4 -3 -6 7 -4
right_child=-2 2 6 -5 5 -7 -8 -9
leaf_value=-18.685942236660864 15.090644469384475 -6.5477650056593122 -6.7337822501680682 -5.7970507406827174 1.7316913963574443 25.71102825641632 -12.30457621332258 7.2714737655357879
leaf_weight=114 171 128 112 198 197 120 160 110
leaf_count=114 171 128 112 198 197 120 160 110
internal_value=0 -2.29387 -0.470748 2.24034 5.81652 10.809 -5.03417 0.205759
internal_weight=0 1139 1025 643 445 317 382 222
internal_count=1310 1139 1025 643 445 317 382 222
is_linear=0
shrinkage=0.05


Tree=26
num_leaves=9
num_cat=0
split_feature=14 0 10 12 0 3 12 13
split_gain=1.34813e+07 1.76294e+07 1.56895e+07 1.10846e+07 8.6555e+06 5.392e+06 4.4999e+06 3.56183e+06
threshold=-720.7254999999999 6.1439018901890199 6534.5297500000006 4052.0387500000006 5.3048179817981813 0.71517305858603708 7615.7300000000005 5469.2313831845249
decision_type=8 2 2 8 2 2 8 10
left_child=-1 2 4 -3 5 6 7 -2
right_child=1 3 -4 -5 -6 -7 -8 -9
leaf_value=-16.505041994011922 11.887229120494828 -0.41209861358793659 -17.032620113436135 20.547834374365351 12.243478985141508 -8.4506231094018016 -4.2282209791007794 -0.14921256383260093
leaf_weight=115 126 101 144 168 139 195 190 120
leaf_count=115 126 101 144 168 139 195 190 120
internal_value=0 1.42706 -1.88425 12.6781 0.948695 -1.53938 1.55166 6.01579
internal_weight=0 1183 914 269 770 631 436 246
internal_count=1298 1183 914 269 770 631 436 246
is_linear=0
shrinkage=0.05


Tree=27
num_leaves=11
num_cat=0
split_feature=3 1 13 10 13 1 10 11 16 1
split_gain=1.37008e+07 1.61148e+07 1.39732e+07 1.22209e+07 7.03638e+06 6.81207e+06 5.10606e+06 4.1256e+06 3.35996e+06 3.06357e+06
threshold=0.70536283267115929 37.995256299814351 4771.129851190477 6663.3981250000006 6558.8215498511909 24.981048752891478 5115.1527500000002 6683.4167500000012 0.32529502950295092 18.619364361400862
decision_type=2 2 8 2 8 2 2 8 2 2
left_child=1 3 -2 5 -3 7 9 8 -1 -4
right_child=2 4 6 -5 -6 -7 -8 -9 -10 -11
leaf_value=10.126455805023898 -23.681334042549135 23.468005501291028 -4.139482605281998 -15.091102877136104 5.3331183836460117 12.462983348186199 -10.594690095633268 -7.3403336782713202 -1.5703306674957276 7.943712226053079
leaf_weight=103 104 115 102 121 100 130 128 148 152 108
leaf_count=103 104 115 102 121 100 130 128 148 152 108
internal_value=0 3.15795 -7.65449 -0.745979 15.0332 2.51061 -2.72316 -0.699838 3.15425 2.07473
internal_weight=0 869 442 654 215 533 338 403 255 210
internal_count=1311 869 442 654 215 533 338 403 255 210
is_linear=0
shrinkage=0.05


Tree=28
num_leaves=10
num_cat=0
split_feature=14 0 10 11 14 3 0 13 3
split_gain=1.57308e+07 1.7273e+07 1.03061e+07 1.02272e+07 1.34118e+07 4.30877e+06 5.30962e+06 2.5237e+06 2.01112e+06
threshold=-720.7254999999999 5.5952386905357212 6094.9231250000012 6967.0636250000007 480.08200000000039 0.72348665796561418 4.7868078474514126 5975.2409449404777 0.50918737280841453
decision_type=8 2 2 10 10 2 2 8 2
left_child=-1 2 5 4 -3 6 7 8 -2
right_child=1 3 -4 -5 -6 -7 -8 -9 -10
leaf_value=-18.341949061144177 5.8018670189207882 6.891424547239791 -17.523850784429069 -0.27312443494796751 29.63647563754796 -7.1416327886568398 10.476849233467162 -6.6536807079306417 -3.4832630626451557
leaf_weight=107 138 172 103 165 104 183 131 136 101
leaf_count=107 138 172 103 165 104 183 131 136 101
internal_value=0 1.64395 -2.77205 9.57472 15.462 -0.566769 1.8111 -1.21614 1.87803
internal_weight=0 1233 792 441 276 689 506 375 239
internal_count=1340 1233 792 441 276 689 506 375 239
is_linear=0
shrinkage=0.05


Tree=29
num_leaves=10
num_cat=0
split_feature=5 5 10 11 13 14 13 0 13
split_gain=1.59001e+07 1.20269e+07 1.16665e+07 1.05576e+07 1.82411e+07 1.10034e+07 8.77916e+06 7.3547e+06 6.69652e+06
threshold=5.5000000000000009 1.5000000000000002 6217.5320000000002 8546.1325000000015 5081.3232953869056 223.68625000000023 6315.4483363095251 4.5627479414608141 5132.1188556547631
decision_type=2 2 2 10 10 8 10 2 8
left_child=1 2 8 4 5 -3 -6 -7 -1
right_child=-2 3 -4 -5 6 7 -8 -9 -10
leaf_value=8.807476982317473 -13.172620052032773 -12.05288070521803 -17.932177319626014 -8.5181117628692498 25.339659661579432 -1.5347500566800103 8.2341165999921273 16.762041160172107 -6.8595262117045266
leaf_weight=133 199 117 120 109 159 119 142 102 140
leaf_count=133 199 117 120 109 159 119 142 102 140
internal_value=0 2.14363 -4.93842 5.86455 8.31793 0.345875 17.2699 6.90992 0.773116
internal_weight=0 1141 393 748 639 338 301 221 273
internal_count=1340 1141 393 748 639 338 301 221 273
is_linear=0
shrinkage=0.05


Tree=30
num_leaves=11
num_cat=0
split_feature=3 10 0 10 11 0 0 11 15 10
split_gain=1.02826e+07 1.75429e+07 1.59643e+07 1.3486e+07 6.52009e+06 5.30375e+06 5.14218e+06 2.64483e+06 3.28729e+06 2.25627e+06
threshold=0.70536283267115929 5881.7398750000011 6.1640289028902897 6534.5297500000006 6386.7641250000006 4.9763934726806029 4.9554080408040813 8377.5663750000022 3.6367928459512622 2793.3030000000003
decision_type=2 2 2 2 8 2 2 8 2 2
left_child=2 6 3 5 -4 7 9 8 -1 -2
right_child=1 -3 4 -5 -6 -7 -8 -9 -10 -11
leaf_value=-3.4915542306322038 -0.75359953131388746 -24.889582547903061 23.50860332992842 -15.090940116599754 6.1700702740265445 12.294097317116602 6.7449480025584876 -6.966457450623607 7.1234331287489345 -10.997879101851277
leaf_weight=132 108 100 106 135 111 112 130 102 163 107
leaf_count=132 108 100 106 135 111 112 130 102 163 107
internal_value=0 -6.45006 2.91069 -1.04143 14.6396 2.68486 -1.10527 -0.026056 2.37368 -5.85192
internal_weight=0 445 861 644 217 509 345 397 295 215
internal_count=1306 445 861 644 217 509 345 397 295 215
is_linear=0
shrinkage=0.05


Tree=31
num_leaves=10
num_cat=0
split_feature=14 0 10 12 0 3 3 10 7
split_gain=1.08412e+07 1.28761e+07 8.26489e+06 8.18075e+06 4.97484e+06 7.02392e+06 2.7159e+06 2.97021e+06 6.59605e+06
threshold=-771.53750000000002 6.1302588592192562 6534.5297500000006 4165.9275000000007 4.6439852318565196 0.6659910053267355 0.47915975427328211 2620.7030000000004 0.30492459129721267
decision_type=8 2 2 8 2 2 2 2 2
left_child=-1 2 4 -3 6 -6 -2 -8 -9
right_child=1 3 -4 -5 5 -7 7 8 -10
leaf_value=-15.627895686673183 4.6504784888625146 0.37362077258667858 -13.1756900139153 18.328684297552968 12.750988737195732 -1.6850538623801778 1.3230432288681004 -16.799722276904941 -0.68589429135980273
leaf_weight=102 100 106 128 158 160 178 139 113 145
leaf_count=102 100 106 128 158 160 178 139 113 145
internal_value=0 1.33691 -1.3449 11.1195 0.468678 5.14858 -2.71403 -4.56907 -7.7435
internal_weight=0 1227 963 264 835 338 497 397 258
internal_count=1329 1227 963 264 835 338 497 397 258
is_linear=0
shrinkage=0.05


Tree=32
num_leaves=11
num_cat=0
split_feature=14 11 15 13 7 7 12 13 15 10
split_gain=8.82517e+06 1.60864e+07 1.04323e+07 9.31502e+06 8.19202e+06 6.46266e+06 7.14424e+06 5.7975e+06 3.95719e+06 4.17577e+06
threshold=59.139999999999652 4746.6350000000011 8.0861377804447123 4771.129851190477 0.51925957881181095 0.30492459129721267 4698.8862500000005 6861.9313742559543 5.5964679801313482 4707.9080000000004
decision_type=10 8 2 10 2 2 10 10 2 2
left_child=1 4 5 -3 -1 6 -2 8 9 -7
right_child=2 3 -4 -5 -6 7 -8 -9 -10 -11
leaf_value=-5.8032663536923277 4.3447486805915831 -4.9668864999080728 18.265757394075393 12.977568106284508 -23.527694424571564 10.347719041038964 -13.315768076946487 -5.7218090242871611 14.00813531102219 -3.8904904770163391
leaf_weight=140 100 163 100 130 122 102 134 107 142 104
leaf_count=140 100 163 100 130 122 102 134 107 142 104
internal_value=0 -5.05469 3.17429 2.99482 -14.0566 0.983948 -5.76854 4.45665 7.58624 3.1595
internal_weight=0 555 789 293 262 689 234 455 348 206
internal_count=1344 555 789 293 262 689 234 455 348 206
is_linear=0
shrinkage=0.05


Tree=33
num_leaves=11
num_cat=0
split_feature=5 5 10 1 13 12 10 12 13 8
split_gain=1.13561e+07 9.16209e+06 1.39559e+07 6.78635e+06 7.38123e+06 5.92249e+06 7.37483e+06 5.57221e+06 5.44311e+06 2.565e+06
threshold=5.5000000000000009 1.5000000000000002 6217.5320000000002 28.718328940861831 6601.2711622023817 3846.0587500000006 3832.7250000000008 4309.4613750000008 4724.1026607142858 0.95506339853352273
decision_type=2 2 2 2 10 8 2 8 10 2
left_child=1 2 8 5 7 -3 9 -5 -1 -7
right_child=-2 3 -4 4 -6 6 -8 -9 -10 -11
leaf_value=-6.9618958187553126 -11.534021340012551 11.587414355663693 -18.593322138362012 7.8831098567764712 0.12133234148675745 -2.0998223693282516 -12.472949183144067 23.983514515631793 7.4586790331623014 8.9017083963952395
leaf_weight=106 180 102 118 106 110 108 114 109 171 104
leaf_count=106 180 102 118 106 110 108 114 109 171 104
internal_value=0 1.97353 -4.19377 5.20871 10.6559 1.07242 -2.21754 16.0456 1.94034 3.29715
internal_weight=0 1148 395 753 325 428 326 215 277 212
internal_count=1328 1148 395 753 325 428 326 215 277 212
is_linear=0
shrinkage=0.05


Tree=34
num_leaves=12
num_cat=0
split_feature=3 10 0 10 0 12 0 11 10 15 10
split_gain=1.021e+07 1.74984e+07 1.05201e+07 1.35692e+07 7.62466e+06 6.15347e+06 7.78162e+06 5.46138e+06 3.15845e+06 2.27499e+06 3.14633e+06
threshold=0.70536283267115929 5909.6556250000012 6.1532653265326545 6663.3981250000006 4.9554080408040813 6896.6761250000009 4.9763934726806029 6534.6750000000011 2793.3030000000003 3.1692169216921693 4410.6033750000006
decision_type=2 2 2 2 2 10 2 8 2 2 2
left_child=2 4 3 5 8 6 9 -4 -2 -1 -11
right_child=1 -3 7 -5 -6 -7 -8 -9 -10 10 -12
leaf_value=-4.0928690479797067 -0.53278804538405955 -24.502906455993653 20.636543870283802 -15.502645508232327 8.6373308731649168 -7.4151567029618777 17.212934648049508 4.5748025485697914 -12.681493051667811 11.301584165371381 -0.38636822915354441
leaf_weight=103 107 100 110 115 133 107 114 102 107 104 129
leaf_count=103 107 100 110 115 133 107 114 102 107 104 129
internal_value=0 -6.07484 3.19757 0.133938 -0.764159 3.36232 5.92496 12.9087 -6.60714 2.09511 4.83057
internal_weight=0 447 884 672 347 557 450 212 214 336 233
internal_count=1331 447 884 672 347 557 450 212 214 336 233
is_linear=0
shrinkage=0.05


Tree=35
num_leaves=10
num_cat=0
split_feature=3 6 0 10 0 6 16 14 13
split_gain=1.10169e+07 1.66023e+07 1.56835e+07 5.72284e+06 3.25381e+06 2.36757e+06 3.34427e+06 1.71327e+06 1.94876e+06
threshold=0.70536283267115929 1.0000000180025095e-35 6.1981739840650745 6909.1327500000007 5.1646831349801658 1.0000000180025095e-35 0.33783795046171333 536.9752500000003 5067.721941964287
decision_type=2 2 2 2 2 2 2 10 10
left_child=2 7 3 4 5 6 -1 8 -2
right_child=1 -3 -4 -5 -6 -7 -8 -9 -10
leaf_value=4.0635038110940469 -1.9098163509368895 -22.261394282990853 16.342068192693922 -10.462745890021324 9.4188326141357432 6.6844763629966311 -6.1747125967154428 -5.0669128791049678 7.7343000998497011
leaf_weight=138 110 113 198 104 125 108 189 108 100
leaf_count=138 110 113 198 104 125 108 189 108 100
internal_value=0 -5.7991 3.99144 0.308577 2.30896 0.2659 -1.854 0.0507032 2.68262
internal_weight=0 431 862 664 560 435 327 318 210
internal_count=1293 431 862 664 560 435 327 318 210
is_linear=0
shrinkage=0.05


Tree=36
num_leaves=10
num_cat=0
split_feature=1 10 1 4 6 7 11 7 10
split_gain=9.70367e+06 6.8636e+06 1.59421e+07 1.22159e+07 2.39063e+07 5.60667e+06 2.91917e+06 2.96601e+06 3.64793e+06
threshold=51.995121429404129 5244.9171250000009 24.484757828280582 6.5000000000000009 1.0000000180025095e-35 0.48701323694739107 1901.4648750000003 0.50911042721485689 3060.8093750000003
decision_type=2 2 2 2 2 2 10 2 2
left_child=1 2 6 -3 5 -5 -1 8 -8
right_child=-2 3 -4 4 -6 -7 7 -9 -10
leaf_value=-8.3835081278360803 14.482956112009809 5.1174696813706912 17.778914788237309 -10.225651493767899 -29.732168826020285 4.551889019167942 4.0785085601764814 6.3814742792736405 -7.6413880201255751
leaf_weight=130 103 179 128 120 115 138 114 132 159
leaf_count=130 103 179 128 120 115 138 114 132 159
internal_value=0 -1.50117 1.92786 -5.61973 -10.7724 -2.32139 -1.86455 0.22796 -2.74737
internal_weight=0 1215 663 552 373 258 535 405 273
internal_count=1318 1215 663 552 373 258 535 405 273
is_linear=0
shrinkage=0.05


Tree=37
num_leaves=10
num_cat=0
split_feature=3 0 10 13 10 0 15 13 10
split_gain=6.85451e+06 1.12885e+07 9.37579e+06 9.15435e+06 8.60815e+06 5.06529e+06 3.8271e+06 2.85554e+06 1.96774e+06
threshold=0.70789142160441121 5.5952386905357212 5528.589750000001 6527.5025967261909 6217.5320000000002 4.9554080408040813 4.667408407507418 5469.2313831845249 2701.2275000000004
decision_type=2 2 2 8 2 2 2 8 2
left_child=1 4 5 -3 6 8 7 -1 -2
right_child=2 3 -4 -5 -6 -7 -8 -9 -10
leaf_value=2.5212531141818517 -0.11885636043548585 17.276967126450948 -17.491002705013543 -0.17535234736645317 -15.017332563638687 7.8423499627693278 8.6339446010589604 -6.6673739045274019 -9.6521008677401792
leaf_weight=189 100 184 114 127 100 111 125 153 118
leaf_count=189 100 184 114 127 100 111 125 153 118
internal_value=0 2.495 -5.13388 10.1501 -1.70385 -0.852075 1.14701 -1.58945 -5.27905
internal_weight=0 878 443 311 567 329 467 342 218
internal_count=1321 878 443 311 567 329 467 342 218
is_linear=0
shrinkage=0.05


Tree=38
num_leaves=11
num_cat=0
split_feature=14 11 13 0 7 7 13 7 10 10
split_gain=8.85433e+06 1.2097e+07 1.13745e+07 1.04942e+07 7.53937e+06 5.46824e+06 5.49106e+06 5.08872e+06 2.75741e+06 2.6742e+06
threshold=16.86012500000027 4284.1401250000008 7319.4136011904775 5.9671967196719677 0.48055468142177449 0.37736830469716404 4910.2443452380967 0.31147660539524274 5346.7882500000005 3605.6853750000005
decision_type=10 8 10 2 2 2 10 2 2 2
left_child=1 4 3 7 -1 -3 -7 9 -9 -2
right_child=2 5 -4 -5 -6 6 -8 8 -10 -11
leaf_value=-5.4040441737591642 0.87594197627601289 9.6569213212078271 -12.684709549933963 14.841604527037347 -24.581708860397342 -12.368765765077928 4.0781896968879323 9.9980821580253547 0.44344267978534835 -10.332015356421472
leaf_weight=103 109 110 103 199 102 102 101 160 143 104
leaf_count=103 109 110 103 199 102 102 101 160 143 104
internal_value=0 -5.50465 2.84964 5.08746 -14.9461 0.679056 -4.1858 1.32569 5.4888 -4.59649
internal_weight=0 518 818 715 205 313 203 516 303 213
internal_count=1336 518 818 715 205 313 203 516 303 213
is_linear=0
shrinkage=0.05


Tree=39
num_leaves=11
num_cat=0
split_feature=3 5 0 10 13 12 0 11 15 5
split_gain=7.1722e+06 1.35566e+07 8.55595e+06 8.56192e+06 8.42508e+06 5.60216e+06 7.29754e+06 3.97854e+06 3.55716e+06 3.07347e+06
threshold=0.70440677252801454 4.5000000000000009 6.1640289028902897 6940.2165000000014 6380.9452492559531 6925.1222500000013 5.1646831349801658 6629.5200000000013 3.5891672500583396 1.5000000000000002
decision_type=2 2 2 2 8 10 2 8 2 2
left_child=2 9 3 5 -4 6 7 8 -1 -2
right_child=1 -3 4 -5 -6 -7 -8 -9 -10 -11
leaf_value=-1.9068774492652327 -5.4240774093031074 -19.276538092090238 21.199240564631523 -13.676107335448265 1.0132439365386963 -7.9633590576865458 16.039253382370852 -6.4549868150004031 10.328810755773025 4.1611418392240394
leaf_weight=108 147 124 107 100 100 110 107 116 132 194
leaf_count=108 147 124 107 100 100 110 107 116 132 194
internal_value=0 -5.11907 2.55789 -0.176372 11.4476 2.1796 4.58938 1.14798 4.82275 0.0290972
internal_weight=0 465 880 673 207 573 463 356 240 341
internal_count=1345 465 880 673 207 573 463 356 240 341
is_linear=0
shrinkage=0.05


Tree=40
num_leaves=9
num_cat=0
split_feature=5 5 11 0 13 13 13 13
split_gain=8.7228e+06 9.96345e+06 8.02089e+06 8.90473e+06 7.22483e+06 4.84751e+06 3.26548e+06 5.6836e+06
threshold=5.5000000000000009 1.5000000000000002 7993.7987500000008 5.9529994666133286 5132.1188556547631 6837.7285796130955 5083.5082946428583 6348.9505342261918
decision_type=2 2 10 2 8 8 8 8
left_child=1 4 3 6 -1 -6 -3 -8
right_child=-2 2 -4 -5 5 -7 7 -9
leaf_value=4.072374497857064 -9.48515663156744 -0.56344568954088303 -4.8596449665121133 17.800175651751069 -17.70057817956187 -3.2435376295819882 17.290894568084493 1.9884926675965913
leaf_weight=157 183 191 148 171 106 128 101 152
leaf_count=157 183 191 148 171 106 128 101 152
internal_value=0 2.26477 5.59058 8.10544 -4.22525 -9.79245 4.37165 8.09736
internal_weight=0 1154 763 615 391 234 444 253
internal_count=1337 1154 763 615 391 234 444 253
is_linear=0
shrinkage=0.05


Tree=41
num_leaves=9
num_cat=0
split_feature=5 5 13 11 14 15 13 13
split_gain=1.06921e+07 7.06067e+06 9.09829e+06 5.48311e+06 5.78046e+06 9.60045e+06 8.06003e+06 4.36851e+06
threshold=5.5000000000000009 1.5000000000000002 5132.1188556547631 7670.1621250000007 363.20212500000008 6.1164491449144922 5124.4507886904767 6180.8709747023822
decision_type=2 2 8 10 10 2 8 10
left_child=1 2 -1 4 6 -6 -3 -4
right_child=-2 3 7 -5 5 -7 -8 -9
leaf_value=5.4842743682272648 -10.570659355221666 -6.0847270719293096 -17.848987157821657 -3.3397130084943165 5.0283282903524551 24.874354584693911 9.8055625075068562 -3.6167309469137439
leaf_weight=162 197 144 100 158 156 100 179 117
leaf_count=162 197 144 100 158 156 100 179 117
internal_value=0 2.06413 -3.4818 4.91611 7.169 12.7807 2.72135 -10.1754
internal_weight=0 1116 379 737 579 256 323 217
internal_count=1313 1116 379 737 579 256 323 217
is_linear=0
shrinkage=0.05


Tree=42
num_leaves=10
num_cat=0
split_feature=5 5 11 0 11 8 10 0 3
split_gain=7.8315e+06 5.88032e+06 7.38612e+06 1.03637e+07 4.33504e+06 3.10608e+06 4.35787e+06 3.18923e+06 2.48692e+06
threshold=5.5000000000000009 1.0000000180025095e-35 7254.9400000000014 5.9671967196719677 1820.1568750000001 0.96895159827481836 5557.6150000000007 4.0791079107910795 0.64074991244383173
decision_type=2 2 10 2 10 2 2 2 2
left_child=1 -1 3 4 -3 6 7 -6 -4
right_child=-2 2 8 -5 5 -7 -8 -9 -10
leaf_value=-5.8915565962168444 -8.9796205678752052 -5.8421838763406724 0.5083935070881801 16.742822526569604 5.751750173114595 -1.7221478890507453 -0.70223844767763066 18.196642972691226 -10.288717024028301
leaf_weight=199 193 118 113 171 105 124 104 101 101
leaf_count=199 193 118 113 171 105 124 104 101 101
internal_value=0 1.91437 3.5722 5.98736 2.6555 4.96593 7.64117 11.8534 -4.58744
internal_weight=0 1136 937 723 552 434 310 206 214
internal_count=1329 1136 937 723 552 434 310 206 214
is_linear=0
shrinkage=0.05


Tree=43
num_leaves=11
num_cat=0
split_feature=0 12 11 13 11 12 3 8 14 11
split_gain=5.93142e+06 8.2505e+06 9.83605e+06 5.55125e+06 3.37501e+06 3.38247e+06 4.56556e+06 4.7149e+06 5.83401e+06 2.56256e+06
threshold=5.4532869953662049 3672.9137500000002 7393.6912500000008 6315.4483363095251 2625.5810000000006 6304.9237500000008 0.7297051653214679 0.84280301535687219 318.73999999999984 5292.9371250000013
decision_type=2 8 10 8 8 10 2 2 10 8
left_child=4 -2 3 -3 -1 6 7 9 -9 -6
right_child=1 2 -4 -5 5 -7 -8 8 -10 -11
leaf_value=-10.464886273885215 -4.4747774090426313 19.855631113350395 -3.3773282187616722 4.8383245978355411 3.6036949301362036 -7.0535006881152329 -8.3046409042981946 16.681311741225215 0.085833455057977473 -7.6876175295008302
leaf_weight=108 175 160 117 100 100 171 104 109 103 101
leaf_count=108 175 160 117 100 100 171 104 109 103 101
internal_value=0 4.49728 8.66203 14.0797 -2.24751 -0.957569 1.05869 3.41652 8.61841 -2.07005
internal_weight=0 552 377 260 796 688 517 413 212 201
internal_count=1348 552 377 260 796 688 517 413 212 201
is_linear=0
shrinkage=0.05


Tree=44
num_leaves=11
num_cat=0
split_feature=14 5 0 10 3 11 12 13 14 12
split_gain=7.46611e+06 8.56772e+06 7.15213e+06 6.95652e+06 5.80139e+06 6.02092e+06 5.2966e+06 3.00793e+06 2.46614e+06 2.27906e+06
threshold=-826.26949999999988 1.5000000000000002 5.1646831349801658 6217.5320000000002 0.70536283267115929 7520.0152500000013 5046.2402500000007 4735.2053571428578 106.39037500000019 3987.1552500000003
decision_type=8 2 2 2 2 8 8 10 8 10
left_child=-1 3 8 7 5 6 -4 -2 -3 -10
right_child=1 2 4 -5 -6 -7 -8 -9 9 -11
leaf_value=-12.608916560209023 -6.8971747691116549 -7.3285504123743852 9.1746316199255471 -16.305663373169391 -0.98120079877083777 2.2372281074523928 25.407903507232668 4.2979327367110685 5.094944393757693 -3.1432043069117781
leaf_weight=106 110 102 101 103 114 100 100 132 194 148
leaf_count=106 110 102 101 103 114 100 100 132 194 148
internal_value=0 1.23269 3.90571 -5.42274 8.6248 12.263 17.2509 -0.790752 -0.505151 1.5299
internal_weight=0 1204 859 345 415 301 201 242 444 342
internal_count=1310 1204 859 345 415 301 201 242 444 342
is_linear=0
shrinkage=0.05


Tree=45
num_leaves=10
num_cat=0
split_feature=13 1 12 10 4 1 12 10 12
split_gain=6.35462e+06 7.40532e+06 1.23416e+07 1.05805e+07 4.08892e+06 3.79815e+06 3.46153e+06 3.27531e+06 2.54188e+06
threshold=7384.4301934523819 31.306697598292967 3719.3775000000005 5700.7292500000012 17.500000000000004 13.334564735851524 3282.6075000000005 4612.8626250000007 4683.9212500000003
decision_type=10 2 8 2 2 2 10 2 10
left_child=1 3 -3 5 -4 6 -1 8 -7
right_child=-2 2 4 -5 -6 7 -8 -9 -10
leaf_value=-11.604223069787025 -12.020263257304443 -5.0182570494467917 18.424721359226805 -15.27129313852787 5.9667252846558894 10.151408851281399 0.65013759346569289 -2.7506113860477397 0.55253480556791856
leaf_weight=100 103 153 146 125 120 177 136 147 113
leaf_count=100 103 153 146 125 120 177 136 147 113
internal_value=0 0.91389 6.29647 -1.9123 12.8046 0.568934 -4.54239 3.32928 6.41116
internal_weight=0 1217 419 798 266 673 236 437 290
internal_count=1320 1217 419 798 266 673 236 437 290
is_linear=0
shrinkage=0.05


Tree=46
num_leaves=10
num_cat=0
split_feature=14 5 10 11 0 14 12 14 7
split_gain=7.50774e+06 5.88695e+06 6.58694e+06 4.87317e+06 6.92902e+06 3.53546e+06 3.35762e+06 2.46959e+06 2.08972e+06
threshold=-826.26949999999988 1.5000000000000002 6217.5320000000002 7670.1621250000007 6.1981739840650745 39.186250000000207 5627.0512500000013 401.67312500000031 0.30492459129721267
decision_type=8 2 2 8 2 10 10 8 2
left_child=-1 2 7 4 5 -3 -5 -2 -7
right_child=1 3 -4 6 -6 8 -8 -9 -10
leaf_value=-13.43875060582161 4.9004485277806298 -4.9130829242865248 -15.537731610000135 2.0409869217481771 14.73338601929801 0.054237133855662069 -8.775904286109796 -5.0902479132436795 8.4609290629939036
leaf_weight=100 118 120 100 183 154 121 118 130 190
leaf_count=100 118 120 100 183 154 121 118 130 190
internal_value=0 0.805674 -4.70475 2.97004 5.62993 2.37719 -2.19952 -0.33661 5.19016
internal_weight=0 1234 348 886 585 431 301 248 311
internal_count=1334 1234 348 886 585 431 301 248 311
is_linear=0
shrinkage=0.05


Tree=47
num_leaves=11
num_cat=0
split_feature=3 10 0 0 10 0 10 3 8 14
split_gain=6.54792e+06 9.81844e+06 6.01816e+06 5.3506e+06 4.92073e+06 4.03498e+06 2.21955e+06 1.90289e+06 1.74408e+06 1.38607e+06
threshold=0.70536283267115929 5528.589750000001 6.1640289028902897 4.9554080408040813 6842.4301250000008 4.5088050471713848 8178.9776250000004 0.56208053538588543 0.94087078414536107 536.9752500000003
decision_type=2 2 2 2 2 2 2 2 2 8
left_child=2 3 4 8 5 9 -4 -7 -2 -1
right_child=1 -3 6 -5 -6 7 -8 -9 -10 -11
leaf_value=0.71744457147060303 -1.1988685624074129 -17.164402196590718 14.239712846720662 8.380583421758244 -10.579778075685688 9.4458817581976628 3.9020612945556645 0.72816826593308226 -10.126237666373159 -6.0490408881180961
leaf_weight=156 118 130 108 105 102 155 100 105 102 147
leaf_count=156 118 130 108 105 102 155 100 105 102 147
internal_value=0 -5.55111 1.84678 -0.905789 -0.474971 1.35574 9.26969 5.92527 -5.33792 -2.56531
internal_weight=0 455 873 325 665 563 208 260 220 303
internal_count=1328 455 873 325 665 563 208 260 220 303
is_linear=0
shrinkage=0.05


Tree=48
num_leaves=10
num_cat=0
split_feature=14 5 10 13 12 0 11 13 13
split_gain=6.81064e+06 6.87941e+06 4.95839e+06 4.3988e+06 3.56589e+06 4.69358e+06 4.10734e+06 8.78923e+06 5.60912e+06
threshold=-720.7254999999999 1.5000000000000002 6217.5320000000002 5132.1188556547631 8163.0357500000009 3.6974072407240728 4726.2925000000005 5086.3451391369063 5813.5779315476202
decision_type=8 2 2 8 10 2 10 8 10
left_child=-1 2 3 -2 5 -3 7 -7 -8
right_child=1 4 -4 -5 -6 6 8 -9 -10
leaf_value=-11.930272772373298 5.5980611981516297 -3.8156012960031731 -14.516822616799367 -8.2313422620296475 -5.8233313717842101 1.1778668908889478 9.8768626177964158 19.024440569050459 -3.0688526054806249
leaf_weight=117 115 147 103 115 100 130 146 147 196
leaf_count=117 115 147 103 115 100 130 146 147 196
internal_value=0 0.708053 -5.39958 -1.31664 3.0566 4.21586 6.12317 10.6488 2.45768
internal_weight=0 1199 333 230 866 766 619 277 342
internal_count=1316 1199 333 230 866 766 619 277 342
is_linear=0
shrinkage=0.05


Tree=49
num_leaves=10
num_cat=0
split_feature=5 13 0 12 15 10 3 3 8
split_gain=5.30007e+06 4.36229e+06 7.59812e+06 6.43403e+06 3.58787e+06 8.48198e+06 4.54084e+06 4.12628e+06 2.35107e+06
threshold=5.5000000000000009 7384.4301934523819 6.6071440477381076 6500.3456250000008 3.5891672500583396 5060.5880000000006 0.59666727089210203 0.71517305858603708 0.83741510066076874
decision_type=2 8 2 10 2 2 2 2 2
left_child=1 2 3 4 -1 7 -7 -6 -3
right_child=-2 8 -4 -5 5 6 -8 -9 -10
leaf_value=-3.7948815343172657 -7.0442464263463513 -10.030926146785033 14.807018964767458 -6.2641211158229098 21.024804090023043 5.5335755165465583 -7.549915692264384 6.799949604100906 0.55190702570933048
leaf_weight=115 196 103 125 198 100 167 110 104 107
leaf_count=115 196 103 125 198 100 167 110 104 107
internal_value=0 1.863 3.34871 1.54482 4.13906 6.03595 0.337965 13.7729 -4.63872
internal_weight=0 1129 919 794 596 481 277 204 210
internal_count=1325 1129 919 794 596 481 277 204 210
is_linear=0
shrinkage=0.05


Tree=50
num_leaves=10
num_cat=0
split_feature=11 13 14 0 3 4 7 13 13
split_gain=6.46102e+06 6.43129e+06 6.32705e+06 9.3965e+06 5.769e+06 1.17556e+07 4.17748e+06 4.11361e+06 3.00197e+06
threshold=1461.8552500000003 7384.4301934523819 -720.7254999999999 5.6520610394372772 0.70536283267115929 17.500000000000004 0.30492459129721267 4931.5767633928581 5067.721941964287
decision_type=10 10 10 2 2 2 2 10 10
left_child=-1 2 -2 6 5 -5 7 -4 -8
right_child=1 -3 3 4 -6 -7 8 -9 -10
leaf_value=-8.5302085195047166 -8.8935707580160219 -10.719972540140153 2.6027354620270811 27.499184632072083 0.91815624420459463 4.6195098443109481 -1.8221330944335823 -9.8042024227318834 7.9729449856405452
leaf_weight=192 108 100 118 104 104 122 132 154 192
leaf_count=192 108 100 118 104 104 122 132 154 192
internal_value=0 1.38804 2.55903 3.89476 10.6636 15.1482 0.146912 -4.42178 3.98236
internal_weight=0 1134 1034 926 330 226 596 272 324
internal_count=1326 1134 1034 926 330 226 596 272 324
is_linear=0
shrinkage=0.05


Tree=51
num_leaves=10
num_cat=0
split_feature=13 13 14 11 13 8 14 13 0
split_gain=5.13901e+06 5.12284e+06 6.61535e+06 4.71221e+06 9.11656e+06 9.91434e+06 7.40148e+06 4.88481e+06 2.32396e+06
threshold=7384.4301934523819 4735.2053571428578 223.68625000000023 4875.6825000000008 5296.0675505952386 0.93249594275446224 35.524749999999592 5076.30549107143 5.5483631696502993
decision_type=10 8 10 10 10 2 8 10 2
left_child=1 2 -1 6 -5 8 -3 -8 -6
right_child=-2 3 -4 4 5 -7 7 -9 -10
leaf_value=-12.269224011456526 -10.031427422735515 -9.5975241487676453 2.7597940473258498 17.914957485375581 2.6797265012576741 -10.382666544775361 -0.37915500076775699 13.180330246982008 12.769163880869748
leaf_weight=135 103 143 160 135 103 103 194 101 128
leaf_count=135 103 143 160 135 103 103 194 101 128
internal_value=0 1.60566 -4.11789 3.46723 6.95004 2.51811 -0.262075 4.26325 8.27041
internal_weight=0 1202 295 907 469 334 438 295 231
internal_count=1305 1202 295 907 469 334 438 295 231
is_linear=0
shrinkage=0.05


Tree=52
num_leaves=10
num_cat=0
split_feature=10 5 11 0 5 3 10 3 13
split_gain=6.11261e+06 1.07869e+07 1.80095e+07 9.35795e+06 8.32286e+06 2.97725e+06 2.94267e+06 1.90631e+06 1.46899e+06
threshold=5198.4525000000003 4.5000000000000009 5862.1117500000009 4.5088050471713848 1.5000000000000002 0.72053170844946657 7263.7992500000009 0.71018370139750686 5912.631443452382
decision_type=2 2 10 2 2 2 2 2 8
left_child=3 4 -3 7 -2 -5 -6 8 -1
right_child=1 2 -4 5 6 -7 -8 -9 -10
leaf_value=3.9426248652500342 -7.0718495458853061 -27.906595716198673 0.43366133255687189 16.363544819013093 1.9856260392203262 4.8687596418857577 12.940261521909092 -5.7405726691220433 -3.608171447038651
leaf_weight=181 183 103 123 129 134 100 113 149 100
leaf_count=181 183 103 123 129 134 100 113 149 100
internal_value=0 -3.63851 -12.4825 3.1794 1.00971 11.344 6.99726 -1.16871 1.25551
internal_weight=0 656 226 659 430 229 247 430 281
internal_count=1315 656 226 659 430 229 247 430 281
is_linear=0
shrinkage=0.05


Tree=53
num_leaves=10
num_cat=0
split_feature=5 11 3 0 11 5 13 7 12
split_gain=4.50752e+06 3.91954e+06 6.97202e+06 5.77832e+06 5.46009e+06 4.33146e+06 3.30131e+06 2.46494e+06 2.42917e+06
threshold=5.5000000000000009 6884.7753750000002 0.64074991244383173 6.1302588592192562 2945.4400000000005 3.5000000000000004 5438.4689360119055 0.48426539122296303 4913.8135000000011
decision_type=2 10 2 2 8 2 8 2 10
left_child=1 3 -3 4 -1 6 8 -8 -6
right_child=-2 2 -4 -5 5 -7 7 -9 -10
leaf_value=-7.7866604506540646 -7.0338905122545032 3.1565723140380886 -13.041684855040856 11.896870833754541 0.093765935897827155 11.615986060106852 -9.0027118555980152 1.4451031433418393 11.087272435367698
leaf_weight=139 189 152 118 150 100 122 101 128 101
leaf_count=139 189 152 118 150 100 122 101 128 101
internal_value=0 1.31873 -3.92267 3.00146 1.07047 3.3008 0.941606 -3.16289 5.61787
internal_weight=0 1111 270 841 691 552 430 229 201
internal_count=1300 1111 270 841 691 552 430 229 201
is_linear=0
shrinkage=0.05


Tree=54
num_leaves=11
num_cat=0
split_feature=3 6 7 3 0 12 4 3 4 7
split_gain=6.10638e+06 7.74886e+06 1.36924e+07 6.08884e+06 4.83284e+06 6.39485e+06 5.02069e+06 3.86765e+06 2.0034e+06 1.24671e+06
threshold=0.56208053538588543 1.0000000180025095e-35 0.40658978590730216 0.52123087038298987 6.5882296562989646 3349.5581250000005 15.500000000000002 0.48318198046125904 12.500000000000002 0.56954666480874117
decision_type=2 2 2 2 2 10 2 2 2 2
left_child=3 4 -3 7 5 8 -7 -1 -2 -9
right_child=1 2 -4 -5 -6 6 -8 9 -10 -11
leaf_value=6.601031216673964 -0.84430991552643864 1.4747440756922183 -22.620115698270563 11.329059702294998 9.4603560387531171 -1.1759250353310855 -15.45944971031156 -0.56743518027663231 8.4918315113389067 -8.4239243527253471
leaf_weight=127 118 115 121 174 107 131 116 100 112 102
leaf_count=127 118 115 121 174 107 131 116 100 112 102
internal_value=0 -3.23301 -10.879 3.76462 -0.143198 -2.29745 -7.88398 -0.236027 3.70199 -4.53457
internal_weight=0 820 236 503 584 477 247 329 230 202
internal_count=1323 820 236 503 584 477 247 329 230 202
is_linear=0
shrinkage=0.05


Tree=55
num_leaves=10
num_cat=0
split_feature=13 3 13 11 5 8 11 1 13
split_gain=4.6952e+06 9.84632e+06 3.28514e+06 8.45794e+06 5.0615e+06 5.31272e+06 5.52132e+06 3.58202e+06 3.4604e+06
threshold=4771.129851190477 0.70536283267115929 5469.2313831845249 4532.3325000000013 1.5000000000000002 0.76710179631087505 5063.868625000001 29.511620825159941 6845.0656450892866
decision_type=8 2 8 10 2 2 10 2 8
left_child=1 -1 3 -2 8 -6 -7 -8 -4
right_child=2 -3 4 -5 5 6 7 -9 -10
leaf_value=1.433895541617745 -2.7717071533203126 -17.586655798666882 -13.269572738647462 14.163512386106383 -7.3444978480200165 12.354191302097206 -6.4834047763393476 6.2956785575839982 -0.52611047803309929
leaf_weight=190 139 106 100 157 103 165 104 116 114
leaf_count=190 139 106 100 157 103 165 104 116 114
internal_value=0 -5.37752 1.79304 6.21082 -0.0697307 2.74177 5.44017 0.254657 -6.481
internal_weight=0 296 998 296 702 488 385 220 214
internal_count=1294 296 998 296 702 488 385 220 214
is_linear=0
shrinkage=0.05


Tree=56
num_leaves=10
num_cat=0
split_feature=11 10 3 0 0 3 15 4 5
split_gain=5.64464e+06 4.64955e+06 9.64476e+06 6.86059e+06 4.28125e+06 7.7016e+06 4.50886e+06 2.37155e+06 1.72845e+06
threshold=1506.7007500000002 5225.0711250000013 0.70440677252801454 5.0346784678467857 6.6965988265493221 0.57446466074084002 5.4057947461412814 11.500000000000002 1.5000000000000002
decision_type=10 2 2 2 2 2 2 2 2
left_child=-1 3 4 7 5 6 -3 8 -2
right_child=1 2 -4 -5 -6 -7 -8 -9 -10
leaf_value=-7.4105258561946732 0.20232631505704393 -1.8963837263964807 -11.841554445624352 17.052810660447225 10.988146705337261 -11.241419902554265 12.017731069943361 -2.3007411967349962 8.3910969437871668
leaf_weight=189 102 119 155 101 114 108 114 158 175
leaf_count=189 102 119 155 101 114 108 114 158 175
internal_value=0 1.91569 -1.06969 5.31324 2.59984 -0.204462 4.91138 2.5875 5.37574
internal_weight=0 1146 610 536 455 341 233 435 277
internal_count=1335 1146 610 536 455 341 233 435 277
is_linear=0
shrinkage=0.05


Tree=57
num_leaves=10
num_cat=0
split_feature=5 5 11 13 15 14 12 11 11
split_gain=4.89175e+06 3.84135e+06 3.86874e+06 3.99897e+06 5.61591e+06 6.956e+06 3.80631e+06 3.52258e+06 2.53223e+06
threshold=5.5000000000000009 1.0000000180025095e-35 7254.9400000000014 6463.2768534226198 4.7103877054372107 401.67312500000031 5908.5311250000013 4224.8462500000014 4681.9312500000005
decision_type=2 2 10 10 2 10 10 8 8
left_child=1 -1 3 4 8 7 -4 -6 -3
right_child=-2 2 6 -5 5 -7 -8 -9 -10
leaf_value=-5.8247981915926808 -7.7603253518541653 -5.008181359808324 2.9707271056355173 -3.3022251761512251 -1.7492135843428056 20.477049231962724 -10.397299569789496 11.489254053115845 4.9679219332294196
leaf_weight=179 192 118 106 151 101 110 107 100 138
leaf_count=179 192 118 106 151 101 110 107 100 138
internal_value=0 0.883288 2.17303 3.92855 5.85421 10.3689 -3.74467 4.83709 0.369562
internal_weight=0 1110 931 718 567 311 213 201 256
internal_count=1302 1110 931 718 567 311 213 201 256
is_linear=0
shrinkage=0.05


Tree=58
num_leaves=11
num_cat=0
split_feature=14 5 10 14 3 12 8 12 16 1
split_gain=4.54588e+06 4.286e+06 6.33779e+06 3.60018e+06 3.25915e+06 3.89526e+06 3.34771e+06 3.05577e+06 2.91666e+06 2.48927e+06
threshold=-720.7254999999999 1.5000000000000002 6499.6767500000005 394.08750000000049 0.73437671910732161 7070.5512500000013 0.77599435185317012 5298.5196250000008 0.48908224155748942 25.851509283931978
decision_type=8 2 2 8 2 10 2 8 2 2
left_child=-1 2 3 -2 5 6 -3 8 -8 -9
right_child=1 4 -4 -5 -6 -7 7 9 -10 -11
leaf_value=-9.5492970676007474 6.7871286135230022 -1.8136374576886496 -14.391309626267688 -5.2978133488764136 -5.6710809978784305 -3.099868122022599 10.853660106999534 6.6778078632354738 0.39950647369189995 17.834129111289979
leaf_weight=115 118 120 101 129 102 160 105 100 183 100
leaf_count=115 118 120 101 129 102 160 105 100 183 100
internal_value=0 0.850421 -3.83925 0.47556 2.72629 3.84157 5.66826 7.50807 4.21092 12.256
internal_weight=0 1218 348 247 870 768 608 488 288 200
internal_count=1333 1218 348 247 870 768 608 488 288 200
is_linear=0
shrinkage=0.05


Tree=59
num_leaves=11
num_cat=0
split_feature=10 14 0 3 0 14 12 4 13 7
split_gain=4.81297e+06 7.75582e+06 5.11872e+06 5.76305e+06 4.61503e+06 3.7014e+06 7.09949e+06 6.26939e+06 2.49713e+06 1.73612e+06
threshold=4518.1601250000012 -694.41374999999982 5.5706653998733211 0.56208053538588543 4.4030194686135289 1131.2266250000005 3692.3112500000002 16.500000000000004 4506.7177566964301 0.21020274592728194
decision_type=2 10 2 2 2 10 8 2 10 2
left_child=4 -2 3 -3 8 6 -4 -8 -1 -10
right_child=1 2 5 -5 -6 -7 7 -9 9 -11
leaf_value=-4.5011695693520943 -15.764498055689408 -0.7433814652139249 -5.4400552119155536 -15.634348586727592 10.837023772903391 -5.6277194789891105 18.893263271204923 1.5575129046440126 -0.31425997374001247 8.6757121343612678
leaf_weight=153 101 179 103 102 148 103 109 100 116 100
leaf_count=153 101 179 103 102 148 103 109 100 116 100
internal_value=0 -2.81662 -0.937691 -6.14864 3.37779 2.59069 5.30382 10.5986 0.386011 3.84776
internal_weight=0 797 696 281 517 415 312 209 369 216
internal_count=1314 797 696 281 517 415 312 209 369 216
is_linear=0
shrinkage=0.05


Tree=60
num_leaves=10
num_cat=0
split_feature=5 3 0 5 7 14 14 7 4
split_gain=5.03213e+06 1.18484e+07 2.95074e+06 4.62743e+06 4.19857e+06 2.36092e+06 2.60336e+06 2.91982e+06 1.42887e+06
threshold=5.5000000000000009 0.62770809221165458 5.5483631696502993 4.5000000000000009 0.52941811022664742 -744.34987500000034 -73.296875000000327 0.30492459129721267 5.5000000000000009
decision_type=2 2 2 2 2 10 10 2 2
left_child=2 -2 5 4 -4 -1 -7 -8 -9
right_child=1 -3 3 -5 -6 6 7 8 -10
leaf_value=4.3412041215707138 4.1560425373587284 -20.123347989410163 1.8482846584988804 -4.8188426017761232 13.706560348594275 -10.017239802837373 -5.8574385422135364 -2.1465491938591006 4.9795181425178754
leaf_weight=151 101 100 164 108 137 100 197 120 170
leaf_count=151 101 100 164 108 137 100 197 120 170
internal_value=0 -7.92326 0.653267 4.05986 7.24557 -1.23467 -2.66901 -1.16013 2.0308
internal_weight=0 201 1147 409 301 738 587 487 290
internal_count=1348 201 1147 409 301 738 587 487 290
is_linear=0
shrinkage=0.05


Tree=61
num_leaves=9
num_cat=0
split_feature=13 4 4 13 12 12 13 13
split_gain=4.77757e+06 5.71737e+06 6.0815e+06 4.64328e+06 4.25865e+06 6.61368e+06 3.79732e+06 3.15097e+06
threshold=4760.9137745535727 15.500000000000002 8.5000000000000018 6380.9452492559531 6524.6976250000007 4115.7787500000013 6759.6497321428587 7384.4301934523819
decision_type=10 2 2 10 10 10 10 10
left_child=1 2 -1 4 5 -2 -5 -8
right_child=3 -3 -4 6 -6 -7 7 -9
leaf_value=-3.0788430722543549 -1.0308218009544141 3.4479991334142976 -17.418599599075318 -11.431878043532372 -1.8745841151410407 13.403357521133808 4.8475093009945471 -6.4781390160884502
leaf_weight=181 132 134 125 100 182 199 146 106
leaf_count=181 132 134 125 100 182 199 146 106
internal_value=0 -5.16492 -8.93659 1.23456 4.26906 7.64713 -3.18788 0.0835461
internal_weight=0 440 306 865 513 331 352 252
internal_count=1305 440 306 865 513 331 352 252
is_linear=0
shrinkage=0.05


Tree=62
num_leaves=11
num_cat=0
split_feature=3 10 12 15 15 10 4 13 11 7
split_gain=5.01471e+06 8.07838e+06 6.52457e+06 5.36102e+06 2.98645e+06 3.79825e+06 3.39726e+06 2.53018e+06 2.04541e+06 1.83497e+06
threshold=0.6659910053267355 4999.2396250000011 3636.8562500000003 5.7981298129812986 5.9489698969896994 6295.386625000001 4.5000000000000009 4467.6997470238102 5952.9287500000009 0.59377886442550765
decision_type=2 2 8 2 2 2 2 10 8 2
left_child=4 3 -3 7 5 6 -1 -2 -8 -6
right_child=1 2 -4 -5 9 -7 8 -9 -10 -11
leaf_value=-2.7217869846300147 -8.5127296787677427 -19.482350458608611 -3.8756638778654557 10.95978232053953 12.402116777523631 -8.1899597830772404 2.4646370030783276 2.0907980175468865 11.605137355528147 2.9174854958854102
leaf_weight=174 101 107 179 107 103 100 143 127 107 101
leaf_count=174 101 107 179 107 103 100 143 127 107 101
internal_value=0 -3.54253 -9.71453 1.72669 2.57375 0.575584 2.64293 -2.60638 6.37677 7.70629
internal_weight=0 621 286 335 728 524 424 228 250 204
internal_count=1349 621 286 335 728 524 424 228 250 204
is_linear=0
shrinkage=0.05


Tree=63
num_leaves=11
num_cat=0
split_feature=5 1 10 1 12 11 10 11 14 10
split_gain=5.38456e+06 2.9871e+06 5.12407e+06 3.69748e+06 3.17412e+06 8.92513e+06 3.68965e+06 2.54556e+06 1.77617e+06 818260
threshold=5.5000000000000009 13.670820648984092 4364.6698750000005 27.539624497176806 5280.3630000000012 6852.170000000001 7058.5436250000012 6386.7641250000006 527.25900000000013 2428.2222500000003
decision_type=2 2 2 2 8 8 2 8 8 2
left_child=1 9 8 7 6 -6 -5 -4 -3 -1
right_child=-2 2 3 4 5 -7 -8 -9 -10 -11
leaf_value=-0.71326717488905966 -7.4218432351485975 14.397672350525855 0.34710295276641845 4.5763504546218448 15.641761328008053 -3.9487054768175187 -8.0236280586205293 -10.213187586580005 5.3578292746503813 -7.0465757800667888
leaf_weight=102 194 100 125 135 137 101 102 105 119 102
leaf_count=102 194 100 125 135 137 101 102 105 119 102
internal_value=0 1.59605 2.80503 0.729791 3.24947 7.32816 -0.846425 -4.4739 9.48561 -3.87992
internal_weight=0 1128 924 705 475 238 237 230 219 204
internal_count=1322 1128 924 705 475 238 237 230 219 204
is_linear=0
shrinkage=0.05


Tree=64
num_leaves=10
num_cat=0
split_feature=13 13 13 4 0 10 5 0 4
split_gain=3.95266e+06 8.42925e+06 3.25518e+06 4.53498e+06 6.76701e+06 4.59448e+06 3.55823e+06 2.67114e+06 2.90155e+06
threshold=4735.2053571428578 3993.7879761904774 6438.9044062500006 16.500000000000004 5.4086491982531602 3882.9592500000003 4.5000000000000009 5.4532869953662049 7.5000000000000009
decision_type=8 10 8 2 2 2 2 2 2
left_child=1 -1 3 4 5 -2 7 8 -4
right_child=2 -3 6 -5 -6 -7 -8 -9 -10
leaf_value=5.9257607648247168 8.532763430860582 -11.626638834744867 -8.2865874330401432 -2.5113965671293199 17.350164113279249 -4.9402119141704635 -8.6686762580223249 6.7057221284405948 3.4560217659752648
leaf_weight=114 157 171 100 155 122 106 114 145 111
leaf_count=114 157 171 100 155 122 106 114 145 111
internal_value=0 -4.60568 2.06188 4.71006 7.61741 3.10259 -0.980723 1.48115 -2.1092
internal_weight=0 285 1010 540 385 263 470 356 211
internal_count=1295 285 1010 540 385 263 470 356 211
is_linear=0
shrinkage=0.05


Tree=65
num_leaves=10
num_cat=0
split_feature=3 5 11 15 8 11 5 10 0
split_gain=5.41107e+06 1.1113e+07 4.32927e+06 4.96057e+06 4.24374e+06 4.91869e+06 4.70146e+06 2.70808e+06 3.0684e+06
threshold=0.56724748658403834 5.5000000000000009 6852.170000000001 7.6463729706303978 0.82180249669437633 4804.7018750000007 3.5000000000000004 4681.4075000000012 3.9331599826649337
decision_type=2 2 10 2 2 10 2 2 2
left_child=4 2 3 7 5 -1 -6 8 -2
right_child=1 -3 -4 -5 6 -7 -8 -9 -10
leaf_value=-7.0886942405253652 -3.0194948090009457 -17.579236255571683 -6.5980071304600107 11.6640183785132 1.7979720435837017 6.1360327919372004 15.903726431655883 -5.7293924144572692 7.852003515618188
leaf_weight=128 121 103 183 112 112 156 125 144 140
leaf_count=128 121 103 183 112 112 156 125 144 140
internal_value=0 -2.24513 0.011177 2.3506 4.2979 0.175592 9.23772 -0.224965 2.81196
internal_weight=0 803 700 517 521 284 237 405 261
internal_count=1324 803 700 517 521 284 237 405 261
is_linear=0
shrinkage=0.05


Tree=66
num_leaves=11
num_cat=0
split_feature=13 4 14 13 0 10 5 4 15 10
split_gain=4.98748e+06 5.13951e+06 5.60395e+06 3.12669e+06 2.79864e+06 4.55202e+06 4.32711e+06 2.99602e+06 2.48498e+06 1.91725e+06
threshold=4760.9137745535727 6.5000000000000009 288.2758750000001 7384.4301934523819 5.4658632529919666 4612.8626250000007 4.5000000000000009 16.500000000000004 4.056601493482682 2620.7030000000004
decision_type=8 2 10 10 2 2 2 2 2 2
left_child=1 -1 -3 4 5 8 7 -6 9 -2
right_child=3 2 -4 -5 6 -7 -8 -9 -10 -11
leaf_value=3.950083353023718 4.902938896814983 -18.191814065215613 -1.535782792544601 -6.2479691322819866 15.182955359337027 -6.0990015361788714 -1.7451241574456207 4.2380446112762069 8.3041134295364216 -4.674990210166345
leaf_weight=101 105 101 101 102 133 169 113 118 168 104
leaf_count=101 105 101 101 102 133 169 113 118 168 104
internal_value=0 -5.25917 -9.8638 2.05326 2.98373 0.719724 6.37973 10.0375 3.77639 0.136888
internal_weight=0 303 202 1012 910 546 364 251 377 209
internal_count=1315 303 202 1012 910 546 364 251 377 209
is_linear=0
shrinkage=0.05


Tree=67
num_leaves=11
num_cat=0
split_feature=3 5 0 5 13 0 8 7 14 10
split_gain=3.84548e+06 8.62605e+06 4.08972e+06 3.80785e+06 2.87468e+06 3.8599e+06 2.61726e+06 3.17855e+06 1.89314e+06 1.73446e+06
threshold=0.57619413777577344 5.5000000000000009 5.5952386905357212 1.0000000180025095e-35 6614.0354598214299 5.496699669966997 0.8223668700195812 0.6590982081662754 363.20212500000008 3060.8093750000003
decision_type=2 2 2 2 10 2 2 2 10 2
left_child=2 3 6 -2 5 9 7 -1 -8 -5
right_child=1 -3 -4 4 -6 -7 8 -9 -10 -11
leaf_value=-8.5437652029309969 -8.3667131144839981 -14.569878518794264 12.469899900533536 4.6990165440541398 -3.9667348210503457 9.6578535283056421 9.9159252542310057 3.7300032977787954 0.49554870931228789 -3.9185197919836412
leaf_weight=105 104 112 108 106 147 181 113 106 101 130
leaf_count=105 104 112 108 106 147 181 113 106 101 130
internal_value=0 -1.72861 3.78158 0.424418 2.04548 4.16489 1.57373 -2.3778 5.46986 -0.0479314
internal_weight=0 780 533 668 564 417 425 211 214 236
internal_count=1313 780 533 668 564 417 425 211 214 236
is_linear=0
shrinkage=0.05


Tree=68
num_leaves=10
num_cat=0
split_feature=11 13 12 14 7 12 15 12 16
split_gain=3.83824e+06 3.87163e+06 2.66427e+06 2.82441e+06 3.38496e+06 3.66116e+06 4.19246e+06 2.79204e+06 1.03757e+06
threshold=1461.8552500000003 7319.4136011904775 2261.2446250000007 1269.8450000000005 1.0000000180025095e-35 3692.3112500000002 5.2539920658732546 6455.7137500000008 0.40375704237090398
decision_type=10 10 8 10 2 8 2 8 2
left_child=-1 2 -2 4 -4 -6 8 -8 -7
right_child=1 -3 3 -5 5 6 7 -9 -10
leaf_value=-6.5850394664583973 -5.392219856012435 -8.082479496607009 -2.9709138157556385 -4.2895767054350484 -1.4183152372186836 5.7522530322469123 17.708980696833034 7.418951534119663 -0.98318754228261795
leaf_weight=185 105 102 139 115 143 127 117 151 104
leaf_count=185 105 102 139 115 143 127 117 151 104
internal_value=0 1.19748 2.14309 3.02614 4.10336 5.63501 7.65631 11.9112 2.71985
internal_weight=0 1103 1001 896 781 642 499 268 231
internal_count=1288 1103 1001 896 781 642 499 268 231
is_linear=0
shrinkage=0.05


Tree=69
num_leaves=10
num_cat=0
split_feature=13 10 13 12 15 5 15 5 7
split_gain=3.06163e+06 5.15336e+06 3.64984e+06 3.31009e+06 4.08426e+06 3.09927e+06 3.15495e+06 2.68754e+06 1.84469e+06
threshold=4748.5616488095247 5528.589750000001 6380.9452492559531 6455.7137500000008 5.3854260426042613 4.5000000000000009 4.7103877054372107 1.5000000000000002 0.36601884023589043
decision_type=8 2 8 10 2 2 2 2 2
left_child=1 -1 3 4 -2 6 -4 -8 -5
right_child=2 -3 5 8 -6 -7 7 -9 -10
leaf_value=0.95647302282483959 1.7878552187979222 -12.312716787352281 -6.8508381451217879 -5.4580963027477267 12.950029837455425 -8.7990492293709206 -2.4527250150578066 7.5936663412489001 4.1457880561351779
leaf_weight=190 160 119 103 100 168 114 114 160 100
leaf_count=190 160 119 103 100 168 114 114 160 100
internal_value=0 -4.15367 1.52805 4.4137 7.50507 -1.57505 0.609389 3.41378 -0.656154
internal_weight=0 309 1019 528 328 491 377 274 200
internal_count=1328 309 1019 528 328 491 377 274 200
is_linear=0
shrinkage=0.05


Tree=70
num_leaves=11
num_cat=0
split_feature=3 5 8 0 11 14 11 10 5 11
split_gain=3.50729e+06 1.04294e+07 5.09107e+06 6.02928e+06 3.47739e+06 2.27154e+06 7.78894e+06 3.76247e+06 1.55418e+06 1.54423e+06
threshold=0.56208053538588543 5.5000000000000009 0.80967707770205977 4.6439852318565196 4842.3587500000012 125.20200000000001 4193.2913750000016 5528.589750000001 2.5000000000000004 8316.3065000000006
decision_type=2 2 2 2 10 8 8 2 2 8
left_child=2 5 4 -4 -1 7 -7 -2 -8 -10
right_child=1 -3 3 -5 -6 6 8 -9 9 -11
leaf_value=-7.3968817139544143 2.8376799323810982 -16.107910072037935 2.2570755639508979 18.193613317489625 4.2668792591955436 13.89215573019686 -4.7911153880705752 -10.644387021226791 5.5920454008138591 -2.8697611508369447
leaf_weight=123 104 109 146 100 133 113 161 103 117 100
leaf_count=123 104 109 146 100 133 113 161 103 117 100
internal_value=0 -1.72401 3.59875 8.73534 -1.33719 0.522183 2.37421 -3.87079 -1.06899 1.6926
internal_weight=0 807 502 246 256 698 491 207 378 217
internal_count=1309 807 502 246 256 698 491 207 378 217
is_linear=0
shrinkage=0.05


Tree=71
num_leaves=12
num_cat=0
split_feature=10 14 3 0 14 0 13 10 13 3 14
split_gain=4.43283e+06 6.57234e+06 8.00973e+06 4.26748e+06 4.06016e+06 3.38076e+06 1.93518e+06 2.77622e+06 2.45124e+06 1.50684e+06 1.06997e+06
threshold=5198.4525000000003 16.86012500000027 0.62524599614174503 5.1092442577591104 1425.20625 6.116920025335868 4467.6997470238102 2516.0477500000002 5365.2527046130963 0.55294883413060714 585.74324999999988
decision_type=2 8 2 2 8 2 8 2 8 2 10
left_child=3 2 -2 6 5 10 -1 -8 -9 -10 -3
right_child=1 4 -4 -5 -6 -7 7 8 9 -11 -12
leaf_value=-4.3549715120112529 -0.58492550507630459 -4.8035766138798666 -20.547492176413538 11.899278593504871 -8.4674179638473728 8.4355992120867178 9.6778813222177202 5.7305484991577957 -7.4308598735332501 1.2276151237216328 2.319477096228924
leaf_weight=128 101 108 100 108 103 153 106 130 100 101 103
leaf_count=128 101 108 100 108 103 153 106 130 100 101 103
internal_value=0 -2.95689 -10.5166 2.79259 0.296836 2.77683 1.05185 2.63554 0.380285 -3.08008 -1.32645
internal_weight=0 668 201 673 467 364 565 437 331 201 211
internal_count=1341 668 201 673 467 364 565 437 331 201 211
is_linear=0
shrinkage=0.05


Tree=72
num_leaves=11
num_cat=0
split_feature=3 5 3 3 5 13 13 14 14 13
split_gain=3.24227e+06 7.10658e+06 4.26074e+06 3.24205e+06 2.69579e+06 2.27171e+06 4.13265e+06 6.21505e+06 2.00768e+06 971008
threshold=0.56886590119382086 5.5000000000000009 0.52039585912056363 0.4814229645429785 1.0000000180025095e-35 6614.0354598214299 5166.851205357144 383.63387500000005 300.1569999999993 5438.4689360119055
decision_type=2 2 2 2 2 10 8 10 10 8
left_child=2 4 3 -1 -2 6 7 -6 -4 -5
right_child=1 -3 8 9 5 -7 -8 -9 -10 -11
leaf_value=6.3042906430206802 -7.4778993267279406 -13.649616871561324 13.584933104561371 -0.58950770386293827 -8.6350368432815259 -3.9662410197694316 8.4275959370940026 7.944969828605652 3.8276600546307038 -7.3186750449965494
leaf_weight=114 104 112 103 102 130 153 198 100 108 113
leaf_count=114 104 112 103 102 130 153 198 100 108 113
internal_value=0 -1.97326 3.04479 -0.512009 -0.0641317 1.26295 3.13226 -1.42634 8.59069 -4.12623
internal_weight=0 797 540 329 685 581 428 230 211 215
internal_count=1337 797 540 329 685 581 428 230 211 215
is_linear=0
shrinkage=0.05


Tree=73
num_leaves=10
num_cat=0
split_feature=3 5 8 5 11 11 14 2 10
split_gain=2.98018e+06 9.40227e+06 5.08717e+06 4.76088e+06 4.64362e+06 2.69464e+06 3.49352e+06 6.82602e+06 1.39085e+06
threshold=0.56208053538588543 5.5000000000000009 0.82180249669437633 3.5000000000000004 4240.6452500000005 6852.170000000001 346.18474999999995 150.87384994688958 5528.589750000001
decision_type=2 2 2 2 10 10 8 2 2
left_child=2 5 4 -4 -1 6 8 -8 -2
right_child=1 -3 3 -5 -6 -7 7 -9 -10
leaf_value=-9.8523239602263164 1.2251602390429357 -15.030003330214271 1.0383329241647634 15.502528258131333 3.4052770374888213 -4.6638446101531157 -1.0332603396201621 15.038372366130353 -6.272561821368857
leaf_weight=104 143 116 109 119 181 197 147 120 109
leaf_count=104 143 116 109 119 181 197 147 120 109
internal_value=0 -1.82458 3.02084 8.58763 -1.43258 0.314842 2.20463 6.18995 -2.0179
internal_weight=0 832 513 228 285 716 519 267 252
internal_count=1345 832 513 228 285 716 519 267 252
is_linear=0
shrinkage=0.05


Tree=74
num_leaves=10
num_cat=0
split_feature=11 12 10 3 0 15 3 7 10
split_gain=2.37142e+06 2.69941e+06 2.58864e+06 7.95519e+06 6.58921e+06 3.19586e+06 3.83332e+06 1.90993e+06 841488
threshold=1506.7007500000002 8242.3378750000029 5225.0711250000013 0.70200909770269926 4.5088050471713848 5.3032636596993035 0.56886590119382086 1.0000000180025095e-35 3605.6853750000005
decision_type=10 10 2 2 2 2 2 2 2
left_child=-1 2 4 5 7 -4 -7 -2 -9
right_child=1 -3 3 -5 -6 6 -8 8 -10
leaf_value=-5.0102585296373112 -5.1417633023399576 -6.537437056522994 -3.9455118005735836 -10.763813858202525 12.832070046290756 12.840001469143367 0.99219514346325099 5.8362421484982097 -0.30607869274475996
leaf_weight=185 104 105 114 140 160 118 162 123 102
leaf_count=185 104 105 114 140 160 118 162 123 102
internal_value=0 1.09728 1.8809 -0.525967 4.50925 3.11185 5.9852 0.461685 3.05172
internal_weight=0 1128 1023 534 489 394 280 329 225
internal_count=1313 1128 1023 534 489 394 280 329 225
is_linear=0
shrinkage=0.05


Tree=75
num_leaves=11
num_cat=0
split_feature=11 10 1 7 15 12 15 10 7 3
split_gain=2.93147e+06 3.25557e+06 4.10107e+06 1.90863e+06 2.33965e+06 2.82407e+06 3.83063e+06 3.35781e+06 1.49719e+06 1.3961e+06
threshold=1506.7007500000002 6909.1327500000007 37.416715849141568 0.62401970584964539 6.9960537720438722 6025.4506250000004 3.8053597026369306 4290.2633750000014 0.55573735200576946 0.59089327169853456
decision_type=10 2 2 2 2 10 2 2 2 2
left_child=-1 3 -3 4 5 6 -2 -8 -4 -9
right_child=1 2 8 -5 -6 -7 7 9 -10 -11
leaf_value=-5.5630441400605415 -5.7068743018640413 -11.644721830368042 -4.0593670545238076 7.885110005921331 8.5497919529387101 -5.2490756249906108 11.646185838503223 5.3475208135751586 4.0831926413811743 -2.8451679734083322
leaf_weight=197 108 100 101 145 103 162 124 104 128 104
leaf_count=197 108 100 101 145 103 162 124 104 128 104
internal_value=0 1.02615 -3.19702 2.66076 1.58625 0.394816 2.47279 5.13365 0.491933 1.25118
internal_weight=0 1179 329 850 705 602 440 332 229 208
internal_count=1376 1179 329 850 705 602 440 332 229 208
is_linear=0
shrinkage=0.05


Tree=76
num_leaves=9
num_cat=0
split_feature=4 11 10 5 5 11 7 5
split_gain=3.14967e+06 2.9673e+06 3.83908e+06 7.38965e+06 5.05895e+06 4.11785e+06 2.60517e+06 1.29524e+06
threshold=20.500000000000004 1461.8552500000003 5225.0711250000013 4.5000000000000009 4.5000000000000009 5397.5905000000012 0.23663190944926635 1.5000000000000002
decision_type=2 10 2 2 2 10 2 2
left_child=1 -1 4 5 6 -4 -3 -8
right_child=-2 2 3 -5 -6 -7 7 -9
leaf_value=-6.7159029507708414 6.7370464633492864 -3.4297264978457038 8.0821472228821492 -10.789696202574477 13.478169383412428 -3.4754729011912406 0.88325734662561173 8.8320793320150948
leaf_weight=167 170 178 147 177 103 162 103 102
leaf_count=167 170 178 147 177 103 162 103 102
internal_value=0 -0.558977 0.498848 -2.64347 3.64117 2.02281 0.995708 4.83828
internal_weight=0 1139 972 486 486 309 383 205
internal_count=1309 1139 972 486 486 309 383 205
is_linear=0
shrinkage=0.05


Tree=77
num_leaves=9
num_cat=1
split_feature=10 14 13 14 9 15 3 11
split_gain=2.30579e+06 5.16611e+06 4.46673e+06 5.7684e+06 2.89843e+06 2.56249e+06 2.25844e+06 1.86658e+06
threshold=6507.9031250000007 59.139999999999652 5071.9340029761916 510.0025 0 7.5748033136647015 0.70536283267115929 5338.6625000000013
decision_type=2 8 10 10 9 2 2 10
left_child=2 -2 4 7 6 -3 -1 -4
right_child=1 5 3 -5 -6 -7 -8 -9
leaf_value=-0.80395511376029027 -10.425469344532168 -3.2226398690014473 6.2160216671430462 -1.1256512487562078 3.750884410474427 6.602016376759396 -9.1511844955124229 15.187085329022324
leaf_weight=187 148 147 118 190 159 121 143 114
leaf_count=187 148 147 118 190 159 121 143 114
internal_value=0 -2.92753 1.56519 5.33399 -1.68724 1.21312 -4.29106 10.6242
internal_weight=0 416 911 422 489 268 330 232
internal_count=1327 416 911 422 489 268 330 232
cat_boundaries=0 1
cat_threshold=69
is_linear=0
shrinkage=0.05


Tree=78
num_leaves=10
num_cat=0
split_feature=10 3 0 0 14 12 10 12 12
split_gain=3.41312e+06 7.11297e+06 4.91724e+06 4.56707e+06 2.82926e+06 2.67079e+06 2.6204e+06 1.80343e+06 1.59282e+06
threshold=4681.4075000000012 0.70536283267115929 5.7498041470813748 4.7445744574457445 554.39212499999996 5989.2871250000007 8084.7896250000003 6590.9387500000003 7888.0121250000002
decision_type=2 2 2 2 8 8 2 8 8
left_child=3 2 7 4 5 -1 -4 -2 -6
right_child=1 -3 6 -5 8 -7 -8 -9 -10
leaf_value=10.615712707847358 -1.0094837578981284 -10.416053008971438 9.7769162122330648 11.627584123315891 -7.8271179226209533 -0.60292809642521683 0.16204525866743291 -9.3923989827632912 0.90370648462795522
leaf_weight=100 179 193 153 121 106 113 132 100 103
leaf_count=100 179 193 153 121 106 113 132 100 103
internal_value=0 -2.13075 0.704469 3.06406 0.608644 4.66404 5.32371 -4.01411 -3.52437
internal_weight=0 757 564 543 422 213 285 279 209
internal_count=1300 757 564 543 422 213 285 279 209
is_linear=0
shrinkage=0.05


Tree=79
num_leaves=10
num_cat=0
split_feature=3 13 0 10 10 6 8 0 12
split_gain=3.10566e+06 5.26581e+06 3.61069e+06 4.73283e+06 3.67854e+06 3.46708e+06 5.92344e+06 1.41631e+06 1.06682e+06
threshold=0.66795208896578384 4713.9948400297626 5.2385030169683651 7014.482750000001 3882.9592500000003 1.0000000180025095e-35 0.84972800299896922 5.4421733840050672 3961.9400000000005
decision_type=2 8 2 2 2 2 2 2 10
left_child=2 -2 4 -4 -1 6 -3 -8 -6
right_child=1 5 3 -5 8 -7 7 -9 -10
leaf_value=4.0598333217241827 -12.20917918172575 12.224902020822658 14.204838500151764 1.3070353646471045 -1.5495288875828619 -7.2785666939190454 -5.5673201555714895 2.1838743191498979 -8.0918749023886303
leaf_weight=195 124 101 111 198 115 140 136 104 136
leaf_count=195 124 101 111 198 115 140 136 104 136
internal_value=0 -3.02191 1.7861 5.94023 -1.09198 -0.653465 2.06652 -2.20847 -5.09439
internal_weight=0 605 755 309 446 481 341 240 251
internal_count=1360 605 755 309 446 481 341 240 251
is_linear=0
shrinkage=0.05


Tree=80
num_leaves=11
num_cat=0
split_feature=4 10 14 1 15 11 3 10 3 13
split_gain=3.47033e+06 3.6848e+06 5.27217e+06 4.10627e+06 3.7821e+06 3.24344e+06 2.26639e+06 2.2072e+06 2.12485e+06 1.05384e+06
threshold=21.500000000000004 4612.8626250000007 -365.02162500000003 32.115843746827046 4.3187443744374443 4726.2925000000005 0.72295548051170322 7428.0286250000017 0.5573730537124989 4931.5767633928581
decision_type=2 2 8 2 2 10 2 2 2 8
left_child=1 4 -3 8 9 -5 -6 -7 -4 -1
right_child=-2 2 3 5 6 7 -8 -9 -10 -11
leaf_value=2.1209671418504281 7.8736541686801731 -13.841697164015338 -2.8768993567793992 9.3249252896308903 12.424461593627932 3.425897252768801 1.9310231276278227 -6.4349109317349118 -12.039295821819666 -4.028593832019129
leaf_weight=110 109 110 157 100 100 114 106 113 106 190
leaf_count=110 109 110 157 100 100 114 106 113 106 190
internal_value=0 -1.44239 -3.79218 -1.91854 1.80832 1.82232 7.02493 -1.48279 -6.56973 -1.77375
internal_weight=0 1206 700 590 506 327 206 227 263 300
internal_count=1315 1206 700 590 506 327 206 227 263 300
is_linear=0
shrinkage=0.05


Tree=81
num_leaves=10
num_cat=0
split_feature=13 13 13 11 14 13 13 5 0
split_gain=2.55017e+06 4.85507e+06 2.80223e+06 2.91159e+06 6.46302e+06 5.31519e+06 5.26943e+06 5.75491e+06 3.68118e+06
threshold=4760.9137745535727 4137.0024069940482 7410.9377008928577 4842.3587500000012 39.186250000000207 5365.2527046130963 6749.2609836309539 3.5000000000000004 5.2940127346067953
decision_type=8 10 10 8 10 8 8 2 2
left_child=1 -1 3 4 -2 -5 7 -7 -8
right_child=2 -3 -4 5 -6 6 8 -9 -10
leaf_value=2.3214250716908724 -9.6672485105054733 -10.194215679081047 -6.5732784903875672 12.573361155059603 5.1308983561678385 -12.855877819155703 1.3818912688139324 3.5012331545968416 13.588550165014448
leaf_weight=157 140 153 101 144 156 101 148 115 106
leaf_count=157 140 153 101 144 156 101 148 115 106
internal_value=0 -3.85565 1.32816 2.20514 -1.86823 4.16884 1.59384 -4.14723 6.47601
internal_weight=0 310 1011 910 296 614 470 216 254
internal_count=1321 310 1011 910 296 614 470 216 254
is_linear=0
shrinkage=0.05


Tree=82
num_leaves=10
num_cat=0
split_feature=4 8 5 11 5 7 12 16 12
split_gain=2.33392e+06 2.83736e+06 4.97121e+06 3.32702e+06 5.7413e+06 7.55945e+06 3.70888e+06 3.66508e+06 2.11814e+06
threshold=21.500000000000004 0.81594182308569041 4.5000000000000009 7393.6912500000008 3.5000000000000004 0.37736830469716404 5384.4587500000007 0.76557655765576582 7367.3225000000011
decision_type=2 2 2 10 2 2 10 2 8
left_child=1 2 8 4 6 -6 7 -3 -1
right_child=-2 3 -4 -5 5 -7 -8 -9 -10
leaf_value=3.3052574393939391 7.1417607043470657 0.77275510979550233 -12.713919573394875 -5.3411107190962763 15.666372519576706 -1.2762973187280737 5.5360116042952612 -11.302945793302436 -5.9097334544257372
leaf_weight=163 112 140 114 155 154 115 138 114 101
leaf_count=163 112 140 114 155 154 115 138 114 101
internal_value=0 -0.406967 -3.98813 1.25195 2.79798 8.42322 -1.0622 -4.64705 -0.220175
internal_weight=0 1194 378 816 661 269 392 254 264
internal_count=1306 1194 378 816 661 269 392 254 264
is_linear=0
shrinkage=0.05


Tree=83
num_leaves=9
num_cat=0
split_feature=10 0 0 11 5 7 3 12
split_gain=2.78367e+06 4.98317e+06 3.62357e+06 4.20813e+06 3.20215e+06 3.71188e+06 2.69209e+06 1.08414e+06
threshold=4290.2633750000014 3.6974072407240728 5.4324599126579338 6386.7641250000006 4.5000000000000009 0.5242776901140308 0.72165687301732362 3048.3912500000001
decision_type=2 2 2 8 2 2 2 10
left_child=1 7 3 -2 5 -4 -3 -1
right_child=2 6 4 -5 -6 -7 -8 -9
leaf_value=-6.2390764873293998 -1.1571447860626947 12.04052005271117 -1.4233947608958593 -12.715323474318893 -4.4064663624333349 8.9990474756313379 1.6018561203706831 0.71429233497720424
leaf_weight=103 189 150 176 135 194 166 105 123
leaf_count=103 189 150 176 135 194 166 105 123
internal_value=0 2.95116 -1.7986 -5.97305 0.724757 3.63545 7.74225 -2.45472
internal_weight=0 481 860 324 536 342 255 226
internal_count=1341 481 860 324 536 342 255 226
is_linear=0
shrinkage=0.05


Tree=84
num_leaves=10
num_cat=0
split_feature=13 8 13 13 13 10 4 1 5
split_gain=2.10152e+06 6.10676e+06 4.26311e+06 3.36059e+06 3.42311e+06 3.30119e+06 2.96723e+06 4.91502e+06 3.96297e+06
threshold=4760.9137745535727 0.93249594275446224 4594.8602090773811 6438.9044062500006 6769.4835550595253 6217.5320000000002 17.500000000000004 33.180589511999287 3.5000000000000004
decision_type=10 2 8 10 10 2 2 2 2
left_child=1 2 -1 6 -5 -6 7 8 -2
right_child=3 -3 -4 4 5 -7 -8 -9 -10
leaf_value=-1.0543219336111782 -2.450010745926404 5.130009377467168 -13.242700988013169 -10.206395099092934 6.9300601054081881 -4.8848148827591258 -2.4388577300224377 15.437447016447493 9.426668440526532
leaf_weight=142 162 154 145 102 113 124 139 103 124
leaf_count=142 162 154 145 102 113 124 139 103 124
internal_value=0 -2.90223 -7.21221 1.33724 -2.54771 0.748438 3.83155 6.07214 2.69932
internal_weight=0 441 287 867 339 237 528 389 286
internal_count=1308 441 287 867 339 237 528 389 286
is_linear=0
shrinkage=0.05


Tree=85
num_leaves=12
num_cat=0
split_feature=13 3 14 13 1 11 5 8 1 4 11
split_gain=2.07885e+06 6.2984e+06 2.87905e+06 2.1121e+06 2.11632e+06 2.78519e+06 2.36281e+06 4.4327e+06 2.42022e+06 1.35021e+06 1.30225e+06
threshold=4760.9137745535727 0.70536283267115929 300.1569999999993 7384.4301934523819 29.345607555277208 4842.3587500000012 3.5000000000000004 0.92786569043675426 13.878528902342397 17.500000000000004 4284.1401250000008
decision_type=8 2 10 10 2 8 2 2 2 2 10
left_child=1 2 -1 4 6 -6 7 10 -8 -7 -2
right_child=3 -3 -4 -5 5 9 8 -9 -10 -11 -12
leaf_value=-4.1554445339348716 -2.4659295750457213 -13.410441045375434 7.6381000791031584 -5.3531750031466627 -0.99888330159648775 11.552136056864704 -1.7221988217665416 -11.279959595918655 8.5952252249075816 4.126324553361961 5.2281080959616482
leaf_weight=103 109 102 104 103 124 135 101 100 130 112 111
leaf_count=103 109 102 104 103 124 135 101 100 130 112 111
internal_value=0 -3.24114 1.76981 1.43749 2.1961 5.11543 0.230444 -2.55144 4.08414 8.18497 1.41606
internal_weight=0 309 207 1025 922 371 551 320 231 247 220
internal_count=1334 309 207 1025 922 371 551 320 231 247 220
is_linear=0
shrinkage=0.05


Tree=86
num_leaves=11
num_cat=0
split_feature=10 1 5 3 1 13 12 15 13 11
split_gain=2.53942e+06 5.49545e+06 5.23718e+06 9.23559e+06 4.2681e+06 3.32407e+06 2.62263e+06 1.41943e+06 1.45266e+06 1.47442e+06
threshold=5032.0805000000009 21.972797203080702 4.5000000000000009 0.6542676155042868 35.60744069206401 6253.1274136904767 4236.7195000000002 4.6016810014334775 6037.4356845238099 4842.3587500000012
decision_type=2 2 2 2 2 10 10 2 8 10
left_child=1 7 4 -4 5 -2 -6 8 9 -1
right_child=2 -3 3 -5 6 -7 -8 -9 -10 -11
leaf_value=-3.0275001130104067 -8.6564370008075944 10.2165587275665 0.51887751920778946 -19.425202138678543 0.73376968152382804 2.8650071751968618 12.100241330590579 4.7427585185164274 -6.725432064377511 4.7417065722271081
leaf_weight=150 136 161 133 103 102 116 101 101 111 103
leaf_count=150 136 161 133 103 102 116 101 101 111 103
internal_value=0 2.255 -2.14146 -8.18553 0.993482 -3.35292 6.38901 -0.501578 -1.95674 0.135458
internal_weight=0 626 691 236 455 252 203 465 364 253
internal_count=1317 626 691 236 455 252 203 465 364 253
is_linear=0
shrinkage=0.05


Tree=87
num_leaves=10
num_cat=0
split_feature=14 10 11 3 12 4 13 0 12
split_gain=2.68186e+06 5.23878e+06 3.09882e+06 2.51083e+06 2.39432e+06 3.50234e+06 2.66607e+06 1.81048e+06 979023
threshold=-52.435124999999964 5477.6962500000009 4092.9800000000005 0.71018370139750686 4309.4613750000008 10.500000000000002 6380.9452492559531 4.6875145847918134 6572.5612500000016
decision_type=8 2 8 2 10 2 10 2 8
left_child=1 -1 7 4 5 -4 -6 -2 -5
right_child=2 -3 3 8 6 -7 -8 -9 -10
leaf_value=1.5933502483644775 1.2518048334344527 -10.856071040736643 -0.21470894373696425 -8.3448022250580589 1.9294250628222589 11.74303261311549 -7.8014738615667616 10.096178486304623 -1.5703612202612482
leaf_weight=183 107 157 145 113 184 106 114 126 101
leaf_count=183 107 157 145 113 184 106 114 126 101
internal_value=0 -4.15535 0.987718 -0.553466 1.23729 4.83517 -1.79313 6.0346 -5.14752
internal_weight=0 340 996 763 549 251 298 233 214
internal_count=1336 340 996 763 549 251 298 233 214
is_linear=0
shrinkage=0.05


Tree=88
num_leaves=11
num_cat=0
split_feature=14 0 11 12 4 11 16 3 5 12
split_gain=2.44766e+06 2.70391e+06 2.72183e+06 2.56372e+06 3.09043e+06 3.57659e+06 2.59575e+06 2.08579e+06 926724 843209
threshold=-720.7254999999999 5.9671967196719677 4978.982500000001 7680.4096250000011 19.500000000000004 1506.7007500000002 0.82561589492282528 0.67511068198625857 1.5000000000000002 3763.3362500000003
decision_type=8 2 10 10 2 10 2 2 2 8
left_child=-1 3 -3 4 5 -2 8 -4 -7 -10
right_child=1 2 7 -5 -6 6 -8 -9 9 -11
leaf_value=-6.9263101185782476 -8.2628453862141154 11.390998301175562 6.2575624016096008 -8.0341172499077356 8.2434494374176648 -0.68167112801257557 -4.3125972272368038 -3.8091119591593747 8.3786156400442131 2.5328033435048525
leaf_weight=118 136 101 106 107 104 111 170 100 100 161
leaf_count=118 136 101 106 107 104 111 170 100 100 161
internal_value=0 0.621771 4.66737 -0.775301 0.217913 -1.01314 0.80597 1.37083 3.1451 4.77258
internal_weight=0 1196 307 889 782 678 542 206 372 261
internal_count=1314 1196 307 889 782 678 542 206 372 261
is_linear=0
shrinkage=0.05


Tree=89
num_leaves=10
num_cat=0
split_feature=10 2 5 3 2 7 15 15 12
split_gain=1.87113e+06 5.14791e+06 4.2728e+06 9.57004e+06 4.87298e+06 3.79245e+06 2.03895e+06 1.89637e+06 1.1176e+06
threshold=4612.8626250000007 91.660954501806899 4.5000000000000009 0.66795208896578384 163.29634431887484 0.53029708918218277 3.9817898456512322 4.8701661832849963 4913.8135000000011
decision_type=2 2 2 2 2 2 2 2 10
left_child=1 6 4 -4 7 -6 8 -2 -1
right_child=2 -3 3 -5 5 -7 -8 -9 -10
leaf_value=-5.8243941722007904 0.31373267257220899 10.24462165267844 1.1148207099699394 -18.107136019368038 0.14011393859541629 11.182864557496377 4.4578563484682965 -9.150876673351636 0.77434441124627362
leaf_weight=156 102 152 164 107 169 144 134 110 109
leaf_count=156 102 152 164 107 169 144 134 110 109
internal_value=0 2.4144 -1.3759 -6.47466 1.25603 5.22048 -0.568544 -4.59715 -3.1102
internal_weight=0 551 796 271 525 313 399 212 265
internal_count=1347 551 796 271 525 313 399 212 265
is_linear=0
shrinkage=0.05


Tree=90
num_leaves=11
num_cat=0
split_feature=13 0 8 12 12 11 5 11 10 8
split_gain=2.15563e+06 2.64166e+06 3.94825e+06 4.31265e+06 2.60661e+06 3.50109e+06 3.06179e+06 3.72844e+06 2.50801e+06 2.07974e+06
threshold=7410.9377008928577 5.7498041470813748 0.89067633873372398 3719.3775000000005 7266.8135000000011 1860.6670000000001 4.5000000000000009 5173.7500000000009 3510.0427500000005 0.92117548093639634
decision_type=10 2 2 8 10 10 2 10 2 2
left_child=1 4 3 -3 5 -1 7 8 -7 -9
right_child=-2 2 -4 -5 -6 6 -8 9 -10 -11
leaf_value=-5.2123054421914592 -6.4509535791850325 -6.4279750067847123 12.938154417734879 6.6292507236108849 -7.3165745087158989 0.0848153577839727 10.606803400209635 0.92655132695895814 10.527611103910825 -9.0323197153240145
leaf_weight=185 101 105 104 159 117 114 101 109 116 101
leaf_count=185 101 105 104 159 117 114 101 109 116 101
internal_value=0 1.15215 4.68663 1.43604 -0.390779 0.725361 2.7558 0.95364 5.35162 -3.86319
internal_weight=0 1211 368 264 843 726 541 440 230 210
internal_count=1312 1211 368 264 843 726 541 440 230 210
is_linear=0
shrinkage=0.05


Tree=91
num_leaves=10
num_cat=0
split_feature=16 3 10 6 16 3 1 13 3
split_gain=2.63693e+06 1.88243e+06 3.63473e+06 5.70238e+06 4.15007e+06 3.31959e+06 1.99412e+06 1.9419e+06 720998
threshold=1.4380521385471885 0.56208053538588543 4849.3181250000007 1.0000000180025095e-35 0.40752825282528288 0.52039585912056363 37.416715849141568 5438.4689360119055 0.72845864319407949
decision_type=2 2 2 2 2 2 2 8 2
left_child=1 5 4 6 -3 7 -4 -1 -6
right_child=-2 2 3 -5 8 -7 -8 -9 -10
leaf_value=2.9494959726641259 6.1900324803590783 -6.6999602285085942 -6.029194053233816 -15.031321010074102 8.1112004971504206 7.3273875471690433 3.6277487285570666 -4.8105429572718492 2.3934800714838742
leaf_weight=155 180 102 104 111 120 184 110 168 102
leaf_count=155 180 102 104 111 120 184 110 168 102
internal_value=0 -0.315863 -2.09919 -5.83526 1.6484 1.96694 -1.06534 -1.08669 5.48414
internal_weight=0 1156 649 325 324 507 214 323 222
internal_count=1336 1156 649 325 324 507 214 323 222
is_linear=0
shrinkage=0.05


Tree=92
num_leaves=10
num_cat=0
split_feature=10 0 3 3 0 10 12 16 0
split_gain=3.1519e+06 2.8838e+06 2.43445e+06 2.21808e+06 5.3324e+06 2.52526e+06 1.93092e+06 1.32998e+06 1.6354e+06
threshold=6909.1327500000007 6.1640289028902897 0.63078690125703829 0.6659910053267355 5.1377971130446385 4849.3181250000007 5671.5701250000011 0.22165966596659684 3.6731548154815492
decision_type=2 2 2 2 2 2 8 2 2
left_child=3 -2 -3 4 7 6 -5 -1 -9
right_child=1 2 -4 5 -6 -7 -8 8 -10
leaf_value=5.6538516660698326 -11.117585678383856 4.8829735505580905 -5.4938044406588267 6.1472998123509548 13.527503269212742 -5.7386117529317824 -1.8034555552970795 -5.6924494377617698 2.1099996731071275
leaf_weight=119 101 100 130 140 111 173 168 103 193
leaf_count=119 101 100 130 140 111 173 168 103 193
internal_value=0 -4.07484 -0.982162 1.54929 3.79329 -0.904654 1.81052 1.18968 -0.605042
internal_weight=0 331 230 1007 526 481 308 415 296
internal_count=1338 331 230 1007 526 481 308 415 296
is_linear=0
shrinkage=0.05


Tree=93
num_leaves=10
num_cat=0
split_feature=3 0 10 11 14 5 0 14 13
split_gain=2.1971e+06 2.71926e+06 4.44912e+06 2.42201e+06 4.32147e+06 4.52799e+06 2.32944e+06 2.07591e+06 2.02806e+06
threshold=0.66795208896578384 4.7565631563156332 6680.1892500000004 6908.167625000001 363.20212500000008 4.5000000000000009 6.1070940427376081 -233.80250000000044 5469.2313831845249
decision_type=2 2 2 10 10 2 2 10 8
left_child=1 8 -3 4 5 7 -4 -2 -1
right_child=3 2 6 -5 -6 -7 -8 -9 -10
leaf_value=2.0219073963165282 5.1451738238334661 11.014617872725834 -5.4821304244995126 -8.6005458351383872 6.2253545117226379 -12.415933520907448 4.6515161146644415 -4.6357259349265227 -5.8299515207882591
leaf_weight=190 108 165 100 117 157 105 131 109 145
leaf_count=190 108 165 100 117 157 105 131 109 145
internal_value=0 1.93894 4.74381 -2.15129 -0.576008 -3.8922 0.264656 0.232187 -1.37666
internal_weight=0 731 396 596 479 322 231 217 335
internal_count=1327 731 396 596 479 322 231 217 335
is_linear=0
shrinkage=0.05


Tree=94
num_leaves=10
num_cat=0
split_feature=4 13 7 10 1 10 15 13 13
split_gain=1.93032e+06 1.79311e+06 4.14321e+06 2.17909e+06 3.43372e+06 2.84861e+06 2.02065e+06 1.58378e+06 1.1944e+06
threshold=21.500000000000004 4789.3825000000006 0.49590148129972983 7650.0631250000015 29.617254518654796 4322.9445000000005 4.056601493482682 6348.9505342261918 6253.1274136904767
decision_type=2 8 2 2 2 2 2 10 10
left_child=1 2 -1 4 5 6 -3 -6 -7
right_child=-2 3 -4 -5 7 8 -8 -9 -10
leaf_value=0.37097595393002691 6.010843027599833 -1.4983384937216335 -11.818210567837269 -4.7017159091644602 11.19995427188965 -9.306367515496909 6.3753374242624705 2.4739469649700023 -1.5976452081510337
leaf_weight=182 110 177 113 183 104 100 151 104 101
leaf_count=182 110 177 113 183 104 100 151 104 101
internal_value=0 -0.906006 -4.2981 0.181677 1.39424 -0.745801 2.12643 6.83695 -5.43283
internal_weight=0 1215 295 920 737 529 328 208 201
internal_count=1325 1215 295 920 737 529 328 208 201
is_linear=0
shrinkage=0.05


Tree=95
num_leaves=11
num_cat=0
split_feature=10 0 0 12 10 12 13 12 15 13
split_gain=2.45105e+06 4.33128e+06 2.41551e+06 2.60954e+06 1.82671e+06 2.21746e+06 2.01676e+06 2.57732e+06 1.7437e+06 869402
threshold=6940.2165000000014 6.0778786211954534 5.4324599126579338 4385.5825000000013 3020.5996250000003 6950.2427500000003 5365.2527046130963 4645.4502500000008 3.5891672500583396 6492.6215066964296
decision_type=2 2 2 8 2 10 8 8 2 10
left_child=2 -2 4 -4 8 6 -6 -8 -1 -3
right_child=1 9 3 -5 5 -7 7 -9 -10 -11
leaf_value=-0.074319134194866507 -12.418853836923837 2.7307719812026394 0.28961843495783601 10.829766859610876 3.4746857417241124 -8.4826071874930129 1.7442881609712328 -9.1595814464205798 8.3166059715243499 -3.2374188824321912
leaf_weight=153 100 130 115 120 195 101 112 105 104 115
leaf_count=153 100 130 115 120 195 101 112 105 104 115
internal_value=0 -3.64982 1.23469 5.67182 -0.119505 -1.84323 -0.215612 -3.53178 3.32123 -0.0706237
internal_weight=0 345 1005 235 770 513 412 217 257 245
internal_count=1350 345 1005 235 770 513 412 217 257 245
is_linear=0
shrinkage=0.05


Tree=96
num_leaves=10
num_cat=0
split_feature=12 3 8 5 13 12 7 10 13
split_gain=1.78863e+06 3.08303e+06 4.1992e+06 6.12626e+06 3.962e+06 3.19533e+06 5.68724e+06 3.08504e+06 1.5134e+06
threshold=7556.3323750000009 0.70536283267115929 0.80388277991483414 4.5000000000000009 4724.1026607142858 2786.0127500000003 0.45274807502792941 6909.1327500000007 6315.4483363095251
decision_type=10 2 2 2 10 10 2 2 10
left_child=1 2 7 5 -3 -4 -7 -1 -6
right_child=-2 4 3 -5 8 6 -8 -9 -10
leaf_value=1.845112412874816 -4.6973529426824481 -9.2971996517839113 8.8212871624542792 14.610278214426604 4.0480176955694338 -9.7514167909867311 6.6678401036904411 -9.0410151960826166 -3.6335636028062517
leaf_weight=183 168 145 111 136 160 107 104 101 107
leaf_count=183 168 145 111 136 160 107 104 101 107
internal_value=0 0.824545 2.75031 5.71226 -2.6437 1.95409 -1.65851 -2.02636 0.969631
internal_weight=0 1154 742 458 412 322 211 284 267
internal_count=1322 1154 742 458 412 322 211 284 267
is_linear=0
shrinkage=0.05


Tree=97
num_leaves=10
num_cat=0
split_feature=0 10 7 6 12 3 0 10 8
split_gain=1.8709e+06 3.91048e+06 3.30981e+06 5.57462e+06 2.6569e+06 2.62962e+06 2.48915e+06 1.22651e+06 1.34193e+06
threshold=5.5085966930026347 4290.2633750000014 0.32763795879346197 1.0000000180025095e-35 5298.5196250000008 0.53999487351298781 4.2202386905357212 2013.4711250000003 0.90718697419162131
decision_type=2 2 2 2 10 2 2 2 2
left_child=1 6 -2 4 -4 -3 7 -1 -9
right_child=2 5 3 -5 -6 -7 -8 8 -10
leaf_value=3.6232420870573216 10.823506857395174 -1.5173521225269024 0.69660474495454272 -7.2092013533362023 10.791781344271341 -10.444015557115728 6.8493840372974777 0.99084366545081137 -7.1601360961502678
leaf_weight=101 100 195 154 145 113 143 159 100 102
leaf_count=101 100 195 154 145 113 143 159 100 102
internal_value=0 -1.20703 2.6636 0.683044 4.9691 -5.29402 1.78301 -0.875584 -3.125
internal_weight=0 800 512 412 267 338 462 303 202
internal_count=1312 800 512 412 267 338 462 303 202
is_linear=0
shrinkage=0.05


Tree=98
num_leaves=9
num_cat=0
split_feature=11 10 12 12 5 11 1 10
split_gain=2.44982e+06 2.63095e+06 2.83546e+06 3.59022e+06 4.80558e+06 5.28428e+06 2.82675e+06 1.45629e+06
threshold=1461.8552500000003 7391.9315000000015 6477.8272500000012 2261.2446250000007 4.5000000000000009 5147.9050000000016 45.096896204383036 3510.0427500000005
decision_type=10 2 10 8 2 10 2 2
left_child=-1 2 3 -2 5 7 -3 -5
right_child=1 6 -4 4 -6 -7 -8 -9
leaf_value=-5.8229678316340268 -5.4354191361689104 -9.202392733280476 -3.5593613410236866 2.2889818389642804 11.996495160387784 -4.5240016076590992 1.3718551878037493 10.090643653037738
leaf_weight=181 102 130 198 105 164 182 123 139
leaf_count=181 102 130 198 105 164 182 123 139
internal_value=0 0.437673 1.71667 3.22628 4.72373 1.92388 -4.06155 6.73337
internal_weight=0 1143 890 692 590 426 253 244
internal_count=1324 1143 890 692 590 426 253 244
is_linear=0
shrinkage=0.05


Tree=99
num_leaves=11
num_cat=1
split_feature=10 0 16 13 16 13 9 12 13 8
split_gain=1.67726e+06 2.81249e+06 2.21175e+06 2.73439e+06 4.5346e+06 3.58704e+06 3.05616e+06 2.23366e+06 1.53927e+06 1.47867e+06
threshold=6805.0721250000006 6.116920025335868 1.4247966463312995 5071.9340029761916 0.73223572357235833 5960.3719270833344 0 2972.1767500000005 6438.9044062500006 0.8589646944892898
decision_type=2 2 2 10 2 10 9 10 10 2
left_child=2 -2 3 6 5 -5 -1 9 -3 -8
right_child=1 8 -4 4 -6 -7 7 -9 -10 -11
leaf_value=3.913288563843127 -10.067325691735515 3.9970387660824098 7.6437270893114748 13.923334806053729 -4.0129575462760156 2.0536835350528841 -12.485419048942052 0.41398675852808459 -4.2376751522746003 -4.2409084764488965
leaf_weight=125 104 113 107 108 148 155 104 116 114 114
leaf_count=125 104 113 107 108 148 155 104 116 114 114
internal_value=0 -3.2581 0.860155 0.0258536 2.98813 6.92791 -2.62665 -5.04048 -0.138456 -8.17407
internal_weight=0 331 977 870 411 263 459 334 227 218
internal_count=1308 331 977 870 411 263 459 334 227 218
cat_boundaries=0 1
cat_threshold=130
is_linear=0
shrinkage=0.05


Tree=100
num_leaves=11
num_cat=0
split_feature=3 5 15 16 11 14 0 4 10 10
split_gain=1.46477e+06 5.3604e+06 2.95533e+06 2.41199e+06 2.07298e+06 3.23661e+06 3.75076e+06 1.50663e+06 1.39917e+06 1.37053e+06
threshold=0.56208053538588543 5.5000000000000009 5.6292545921258794 0.39115994932826587 6908.167625000001 346.18474999999995 5.4086491982531602 2.5000000000000004 5528.589750000001 3832.7250000000008
decision_type=2 2 2 2 10 8 2 2 2 2
left_child=2 3 7 -2 5 8 -7 -1 -5 -9
right_child=1 -3 -4 4 -6 6 -8 9 -10 -11
leaf_value=-4.121836219096588 -6.0895771203217688 -10.769783497671796 10.119556127705621 3.1636579335809376 -2.9020086791864625 2.0037301147806232 15.182346317555645 7.0340171919928656 -4.7927452587845307 -0.12090706960721449
leaf_weight=118 108 117 103 122 157 116 101 108 101 176
leaf_count=118 108 117 103 122 157 116 101 108 101 176
internal_value=0 -0.858401 2.56303 0.786467 2.03037 3.79034 8.13756 0.626909 -0.439915 2.59998
internal_weight=0 822 505 705 597 440 217 402 223 284
internal_count=1327 822 505 705 597 440 217 402 223 284
is_linear=0
shrinkage=0.05


Tree=101
num_leaves=11
num_cat=0
split_feature=3 10 0 10 10 13 7 13 7 0
split_gain=2.21579e+06 4.23706e+06 2.75162e+06 4.3232e+06 2.83934e+06 2.02179e+06 3.12254e+06 1.30854e+06 2.19024e+06 1.87339e+06
threshold=0.70101107446389088 5842.5996250000007 5.7498041470813748 8277.3393750000014 6094.9231250000012 4724.1026607142858 0.21020274592728194 4931.5767633928581 0.48426539122296303 3.9015484881821521
decision_type=2 2 2 2 2 10 2 10 2 2
left_child=2 5 4 -4 7 -2 -7 9 -9 -1
right_child=1 -3 3 -5 -6 6 -8 8 -10 -11
leaf_value=-0.062394917339359951 -4.4554780755849448 -10.387896307890978 11.403784545262655 -1.8341421113294716 -7.0342341665563914 -3.0303885949793319 8.7763509768868495 -5.7559207665509193 3.7839078083038333 9.2509500998202885
leaf_weight=109 136 123 156 102 116 105 120 116 125 107
leaf_count=109 136 123 156 102 116 105 120 116 125 107
internal_value=0 -2.37332 1.88242 6.17019 -0.0482005 0.357414 3.26654 1.72506 -0.807877 4.55116
internal_weight=0 484 831 258 573 361 225 457 241 216
internal_count=1315 484 831 258 573 361 225 457 241 216
is_linear=0
shrinkage=0.05


Tree=102
num_leaves=10
num_cat=1
split_feature=14 11 7 5 11 13 9 13 13
split_gain=1.16525e+06 3.75894e+06 3.18129e+06 3.01e+06 2.41609e+06 1.6445e+06 1.27154e+06 3.25933e+06 2.52903e+06
threshold=66.141624999999991 4842.3587500000012 0.51718968681761701 1.5000000000000002 4122.7937500000016 5132.1188556547631 0 7384.4301934523819 6180.8709747023822
decision_type=8 10 2 2 8 10 9 8 8
left_child=1 2 -1 5 -5 -2 -6 8 -8
right_child=3 -3 -4 4 6 -7 7 -9 -10
leaf_value=-0.81087065088337873 -0.1810677923373322 4.2821787658688075 -11.84190407440442 8.2974712819786074 5.3768207696767956 -8.5378378813607352 -1.134501677096545 -7.4859732127503351 8.4684938418865201
leaf_weight=145 134 143 119 149 120 105 182 114 110
leaf_count=145 134 143 119 149 120 105 182 114 110
internal_value=0 -2.24671 -5.78319 0.969615 2.67698 -3.85245 1.08487 -0.308524 2.48307
internal_weight=0 407 264 914 675 239 526 406 292
internal_count=1321 407 264 914 675 239 526 406 292
cat_boundaries=0 1
cat_threshold=130
is_linear=0
shrinkage=0.05


Tree=103
num_leaves=10
num_cat=0
split_feature=10 12 12 4 13 4 15 5 4
split_gain=2.89587e+06 2.56137e+06 2.00222e+06 6.30074e+06 3.81096e+06 2.84669e+06 2.72408e+06 2.41812e+06 2.09503e+06
threshold=6940.2165000000014 5077.3042500000001 6304.9237500000008 16.500000000000004 4713.9948400297626 14.500000000000002 4.4353810381038112 3.5000000000000004 11.500000000000002
decision_type=2 8 10 2 10 2 2 2 2
left_child=2 -2 3 4 7 -4 -6 -1 -8
right_child=1 -3 5 -5 6 -7 8 -9 -10
leaf_value=-0.085808869856822345 -9.003277348677317 -0.14534550825310819 2.7805645542324715 11.764938205725528 -2.1691988699252791 -8.7272593604315318 10.976008088741089 -9.5006377665201835 1.3970702757835389
leaf_weight=158 150 179 106 146 130 109 133 120 100
leaf_count=158 150 179 106 146 130 109 133 120 100
internal_value=0 -4.18392 1.22259 2.39081 0.255672 -3.05363 3.62953 -4.14976 6.86488
internal_weight=0 329 1002 787 641 215 363 278 233
internal_count=1331 329 1002 787 641 215 363 278 233
is_linear=0
shrinkage=0.05


Tree=104
num_leaves=10
num_cat=0
split_feature=13 4 14 11 12 11 10 16 12
split_gain=1.6318e+06 2.79146e+06 2.69288e+06 4.31882e+06 3.54341e+06 3.179e+06 2.66512e+06 2.5324e+06 1.99339e+06
threshold=5086.3451391369063 6.5000000000000009 1201.3581250000004 6506.0815000000011 5280.3630000000012 3294.7815000000005 5060.5880000000006 0.57024035736907053 3913.7600000000002
decision_type=8 2 10 10 10 10 2 2 10
left_child=1 -1 3 4 5 7 8 -2 -3
right_child=2 6 -4 -5 -6 -7 -8 -9 -10
leaf_value=3.4865519728436567 -3.5955046469310545 3.5811847115462685 -5.9894358558474856 9.1012305649377971 6.8576465242529565 -7.3626837343500373 -10.342839838587322 7.4132369938405978 -6.2348852074972481
leaf_weight=149 106 106 106 186 146 171 130 103 101
leaf_count=149 106 106 106 186 146 171 130 103 101
internal_value=0 -2.21233 1.4457 2.55262 0.236953 -2.30679 -4.73201 1.82986 -1.2083
internal_weight=0 486 818 712 526 380 337 209 207
internal_count=1304 486 818 712 526 380 337 209 207
is_linear=0
shrinkage=0.05


Tree=105
num_leaves=11
num_cat=0
split_feature=3 10 14 16 15 10 16 3 0 5
split_gain=1.90394e+06 3.11484e+06 5.85459e+06 3.84871e+06 2.80108e+06 2.35743e+06 2.20531e+06 2.19615e+06 1.30025e+06 635703
threshold=0.63274991177368201 4681.4075000000012 -26.41499999999996 1.3685785245191184 5.3485140180684745 7502.0387500000006 0.47918125145847951 0.48224004766551337 4.2015243190985769 2.5000000000000004
decision_type=2 2 8 2 2 2 2 2 2 2
left_child=4 6 -3 -4 7 -6 -2 -1 -9 -8
right_child=1 2 3 -5 5 -7 9 8 -10 -11
leaf_value=4.5749793701171875 -4.9567749295234682 -15.782353862243539 -7.451024015247822 5.1811437551389661 11.338953306124761 1.3227113834354614 1.2076045971290739 -7.2458460824143502 -0.68402503975932472 6.6874529147148145
leaf_weight=125 100 102 128 114 104 135 102 124 193 110
leaf_count=125 100 102 128 114 104 135 102 124 193 110
internal_value=0 -2.45391 -5.73512 -1.50033 1.32039 5.68124 1.16384 -1.03762 -3.25079 4.05092
internal_weight=0 656 344 242 681 239 312 442 317 212
internal_count=1337 656 344 242 681 239 312 442 317 212
is_linear=0
shrinkage=0.05


Tree=106
num_leaves=11
num_cat=0
split_feature=4 0 10 4 14 13 0 5 11 13
split_gain=2.03831e+06 1.4349e+06 2.59952e+06 4.52263e+06 4.90222e+06 2.68516e+06 2.25703e+06 2.7488e+06 2.08729e+06 1.25031e+06
threshold=21.500000000000004 6.6652540254025405 4612.8626250000007 6.5000000000000009 -7.85050000000001 5775.9235193452387 3.6974072407240728 3.5000000000000004 6069.0785000000014 4724.1026607142858
decision_type=2 2 2 2 8 8 2 2 10 10
left_child=1 2 6 5 -5 -4 9 -8 -6 -1
right_child=-2 -3 3 4 8 -7 7 -9 -10 -11
leaf_value=-6.6866595164384002 6.4649823833394935 3.5942061718352543 7.4397189202736023 -16.394958270158408 1.597027347065987 -3.8685135167450286 0.46280721619142506 10.812255608558656 -8.3294945944860146 0.78034174101693299
leaf_weight=101 108 167 106 106 109 104 179 100 103 126
leaf_count=101 108 167 106 106 109 104 179 100 103 126
internal_value=0 -0.706221 -1.40078 -3.85501 -7.6155 1.83945 1.16016 4.17229 -3.22576 -2.54198
internal_weight=0 1201 1034 528 318 210 506 279 212 227
internal_count=1309 1201 1034 528 318 210 506 279 212 227
is_linear=0
shrinkage=0.05


Tree=107
num_leaves=10
num_cat=0
split_feature=12 0 10 5 3 0 8 15 12
split_gain=1.55845e+06 1.74721e+06 2.4777e+06 4.07122e+06 3.09767e+06 4.13398e+06 2.89781e+06 2.70113e+06 723475
threshold=8242.3378750000029 3.6974072407240728 5244.9171250000009 3.5000000000000004 0.56886590119382086 6.5942010867753451 0.94087078414536107 5.5964679801313482 6572.5612500000016
decision_type=10 2 2 2 2 2 2 2 8
left_child=1 8 3 6 7 -6 -3 -4 -1
right_child=-2 2 4 -5 5 -7 -8 -9 -10
leaf_value=-0.37821759968473201 -5.9623016280286452 4.8959964269941505 -1.2826878078224124 11.739303681647131 -8.4133091691151343 2.5378375947475433 -5.6632274746894842 9.2805893061453837 -5.8063695869051424
leaf_weight=114 102 176 129 129 199 152 103 114 133
leaf_count=114 102 176 129 129 199 152 103 114 133
internal_value=0 0.465502 1.39399 4.394 -0.666628 -3.67093 0.997788 3.67292 -3.30107
internal_weight=0 1249 1002 408 594 351 279 243 247
internal_count=1351 1249 1002 408 594 351 279 243 247
is_linear=0
shrinkage=0.05


Tree=108
num_leaves=10
num_cat=0
split_feature=10 12 13 10 1 10 7 13 13
split_gain=2.45061e+06 2.10297e+06 1.94191e+06 4.27548e+06 1.89443e+06 2.40728e+06 2.22233e+06 1.84522e+06 981957
threshold=7308.1447500000013 5384.4587500000007 4748.5616488095247 5432.563000000001 29.345607555277208 2516.0477500000002 0.35981616191194893 6283.4210944940487 6837.7285796130955
decision_type=2 10 8 2 2 2 2 10 8
left_child=2 -2 3 -1 5 -4 -7 -6 -8
right_child=1 -3 4 -5 7 6 8 -9 -10
leaf_value=2.0514267291225816 -9.8281917545110709 -0.56343983675346887 7.0886360668554547 -10.751683746942199 11.090819282645271 -4.8947990570217375 4.8590813977606349 1.6483754036473295 -1.2042628959190749
leaf_weight=184 105 147 123 101 105 192 149 102 121
leaf_count=184 105 147 123 101 105 192 149 102 121
internal_value=0 -4.42375 1.05348 -2.48582 2.32709 0.872458 -0.782498 6.43802 2.1418
internal_weight=0 252 1077 285 792 585 462 207 270
internal_count=1329 252 1077 285 792 585 462 207 270
is_linear=0
shrinkage=0.05


Tree=109
num_leaves=9
num_cat=0
split_feature=12 4 11 10 4 6 0 11
split_gain=1.59457e+06 2.27143e+06 1.93836e+06 2.0402e+06 3.46354e+06 4.0055e+06 2.28054e+06 2.7322e+06
threshold=8242.3378750000029 20.500000000000004 1506.7007500000002 5225.0711250000013 6.5000000000000009 1.0000000180025095e-35 3.6516401640164022 4092.9800000000005
decision_type=10 2 10 2 2 2 2 10
left_child=1 2 -1 6 -5 -6 -4 -8
right_child=-2 -3 3 4 5 -7 7 -9
leaf_value=-4.8300627731174401 -5.5592010738693673 6.7064119570422918 -1.2333210793034786 4.1569109130522301 -0.21029867228534488 -12.390270883948716 12.593071314400319 2.4102958983311091
leaf_weight=173 107 144 174 174 180 108 102 186
leaf_count=173 107 144 174 174 180 108 102 186
internal_value=0 0.802282 0.0272644 0.936699 -1.41277 -4.77779 3.28617 6.0167
internal_weight=0 1241 1097 924 462 288 462 288
internal_count=1348 1241 1097 924 462 288 462 288
is_linear=0
shrinkage=0.05


Tree=110
num_leaves=12
num_cat=0
split_feature=3 15 10 3 5 12 10 12 5 12 12
split_gain=1.28201e+06 1.79642e+06 2.36148e+06 3.48693e+06 4.67679e+06 2.44308e+06 2.10203e+06 2.25972e+06 2.10317e+06 1.15329e+06 549581
threshold=0.48224004766551337 5.9489698969896994 5032.0805000000009 0.58363707331222281 4.5000000000000009 4745.1537500000013 3020.5996250000003 5919.9185000000007 1.5000000000000002 1901.4648750000003 3987.1552500000003
decision_type=2 2 2 2 2 10 2 10 2 10 8
left_child=-1 6 -3 -4 5 -5 9 8 -8 -2 -10
right_child=1 2 3 4 -6 -7 7 -9 10 -11 -12
leaf_value=4.5533385685512 -2.3426079535831672 7.9675922670043438 7.3156727344862054 -3.5580718242563307 -11.195111062041427 6.5780307056667571 -8.3283022781587999 -11.021629788257458 2.9754363537424862 4.8980117275080559 -2.2277933683465512
leaf_weight=119 111 104 112 128 113 111 106 108 101 109 102
leaf_count=119 111 104 112 128 113 111 106 108 101 109 102
internal_value=0 -0.886583 1.15786 -0.368457 -2.81341 1.14949 -2.70957 -4.79581 -2.61979 1.24479 0.361006
internal_weight=0 1205 568 464 352 239 637 417 309 220 203
internal_count=1324 1205 568 464 352 239 637 417 309 220 203
is_linear=0
shrinkage=0.05


Tree=111
num_leaves=10
num_cat=0
split_feature=15 11 11 12 5 7 7 12 14
split_gain=1.59053e+06 2.43152e+06 2.38062e+06 2.64449e+06 2.80871e+06 3.60714e+06 3.18892e+06 801362 688756
threshold=7.0384288428842892 5690.4673750000011 2387.2200000000007 7070.5512500000013 3.5000000000000004 0.25162638057143294 0.51635440253459819 4890.243625000001 200.49924999999988
decision_type=2 10 8 10 2 2 2 10 10
left_child=2 -2 -1 4 5 -4 -6 8 -7
right_child=1 -3 3 -5 6 7 -8 -9 -10
leaf_value=-7.3126643093772561 8.2828472985161685 -0.78391293161793763 -7.5392131236850792 -6.1816035535998815 10.276920003831 2.7178659688654565 -0.72728856459907876 5.5515470387800683 -2.5510728915887224
leaf_weight=115 144 152 141 133 154 139 115 106 112
leaf_count=115 144 152 141 133 154 139 115 106 112
internal_value=0 3.62694 -0.538526 0.327058 1.45568 -0.768076 5.57252 1.90624 0.366786
internal_weight=0 296 1015 900 767 498 269 357 251
internal_count=1311 296 1015 900 767 498 269 357 251
is_linear=0
shrinkage=0.05


Tree=112
num_leaves=9
num_cat=0
split_feature=10 11 12 7 13 12 3 12
split_gain=1.77161e+06 1.7727e+06 2.24694e+06 4.37614e+06 4.02718e+06 4.77794e+06 4.56494e+06 2.7761e+06
threshold=2013.4711250000003 1461.8552500000003 6500.3456250000008 0.51230516351497357 6438.9044062500006 4023.7812500000005 0.70724671603018396 4798.2103750000006
decision_type=2 10 10 2 10 10 2 8
left_child=-1 -2 4 -4 6 -6 7 -3
right_child=1 2 3 -5 5 -7 -8 -9
leaf_value=6.0409686825637312 -5.9322323947482642 2.7065253650306897 -9.9611537035873958 2.390743298027791 1.7822142445260571 -11.936624684520798 -2.3995010095323837 11.815743086457919
leaf_weight=112 135 157 140 147 168 102 175 179
leaf_count=112 135 157 140 147 168 102 175 179
internal_value=0 -0.533722 0.148674 -3.63457 1.53893 -3.40046 4.14879 7.55935
internal_weight=0 1203 1068 287 781 270 511 336
internal_count=1315 1203 1068 287 781 270 511 336
is_linear=0
shrinkage=0.05


Tree=113
num_leaves=11
num_cat=0
split_feature=10 16 13 5 13 13 15 10 3 0
split_gain=2.85017e+06 3.51702e+06 2.22918e+06 2.5883e+06 2.75277e+06 2.41799e+06 1.65144e+06 1.94135e+06 1.64232e+06 1.41756e+06
threshold=7391.9315000000015 1.4247966463312995 5071.9340029761916 2.5000000000000004 4656.2740156250011 5469.2313831845249 4.7103877054372107 3627.9993750000008 0.6217273683266944 6.9801313464679806
decision_type=2 2 8 2 10 8 2 2 2 2
left_child=1 2 3 -1 -5 -4 7 -7 -8 -2
right_child=9 -3 5 4 -6 6 8 -9 -10 -11
leaf_value=2.7523380104423496 -7.5543482628735639 9.7748291730880741 8.8647163481082565 -0.74628417452176421 -11.547955713600949 1.9028427368994536 8.1931669341455589 -7.5148231679869602 0.18608808238165719 -0.1226885115532648
leaf_weight=129 165 105 106 120 116 112 101 107 175 105
leaf_count=129 165 105 106 120 116 112 101 107 175 105
internal_value=0 1.08409 0.139443 -2.94264 -6.05558 2.01126 0.543652 -2.69848 3.11621 -4.66426
internal_weight=0 1071 966 365 236 601 495 219 276 270
internal_count=1341 1071 966 365 236 601 495 219 276 270
is_linear=0
shrinkage=0.05


Tree=114
num_leaves=10
num_cat=0
split_feature=15 10 3 8 14 8 12 5 15
split_gain=1.38788e+06 2.16644e+06 3.71353e+06 3.95086e+06 2.89964e+06 2.61683e+06 2.37505e+06 1.87212e+06 565144
threshold=7.6463729706303978 5741.0952500000012 0.59666727089210203 0.80237246443051713 -826.26949999999988 0.93503799598285231 2584.7607500000008 3.5000000000000004 4.4104660466046619
decision_type=2 2 2 2 10 2 10 2 2
left_child=1 4 3 -3 -1 6 -6 -7 -8
right_child=-2 2 -4 -5 5 7 8 -9 -10
leaf_value=6.4476475252270022 3.8681607083840803 -5.789938465886646 -10.751053296252501 7.2123205497426897 -4.5618547343971709 -8.6722556035449028 2.4370974996994281 -0.020029620709626574 7.1775976355011402
leaf_weight=177 198 135 127 103 101 137 145 115 111
leaf_count=177 198 135 127 103 101 137 145 115 111
internal_value=0 -0.663753 -3.847 -0.16291 0.814474 -0.822754 1.93094 -4.72382 4.49255
internal_weight=0 1151 365 238 786 609 357 252 256
internal_count=1349 1151 365 238 786 609 357 252 256
is_linear=0
shrinkage=0.05


Tree=115
num_leaves=10
num_cat=0
split_feature=5 8 14 14 12 4 7 4 4
split_gain=1.89692e+06 1.39815e+06 3.21269e+06 3.0139e+06 3.00478e+06 5.5238e+06 4.69367e+06 1.63908e+06 1.40008e+06
threshold=1.0000000180025095e-35 0.82360706126465255 -172.87750000000025 -744.34987500000034 3864.9356250000005 17.500000000000004 0.29404222280235626 5.5000000000000009 13.500000000000002
decision_type=2 2 10 10 10 2 2 2 2
left_child=-1 2 -2 -3 8 6 -6 -4 -5
right_child=1 3 7 4 5 -7 -8 -9 -10
leaf_value=-4.9092006195564659 -8.4805892468299131 8.9064303828067466 -3.4227237714661491 1.1987826380760047 -4.9456360774311596 -12.181469869172133 9.6400203738212582 4.3437103853365526 8.5550118994577371
leaf_weight=196 128 122 117 157 123 108 100 162 110
leaf_count=196 128 122 117 157 123 108 100 162 110
internal_value=0 0.420268 -1.9221 1.74435 0.283194 -2.90003 1.59502 1.08682 4.22944
internal_weight=0 1127 407 720 598 331 223 279 267
internal_count=1323 1127 407 720 598 331 223 279 267
is_linear=0
shrinkage=0.05


Tree=116
num_leaves=11
num_cat=0
split_feature=10 0 7 6 10 14 7 4 3 4
split_gain=1.7336e+06 1.6523e+06 2.7347e+06 6.25846e+06 1.85488e+06 2.31093e+06 2.32505e+06 1.25867e+06 1.06452e+06 973360
threshold=2013.4711250000003 5.5407290729072916 0.39612017219152396 1.0000000180025095e-35 5777.1615000000011 -245.04224999999994 0.30492459129721267 5.5000000000000009 0.65891897830338608 16.500000000000004
decision_type=2 2 2 2 2 8 2 2 2 2
left_child=-1 4 -3 9 5 -2 8 -8 -7 -4
right_child=1 2 3 -5 -6 6 7 -9 -10 -11
leaf_value=6.0580037902195558 5.904364529396724 8.0324717164039612 7.6292172717094422 -8.6508717034426006 -7.5627540543323422 -2.4732601929636839 -3.2876740576928123 3.5786921335303266 -9.457528557448553 1.0647325839811159
leaf_weight=108 103 126 125 144 127 103 114 161 116 103
leaf_count=108 103 126 125 144 127 103 114 161 116 103
internal_value=0 -0.550801 1.66604 -0.490338 -2.07564 -0.908367 -2.32884 0.732271 -6.17269 4.66368
internal_weight=0 1222 498 372 724 597 494 275 219 228
internal_count=1330 1222 498 372 724 597 494 275 219 228
is_linear=0
shrinkage=0.05


Tree=117
num_leaves=9
num_cat=0
split_feature=3 14 5 14 11 3 8 14
split_gain=1.54887e+06 3.98798e+06 4.20854e+06 2.70797e+06 2.26224e+06 3.6798e+06 1.01247e+06 1.08881e+06
threshold=0.56208053538588543 -184.00262500000005 1.5000000000000002 -147.03600000000048 8546.1325000000015 0.71091573717930412 0.8223668700195812 495.81787500000013
decision_type=2 8 2 8 8 2 2 10
left_child=3 -2 -3 -1 5 -4 7 -5
right_child=1 2 4 6 -6 -7 -8 -9
leaf_value=9.2219185281033607 -7.9383333421888809 -6.40485168980981 10.04950325189318 -5.2448073509216311 -2.4247889467771504 -0.96056035930541028 2.8629649445817282 1.7356701678568776
leaf_weight=102 189 167 175 125 138 134 185 101
leaf_count=102 189 167 175 125 138 134 185 101
internal_value=0 -1.58733 0.367617 1.9298 2.89782 5.27491 0.120074 -2.12521
internal_weight=0 803 614 513 447 309 411 226
internal_count=1316 803 614 513 447 309 411 226
is_linear=0
shrinkage=0.05


Tree=118
num_leaves=10
num_cat=0
split_feature=3 6 4 3 11 13 8 13 0
split_gain=1.38636e+06 2.67144e+06 3.57757e+06 3.05006e+06 2.08447e+06 2.08246e+06 1.35028e+06 952185 581071
threshold=0.63274991177368201 1.0000000180025095e-35 17.500000000000004 0.7146963370156213 6939.0162500000015 4931.5767633928581 0.85122304651953506 5714.9520163690477 4.5088050471713848
decision_type=2 2 2 2 10 10 2 8 2
left_child=4 2 3 -2 5 6 -1 -5 -7
right_child=1 -3 -4 7 -6 8 -8 -9 -10
leaf_value=-0.71817484436364021 9.6244845582116962 -7.0649658266703286 -8.3146653249425793 -3.7584915288925176 5.8027854647939607 -6.4811733174092572 7.0886826861579468 2.2869272656738757 -1.7059947964673985
leaf_weight=116 101 195 103 125 173 103 106 136 167
leaf_count=116 101 195 103 125 173 103 106 136 167
internal_value=0 -2.15272 -0.0927461 2.24664 1.08197 -0.577988 3.00942 -0.608388 -3.52764
internal_weight=0 660 465 362 665 492 222 261 270
internal_count=1325 660 465 362 665 492 222 261 270
is_linear=0
shrinkage=0.05


Tree=119
num_leaves=9
num_cat=0
split_feature=15 12 10 3 8 13 15 16
split_gain=1.53922e+06 2.3555e+06 2.01728e+06 2.01028e+06 2.34751e+06 2.23368e+06 1.4812e+06 1.44102e+06
threshold=7.0384288428842892 4165.9275000000007 7236.065125000001 0.61283695905605051 0.96702428660826045 4760.9137745535727 4.7103877054372107 0.3309539287262056
decision_type=2 8 2 2 2 10 2 2
left_child=2 -2 3 6 5 -5 7 -1
right_child=1 -3 -4 4 -6 -7 -8 -9
leaf_value=4.2943688297271727 -2.9869288726494863 6.3647358230271269 -7.1512541480925904 -5.2994680619239816 -8.0838196949367109 3.441359675269235 6.3614554064614435 -2.4947661792745399
leaf_weight=130 104 191 119 125 137 176 140 196
leaf_count=130 104 191 119 125 137 176 140 196
internal_value=0 3.06788 -1.03161 -0.22604 -2.65808 -0.188552 2.05987 0.212558
internal_weight=0 295 1023 904 438 301 466 326
internal_count=1318 295 1023 904 438 301 466 326
is_linear=0
shrinkage=0.05


Tree=120
num_leaves=11
num_cat=0
split_feature=11 0 10 11 14 11 3 0 10 16
split_gain=1.51911e+06 1.56927e+06 1.96695e+06 2.3508e+06 1.59641e+06 2.00117e+06 1.94507e+06 2.34066e+06 1.22834e+06 1.02057e+06
threshold=2261.2446250000007 3.6731548154815492 4145.9725000000008 6149.4768750000012 -694.41374999999982 4681.9312500000005 0.54793879133262491 5.6520610394372772 2516.0477500000002 1.0265068173484024
decision_type=8 2 2 8 10 10 2 2 2 2
left_child=-1 8 3 -3 -4 -6 -7 -8 -2 -9
right_child=1 2 4 -5 5 6 7 9 -10 -11
leaf_value=-5.5204012859861065 0.22997968770271424 0.35230603456497195 -5.8305808034273667 10.83737837442985 5.1762417345780598 3.5786104854630545 -9.4641763000488286 -3.5898727793559853 -7.5684080681204797 3.3826681544479813
leaf_weight=120 102 110 101 104 195 163 100 107 100 103
leaf_count=120 102 110 101 104 195 163 100 107 100 103
internal_value=0 0.383233 1.20805 5.44786 0.0281831 0.914014 -0.843141 -3.16813 -3.63061 -0.170007
internal_weight=0 1185 983 214 769 668 473 310 202 210
internal_count=1305 1185 983 214 769 668 473 310 202 210
is_linear=0
shrinkage=0.05


Tree=121
num_leaves=11
num_cat=0
split_feature=0 10 13 10 8 12 11 12 0 0
split_gain=1.42512e+06 2.00958e+06 2.34571e+06 1.81499e+06 2.05968e+06 2.22604e+06 1.32815e+06 1.23263e+06 1.00032e+06 461172
threshold=5.4324599126579338 7571.1913750000012 4771.129851190477 3020.5996250000003 0.88903587008561846 5032.8700000000008 4804.7018750000007 4052.0387500000006 3.4260634396773013 6.7154215421542167
decision_type=2 2 10 2 2 10 10 10 2 2
left_child=3 2 -2 8 6 -6 -5 -4 -1 -3
right_child=1 9 7 4 5 -7 -8 -9 -10 -11
leaf_value=-0.195243229364094 -1.4171538658142091 -3.6897926447016225 3.8604815303689182 -3.0231424519323533 -1.2725254112978777 -10.883365157024919 3.7339455138157756 11.477887738602503 6.0982469954286458 0.96376017525082558
leaf_weight=152 100 108 101 155 120 121 137 112 108 105
leaf_count=152 100 108 101 155 120 121 137 112 108 105
internal_value=0 2.3506 4.90005 -1.00592 -2.6766 -6.09788 0.147135 7.86588 2.41898 -1.39579
internal_weight=0 526 313 793 533 241 292 213 260 213
internal_count=1319 526 313 793 533 241 292 213 260 213
is_linear=0
shrinkage=0.05


Tree=122
num_leaves=11
num_cat=0
split_feature=10 16 8 3 10 3 16 15 7 10
split_gain=1.34543e+06 2.40483e+06 2.0651e+06 1.39007e+06 2.4213e+06 2.3668e+06 1.75444e+06 1.34222e+06 1.16106e+06 1.14165e+06
threshold=6878.3922500000017 1.4165583224989164 0.80237246443051713 0.63783185062438064 4873.2451250000013 0.73309144656705116 0.48443177651098429 4.6880979764643138 0.51230516351497357 3882.9592500000003
decision_type=2 2 2 2 2 2 2 2 2 2
left_child=1 3 -2 6 5 -5 7 9 -4 -1
right_child=2 -3 8 4 -6 -7 -8 -9 -10 -11
leaf_value=5.7046459115468542 -7.3290196752884018 7.9277455568313604 -3.3060528316497804 4.9540595157278915 -7.5267583494638872 -4.7130533258471869 -2.4342199044724917 8.7077547290537627 4.2575318537869498 -1.3358490903248159
leaf_weight=104 142 109 100 144 137 113 163 101 103 129
leaf_count=104 142 109 100 144 137 113 163 101 103 129
internal_value=0 0.917432 -2.70377 0.059829 -2.15826 0.703539 1.81824 3.89354 0.531628 1.80669
internal_weight=0 1000 345 891 394 257 497 334 203 233
internal_count=1345 1000 345 891 394 257 497 334 203 233
is_linear=0
shrinkage=0.05


Tree=123
num_leaves=10
num_cat=0
split_feature=4 10 14 4 0 7 12 12 13
split_gain=1.59085e+06 1.44237e+06 1.18958e+06 2.319e+06 2.44008e+06 1.36954e+06 3.45553e+06 2.0708e+06 934836
threshold=21.500000000000004 2013.4711250000003 -946.69475 18.500000000000004 6.1302588592192562 0.30492459129721267 5088.5527500000007 3763.3362500000003 5029.6087202380959
decision_type=2 2 10 2 2 2 10 8 10
left_child=1 -1 -3 4 5 8 7 -7 -4
right_child=-2 2 3 -5 -6 6 -8 -9 -10
leaf_value=5.386282101154328 6.0319808399902204 -5.0390282717327146 -0.60558269912121343 -6.1421841381289433 5.7597577074915174 1.2423893552813037 6.949444190950584 -7.9776112483796631 -7.3108546024223546
leaf_weight=100 106 149 102 141 190 145 151 105 106
leaf_count=100 106 149 102 141 190 145 151 105 106
internal_value=0 -0.360587 -0.888307 -0.230373 0.812888 -0.730471 0.977215 -2.63001 -4.02269
internal_weight=0 1189 1089 940 799 609 401 250 208
internal_count=1295 1189 1089 940 799 609 401 250 208
is_linear=0
shrinkage=0.05


Tree=124
num_leaves=10
num_cat=0
split_feature=10 5 0 3 5 11 11 10 11
split_gain=1.26966e+06 2.62876e+06 2.38046e+06 1.79243e+06 2.65607e+06 2.90635e+06 1.31305e+06 1.24372e+06 2.50054e+06
threshold=3882.9592500000003 3.5000000000000004 5.4658632529919666 0.56886590119382086 4.5000000000000009 5518.6168750000006 4053.4950000000003 5700.7292500000012 6324.1136250000009
decision_type=2 2 2 2 2 10 10 2 8
left_child=1 6 7 -4 5 -5 -1 8 -2
right_child=2 -3 3 4 -6 -7 -8 -9 -10
leaf_value=2.7075804237808505 2.2331874565780163 7.0484942960229153 6.7540574786186216 8.0720037503028994 -5.4630740988822213 -2.5057368148886972 -5.0945203377650339 -8.0203033628693809 -7.4327547827492602
leaf_weight=112 160 187 125 134 147 126 104 114 115
leaf_count=112 160 187 125 134 147 126 104 114 115
internal_value=0 2.70841 -0.656526 1.51713 -0.0912684 2.94587 -1.04899 -3.62923 -1.80893
internal_weight=0 403 921 532 407 260 216 389 275
internal_count=1324 403 921 532 407 260 216 389 275
is_linear=0
shrinkage=0.05


Tree=125
num_leaves=10
num_cat=0
split_feature=3 5 11 4 11 12 3 4 13
split_gain=1.36369e+06 3.23128e+06 2.92832e+06 2.2169e+06 1.87583e+06 2.17813e+06 1.83249e+06 1.53442e+06 1.44502e+06
threshold=0.64262643635754146 4.5000000000000009 2696.1723750000006 16.500000000000004 5952.9287500000009 6304.9237500000008 0.7297051653214679 7.5000000000000009 5108.068815476191
decision_type=2 2 10 2 10 8 2 2 8
left_child=4 2 -2 6 7 -6 -4 8 -1
right_child=1 -3 3 -5 5 -7 -8 -9 -10
leaf_value=0.97432444261950124 6.8868634412850227 -7.7390459351620438 5.1025985069637718 -7.8114844114884097 8.3278787036864994 -0.70939207240047619 -4.103406396566653 3.5117130205366345 -6.1578986173943626
leaf_weight=129 121 177 115 115 155 117 102 135 158
leaf_count=129 121 177 115 115 155 117 102 135 158
internal_value=0 -2.01043 0.227905 -2.199 1.20266 4.44052 0.775352 -0.88431 -2.95213
internal_weight=0 630 453 332 694 272 217 422 287
internal_count=1324 630 453 332 694 272 217 422 287
is_linear=0
shrinkage=0.05


Tree=126
num_leaves=11
num_cat=0
split_feature=0 3 10 12 7 5 4 13 3 3
split_gain=1.82224e+06 1.70465e+06 2.25348e+06 2.84044e+06 1.60762e+06 5.30869e+06 1.3761e+06 1.36026e+06 1.11892e+06 1.24588e+06
threshold=5.496699669966997 0.48224004766551337 3020.5996250000003 6304.9237500000008 0.38502842723471403 4.5000000000000009 17.500000000000004 4042.0245089285722 0.71091573717930412 0.51654907486115043
decision_type=2 2 2 10 2 2 2 10 2 2
left_child=1 -1 7 8 -2 6 -6 -3 9 -4
right_child=4 2 3 -5 5 -7 -8 -9 -10 -11
leaf_value=4.1108415642092302 7.5321219076875785 -1.9972719673676924 -4.2795561393888866 -10.966299721108289 8.2596913137467087 -6.8572527472036233 0.76214417850269989 5.88396199143261 -6.1431443317505448 3.0174722391924416
leaf_weight=124 122 110 101 117 153 140 102 109 110 139
leaf_count=124 122 110 101 117 153 140 102 109 110 139
internal_value=0 -1.28421 -2.25941 -4.22186 2.51523 0.965712 5.26067 1.92535 -1.96729 -0.0533605
internal_weight=0 810 686 467 517 395 255 219 350 240
internal_count=1327 810 686 467 517 395 255 219 350 240
is_linear=0
shrinkage=0.05


Tree=127
num_leaves=9
num_cat=0
split_feature=16 15 3 13 13 4 7 13
split_gain=1.28464e+06 1.13207e+06 1.90375e+06 2.24634e+06 3.71743e+06 1.83776e+06 1.67496e+06 1.60514e+06
threshold=0.14894822815614941 3.5891672500583396 0.56208053538588543 3954.0670163690479 4789.3825000000006 17.500000000000004 0.57039262626575848 6463.2768534226198
decision_type=2 2 2 10 10 2 2 10
left_child=-1 -2 6 -4 -5 7 -3 -6
right_child=1 2 3 4 5 -7 -8 -9
leaf_value=-4.2926332667963392 -2.9807758983062662 9.4913959312227973 6.7486062582801374 -10.071707429885866 5.6563471759253368 -3.9658645671147568 1.550026903981748 -1.3587865812910929
leaf_weight=151 184 113 102 100 188 156 161 144
leaf_count=151 184 113 102 100 188 156 161 144
internal_value=0 0.613118 1.29909 -0.101101 -1.28932 0.510355 4.82512 2.61364
internal_weight=0 1148 964 690 588 488 274 332
internal_count=1299 1148 964 690 588 488 274 332
is_linear=0
shrinkage=0.05


Tree=128
num_leaves=9
num_cat=0
split_feature=13 12 7 14 11 12 10 16
split_gain=1.95649e+06 3.08531e+06 4.14261e+06 1.78211e+06 2.69656e+06 2.76705e+06 3.61418e+06 2.10519e+06
threshold=5039.3636532738101 5654.4018750000005 0.36601884023589043 1201.3581250000004 6565.8356250000006 5280.3630000000012 6364.8971250000004 0.44469863653032032
decision_type=8 10 2 10 10 8 2 2
left_child=1 2 -1 4 5 6 -2 -7
right_child=3 -3 -4 -5 -6 7 -8 -9
leaf_value=5.7401355663935343 1.8276137067810183 -10.219320651769639 -5.4209892814916181 -4.0751436163397399 7.8410144628749947 -1.0160801244563744 -10.256101883267895 7.4914387632740871
leaf_weight=156 155 100 178 119 180 122 103 180
leaf_count=156 155 100 178 119 180 122 103 180
internal_value=0 -2.51476 -0.208009 1.604 2.51727 0.806069 -2.99651 4.05463
internal_weight=0 434 334 859 740 560 258 302
internal_count=1293 434 334 859 740 560 258 302
is_linear=0
shrinkage=0.05


Tree=129
num_leaves=9
num_cat=0
split_feature=5 13 13 8 14 13 7 4
split_gain=1.45822e+06 2.42162e+06 3.2051e+06 2.42659e+06 2.7598e+06 2.29124e+06 2.18211e+06 988054
threshold=1.0000000180025095e-35 4594.8602090773811 5039.3636532738101 0.77599435185317012 536.9752500000003 5166.851205357144 0.46595452300633017 11.500000000000002
decision_type=2 8 8 2 10 10 2 2
left_child=-1 -2 -3 -4 5 -5 -6 -7
right_child=1 2 3 4 6 7 -8 -9
leaf_value=-3.7154683461440872 6.1382157939736564 -5.8466503744607152 -3.9234611099383923 0.82562055782395971 -6.4615780131383378 12.266501231259163 3.7436135582923891 5.4196905891100569
leaf_weight=199 186 193 166 147 110 109 100 102
leaf_count=199 186 193 166 147 110 109 100 102
internal_value=0 0.931555 -0.113147 1.39444 2.94861 5.61794 -1.60196 8.95667
internal_weight=0 1113 927 734 568 358 210 211
internal_count=1312 1113 927 734 568 358 210 211
is_linear=0
shrinkage=0.05


Tree=130
num_leaves=10
num_cat=0
split_feature=11 10 1 3 10 8 13 13 11
split_gain=1.7299e+06 1.89501e+06 4.1123e+06 2.2119e+06 1.82622e+06 1.78128e+06 1.49688e+06 1.64754e+06 1.49665e+06
threshold=2261.2446250000007 6909.1327500000007 28.718328940861831 0.64262643635754146 2674.9426250000006 0.90645503721055631 5365.2527046130963 6006.3600818452387 4612.4537500000015
decision_type=8 2 2 2 2 2 8 10 8
left_child=-1 2 4 -3 -2 -4 8 -8 -6
right_child=1 3 5 -5 6 -7 7 -9 -10
leaf_value=-5.4516857927215518 4.6927738647974895 1.2411023990861301 3.1076905023704455 -7.3421505035776082 -3.0444231986999513 12.037237884177536 -7.8324381426761027 -0.11415032711293963 5.0133711866596169
leaf_weight=116 167 174 103 132 100 122 133 144 136
leaf_count=116 167 174 103 132 100 122 133 144 136
internal_value=0 0.94 2.09011 -2.46148 0.151349 7.94949 -1.32705 -3.82004 1.59905
internal_weight=0 1211 905 306 680 225 513 277 236
internal_count=1327 1211 905 306 680 225 513 277 236
is_linear=0
shrinkage=0.05


Tree=131
num_leaves=11
num_cat=0
split_feature=3 16 12 5 10 11 14 3 8 11
split_gain=1.78138e+06 1.67996e+06 1.58925e+06 1.47135e+06 1.29767e+06 1.94741e+06 3.55323e+06 1.75097e+06 1.89381e+06 867441
threshold=0.4814229645429785 0.36673667366736701 7680.4096250000011 1.0000000180025095e-35 3020.5996250000003 3896.4395000000004 39.186250000000207 0.70440677252801454 0.86477132743868357 5905.0932500000008
decision_type=2 2 8 2 2 10 10 2 2 10
left_child=-1 2 9 -3 -5 6 -6 8 -7 -2
right_child=1 3 -4 4 5 7 -8 -9 -10 -11
leaf_value=5.4095021142200999 -4.3826006840851353 -4.6596910245490797 -8.7645169620974013 5.6272528785143718 -2.5192521696090697 4.7001525010940801 10.809723263382914 -5.8517978921081086 -4.2244861938839868 1.9470130404829982
leaf_weight=121 118 132 114 129 100 137 100 165 105 100
leaf_count=121 118 132 114 129 100 137 100 165 105 100
internal_value=0 -0.955762 -3.98072 0.201252 1.07305 0.10519 4.14524 -1.88009 0.827892 -1.47911
internal_weight=0 1200 332 868 736 607 200 407 242 218
internal_count=1321 1200 332 868 736 607 200 407 242 218
is_linear=0
shrinkage=0.05


Tree=132
num_leaves=10
num_cat=0
split_feature=11 13 13 13 12 12 5 0 12
split_gain=1.18625e+06 980345 1.28597e+06 4.066e+06 2.08437e+06 2.64128e+06 5.29095e+06 1.92525e+06 519376
threshold=1506.7007500000002 7384.4301934523819 6769.4835550595253 6438.9044062500006 7213.3506250000009 3576.5320000000006 4.5000000000000009 3.5188518851885191 6287.542625000001
decision_type=10 10 10 10 10 8 2 2 8
left_child=-1 2 3 4 5 -2 7 -7 -9
right_child=1 -3 -4 -5 -6 6 -8 8 -10
leaf_value=-3.4103049392475508 -2.3292055071497257 -3.8257247613925558 5.6776719483219349 -8.6891723171592901 -3.2926621455180496 -4.1820797269344334 13.309977064341524 6.6356843813843689 1.7980296303740646
leaf_weight=191 163 102 145 104 158 100 137 109 113
leaf_count=191 163 102 145 104 158 100 137 109 113
internal_value=0 0.849858 1.31333 0.597456 1.83567 3.13837 5.08001 1.57844 4.17327
internal_weight=0 1131 1029 884 780 622 459 322 222
internal_count=1322 1131 1029 884 780 622 459 322 222
is_linear=0
shrinkage=0.05


Tree=133
num_leaves=12
num_cat=0
split_feature=10 13 14 13 7 12 12 4 11 11 13
split_gain=1.02909e+06 1.58191e+06 2.77191e+06 1.81863e+06 2.36484e+06 2.10952e+06 1.73976e+06 1.23159e+06 1.21408e+06 871688 286633
threshold=7906.507125000001 4748.5616488095247 -38.421624999999942 6438.9044062500006 0.35454752074292278 4182.9650000000011 6137.3500000000013 12.500000000000002 4992.4027500000011 5198.880000000001 6438.9044062500006
decision_type=2 8 10 8 2 10 10 2 10 10 10
left_child=1 2 -1 4 6 7 -3 -5 -6 -4 -2
right_child=10 3 9 5 8 -7 -8 -9 -10 -11 -12
leaf_value=-10.313177724018693 -2.3964785108471864 3.175750200210079 3.1826313596963884 -2.1302084098824046 3.1526827929984957 -7.7270379075297599 -5.6882041420936593 4.5953236936448931 10.470926588889466 -3.3867762218503397 -6.1728104569911961
leaf_weight=100 101 124 100 176 126 108 100 111 103 102 100
leaf_count=100 101 124 100 176 126 108 100 111 103 102 100
internal_value=0 -0.397518 -3.50499 0.709151 2.87134 -1.77052 -0.781372 0.470956 6.44429 -0.134594 -4.27525
internal_weight=0 1150 302 848 453 395 224 287 229 202 201
internal_count=1351 1150 302 848 453 395 224 287 229 202 201
is_linear=0
shrinkage=0.05


Tree=134
num_leaves=11
num_cat=0
split_feature=13 3 14 12 10 15 13 7 16 12
split_gain=1.09804e+06 2.09458e+06 1.91298e+06 1.73477e+06 2.39948e+06 3.66714e+06 2.06222e+06 1.95253e+06 1.75152e+06 1.68507e+06
threshold=4735.2053571428578 0.70364316802098192 1425.20625 5298.5196250000008 6655.4568750000008 3.8053597026369306 5181.2097916666671 0.35981616191194893 0.47918125145847951 6873.0156250000009
decision_type=8 2 10 10 2 2 10 2 2 8
left_child=1 9 3 4 5 -2 -7 -5 -9 -1
right_child=2 -3 -4 7 -6 6 -8 8 -10 -11
leaf_value=4.7984115205109124 -5.9921309068423367 -8.6438481366870441 -5.7211136390578075 -0.75003632761591632 -6.0438088623344477 -0.32016908875218147 7.8945877800102942 2.1782141196623184 10.699943410232663 -4.2706192979358493
leaf_weight=100 119 101 106 139 141 135 176 114 128 105
leaf_count=100 119 101 106 139 141 135 176 114 128 105
internal_value=0 -2.75034 0.650473 1.35991 -0.383566 1.47247 4.3287 3.97285 6.68558 0.153298
internal_weight=0 306 1058 952 571 430 311 381 242 205
internal_count=1364 306 1058 952 571 430 311 381 242 205
is_linear=0
shrinkage=0.05


Tree=135
num_leaves=11
num_cat=0
split_feature=13 13 11 14 7 12 16 16 14 4
split_gain=1.28192e+06 2.58398e+06 2.08319e+06 3.6648e+06 2.3189e+06 2.15363e+06 2.42728e+06 1.98512e+06 1.39067e+06 3.99012e+06
threshold=4724.1026607142858 4947.8894270833343 6149.4768750000012 346.18474999999995 0.34151722214495134 3987.1552500000003 0.49579541287462187 0.47918125145847951 1201.3581250000004 15.500000000000002
decision_type=8 8 8 8 2 10 2 2 10 2
left_child=7 -2 4 -4 -3 -6 -7 -1 9 -5
right_child=1 2 3 8 5 6 -8 -9 -10 -11
leaf_value=1.3066988239549611 8.4203732228746606 -8.9582085655285777 10.482407043024759 -3.1832848618744287 -5.4751582058331438 -2.9826325310468675 7.7347524314054432 -6.8567496062893616 -4.893956563586281 9.302741895974787
leaf_weight=146 102 104 107 157 131 100 112 152 105 108
leaf_count=146 102 104 107 157 131 100 112 152 105 108
internal_value=0 0.868109 0.0344179 2.33265 -2.41805 -0.435034 2.67938 -2.85721 -0.0241758 1.90536
internal_weight=0 1026 924 477 447 343 212 298 370 265
internal_count=1324 1026 924 477 447 343 212 298 370 265
is_linear=0
shrinkage=0.05


Tree=136
num_leaves=10
num_cat=0
split_feature=10 5 0 10 14 8 11 4 10
split_gain=1.18678e+06 2.13283e+06 1.83497e+06 2.31729e+06 2.472e+06 1.49142e+06 1.1028e+06 1.07092e+06 712792
threshold=3832.7250000000008 3.5000000000000004 5.5328532853285326 6265.0037500000008 39.186250000000207 0.89904989273677571 6654.7398750000011 16.500000000000004 5432.563000000001
decision_type=2 2 2 2 8 2 8 2 2
left_child=1 5 6 -4 -5 -1 8 -6 -2
right_child=2 -3 3 4 7 -7 -8 -9 -10
leaf_value=2.5687368587265169 0.3379937949827162 5.9618201382497222 6.9026930487252827 -6.878381312189024 5.2037546642063077 -5.5034300169098049 -6.7797827435576394 -1.3951100544929504 -4.8934931805990276
leaf_weight=123 177 191 123 121 121 107 161 125 103
leaf_count=123 177 191 123 121 121 107 161 125 103
internal_value=0 2.05652 -1.14257 0.963291 -1.0273 -1.18658 -3.48243 1.85067 -1.58645
internal_weight=0 421 931 490 367 230 441 246 280
internal_count=1352 421 931 490 367 230 441 246 280
is_linear=0
shrinkage=0.05


Tree=137
num_leaves=10
num_cat=0
split_feature=10 0 16 15 7 10 12 11 11
split_gain=1.17023e+06 2.20258e+06 2.22114e+06 2.06928e+06 1.08954e+06 1.16409e+06 958336 909973 1.02679e+06
threshold=6507.9031250000007 6.7154215421542167 0.76017185051838576 6.8843592692602593 0.61031015949618561 2620.7030000000004 6220.841625 2261.2446250000007 4639.7763750000004
decision_type=2 2 2 2 2 2 10 10 10
left_child=3 2 -2 4 5 -1 7 -7 -9
right_child=1 -3 -4 -5 -6 6 -8 8 -10
leaf_value=3.5486552609913589 -1.1335063113756707 2.7514368140014116 -10.598978351354599 7.7855396778784076 3.938783512143202 -4.3562393134290529 -5.6677779226972351 4.8524777213732406 -1.2768913088626759
leaf_weight=138 163 157 100 107 172 110 114 108 186
leaf_count=138 163 157 100 107 172 110 114 108 186
internal_value=0 -1.93496 -4.73255 1.24224 0.396664 -0.532062 -1.6192 -0.476783 0.974714
internal_weight=0 420 263 935 828 656 518 404 294
internal_count=1355 420 263 935 828 656 518 404 294
is_linear=0
shrinkage=0.05


Tree=138
num_leaves=10
num_cat=0
split_feature=13 0 3 14 10 0 3 14 13
split_gain=1.53591e+06 1.62368e+06 2.77723e+06 5.22152e+06 2.39741e+06 2.12727e+06 1.82932e+06 1.42564e+06 1.13152e+06
threshold=7384.4301934523819 5.5952386905357212 0.58363707331222281 230.89674999999991 4290.2633750000014 3.6974072407240728 0.54304768861896924 -276.74925000000002 4724.1026607142858
decision_type=10 2 2 8 2 2 2 10 10
left_child=1 4 -3 -4 5 8 -6 -7 -1
right_child=-2 2 3 -5 6 7 -8 -9 -10
leaf_value=-5.7705995513661072 -5.7328706149916044 10.44653624945879 -7.2637858255704248 6.1714559403094622 -0.55387870997348165 9.4086369121775899 -7.9083484596676303 1.6485237431018911 1.371263025446636
leaf_weight=101 103 100 120 182 189 102 153 141 123
leaf_count=101 103 100 120 182 189 102 153 141 123
internal_value=0 0.627169 3.22439 0.832949 -0.663415 1.66586 -3.84404 4.90586 -1.84895
internal_weight=0 1211 402 302 809 467 342 243 224
internal_count=1314 1211 402 302 809 467 342 243 224
is_linear=0
shrinkage=0.05


Tree=139
num_leaves=9
num_cat=0
split_feature=3 6 14 8 12 8 14 14
split_gain=1.88278e+06 2.73358e+06 2.14634e+06 1.70287e+06 1.26808e+06 1.20189e+06 1.12863e+06 971219
threshold=0.66795208896578384 1.0000000180025095e-35 -294.30324999999988 0.84855347693258587 2972.1767500000005 0.80732407917631244 585.74324999999988 546.4607500000003
decision_type=2 2 8 2 10 2 10 10
left_child=2 3 -1 -2 -5 6 -4 -7
right_child=1 -3 5 4 -6 7 -8 -9
leaf_value=8.4535839492934084 5.4329602903333205 -7.0572736353664611 -4.2246175881042038 2.4813057566943924 -4.189073377016344 5.1936565286510596 2.4552086107730866 -0.070187665279624029
leaf_weight=105 116 182 172 114 190 182 100 169
leaf_count=105 116 182 172 114 190 182 100 169
internal_value=0 -1.93896 1.84052 0.278972 -1.68768 0.725956 -1.7688 2.65921
internal_weight=0 602 728 420 304 623 272 351
internal_count=1330 602 728 420 304 623 272 351
is_linear=0
shrinkage=0.05


Tree=140
num_leaves=12
num_cat=0
split_feature=10 0 16 13 8 13 13 12 16 3 3
split_gain=1.26093e+06 2.04863e+06 1.68609e+06 1.38234e+06 1.18568e+06 2.7309e+06 948160 1.45534e+06 1.4066e+06 432597 421086
threshold=6909.1327500000007 6.1070940427376081 1.4380521385471885 5067.721941964287 0.78160041427692273 4594.8602090773811 6410.8930498511918 3349.5581250000005 0.59480114678134488 0.68902174940751804 0.66795208896578384
decision_type=2 2 2 8 2 10 8 10 2 2 2
left_child=2 -2 3 4 -1 -6 8 9 -5 -8 -3
right_child=1 10 -4 6 5 -7 7 -9 -10 -11 -12
leaf_value=1.929288789311659 -8.740087484210731 1.7853442749023438 6.6384079326282848 8.1797722392125962 0.5693033621708552 -10.529248165389866 4.0427005905163247 -5.1181415004730226 0.12857898363360651 -0.32216001281551288 -2.3882982618788371
leaf_weight=103 100 125 110 109 120 103 128 100 108 102 117
leaf_count=103 100 125 110 109 120 103 128 100 108 102 117
internal_value=0 -2.72009 0.804698 0.0696375 -2.50761 -4.55693 1.60562 -0.0824509 4.17273 2.10698 -0.232491
internal_weight=0 342 983 873 326 223 547 330 217 230 242
internal_count=1325 342 983 873 326 223 547 330 217 230 242
is_linear=0
shrinkage=0.05


Tree=141
num_leaves=10
num_cat=0
split_feature=13 3 10 0 7 10 5 7 13
split_gain=1.10895e+06 2.09863e+06 1.64773e+06 2.42117e+06 1.93678e+06 1.06062e+06 2.76248e+06 2.07031e+06 966037
threshold=4724.1026607142858 0.70440677252801454 7502.0387500000006 5.7986923692369237 0.59902731443063295 3882.9592500000003 3.5000000000000004 0.37736830469716404 6601.2711622023817
decision_type=8 2 2 2 2 2 2 2 8
left_child=1 -1 3 5 -4 6 -2 -7 -9
right_child=2 -3 4 -5 -6 7 -8 8 -10
leaf_value=0.5048362119035571 -1.7321968244267749 -8.378069146941689 1.407301497153747 7.9249341458933706 -8.069173028707505 -7.166825975156299 7.9363430827436323 5.0937243142127997 -1.1633903603746283
leaf_weight=191 154 102 117 140 100 102 142 100 161
leaf_count=191 154 102 117 140 100 102 142 100 161
internal_value=0 -2.58751 0.904016 1.95337 -2.95974 0.684754 2.90609 -1.12658 1.23397
internal_weight=0 293 1016 799 217 659 296 363 261
internal_count=1309 293 1016 799 217 659 296 363 261
is_linear=0
shrinkage=0.05


Tree=142
num_leaves=10
num_cat=0
split_feature=8 4 5 7 15 12 12 11 10
split_gain=1.45505e+06 1.72658e+06 1.35864e+06 6.14681e+06 2.47619e+06 2.11269e+06 1.58511e+06 1.50797e+06 921776
threshold=0.99196591617441532 21.500000000000004 4.5000000000000009 0.43228940479982852 6.4109327599426615 3553.2800000000002 5088.5527500000007 5504.8525000000009 3806.4402500000001
decision_type=2 2 2 2 2 8 10 10 2
left_child=1 2 4 -4 5 -1 8 -6 -7
right_child=-2 -3 3 -5 7 6 -8 -9 -10
leaf_value=4.2685149437455996 -4.7375832096124304 6.5203089995043619 5.8143594314975129 -8.3820781047898105 8.6215750587520326 -2.4731945491343179 0.94396533292450313 0.93815711927218526 -9.0069122205539198
leaf_weight=134 156 105 124 198 134 106 146 122 110
leaf_count=134 156 105 124 198 134 106 146 122 110
internal_value=0 0.400839 -0.197434 -2.91513 0.96626 -1.095 -3.08039 4.95995 -5.80055
internal_weight=0 1179 1074 322 752 496 362 256 216
internal_count=1335 1179 1074 322 752 496 362 256 216
is_linear=0
shrinkage=0.05


Tree=143
num_leaves=12
num_cat=0
split_feature=13 10 0 8 12 3 3 13 10 11 8
split_gain=1.24265e+06 1.92432e+06 2.65814e+06 1.91537e+06 1.75876e+06 1.58889e+06 1.28656e+06 1.02516e+06 966929 2.37582e+06 1.66623e+06
threshold=4771.129851190477 7571.1913750000012 5.4086491982531602 0.93249594275446224 6386.7641250000006 0.58363707331222281 0.73309144656705116 6283.4210944940487 3882.9592500000003 6149.4768750000012 0.86477132743868357
decision_type=8 2 2 2 10 2 2 8 2 8 2
left_child=3 2 6 5 -3 -1 8 -4 9 -2 -10
right_child=1 4 7 -5 -6 -7 -8 -9 10 -11 -12
leaf_value=-0.81724564547722156 -0.93720932982184668 -6.8538187886438067 10.670047106837282 2.988056865171953 1.9630227318176858 -9.5785121526388295 -4.4499767579634986 3.9774368910175384 2.7859841313122251 9.6297982340298827 -5.3283473635182794
leaf_weight=104 110 124 101 110 104 103 105 132 164 103 103
leaf_count=104 110 124 101 110 104 103 105 132 164 103 103
internal_value=0 1.23001 2.36223 -2.34351 -2.8321 -5.17672 0.563436 6.87853 1.66012 4.17266 -0.344264
internal_weight=0 1046 818 317 228 207 585 233 480 213 267
internal_count=1363 1046 818 317 228 207 585 233 480 213 267
is_linear=0
shrinkage=0.05


Tree=144
num_leaves=9
num_cat=0
split_feature=0 10 14 12 3 16 10 14
split_gain=1.46222e+06 1.89946e+06 1.48129e+06 1.99619e+06 2.17901e+06 1.22687e+06 1.04441e+06 632845
threshold=3.9331599826649337 4145.9725000000008 1201.3581250000004 5384.4587500000007 0.6542676155042868 0.6984490115678238 3060.8093750000003 215.29899999999955
decision_type=2 2 8 10 2 2 2 10
left_child=6 -2 3 4 7 -5 -1 -3
right_child=1 2 -4 5 -6 -7 -8 -9
leaf_value=-0.44329154403121385 5.6475324503301332 5.2320338411493736 -3.8992899860083727 1.5270794594874149 -4.7054964134373618 8.8264067899196519 -6.4076354681452123 -0.039644620479163478
leaf_weight=189 192 110 179 122 194 109 120 118
leaf_count=189 192 110 179 122 194 109 120 118
internal_value=0 1.16476 0.130275 1.23486 -0.810475 4.97135 -2.75954 2.50371
internal_weight=0 1024 832 653 422 231 309 228
internal_count=1333 1024 832 653 422 231 309 228
is_linear=0
shrinkage=0.05


Tree=145
num_leaves=11
num_cat=0
split_feature=10 14 15 12 8 12 10 10 12 14
split_gain=1.35243e+06 2.96184e+06 2.18403e+06 1.63245e+06 2.49486e+06 1.43103e+06 1.25083e+06 1.17587e+06 1.00561e+06 966588
threshold=4612.8626250000007 -658.70575000000019 4.4545537887122046 6304.9237500000008 0.84607505236957092 5496.6426250000013 7502.0387500000006 5792.9618750000009 5824.2361250000004 421.48624999999953
decision_type=2 10 2 10 2 10 2 2 8 8
left_child=2 -2 5 6 -5 9 7 -3 -4 -1
right_child=1 3 8 4 -6 -7 -8 -9 -10 -11
leaf_value=0.67645810556411745 -9.3035033451943168 -0.29477248946886236 9.3574151106104999 1.3908329482261952 -9.6701011674404143 3.8343144574372667 -3.0166808403307392 5.4702728759807853 2.4169930886339261 -5.8842865448445085
leaf_weight=100 105 164 101 104 100 115 124 192 108 128
leaf_count=100 105 164 101 104 100 115 124 192 108 128
internal_value=0 -1.4846 1.74192 -0.284331 -4.03119 -0.71311 1.30809 2.81447 5.77098 -3.00677
internal_weight=0 789 552 684 204 343 480 356 209 228
internal_count=1341 789 552 684 204 343 480 356 209 228
is_linear=0
shrinkage=0.05


Tree=146
num_leaves=9
num_cat=0
split_feature=11 12 13 10 0 12 4 8
split_gain=1.4623e+06 945569 1.33761e+06 1.18445e+06 1.99284e+06 1.24393e+06 962232 1.36296e+06
threshold=1506.7007500000002 1.0000000180025095e-35 4760.9137745535727 7571.1913750000012 4.1640664066406652 5654.4018750000005 16.500000000000004 0.90067742303717402
decision_type=10 10 10 2 2 10 2 2
left_child=-1 -2 -3 4 -4 -5 7 -6
right_child=1 2 3 5 6 -7 -8 -9
leaf_value=-4.0338601433619479 5.0386260423574365 -4.1789627282619479 -2.1050930505272132 -6.2639311612821098 2.8599694923241881 1.2904095415376191 0.48964829246203112 9.8321702808664568
leaf_weight=195 111 150 199 102 182 117 138 114
leaf_count=195 111 150 199 102 182 117 138 114
internal_value=0 0.659964 0.174903 0.941428 2.03798 -2.22805 3.93768 5.54521
internal_weight=0 1113 1002 852 633 219 434 296
internal_count=1308 1113 1002 852 633 219 434 296
is_linear=0
shrinkage=0.05


Tree=147
num_leaves=10
num_cat=0
split_feature=10 3 12 7 13 11 12 5 13
split_gain=898557 1.44673e+06 1.25286e+06 2.81672e+06 2.01853e+06 2.66351e+06 2.90713e+06 3.74993e+06 1.8979e+06
threshold=2013.4711250000003 0.73309144656705116 6500.3456250000008 0.48426539122296303 6438.9044062500006 1461.8552500000003 3672.9137500000002 3.5000000000000004 7044.6583288690481
decision_type=2 2 10 2 10 10 8 2 10
left_child=-1 2 4 -4 5 -2 -7 -8 -6
right_child=1 -3 3 -5 8 6 7 -9 -10
leaf_value=4.5957167929694771 -3.6344547496567814 -5.6678314541911226 -8.4022257202813613 1.9145085366380294 -6.1931674345307153 -1.0650329464164219 2.8558161484366433 13.989117726378552 2.3337348721795164
leaf_weight=105 124 111 119 149 146 152 187 127 118
leaf_count=105 124 111 119 149 146 152 187 127 118
internal_value=0 -0.222592 0.316108 -2.66643 1.25208 2.87813 4.6111 7.35878 -2.3819
internal_weight=0 1233 1122 268 854 590 466 314 264
internal_count=1338 1233 1122 268 854 590 466 314 264
is_linear=0
shrinkage=0.05


Tree=148
num_leaves=9
num_cat=0
split_feature=3 5 5 14 13 15 13 11
split_gain=1.08394e+06 3.9851e+06 2.59607e+06 1.56247e+06 1.44385e+06 3.0984e+06 1.46866e+06 696805
threshold=0.56208053538588543 5.5000000000000009 1.0000000180025095e-35 -245.04224999999994 6614.0354598214299 7.0384288428842892 4931.5767633928581 5952.9287500000009
decision_type=2 2 2 10 10 2 10 10
left_child=3 2 -2 -1 5 6 -4 -5
right_child=1 -3 4 7 -6 -7 -8 -9
leaf_value=5.892279232371795 -6.8614952723894804 -9.7942935355512777 3.262320083736078 -2.1775759545490914 -2.8554469748727378 8.8276160186284223 -3.6750342528573401 2.3270022883043664
leaf_weight=152 112 118 161 194 148 146 145 154
leaf_count=152 112 118 161 194 148 146 145 154
internal_value=0 -1.2839 0.126534 1.66307 1.43097 2.83448 -0.0249883 -0.184171
internal_weight=0 830 712 500 600 452 306 348
internal_count=1330 830 712 500 600 452 306 348
is_linear=0
shrinkage=0.05


Tree=149
num_leaves=10
num_cat=0
split_feature=13 13 4 15 7 14 14 3 7
split_gain=1.27388e+06 1.08071e+06 953891 1.70466e+06 1.63359e+06 2.86569e+06 1.76494e+06 1.48653e+06 1.04583e+06
threshold=7384.4301934523819 7044.6583288690481 11.500000000000002 4.9716930026335975 0.56520147139266441 368.53837500000014 536.9752500000003 0.62770809221165458 0.37736830469716404
decision_type=10 8 2 2 2 10 10 2 2
left_child=1 2 4 -4 6 -6 -1 -5 -9
right_child=-2 -3 3 7 5 -7 -8 8 -10
leaf_value=6.2160922422701006 -5.7116564754143511 3.7910073228841705 -7.8636676021141589 4.6946454772949222 -7.0422987572115039 4.1161915507094538 -1.6974489756063982 0.695502677330604 -4.9579081667717118
leaf_weight=196 103 169 101 100 132 102 110 156 172
leaf_count=196 103 169 101 100 132 102 110 156 172
internal_value=0 0.0755698 -0.51181 -2.02085 0.966487 -2.17834 3.37136 -0.64205 -2.26909
internal_weight=0 1238 1069 529 540 234 306 428 328
internal_count=1341 1238 1069 529 540 234 306 428 328
is_linear=0
shrinkage=0.05


Tree=150
num_leaves=10
num_cat=0
split_feature=11 11 3 15 15 5 5 13 16
split_gain=1.39203e+06 1.14935e+06 1.47359e+06 1.6005e+06 1.31928e+06 1.11541e+06 1.8711e+06 1.0881e+06 858388
threshold=1400.9818750000002 3870.4553750000005 0.56208053538588543 4.8953645364536458 5.2539920658732546 2.5000000000000004 4.5000000000000009 5638.7290669642871 0.36673667366736701
decision_type=10 10 2 2 2 2 2 10 2
left_child=-1 4 3 8 -2 7 -7 -4 -3
right_child=1 2 5 -5 -6 6 -8 -9 -10
leaf_value=-4.1435722829844499 0.011156720277808962 2.5983640163552528 -1.2225715762317773 6.4853555649056922 6.4290252271041375 4.0856028212247972 -3.9467878733362469 -8.4420345766676803 -3.9044172493538056
leaf_weight=185 168 102 101 129 153 137 154 108 101
leaf_count=185 168 102 101 129 153 137 154 108 101
internal_value=0 0.528635 -0.451922 2.13042 3.07014 -2.16659 -0.165216 -4.9532 -0.63701
internal_weight=0 1153 832 332 321 500 291 209 203
internal_count=1338 1153 832 332 321 500 291 209 203
is_linear=0
shrinkage=0.05


Tree=151
num_leaves=11
num_cat=0
split_feature=11 11 7 3 11 14 13 10 2 8
split_gain=1.23919e+06 1.49364e+06 1.6869e+06 1.49031e+06 1.48714e+06 1.44412e+06 1.35448e+06 1.29743e+06 2.02667e+06 1.21235e+06
threshold=1506.7007500000002 3978.9895000000006 0.02357880937502357 0.53531788394287505 5096.2043750000003 1171.5847500000002 5785.1372313988113 6120.6272500000005 63.665792223842992 0.86382268178586374
decision_type=10 10 2 2 10 10 10 2 2 2
left_child=-1 7 -3 6 -5 9 -4 8 -2 -6
right_child=1 2 3 4 5 -7 -8 -9 -10 -11
leaf_value=-3.8421719121871534 0.24311272287368776 -6.3311729785615363 7.4091982579749569 -6.6991977184125693 6.4008165176098162 -4.4474781929436373 -0.46510886343625879 -1.3073200390035034 9.8628943707332155 -0.58660926137651714
leaf_weight=194 100 113 115 101 104 118 104 102 121 154
leaf_count=194 100 113 115 101 104 118 104 102 121 154
internal_value=0 0.482831 -0.664784 0.25519 -1.31252 0.134427 3.6698 3.3572 5.51005 2.23003
internal_weight=0 1132 809 696 477 376 219 323 221 258
internal_count=1326 1132 809 696 477 376 219 323 221 258
is_linear=0
shrinkage=0.05


Tree=152
num_leaves=11
num_cat=0
split_feature=10 15 13 14 12 3 7 14 13 13
split_gain=1.24473e+06 1.15195e+06 2.35774e+06 2.23339e+06 2.37005e+06 1.76018e+06 1.73402e+06 1.83419e+06 859467 617316
threshold=1901.3547500000002 7.0384288428842892 6492.6215066964296 -571.06599999999969 2786.0127500000003 0.48409866338894536 0.30492459129721267 -43.455874999999644 5010.5430877976205 6492.6215066964296
decision_type=2 2 10 8 8 2 2 10 10 10
left_child=-1 3 -3 -2 -5 -6 8 -8 -7 -9
right_child=1 2 -4 4 5 6 7 9 -10 -11
leaf_value=5.6149431509130139 6.060407925844193 6.2754208866845484 -2.7691916156987677 5.0601665317460345 2.8815376747931758 -4.4950544732407884 -7.112292641785837 1.9318099785904861 -10.970716341651313 -2.9473877020991677
leaf_weight=102 100 176 122 108 112 104 124 181 101 101
leaf_count=102 100 176 122 108 112 104 124 181 101 101
internal_value=0 -0.133098 2.57259 -0.999151 -1.84868 -2.8807 -3.93696 -2.04422 -7.6855 0.184296
internal_weight=0 1229 298 931 831 723 611 406 205 282
internal_count=1331 1229 298 931 831 723 611 406 205 282
is_linear=0
shrinkage=0.05


Tree=153
num_leaves=10
num_cat=0
split_feature=10 8 15 5 7 12 15 15 4
split_gain=944861 1.39736e+06 914711 1.36173e+06 5.18616e+06 1.85519e+06 2.02169e+06 929308 624193
threshold=1952.7477500000002 0.99239559503648767 3.6367928459512622 4.5000000000000009 0.43829559122575595 2816.6125000000006 7.1454520452045207 4.8701661832849963 14.500000000000002
decision_type=2 2 2 2 2 8 2 2 2
left_child=-1 2 -2 5 -5 -4 7 -7 -9
right_child=1 -3 3 4 -6 6 -8 8 -10
leaf_value=4.4644804975361501 -4.0377305213113628 -5.3586677507462355 7.0189645496598132 6.8774836895465858 -7.255365098489297 1.7982841132500138 5.7160210908220641 -5.3775615655200584 -0.25036316338707421
leaf_weight=103 120 133 137 100 185 147 137 142 102
leaf_count=103 120 133 137 100 185 147 137 142 102
internal_value=0 -0.525216 0.0755777 0.595154 -2.29647 1.83442 0.489189 -1.34221 -3.23422
internal_weight=0 1203 1070 950 285 665 528 391 244
internal_count=1306 1203 1070 950 285 665 528 391 244
is_linear=0
shrinkage=0.05


Tree=154
num_leaves=9
num_cat=0
split_feature=11 7 10 5 11 16 4 1
split_gain=968033 1.13546e+06 1.85165e+06 1.39808e+06 6.14578e+06 1.64674e+06 1.69902e+06 1.58262e+06
threshold=1506.7007500000002 -0.0329076365468483 3605.6853750000005 4.5000000000000009 5198.880000000001 0.43495599559956039 15.500000000000002 28.867202687976683
decision_type=10 2 2 2 10 2 2 2
left_child=-1 -2 -3 5 -5 -4 7 -7
right_child=1 2 3 4 -6 6 -8 -9
leaf_value=-3.2264704621944236 -3.6081980853421349 6.3572271856101787 -1.9891893991490002 -12.42476347838298 3.1648818597285704 2.2353095648288726 -0.21792576930695967 11.044910201774194
leaf_weight=194 140 148 194 101 169 100 155 104
leaf_count=194 140 148 194 101 169 100 155 104
internal_value=0 0.601446 1.2084 0.282484 -2.6668 1.72246 3.7282 6.72648
internal_weight=0 1111 971 823 270 553 359 204
internal_count=1305 1111 971 823 270 553 359 204
is_linear=0
shrinkage=0.05


Tree=155
num_leaves=9
num_cat=0
split_feature=4 10 0 10 3 15 12 10
split_gain=1.33012e+06 1.12697e+06 2.28952e+06 1.32093e+06 2.01021e+06 1.57132e+06 1.42996e+06 890956
threshold=21.500000000000004 7906.507125000001 6.1981739840650745 4538.0732500000013 0.53633845918072409 4.4545537887122046 4683.9212500000003 2013.4711250000003
decision_type=2 2 2 2 2 2 10 2
left_child=1 2 3 5 -5 7 -6 -1
right_child=-2 -3 -4 4 6 -7 -8 -9
leaf_value=2.5337101764678955 5.1301370549620247 -4.4557907755899278 6.254462191712765 1.2508123544573087 -2.466451861040436 4.5409288552355642 -10.221512766338531 -3.2611523141715733
leaf_weight=100 114 158 131 171 137 187 105 197
leaf_count=100 114 158 131 171 137 187 105 197
internal_value=0 -0.524348 0.0799012 -0.821846 -2.89897 0.950574 -5.83125 -1.31002
internal_weight=0 1186 1028 897 413 484 242 297
internal_count=1300 1186 1028 897 413 484 242 297
is_linear=0
shrinkage=0.05


Tree=156
num_leaves=11
num_cat=0
split_feature=13 14 13 4 13 13 8 8 4 4
split_gain=921725 1.63457e+06 1.39533e+06 2.52444e+06 2.33385e+06 1.5491e+06 2.31689e+06 1.07492e+06 1.37665e+06 1.09036e+06
threshold=4771.129851190477 -43.455874999999644 4931.5767633928581 13.500000000000002 5086.3451391369063 5469.2313831845249 0.93987545933848116 0.8223668700195812 13.500000000000002 8.5000000000000018
decision_type=8 10 10 2 10 10 2 2 2 2
left_child=1 -1 3 -2 -4 -6 7 9 -9 -7
right_child=2 -3 4 -5 5 6 -8 8 -10 -11
leaf_value=-7.8765547761917123 -0.98217112043629529 0.006838825096686681 -7.5313557818824171 9.8801637215614324 5.7612310260049062 -4.2410483707399926 -7.0677861082444497 7.5840479812274388 -0.24427068276792513 2.5786683818668994
leaf_weight=100 115 192 102 100 119 136 109 108 117 103
leaf_count=100 115 192 102 100 119 136 109 108 117 103
internal_value=0 -2.69295 0.496912 4.07008 -0.470633 0.570109 -0.507977 1.03301 3.51332 -1.30201
internal_weight=0 292 1009 215 794 692 573 464 225 239
internal_count=1301 292 1009 215 794 692 573 464 225 239
is_linear=0
shrinkage=0.05


Tree=157
num_leaves=11
num_cat=0
split_feature=4 7 12 14 14 4 16 11 12 7
split_gain=1.27298e+06 1.09694e+06 2.49513e+06 1.92887e+06 1.69171e+06 1.07632e+06 1.5476e+06 2.03918e+06 695689 386844
threshold=21.500000000000004 0.56222406830378013 5088.5527500000007 363.20212500000008 -502.71449999999999 9.5000000000000018 0.69370687068706849 3896.4395000000004 3107.7450000000003 0.33685756060131122
decision_type=2 2 10 8 8 2 2 10 10 2
left_child=1 4 3 -3 -1 8 -7 -8 -6 -9
right_child=-2 2 -4 -5 5 6 7 9 -10 -11
leaf_value=6.9565045609922693 5.4407656984669828 -9.7005305887207278 2.7995938256382944 -0.72033587778564057 -0.43726197052927857 -5.197105416158835 6.3605964634741579 -4.2206540578993685 4.9141071105325551 0.041047111266064196
leaf_weight=101 112 127 147 113 103 168 107 107 148 106
leaf_count=101 112 127 147 113 103 168 107 107 148 106
internal_value=0 -0.127756 -2.3303 -5.47236 0.886986 0.0574574 -1.31104 0.72914 2.71813 -2.09981
internal_weight=0 1227 387 240 840 739 488 320 251 213
internal_count=1339 1227 387 240 840 739 488 320 251 213
is_linear=0
shrinkage=0.05


Tree=158
num_leaves=10
num_cat=0
split_feature=10 5 11 8 16 3 0 16 3
split_gain=1.40179e+06 2.18457e+06 2.38419e+06 1.90971e+06 1.68255e+06 1.47529e+06 1.98884e+06 819594 1.39453e+06
threshold=5326.8267500000011 4.5000000000000009 6324.1136250000009 0.87277645816222071 0.62754192085875282 0.73309144656705116 4.6875145847918134 0.24718305163849721 0.54683777954538104
decision_type=2 2 10 2 2 2 2 2 2
left_child=5 3 -3 4 -2 6 7 -1 -9
right_child=1 2 -4 -5 -6 -7 -8 8 -10
leaf_value=4.7092644135928854 -0.52439032763417004 -11.375384108543397 -0.51072109493554807 -4.5671619200683908 7.1617781286845448 -2.7192520471362327 7.3259387013491466 -3.8321414889878782 3.0331307439660207
leaf_weight=103 171 100 102 132 122 154 170 151 145
leaf_count=103 171 100 102 132 122 154 170 151 145
internal_value=0 -1.60834 -5.88927 0.426355 2.67599 1.6222 2.79721 0.867681 -0.469086
internal_weight=0 627 202 425 293 723 569 399 296
internal_count=1350 627 202 425 293 723 569 399 296
is_linear=0
shrinkage=0.05


Tree=159
num_leaves=10
num_cat=0
split_feature=5 8 14 5 12 3 4 4 8
split_gain=1.71334e+06 1.35428e+06 2.36041e+06 1.37746e+06 2.00257e+06 3.48305e+06 1.50511e+06 812076 752134
threshold=1.0000000180025095e-35 0.82501466908338139 -172.87750000000025 3.5000000000000004 5737.547375000001 0.70536283267115929 16.500000000000004 5.5000000000000009 0.93249594275446224
decision_type=2 2 10 2 10 2 2 2 2
left_child=-1 2 -2 6 5 -5 8 -4 -3
right_child=1 3 7 4 -6 -7 -8 -9 -10
leaf_value=-4.2776055987435155 -6.8419021301346721 4.6453197858761994 -2.0880450008485627 10.978094258308412 -1.7162718100774859 -0.57177809940444102 -5.0755179698314148 3.3921935103651957 -0.81857114415014953
leaf_weight=198 139 128 115 165 105 108 109 164 124
leaf_count=198 139 128 115 165 105 108 109 164 124
internal_value=0 0.755801 -1.51873 2.04234 4.15192 6.40891 -0.166574 1.13331 1.95674
internal_weight=0 1157 418 739 378 273 361 279 252
internal_count=1355 1157 418 739 378 273 361 279 252
is_linear=0
shrinkage=0.05


Tree=160
num_leaves=10
num_cat=0
split_feature=13 10 14 5 7 5 13 8 13
split_gain=1.27038e+06 2.36014e+06 2.00302e+06 2.75195e+06 1.81873e+06 1.336e+06 4.01903e+06 3.23497e+06 752228
threshold=5086.3451391369063 7502.0387500000006 876.63937500000031 2.5000000000000004 0.4174422794498534 3.5000000000000004 6081.0332001488105 0.87719634897662646 6143.7569166666681
decision_type=8 2 10 2 2 2 8 2 10
left_child=2 5 3 -1 -5 7 -7 8 -2
right_child=1 -3 -4 4 -6 6 -8 -9 -10
leaf_value=1.7581306409090758 2.2043488588598037 -3.7265487274756803 3.8777139411480341 -2.7545433910881605 -11.388381154970689 12.604470074397547 -0.82695906680563225 -3.8618995861077181 8.1768405661999601
leaf_weight=140 108 195 108 123 121 108 115 191 103
leaf_count=140 108 195 108 123 121 108 115 191 103
internal_value=0 1.07581 -2.13795 -3.82986 -7.03608 2.57415 5.67795 0.852392 5.11983
internal_weight=0 820 492 384 244 625 223 402 211
internal_count=1312 820 492 384 244 625 223 402 211
is_linear=0
shrinkage=0.05


Tree=161
num_leaves=10
num_cat=0
split_feature=10 0 0 7 10 3 12 10 11
split_gain=1.23711e+06 1.91876e+06 1.46143e+06 1.64208e+06 1.20021e+06 1.40533e+06 1.45689e+06 1.18146e+06 792738
threshold=6940.2165000000014 6.5942010867753451 5.3589483948394845 0.43228940479982852 2674.9426250000006 0.48409866338894536 5671.5701250000011 3882.9592500000003 5063.868625000001
decision_type=2 2 2 2 2 2 8 2 10
left_child=2 -2 4 -4 -1 -6 8 -8 -7
right_child=1 -3 3 -5 5 6 7 -9 -10
leaf_value=3.2308378338813784 -6.5349293489281726 1.1370953264611738 7.6703664934131472 -0.40670596519402702 3.4573879511191929 3.5504085826401663 -1.9127296044941873 -8.8869926412566382 -2.7297721900939944
leaf_weight=182 164 162 142 113 116 101 124 119 100
leaf_count=182 164 162 142 113 116 101 124 119 100
internal_value=0 -2.72245 0.825664 4.09111 -0.296559 -1.44296 -2.72324 -5.32811 0.425941
internal_weight=0 326 997 255 742 560 444 243 201
internal_count=1323 326 997 255 742 560 444 243 201
is_linear=0
shrinkage=0.05


Tree=162
num_leaves=11
num_cat=0
split_feature=12 15 10 13 7 10 15 12 12 3
split_gain=1.40052e+06 1.92661e+06 2.58877e+06 1.13931e+06 953772 790574 1.36206e+06 1.60201e+06 1.08175e+06 840469
threshold=2213.5533750000004 7.0384288428842892 7236.065125000001 6527.5025967261909 0.62401970584964539 2316.2806250000003 3.8425925925925939 6005.8556250000011 4400.7466250000007 0.66795208896578384
decision_type=8 2 2 10 2 2 2 10 10 2
left_child=-1 2 4 -3 5 -2 -7 8 9 -8
right_child=1 3 -4 -5 -6 6 7 -9 -10 -11
leaf_value=-5.6124338144702577 3.3072389040843095 6.3669746112272234 -8.4351349579225676 -0.037558114888339211 3.5658403109281496 -6.6076172730832727 2.4146657417297366 -5.340470313174384 5.6209955743380959 -3.4561350543959808
leaf_weight=112 101 173 101 116 156 106 125 119 105 119
leaf_count=112 101 173 101 116 156 106 125 119 105 119
internal_value=0 0.22958 -0.876408 3.7963 0.0422822 -0.772051 -1.48984 -0.33068 1.37753 -0.448553
internal_weight=0 1221 932 289 831 675 574 468 349 244
internal_count=1333 1221 932 289 831 675 574 468 349 244
is_linear=0
shrinkage=0.05


Tree=163
num_leaves=11
num_cat=0
split_feature=3 5 14 5 16 14 12 4 4 3
split_gain=1.23243e+06 1.98846e+06 1.85222e+06 1.34848e+06 1.49382e+06 1.37377e+06 2.11654e+06 980651 662519 584948
threshold=0.56208053538588543 5.5000000000000009 -308.21374999999983 1.0000000180025095e-35 0.39115994932826587 470.48974999999933 6925.1222500000013 3.5000000000000004 13.500000000000002 0.50696179509160788
decision_type=2 2 10 2 2 8 8 2 2 2
left_child=2 3 -1 -2 -5 8 -7 -4 -6 -9
right_child=1 -3 7 4 5 6 -8 9 -10 -11
leaf_value=7.2956289026737213 -5.0839481762626724 -7.1561285089223823 -2.6160418355321311 -4.5362800478935243 -3.6818797422467542 0.86593308936465874 10.179848073496679 0.16352885305419451 1.7865619733415803 5.2031170017444168
leaf_weight=125 114 117 166 105 106 154 101 129 116 104
leaf_count=125 114 117 166 105 106 154 101 129 116 104
internal_value=0 -1.12505 1.98456 -0.111206 0.862837 2.05132 4.55497 0.320693 -0.824496 2.41296
internal_weight=0 813 524 696 582 477 255 399 222 233
internal_count=1337 813 524 696 582 477 255 399 222 233
is_linear=0
shrinkage=0.05


Tree=164
num_leaves=9
num_cat=0
split_feature=3 14 5 15 11 3 3 3
split_gain=662545 3.04385e+06 2.40149e+06 1.48402e+06 1.44456e+06 2.50052e+06 566736 963812
threshold=0.56208053538588543 -199.04962500000008 1.5000000000000002 5.3032636596993035 8546.1325000000015 0.71018370139750686 0.48224004766551337 0.50578908294957048
decision_type=2 8 2 2 8 2 2 2
left_child=3 -2 -3 6 5 -4 -1 -8
right_child=1 2 4 -5 -6 -7 7 -9
leaf_value=2.7334722589100564 -6.6302210086517128 -4.5335462493043917 8.214010191284201 6.2000558958899594 -1.6988298142478415 -0.65066924112306224 -4.4788249441819596 1.4817443610904935
leaf_weight=124 178 158 186 124 137 139 129 143
leaf_count=124 178 158 186 124 137 139 129 143
internal_value=0 -0.866988 0.787618 1.42669 2.60741 4.42265 -0.068001 -1.34514
internal_weight=0 798 620 520 462 325 396 272
internal_count=1318 798 620 520 462 325 396 272
is_linear=0
shrinkage=0.05


Tree=165
num_leaves=10
num_cat=0
split_feature=11 10 7 11 11 10 15 11 8
split_gain=840400 1.08471e+06 1.36203e+06 1.10254e+06 1.85718e+06 1.65017e+06 1.97885e+06 1.1506e+06 710513
threshold=1777.1300000000003 7391.9315000000015 -0.0329076365468483 5746.4165000000012 7393.6912500000008 5829.0020000000013 3.9398314831483154 3896.4395000000004 0.8299725795842724
decision_type=10 2 2 10 10 2 2 10 2
left_child=-1 2 -2 5 -5 6 -4 -8 -3
right_child=1 8 3 4 -6 -7 7 -9 -10
leaf_value=-3.0019748829913384 -3.2405975226970281 -0.10613473440919603 -2.7648434258875301 8.1790887800263778 0.49754000987881936 -4.9999976810287023 8.9353281806764144 1.4603552704990501 -5.5926892120464178
leaf_weight=196 136 140 122 162 153 102 105 101 102
leaf_count=196 136 140 122 162 153 102 105 101 102
internal_value=0 0.546301 1.36074 2.20071 4.44805 0.554406 2.28169 5.27041 -2.41865
internal_weight=0 1123 881 745 315 430 328 206 242
internal_count=1319 1123 881 745 315 430 328 206 242
is_linear=0
shrinkage=0.05


Tree=166
num_leaves=9
num_cat=0
split_feature=5 8 8 14 13 7 12 10
split_gain=833411 3.76751e+06 2.03888e+06 2.01518e+06 1.80223e+06 1.71152e+06 1.03846e+06 1.2068e+06
threshold=3.5000000000000004 0.83877843560320542 0.87076137214023741 407.53762500000011 5149.2331622023821 0.61031015949618561 9419.6427500000009 6655.4568750000008
decision_type=2 2 2 8 8 2 8 2
left_child=2 5 6 -4 -3 -2 7 -1
right_child=1 4 3 -5 -6 -7 -8 -9
leaf_value=5.3270936497549215 -8.4369159100055704 1.0384886922438941 0.1962405413389206 -7.5002144992032802 8.3634407441169909 0.15340886841649595 -3.05538699334743 -1.339233811732826
leaf_weight=180 100 165 156 187 171 138 102 109
leaf_count=180 100 165 156 187 171 138 102 109
internal_value=0 1.3571 -1.18621 -3.99979 4.76637 -3.45597 1.28197 2.8128
internal_weight=0 574 734 343 336 238 391 289
internal_count=1308 574 734 343 336 238 391 289
is_linear=0
shrinkage=0.05


Tree=167
num_leaves=11
num_cat=0
split_feature=10 0 7 14 12 4 11 16 8 14
split_gain=1.04771e+06 1.08385e+06 1.7209e+06 1.19546e+06 1.03973e+06 1.4765e+06 1.70303e+06 1.68952e+06 908036 664182
threshold=7906.507125000001 5.7498041470813748 0.49337180334068753 -522.977125 7615.7300000000005 15.500000000000002 1506.7007500000002 0.83474597459745914 0.80037577719682529 495.81787500000013
decision_type=2 2 2 8 10 2 10 2 2 10
left_child=1 3 -3 -1 5 6 -5 8 -8 -10
right_child=-2 2 -4 4 -6 -7 7 -9 9 -11
leaf_value=4.9387687625885013 -3.3462668117107541 7.2830637523356607 -1.237977735087985 -6.7029198358201576 -5.5223492402296799 4.3026178058696116 5.6741027021849604 -5.339950332101786 2.7982760489554632 -2.8809841618089393
leaf_weight=100 198 136 105 117 104 146 108 106 105 101
leaf_count=100 198 136 105 117 104 146 108 106 105 101
internal_value=0 0.597172 3.57058 -0.210709 -0.865026 -0.155859 -1.36803 0.118114 1.96065 0.0137844
internal_weight=0 1128 241 887 787 683 537 420 314 206
internal_count=1326 1128 241 887 787 683 537 420 314 206
is_linear=0
shrinkage=0.05


Tree=168
num_leaves=11
num_cat=0
split_feature=13 13 13 15 13 3 10 15 10 15
split_gain=943060 1.38922e+06 1.57861e+06 1.65987e+06 1.31938e+06 1.70068e+06 3.27374e+06 2.0284e+06 792576 1.5735e+06
threshold=7410.9377008928577 6759.6497321428587 6380.9452492559531 7.7167966796679668 5850.6047738095249 0.6659910053267355 4290.2633750000014 5.6292545921258794 4681.4075000000012 3.1692169216921693
decision_type=10 10 10 2 10 2 2 2 2 2
left_child=1 2 3 4 5 7 -7 8 9 -1
right_child=-2 -3 -4 -5 -6 6 -8 -9 -10 -11
leaf_value=-3.271273072106498 -4.4605799874067307 4.8722675291594211 -6.051208112716675 6.3001655067140998 5.1056596997872141 0.10533594129941402 -10.651236576002999 6.9727979121951877 -3.9920675183844381 5.4482626337631075
leaf_weight=105 100 164 100 111 103 195 111 109 127 102
leaf_count=105 100 164 100 111 103 195 111 109 127 102
internal_value=0 0.588971 -0.0718577 0.549051 -0.200214 -0.92986 -3.79656 1.0503 -0.882495 1.02531
internal_weight=0 1227 1063 963 852 749 306 443 334 207
internal_count=1327 1227 1063 963 852 749 306 443 334 207
is_linear=0
shrinkage=0.05


Tree=169
num_leaves=11
num_cat=0
split_feature=5 13 13 4 14 13 14 13 12 12
split_gain=853685 2.2765e+06 3.42602e+06 2.47429e+06 2.138e+06 2.04511e+06 1.77814e+06 2.03087e+06 1.48726e+06 1.50702e+06
threshold=1.5000000000000002 5149.2331622023821 4594.8602090773811 13.500000000000002 416.14912499999951 5946.3511607142864 265.89874999999989 5181.2097916666671 4368.1068750000004 6686.0662500000008
decision_type=2 10 10 2 10 10 10 10 10 10
left_child=6 2 3 -2 -4 -3 7 -1 -7 -10
right_child=1 5 4 -5 -6 8 -8 -9 9 -11
leaf_value=5.0000925791556723 -2.11455160930013 8.5652729125022891 -11.071336819581363 7.9961569693361261 -1.3210048824548721 5.4461122573912144 -6.2722665870714494 -4.5345394708577871 -5.8201889855190387 2.7968788840770724
leaf_weight=122 141 125 115 106 110 120 159 103 103 100
leaf_count=122 141 125 115 106 110 120 159 103 103 100
internal_value=0 0.581878 -1.84126 2.22446 -6.30451 3.13482 -2.22484 0.63535 1.03326 -1.57533
internal_weight=0 920 472 247 225 448 384 225 323 203
internal_count=1304 920 472 247 225 448 384 225 323 203
is_linear=0
shrinkage=0.05


Tree=170
num_leaves=10
num_cat=0
split_feature=14 11 12 12 15 14 16 12 0
split_gain=1.0365e+06 1.1396e+06 2.18789e+06 1.88166e+06 1.09317e+06 928422 1.01455e+06 1.60632e+06 269580
threshold=1425.20625 6565.8356250000006 7213.3506250000009 2625.5810000000006 7.0384288428842892 -771.53750000000002 0.80774327432743231 6304.9237500000008 4.8631446477981148
decision_type=10 10 8 8 2 10 2 8 2
left_child=1 3 -3 -1 5 -5 7 8 -7
right_child=-2 2 -4 4 -6 6 -8 -9 -10
leaf_value=-6.3770245629962128 -4.0984442792635054 7.25557351995917 -1.8194428413286123 3.0934210413032108 4.8279387785004566 4.7420006436270645 -4.8933081074861384 -3.6872509967731801 1.1991363731786036
leaf_weight=101 113 170 109 180 143 111 130 152 104
leaf_count=101 113 170 109 180 143 111 130 152 104
internal_value=0 0.910617 3.71014 0.0625533 0.855721 0.0166851 -1.09763 0.246894 3.02824
internal_weight=0 1200 279 921 820 677 497 367 215
internal_count=1313 1200 279 921 820 677 497 367 215
is_linear=0
shrinkage=0.05


Tree=171
num_leaves=10
num_cat=0
split_feature=16 15 10 14 15 8 11 4 8
split_gain=806300 1.241e+06 2.38175e+06 2.3192e+06 1.85568e+06 1.94077e+06 1.38515e+06 968174 1.15516e+06
threshold=0.36673667366736701 3.8516726672667265 4076.6671250000004 -347.47250000000003 7.0384288428842892 0.86930983250063842 6069.0785000000014 7.5000000000000009 0.81685670733038462
decision_type=2 2 2 8 2 2 10 2 2
left_child=7 -2 -3 -4 5 -5 -6 8 -1
right_child=1 2 3 4 6 -7 -8 -9 -10
leaf_value=-2.9682987399173508 -3.3360646843716695 7.1665514027760695 -6.6905670212764363 2.7702906512746623 9.0733102687051357 -5.4228411337755027 1.2792501022703338 -4.9494749882686069 4.136018234520856
leaf_weight=132 154 153 102 153 107 137 122 159 101
leaf_count=132 154 153 102 153 107 137 122 159 101
internal_value=0 0.76307 1.57866 0.201933 1.55653 -1.10026 4.92102 -1.94144 0.111255
internal_weight=0 928 774 621 519 290 229 392 233
internal_count=1320 928 774 621 519 290 229 392 233
is_linear=0
shrinkage=0.05


Tree=172
num_leaves=10
num_cat=0
split_feature=10 13 10 15 10 15 10 7 13
split_gain=1.20057e+06 1.75835e+06 2.45117e+06 2.11056e+06 1.01407e+06 1.54976e+06 1.22034e+06 1.51414e+06 1.34941e+06
threshold=7906.507125000001 4724.1026607142858 5369.2158750000008 7.0092592592592604 2750.8580000000006 3.9652423575690903 4290.2633750000014 0.48426539122296303 6734.5962790178583
decision_type=2 8 2 2 2 2 2 2 8
left_child=1 2 -1 4 -3 -6 -7 -8 -9
right_child=-2 3 -4 -5 5 6 7 8 -10
leaf_value=0.31633717905391351 -4.3066117071802479 3.9218167294989104 -9.2522429815045122 7.1675753626767111 -6.4371816844940186 4.6007707484125158 -5.5369618615796492 5.5916969641010361 -2.4480441097859984
leaf_weight=176 182 143 108 127 100 127 124 101 108
leaf_count=176 182 143 108 127 100 127 124 101 108
internal_value=0 0.0735225 -3.32242 1.23551 0.163853 -0.79577 0.430624 -1.15979 1.43719
internal_weight=0 1114 284 830 703 560 460 333 209
internal_count=1296 1114 284 830 703 560 460 333 209
is_linear=0
shrinkage=0.05


Tree=173
num_leaves=11
num_cat=0
split_feature=10 11 3 0 3 7 7 10 0 16
split_gain=853182 733451 1.2435e+06 1.59608e+06 2.06935e+06 1.40888e+06 1.49399e+06 1.34733e+06 491635 817662
threshold=1952.7477500000002 9866.3631250000017 0.70440677252801454 5.7498041470813748 0.56208053538588543 0.48965801639383305 0.21020274592728194 8254.4351250000018 4.8769335266860034 0.36673667366736701
decision_type=2 8 2 2 2 2 2 2 2 2
left_child=-1 2 3 4 8 6 -4 -5 9 -2
right_child=1 -3 5 7 -6 -7 -8 -9 -10 -11
leaf_value=4.2492862710838812 2.728400583267212 -3.7482068096890169 -4.6228120492385321 6.9917810189362726 -6.3312625648594709 -7.386294074929677 3.3476388427972794 -0.36331979143619542 3.957228122244024 -3.3933798768520358
leaf_weight=102 120 153 111 165 119 104 125 100 117 100
leaf_count=102 120 153 111 165 119 104 125 100 117 100
internal_value=0 -0.511837 -0.0451409 1.13032 -0.663058 -2.5378 -0.401175 4.21627 1.33847 -0.0542269
internal_weight=0 1214 1061 721 456 340 236 265 337 220
internal_count=1316 1214 1061 721 456 340 236 265 337 220
is_linear=0
shrinkage=0.05


Tree=174
num_leaves=11
num_cat=0
split_feature=1 3 10 16 15 8 3 1 10 16
split_gain=1.01835e+06 1.11017e+06 2.42152e+06 2.55147e+06 2.37859e+06 1.88266e+06 1.17558e+06 1.16602e+06 724410 804733
threshold=51.995121429404129 0.56208053538588543 5528.589750000001 0.39115994932826587 5.3032636596993035 0.8527329355905251 0.73330644760128327 20.214050171261814 5326.8267500000011 0.28872470580391402
decision_type=2 2 2 2 2 2 2 2 2 2
left_child=1 4 3 -3 8 -4 7 -5 9 -1
right_child=-2 2 5 6 -6 -7 -8 -9 -10 -11
leaf_value=4.8175497076511391 5.1806650301989388 -5.823756019274394 -10.001259201382279 0.95606012230827708 7.8123156575906663 -1.6921765749926097 -1.3027640279796389 7.905218774835828 -3.4948171078897361 -0.8351159269669477
leaf_weight=100 102 105 109 105 124 182 108 142 114 170
leaf_count=100 102 105 109 105 124 182 108 142 114 170
internal_value=0 -0.0137217 -1.23486 1.02334 1.79154 -4.80451 3.04853 4.95112 -0.152666 1.25846
internal_weight=0 1259 751 460 508 291 355 247 384 270
internal_count=1361 1259 751 460 508 291 355 247 384 270
is_linear=0
shrinkage=0.05


Tree=175
num_leaves=9
num_cat=0
split_feature=10 5 3 0 10 11 11 13
split_gain=827008 1.52678e+06 1.52958e+06 1.21115e+06 968170 1.47784e+06 1.19424e+06 1.24945e+06
threshold=6507.9031250000007 1.5000000000000002 0.58363707331222281 5.3589483948394845 3882.9592500000003 6386.7641250000006 6149.4768750000012 4931.5767633928581
decision_type=2 2 2 2 2 8 8 10
left_child=3 -2 -3 4 6 -6 7 -1
right_child=1 2 -4 -5 5 -7 -8 -9
leaf_value=2.7912503358246625 -7.069311448381943 4.2586119123043558 -2.9105760164158321 4.4416684027741722 0.78651804036420325 -6.1466475375363547 5.2177766020544647 -4.1847874236106879
leaf_weight=138 103 124 186 191 184 132 145 120
leaf_count=138 103 124 186 191 184 132 145 120
internal_value=0 -1.79525 -0.0429008 0.902545 -0.0376113 -2.10961 1.58709 -0.453418
internal_weight=0 413 310 910 719 316 403 258
internal_count=1323 413 310 910 719 316 403 258
is_linear=0
shrinkage=0.05


Tree=176
num_leaves=9
num_cat=0
split_feature=10 5 13 3 4 13 8 13
split_gain=1.07035e+06 879797 947862 1.31755e+06 1.50604e+06 1.77339e+06 1.62475e+06 530434
threshold=2278.2195000000006 1.0000000180025095e-35 4594.8602090773811 0.51531811291377971 11.500000000000002 6006.3600818452387 0.82501466908338139 6903.0710788690494
decision_type=2 2 8 2 2 8 2 8
left_child=-1 -2 -3 -4 6 -6 -5 -7
right_child=1 2 3 4 5 7 -8 -9
leaf_value=4.4877046213350225 -3.7232540774345395 3.6727749557354872 -4.0982805913087557 -0.53390819094762088 -4.7843730138723179 4.3871628737449653 7.5370328778983993 -0.51805406151146727
leaf_weight=131 160 170 189 119 189 105 131 116
leaf_count=131 160 170 189 119 189 105 131 116
internal_value=0 -0.276333 0.264891 -0.417488 0.636557 -1.22851 3.69526 1.81248
internal_weight=0 1179 1019 849 660 410 250 221
internal_count=1310 1179 1019 849 660 410 250 221
is_linear=0
shrinkage=0.05


Tree=177
num_leaves=10
num_cat=0
split_feature=11 13 13 13 12 3 12 11 11
split_gain=659212 677922 938826 2.88957e+06 1.20357e+06 1.93546e+06 1.28541e+06 1.12678e+06 1.00825e+06
threshold=1506.7007500000002 7319.4136011904775 6769.4835550595253 6438.9044062500006 6896.6761250000009 0.70536283267115929 3672.9137500000002 4384.8025000000007 4875.6825000000008
decision_type=10 10 10 10 10 2 10 8 10
left_child=-1 2 3 4 5 6 -2 -7 -8
right_child=1 -3 -4 -5 -6 7 8 -9 -10
leaf_value=-3.1303708708508218 0.96265967180547518 -3.8221891758488677 4.093437857639711 -7.8751298432038217 -2.8394368297602299 1.5270868738048844 3.1021888621962899 -5.775011636376381 10.051694348895992
leaf_weight=188 184 102 151 107 169 112 101 100 108
leaf_count=188 184 102 151 107 169 112 101 100 108
internal_value=0 0.0664093 0.450747 -0.173596 0.891087 1.93317 4.01026 -1.9173 6.69332
internal_weight=0 1134 1032 881 774 605 393 212 209
internal_count=1322 1134 1032 881 774 605 393 212 209
is_linear=0
shrinkage=0.05


Tree=178
num_leaves=10
num_cat=0
split_feature=14 11 13 5 0 14 14 12 13
split_gain=707358 979631 1.85936e+06 1.38968e+06 2.5378e+06 1.61108e+06 1.16225e+06 912824 802471
threshold=1269.8450000000005 6939.0162500000015 6438.9044062500006 5.5000000000000009 6.0680193019301933 -771.53750000000002 284.47750000000002 8462.6425000000017 5132.1188556547631
decision_type=10 10 10 2 2 10 10 8 10
left_child=1 2 3 4 5 -1 -4 8 -7
right_child=-2 -3 6 -5 -6 7 -8 -9 -10
leaf_value=5.1565408166573974 -2.7650021551585784 4.0054753343264258 -0.29547428250312807 -3.6828390018999091 8.9964111349412388 2.7239102768461882 -7.8449719821031287 -5.026229750444589 -2.7378516188839028
leaf_weight=147 164 192 100 121 112 164 104 103 114
leaf_count=147 164 192 100 121 112 164 104 103 114
internal_value=0 0.743749 0.0947835 1.23113 2.16018 0.710068 -4.14424 -1.0055 0.484195
internal_weight=0 1157 965 761 640 528 204 381 278
internal_count=1321 1157 965 761 640 528 204 381 278
is_linear=0
shrinkage=0.05


Tree=179
num_leaves=10
num_cat=0
split_feature=10 2 4 2 3 2 10 12 16
split_gain=1.15514e+06 1.7874e+06 2.19983e+06 1.72948e+06 840167 900776 1.74903e+06 774401 773398
threshold=6507.9031250000007 302.84479874328946 6.5000000000000009 169.37428832118505 0.73309144656705116 60.845012069072489 4145.9725000000008 3880.9443750000005 0.39115994932826587
decision_type=2 2 2 2 2 2 2 10 2
left_child=3 2 -2 4 5 7 -7 -1 -8
right_child=1 -3 -4 -5 -6 6 8 -9 -10
leaf_value=-4.2210292636758027 1.8966851201711916 2.7973893227115756 -7.3710961388294081 6.923024316344943 -2.7711241110837719 7.964562558932383 -2.7395077901482585 1.5769114394352508 2.826683860712023
leaf_weight=101 102 155 172 133 139 122 100 134 166
leaf_count=101 102 155 172 133 139 122 100 134 166
internal_value=0 -1.49364 -3.92105 1.66203 0.743768 1.52799 3.00762 -0.914969 0.734131
internal_weight=0 429 274 895 762 623 388 235 266
internal_count=1324 429 274 895 762 623 388 235 266
is_linear=0
shrinkage=0.05


Tree=180
num_leaves=10
num_cat=0
split_feature=10 14 12 14 0 4 4 8 15
split_gain=901230 2.67405e+06 1.58669e+06 1.2819e+06 812690 915721 981998 761395 691329
threshold=5829.0020000000013 -63.073124999999884 5908.5311250000013 -868.66987499999993 5.3589483948394845 11.500000000000002 4.5000000000000009 0.87560088695585225 6.7589300596726343
decision_type=2 8 8 10 2 2 2 2 2
left_child=3 -2 8 -1 5 6 -5 -8 -3
right_child=1 2 -4 4 -6 -7 7 -9 -10
leaf_value=4.6256165907198552 -7.6600236153602594 0.48393053919076917 -3.4237646933621586 -2.8740000972242066 3.8246939608983901 -3.8968604724515568 5.7110348658654297 -0.22004654846693339 6.0116093947508631
leaf_weight=181 140 120 159 132 107 176 103 114 107
leaf_count=181 140 120 159 132 107 176 103 114 107
internal_value=0 -1.74043 0.406568 0.915639 -0.14687 -0.956313 0.5266 2.59517 3.08949
internal_weight=0 526 386 813 632 525 349 217 227
internal_count=1339 526 386 813 632 525 349 217 227
is_linear=0
shrinkage=0.05


Tree=181
num_leaves=9
num_cat=0
split_feature=5 7 12 15 7 10 13 7
split_gain=765741 2.64337e+06 1.56947e+06 1.88997e+06 1.36288e+06 2.11236e+06 1.50245e+06 797753
threshold=4.5000000000000009 0.43228940479982852 2786.0127500000003 7.2277936126946036 0.35645640166361431 3060.8093750000003 5132.1188556547631 0.56860483422108121
decision_type=2 2 8 2 2 2 8 2
left_child=2 -2 -1 4 5 -4 -6 -8
right_child=1 -3 3 -5 6 -7 7 -9
leaf_value=5.4322090712686384 2.5813519113035088 -5.9735118200682633 0.6499363917645401 5.0747432992078263 4.8029644934099114 -8.3159547175498716 1.334535916204211 -4.272470764900957
leaf_weight=144 166 198 123 138 134 141 116 140
leaf_count=144 166 198 123 138 134 141 116 140
internal_value=0 -2.07212 0.630558 -0.242469 -1.36445 -4.13866 0.513481 -1.7318
internal_weight=0 364 936 792 654 264 390 256
internal_count=1300 364 936 792 654 264 390 256
is_linear=0
shrinkage=0.05


Tree=182
num_leaves=11
num_cat=0
split_feature=11 10 5 14 11 0 10 15 12 4
split_gain=839198 960115 1.7282e+06 1.57632e+06 1.45761e+06 901643 1.32385e+06 661765 1.01589e+06 429638
threshold=1860.6670000000001 5225.0711250000013 4.5000000000000009 -322.82487499999996 4474.1850000000004 4.6049438277161059 3060.8093750000003 7.7949586625329204 4236.7195000000002 10.500000000000002
decision_type=10 2 2 10 10 2 2 2 10 2
left_child=9 2 5 -3 -5 6 -2 8 -6 -1
right_child=1 3 -4 4 7 -7 -8 -9 -10 -11
leaf_value=-5.3414344941675669 2.0745215040973473 -6.593491598639158 7.3869057903941879 4.8826529619261976 1.0155554544712817 4.0435596433896874 -4.695373425806376 2.0348921739830161 -5.2094080399863332 -0.80325994141604928
leaf_weight=100 158 101 117 127 112 126 133 106 158 109
leaf_count=100 158 101 117 127 112 126 133 106 158 109
internal_value=0 0.472368 2.01694 -0.893198 0.251394 0.51026 -1.01962 -1.31289 -2.6272 -2.97464
internal_weight=0 1138 534 604 503 417 291 376 270 209
internal_count=1347 1138 534 604 503 417 291 376 270 209
is_linear=0
shrinkage=0.05


Tree=183
num_leaves=10
num_cat=0
split_feature=13 13 0 3 4 11 13 4 13
split_gain=1.19466e+06 1.31262e+06 1.33523e+06 1.24721e+06 906049 960936 1.25868e+06 1.70806e+06 1.0766e+06
threshold=4724.1026607142858 4952.0647619047631 3.9331599826649337 0.59983028027492724 20.500000000000004 3404.8228750000003 6769.4835550595253 6.5000000000000009 7384.4301934523819
decision_type=8 8 2 2 2 8 8 2 8
left_child=3 -2 -3 -1 5 -4 7 -7 -8
right_child=1 2 4 -5 -6 6 8 -9 -10
leaf_value=0.67645019888877878 6.2114419568987458 -3.6191485194870121 4.895208386208826 -5.7734518038481477 5.4478998217942589 2.6194696717262271 5.3186602753220189 -5.4759952470580524 -1.0918116558056612
leaf_weight=141 102 181 103 160 106 100 132 187 130
leaf_count=141 102 181 103 160 106 100 132 187 130
internal_value=0 0.824446 0.239277 -2.75207 1.16062 0.463604 -0.367826 -2.65528 2.13789
internal_weight=0 1041 939 301 758 652 549 287 262
internal_count=1342 1041 939 301 758 652 549 287 262
is_linear=0
shrinkage=0.05


Tree=184
num_leaves=10
num_cat=0
split_feature=11 3 0 11 14 13 13 7 5
split_gain=704632 670464 1.53579e+06 1.32512e+06 2.3546e+06 1.10927e+06 1.08325e+06 1.35431e+06 1.59754e+06
threshold=1461.8552500000003 0.56208053538588543 4.8769335266860034 3870.4553750000005 187.91387499999976 5365.2527046130963 6759.6497321428587 0.40182210823336123 2.5000000000000004
decision_type=10 2 2 10 10 10 10 2 2
left_child=-1 2 5 4 -3 -2 7 8 -5
right_child=1 3 -4 6 -6 -7 -8 -9 -10
leaf_value=-2.9430620272742942 2.1296914787950185 -2.6475338245382405 5.2943316295033416 -5.534585560194337 8.0708303560431194 -4.6562827888044342 1.9198184274535146 -7.0938346322701911 2.9991703598697983
leaf_weight=188 145 101 189 101 104 103 131 147 120
leaf_count=188 145 101 189 101 104 103 131 147 120
internal_value=0 0.360571 1.89894 -0.594353 2.79008 -0.688677 -1.98475 -3.37469 -0.900872
internal_weight=0 1141 437 704 205 248 499 368 221
internal_count=1329 1141 437 704 205 248 499 368 221
is_linear=0
shrinkage=0.05


Tree=185
num_leaves=11
num_cat=0
split_feature=4 12 8 4 11 5 11 12 12 11
split_gain=935495 2.7249e+06 2.6829e+06 2.95461e+06 2.2475e+06 1.38639e+06 3.91502e+06 1.34061e+06 1.4461e+06 2.59073e+06
threshold=14.500000000000002 1400.9818750000002 0.8299725795842724 17.500000000000004 1506.7007500000002 4.5000000000000009 5120.9475000000011 2786.0127500000003 5088.5527500000007 4053.4950000000003
decision_type=2 10 2 2 10 2 10 8 10 10
left_child=4 -2 -3 -4 -1 7 -7 -6 9 -9
right_child=1 2 3 -5 5 6 -8 8 -10 -11
leaf_value=-7.0577010033694849 8.9377620169259977 6.1540192713929436 3.2207741669679097 -7.1409046737714252 6.515391465627923 -10.104643014691911 3.4529258418306017 2.9382590535879136 3.3681087066621886 -8.4149412177576881
leaf_weight=131 103 118 118 165 106 106 107 100 184 101
leaf_count=131 103 118 118 165 106 106 107 100 184 101
internal_value=0 1.68366 -0.17961 -2.82049 -1.0442 0.0747887 -3.29403 1.53621 0.165322 -2.76658
internal_weight=0 504 401 283 835 704 213 491 385 201
internal_count=1339 504 401 283 835 704 213 491 385 201
is_linear=0
shrinkage=0.05


Tree=186
num_leaves=11
num_cat=0
split_feature=5 8 11 13 13 11 16 13 11 14
split_gain=1.24083e+06 2.70961e+06 1.21829e+06 1.47591e+06 2.02442e+06 2.07153e+06 1.97829e+06 1.44275e+06 530359 507679
threshold=1.0000000180025095e-35 0.831234429112235 1461.8552500000003 4594.8602090773811 5086.3451391369063 4284.1401250000008 1.1799638297163064 6601.2711622023817 6654.7398750000011 368.53837500000014
decision_type=2 2 10 10 10 10 2 10 10 10
left_child=1 -1 -2 -4 5 -5 7 9 -9 -6
right_child=2 -3 3 4 6 -7 -8 8 -10 -11
leaf_value=2.5554493385851385 -3.1351707047107173 -9.0841514177322384 5.9890365444305473 -7.9619691965349935 9.6567404378758805 1.4887832979529592 -2.4837829486996519 -1.3207947142494536 3.6941464414199197 4.7142765096414871
leaf_weight=100 153 100 164 114 101 118 153 103 108 107
leaf_count=100 153 100 164 114 101 118 153 103 108 107
internal_value=0 -3.26435 1.01088 1.6662 0.784425 -3.15512 2.38228 4.15915 1.24609 7.11422
internal_weight=0 200 1121 968 804 232 572 419 211 208
internal_count=1321 200 1121 968 804 232 572 419 211 208
is_linear=0
shrinkage=0.05


Tree=187
num_leaves=10
num_cat=0
split_feature=0 10 3 14 4 12 11 15 8
split_gain=750020 1.07889e+06 1.7945e+06 1.34615e+06 975178 3.15261e+06 1.3624e+06 1.32143e+06 665570
threshold=7.210762742940962 6487.7246250000007 0.57446466074084002 -340.19512499999922 14.500000000000002 3048.3912500000001 9699.6237500000007 5.4558539187252064 0.8589646944892898
decision_type=2 2 2 8 2 10 8 2 2
left_child=1 3 -3 -1 6 -6 7 8 -5
right_child=-2 2 -4 4 5 -7 -8 -9 -10
leaf_value=4.8465307232359764 3.9413213206726372 0.79475065109076781 -6.7178958535194404 3.700073468763577 8.8943888232259471 -2.9010383641997048 -6.3848053312709192 -5.1623494135765808 -0.85981461190613073
leaf_weight=142 103 157 161 152 101 129 117 105 169
leaf_count=142 103 157 161 152 101 129 117 105 169
internal_value=0 -0.499972 -3.00882 0.371957 -0.450022 2.27869 -1.60583 -0.293296 1.29938
internal_weight=0 1233 318 915 773 230 543 426 321
internal_count=1336 1233 318 915 773 230 543 426 321
is_linear=0
shrinkage=0.05


Tree=188
num_leaves=9
num_cat=0
split_feature=13 13 11 3 8 7 12 11
split_gain=916492 1.47292e+06 1.55974e+06 1.32493e+06 1.06404e+06 1.52392e+06 2.06699e+06 1.01244e+06
threshold=4724.1026607142858 4947.8894270833343 6487.3637500000004 0.59983028027492724 0.78590770188538361 0.35454752074292278 3864.9356250000005 8546.1325000000015
decision_type=8 8 10 2 2 2 10 10
left_child=3 -2 4 -1 -3 -6 -7 -4
right_child=1 2 7 -5 5 6 -8 -9
leaf_value=1.2034410809477172 6.3974139289855962 -5.0306798398688244 5.1384967500064036 -5.5263683547333979 -4.1196516068053972 -2.0940045501291755 6.1187694918338948 -0.77204424954693895
leaf_weight=132 100 154 193 164 165 160 147 116
leaf_count=132 100 154 193 164 165 160 147 116
internal_value=0 0.629822 0.0129668 -2.52524 -1.4218 -0.244331 1.8385 2.91965
internal_weight=0 1035 935 296 626 472 307 309
internal_count=1331 1035 935 296 626 472 307 309
is_linear=0
shrinkage=0.05


Tree=189
num_leaves=10
num_cat=0
split_feature=11 10 6 11 11 13 11 7 11
split_gain=707509 762551 1.80586e+06 3.12498e+06 1.90227e+06 1.25159e+06 1.29552e+06 1.25358e+06 1.12609e+06
threshold=1506.7007500000002 5225.0711250000013 1.0000000180025095e-35 5905.0932500000008 5630.4787500000011 4910.2443452380967 6149.4768750000012 0.35981616191194893 7461.3461250000009
decision_type=10 2 2 10 10 10 10 2 10
left_child=-1 5 4 -4 -3 -2 7 -7 -6
right_child=1 2 3 -5 8 6 -8 -9 -10
leaf_value=-2.3053560000784854 5.5627868426089391 5.5038498417023689 -10.354660313844683 1.5684763220490003 -5.1303004985818497 -5.7377145691245213 4.9497346049972943 1.7186744416073438 2.3008224185705184
leaf_weight=188 196 186 100 122 104 102 112 126 100
leaf_count=188 196 186 100 122 104 102 112 126 100
internal_value=0 1.00359 -0.202394 -3.80231 1.84679 2.38056 0.546107 -1.61708 -1.48759
internal_weight=0 1148 612 222 390 536 340 228 204
internal_count=1336 1148 612 222 390 536 340 228 204
is_linear=0
shrinkage=0.05


Tree=190
num_leaves=10
num_cat=0
split_feature=13 11 5 13 10 13 1 10 12
split_gain=698381 1.65159e+06 1.72123e+06 2.62612e+06 1.16354e+06 1.38966e+06 1.23885e+06 1.72057e+06 2.06987e+06
threshold=5039.3636532738101 6130.451250000001 2.5000000000000004 4647.6477619047628 7571.1913750000012 5469.2313831845249 29.345607555277208 3882.9592500000003 5154.9900000000007
decision_type=8 8 2 10 2 8 2 2 8
left_child=1 2 -1 -4 5 -2 7 -7 -9
right_child=4 -3 3 -5 -6 6 -8 8 -10
leaf_value=4.2841193202588199 6.2579071124543013 -7.2302535513272659 2.2943797354981053 -8.6036051637851276 -2.694556889398811 2.6693751654841686 4.2560848859526352 0.75176051711594616 -9.2312366644740109
leaf_weight=139 134 104 118 104 194 176 161 108 100
leaf_count=139 134 104 118 104 194 176 161 108 100
internal_value=0 -1.67848 -0.0790735 -2.81098 0.720414 1.69612 0.574507 -0.969072 -4.04776
internal_weight=0 465 361 222 873 679 545 384 208
internal_count=1338 465 361 222 873 679 545 384 208
is_linear=0
shrinkage=0.05


Tree=191
num_leaves=9
num_cat=1
split_feature=10 15 3 10 3 9 12 1
split_gain=1.28518e+06 898847 1.18815e+06 1.60678e+06 1.06835e+06 877679 1.85442e+06 840032
threshold=7906.507125000001 7.0384288428842892 0.61283695905605051 4592.5760000000009 0.73309144656705116 0 7615.7300000000005 27.441917549125378
decision_type=2 2 2 2 2 9 8 2
left_child=1 2 5 4 -4 -1 7 -7
right_child=-2 -3 3 -5 -6 6 -8 -9
leaf_value=4.6310171722565725 -4.0779146141228191 3.7479270853014555 2.8921333496933741 -6.4866964425240372 -3.2413742375462804 0.26439546297865307 -4.9052765990060472 5.9630128683952188
leaf_weight=139 187 170 151 143 134 171 126 104
leaf_count=139 187 170 151 143 134 171 126 104
internal_value=0 0.394762 -0.19412 -2.16175 0.00830873 1.36541 0.115085 2.41951
internal_weight=0 1138 968 428 285 540 401 275
internal_count=1325 1138 968 428 285 540 401 275
cat_boundaries=0 1
cat_threshold=130
is_linear=0
shrinkage=0.05


Tree=192
num_leaves=10
num_cat=0
split_feature=5 13 13 13 8 13 14 11 7
split_gain=800550 856045 2.24971e+06 2.0006e+06 1.78228e+06 1.62293e+06 2.47559e+06 1.2696e+06 581753
threshold=1.0000000180025095e-35 4594.8602090773811 3744.8374322916675 5094.1165543154775 0.91571769231223532 6463.2768534226198 194.43887500000031 7811.7663750000002 0.54656740767405787
decision_type=2 10 10 10 2 10 10 10 2
left_child=-1 2 -2 4 -3 6 -5 8 -7
right_child=1 3 -4 5 -6 7 -8 -9 -10
leaf_value=-2.874983498866742 -0.21948725605130798 -8.4251623849074058 8.9130133700137062 10.278649062921506 0.61298159193992618 -0.90321042596240297 0.51737868360110695 3.1480084352404161 -6.296505424976349
leaf_weight=195 199 120 102 101 100 100 182 107 100
leaf_count=195 199 120 102 101 100 100 182 107 100
internal_value=0 0.59847 2.87525 -0.247592 -4.31692 1.26978 4.00108 -1.248 -3.59986
internal_weight=0 1111 301 810 220 590 283 307 200
internal_count=1306 1111 301 810 220 590 283 307 200
is_linear=0
shrinkage=0.05


Tree=193
num_leaves=11
num_cat=0
split_feature=13 14 15 11 0 14 8 14 16 4
split_gain=732788 1.08718e+06 1.07289e+06 1.15776e+06 1.34429e+06 1.05474e+06 995777 786244 1.34586e+06 677089
threshold=4724.1026607142858 -571.06599999999969 7.0384288428842892 6565.8356250000006 5.1917025035836923 223.68625000000023 0.87560088695585225 882.77999999999986 0.42345067840117251 16.500000000000004
decision_type=8 8 2 8 2 10 2 8 2 2
left_child=5 -2 3 4 6 -1 -3 -5 -9 -4
right_child=1 2 9 7 -6 -7 -8 8 -10 -11
leaf_value=-5.1387819341463707 5.5951199920378007 2.0856980761577346 6.3169935409929243 5.0047230999424777 -7.3035619658452493 0.92523793606531057 -4.1597634076026448 -4.5754915637969971 3.0897499620024842 0.69781653100410401
leaf_weight=140 107 145 102 106 108 147 114 100 134 113
leaf_count=140 107 145 102 106 108 147 114 100 134 113
internal_value=0 0.824364 0.270708 -0.669864 -2.61736 -2.03282 -0.66327 1.43229 -0.185994 3.36366
internal_weight=0 1029 922 707 367 287 259 340 234 215
internal_count=1316 1029 922 707 367 287 259 340 234 215
is_linear=0
shrinkage=0.05


Tree=194
num_leaves=9
num_cat=0
split_feature=15 10 0 12 7 3 15 11
split_gain=800216 1.07444e+06 905000 1.1168e+06 1.79158e+06 2.10262e+06 1.91641e+06 915388
threshold=3.1296129612961296 3020.5996250000003 4.7565631563156332 6304.9237500000008 0.33685756060131122 0.68902174940751804 5.5964679801313482 6629.5200000000013
decision_type=2 2 2 10 2 2 2 8
left_child=-1 -2 7 4 -4 6 -6 -3
right_child=1 2 3 -5 5 -7 -8 -9
leaf_value=-4.0022817482086399 4.1713563407424594 -0.8637591245286752 7.0665651058328569 -2.8234732506862237 -2.1487559740332145 -3.999180099661233 6.7706769271554625 -6.7493027488784039
leaf_weight=139 137 191 116 199 103 183 145 101
leaf_count=139 137 191 116 199 103 183 145 101
internal_value=0 0.00957017 -0.539721 0.38395 1.55082 0.0663024 3.06624 -2.89951
internal_weight=0 1175 1038 746 547 431 248 292
internal_count=1314 1175 1038 746 547 431 248 292
is_linear=0
shrinkage=0.05


Tree=195
num_leaves=10
num_cat=0
split_feature=3 3 3 6 14 7 12 14 14
split_gain=932723 939089 848150 1.45758e+06 3.87321e+06 1.51289e+06 1.14135e+06 1.30481e+06 807681
threshold=0.48224004766551337 0.50318742702092234 0.56208053538588543 1.0000000180025095e-35 -172.87750000000025 0.49337180334068753 2816.6125000000006 585.74324999999988 -26.41499999999996
decision_type=2 2 2 2 10 2 10 10 10
left_child=-1 -2 8 5 -5 6 -4 -8 -3
right_child=1 2 3 4 -6 -7 7 -9 -10
leaf_value=4.0839001477282979 -4.8068222456480854 5.853988244652748 2.2974192990073519 -11.566743126424772 1.0954824012436279 4.0031784912875414 -0.26824607694749353 -7.6529972110475812 0.11888349588562108
leaf_weight=115 121 100 134 103 146 196 139 105 159
leaf_count=115 121 100 134 103 146 196 139 105 159
internal_value=0 -0.62937 -0.162206 -0.947519 -4.14231 0.438373 -1.41004 -3.44611 2.33321
internal_weight=0 1203 1082 823 249 574 378 244 259
internal_count=1318 1203 1082 823 249 574 378 244 259
is_linear=0
shrinkage=0.05


Tree=196
num_leaves=10
num_cat=0
split_feature=10 13 7 10 0 3 13 3 15
split_gain=774335 997120 1.03732e+06 818823 841378 1.11477e+06 1.06903e+06 816665 1.07125e+06
threshold=6655.4568750000008 6801.7100691964288 0.61031015949618561 2516.0477500000002 4.7725522552255235 0.7146963370156213 5503.4587425595246 0.64262643635754146 6.3939268926892714
decision_type=2 10 2 2 2 2 8 2 2
left_child=1 2 3 -1 6 -6 -5 8 -2
right_child=7 -3 -4 4 5 -7 -8 -9 -10
leaf_value=2.4703054500759141 -4.4120847150830942 4.2153475676009906 3.5698035509728676 -1.608768817924318 2.4522475832916171 -4.0380767405033113 -8.097990734436932 -5.3397527737105461 2.4995627397582645
leaf_weight=121 101 134 134 168 166 110 102 149 126
leaf_count=121 101 134 134 168 166 110 102 149 126
internal_value=0 0.223245 -0.444598 -1.25109 -2.07579 -0.134476 -4.06025 -2.46356 -0.575664
internal_weight=0 935 801 667 546 276 270 376 227
internal_count=1311 935 801 667 546 276 270 376 227
is_linear=0
shrinkage=0.05


Tree=197
num_leaves=11
num_cat=0
split_feature=13 13 13 15 10 11 16 13 13 3
split_gain=638966 1.42411e+06 1.20875e+06 1.90284e+06 1.32063e+06 1.71047e+06 1.07799e+06 951570 824968 479253
threshold=6410.8930498511918 6769.4835550595253 4713.9948400297626 7.0092592592592604 4322.9445000000005 4568.880000000001 0.43946477981131477 7384.4301934523819 4858.4337797619055 0.53531788394287505
decision_type=10 10 8 2 2 10 2 10 10 2
left_child=2 -2 6 4 5 8 -1 -3 -4 -6
right_child=1 7 3 -5 9 -7 -8 -9 -10 -11
leaf_value=1.0344496668124472 -7.0588547198818281 2.3943708217457722 2.6259601258840721 6.9608950935592944 -0.36198038301969832 7.7160599853992471 -5.0570170592676646 -3.8485149767030693 -3.4670577476568085 -4.9172406409795473
leaf_weight=131 104 152 122 129 114 100 163 102 102 117
leaf_count=131 104 152 122 129 114 100 163 102 102 117
internal_value=0 -2.13052 0.338369 1.4908 0.21937 2.27881 -2.34279 -0.112615 -0.148539 -2.66919
internal_weight=0 358 978 684 555 324 294 254 224 231
internal_count=1336 358 978 684 555 324 294 254 224 231
is_linear=0
shrinkage=0.05


Tree=198
num_leaves=10
num_cat=0
split_feature=10 13 16 16 13 13 11 10 13
split_gain=704350 757767 560464 746748 1.64246e+06 1.12596e+06 1.14844e+06 955715 844194
threshold=7906.507125000001 7044.6583288690481 1.3745332866619999 0.73223572357235833 5039.3636532738101 4647.6477619047628 6455.7137500000008 4873.2451250000013 5960.3719270833344
decision_type=2 10 2 2 10 10 8 2 10
left_child=1 2 3 4 5 6 -1 -5 -6
right_child=-2 -3 -4 7 8 -7 -8 -9 -10
leaf_value=3.6357311102651781 -2.7067669321843728 4.4420158550277486 3.0838450394844745 0.31400538557892915 6.2576895678043369 -5.9266981281199556 -3.1556592512130739 -5.5743632782670787 0.56787985108914929
leaf_weight=124 199 111 136 143 140 106 125 133 122
leaf_count=124 199 111 136 143 140 106 125 133 122
internal_value=0 0.517088 0.0936992 -0.361687 0.60535 -1.61086 0.226399 -2.52351 3.60824
internal_weight=0 1140 1029 893 617 355 249 276 262
internal_count=1339 1140 1029 893 617 355 249 276 262
is_linear=0
shrinkage=0.05


Tree=199
num_leaves=11
num_cat=0
split_feature=3 3 13 11 13 4 12 3 13 16
split_gain=877049 1.31674e+06 879206 1.18892e+06 925511 1.91354e+06 2.51914e+06 1.74562e+06 1.59095e+06 1.24955e+06
threshold=0.47803009012668873 0.50318742702092234 4735.2053571428578 4532.3325000000013 6463.2768534226198 17.500000000000004 4144.0000000000009 0.71240870734108519 6801.7100691964288 0.51445561222788982
decision_type=2 2 8 8 8 2 10 2 8 2
left_child=-1 -2 3 -3 5 6 -4 -8 -6 -10
right_child=1 2 4 -5 8 -7 7 -9 9 -11
leaf_value=4.6202489961491962 -4.9048186215002154 0.80258823147186864 -1.5994665897360036 -6.3891368791895005 -6.0819715275764468 -2.5506040458272143 12.611328650446772 3.4059559070369576 -2.7044645974802419 3.6195590209479285
leaf_weight=101 134 130 102 103 100 123 103 103 129 198
leaf_count=101 134 130 102 103 100 123 103 103 129 198
internal_value=0 -0.227331 0.347173 -2.37659 1.08684 2.72137 4.82674 8.00864 -0.562999 1.12476
internal_weight=0 1225 1091 233 858 431 308 206 427 327
internal_count=1326 1225 1091 233 858 431 308 206 427 327
is_linear=0
shrinkage=0.05


Tree=200
num_leaves=11
num_cat=0
split_feature=0 10 11 12 0 12 11 12 11 0
split_gain=643103 1.54419e+06 1.27382e+06 749925 630549 1.34415e+06 1.43675e+06 1.87978e+06 1.19742e+06 1.76109e+06
threshold=3.6974072407240728 4145.9725000000008 6149.4768750000012 3282.6075000000005 6.6071440477381076 6801.9046250000001 2426.6440000000007 5352.1175000000012 6579.5493750000014 5.3728206153948737
decision_type=2 2 8 10 2 10 10 8 10 2
left_child=3 2 -2 -1 5 6 -3 8 9 -8
right_child=1 4 -4 -5 -6 -7 7 -9 -10 -11
leaf_value=-5.3536268355629666 0.95151589340633813 -5.5191536734029656 8.3757521446978682 0.097189001718888418 2.16820556134968 -5.9209118391856679 1.7059758940840712 6.4045160539814692 3.2676532126309583 -7.3990556248064552
leaf_weight=110 135 100 101 148 182 121 101 122 114 112
leaf_count=110 135 100 101 148 182 121 101 122 114 112
internal_value=0 0.549767 4.12884 -2.2268 -0.441619 -1.15056 -0.0991669 1.10796 -0.868129 -3.08165
internal_weight=0 1088 236 258 852 670 549 449 327 213
internal_count=1346 1088 236 258 852 670 549 449 327 213
is_linear=0
shrinkage=0.05


Tree=201
num_leaves=11
num_cat=1
split_feature=10 9 12 0 10 3 16 7 14 10
split_gain=597285 825658 824392 1.1255e+06 1.05575e+06 2.13474e+06 947548 1.22378e+06 808375 215812
threshold=2013.4711250000003 0 8858.6746250000015 3.9331599826649337 5225.0711250000013 0.70101107446389088 0.23266910024335855 0.52941811022664742 480.08200000000039 7812.5883750000003
decision_type=2 9 8 2 2 2 2 2 8 2
left_child=-1 -2 3 -3 -5 6 -6 -8 -4 -9
right_child=1 2 8 4 5 -7 7 9 -10 -11
leaf_value=3.8824211129775414 -3.9006685039353748 -3.2682922460312067 -5.6880096035003662 4.9772640310420897 -1.6697859844536458 -4.514510029758493 -0.1687600686269648 7.877346596032381 0.3874593478589019 4.5924413433074953
leaf_weight=104 116 129 100 193 103 146 119 100 121 100
leaf_count=104 116 129 100 193 103 146 119 100 121 100
internal_value=0 -0.0640672 0.368308 1.05033 1.78239 0.696813 2.49978 3.84607 -2.36162 6.23489
internal_weight=0 1227 1111 890 761 568 422 319 221 200
internal_count=1331 1227 1111 890 761 568 422 319 221 200
cat_boundaries=0 1
cat_threshold=128
is_linear=0
shrinkage=0.05


Tree=202
num_leaves=10
num_cat=0
split_feature=3 16 10 14 15 8 5 12 11
split_gain=517944 1.83038e+06 1.90234e+06 1.94734e+06 1.40563e+06 1.15923e+06 958649 533299 446725
threshold=0.56208053538588543 0.35606060606060602 5032.0805000000009 -155.75637499999945 5.5964679801313482 0.88717042853975625 3.5000000000000004 5323.2556250000007 4842.3587500000012
decision_type=2 2 2 8 2 2 2 8 10
left_child=4 -2 6 -4 7 -5 -3 -1 -9
right_child=1 2 3 5 -6 -7 -8 8 -10
leaf_value=-2.3260618507148263 -6.9192143204015331 0.78174415762706473 -8.2189034452532788 2.4863836888977562 6.4580787132978443 -3.7218209644905609 6.5284621843770783 -0.74847250630147766 3.6321766094428249
leaf_weight=167 109 186 101 173 100 133 119 120 113
leaf_count=167 109 186 101 173 100 133 119 120 113
internal_value=0 -0.885347 0.0383769 -2.19894 1.15595 -0.211954 3.02391 -0.169583 1.37605
internal_weight=0 821 712 407 500 306 305 400 233
internal_count=1321 821 712 407 500 306 305 400 233
is_linear=0
shrinkage=0.05


Tree=203
num_leaves=9
num_cat=0
split_feature=14 5 13 4 13 8 13 8
split_gain=1.08275e+06 995207 1.57622e+06 2.21831e+06 1.49561e+06 2.68271e+06 1.3397e+06 1.26351e+06
threshold=-744.34987500000034 1.5000000000000002 5166.851205357144 4.5000000000000009 4931.5767633928581 0.91882012342626518 5132.1188556547631 0.87560088695585225
decision_type=8 2 8 2 10 2 10 2
left_child=-1 6 4 -4 5 -3 -2 -5
right_child=1 2 3 7 -6 -7 -8 -9
leaf_value=4.9942583525075328 0.6716442400420255 -3.9060839734383324 -3.7524041982454679 7.2755821197912951 -6.9319175666570665 6.6071084662239148 -5.5518126996124497 1.5611875236452539
leaf_weight=113 176 152 107 191 100 101 170 196
leaf_count=113 176 152 107 191 100 101 170 196
internal_value=0 -0.126635 0.796367 2.61968 -1.75524 0.290882 -2.38612 4.38147
internal_weight=0 1193 847 494 353 253 346 387
internal_count=1306 1193 847 494 353 253 346 387
is_linear=0
shrinkage=0.05


Tree=204
num_leaves=10
num_cat=0
split_feature=15 10 10 7 8 4 16 5 14
split_gain=758045 1.63898e+06 1.00812e+06 1.2263e+06 862962 835853 585120 514605 353160
threshold=7.0384288428842892 6878.3922500000017 7236.065125000001 0.61031015949618561 0.82501466908338139 8.5000000000000018 0.5468255158849219 2.5000000000000004 335.57862500000061
decision_type=2 2 2 2 2 2 2 2 10
left_child=2 -2 3 4 -1 8 -7 -8 -6
right_child=1 -3 -4 -5 5 6 7 -9 -10
leaf_value=-5.1314254281793055 6.829832161475565 -0.85738514719275649 -5.3215211784138399 3.0625409127491987 4.1104389872881448 -4.445311330197609 -2.6799715273082256 2.0325278359332257 -0.081289054811000835
leaf_weight=127 107 197 119 197 101 146 120 112 100
leaf_count=127 107 197 119 197 101 146 120 112 100
internal_value=0 1.84831 -0.99567 -0.425597 -1.39892 -0.580213 -1.96553 -0.404972 2.025
internal_weight=0 304 1022 903 706 579 378 232 201
internal_count=1326 304 1022 903 706 579 378 232 201
is_linear=0
shrinkage=0.05


Tree=205
num_leaves=10
num_cat=0
split_feature=13 1 3 10 4 7 10 7 16
split_gain=608024 1.37094e+06 1.46636e+06 1.39839e+06 912115 2.01373e+06 807476 1.25666e+06 331877
threshold=7410.9377008928577 36.656280095463224 0.70101107446389088 5741.0952500000012 4.5000000000000009 0.59053185974123668 2597.5260000000003 0.25162638057143294 0.46003350335033494
decision_type=10 2 2 2 2 2 2 2 2
left_child=1 3 -3 4 -1 6 -6 -8 -5
right_child=-2 2 -4 8 5 -7 7 -9 -10
leaf_value=-2.9808423604136745 -3.6489346554397417 6.0681206992317964 -1.1330007723950108 -2.3137685439586639 3.5964924543573149 7.7452064728736874 -4.1622104600154231 1.7713657300326635 -6.387325286954642
leaf_weight=159 106 181 116 100 114 100 181 176 100
leaf_count=159 106 181 116 100 114 100 181 176 100
internal_value=0 0.298093 3.25556 -0.64639 0.368448 1.30109 -0.0670904 -1.23697 -4.35055
internal_weight=0 1227 297 930 730 571 471 357 200
internal_count=1333 1227 297 930 730 571 471 357 200
is_linear=0
shrinkage=0.05


Tree=206
num_leaves=11
num_cat=0
split_feature=14 0 10 11 0 14 7 7 12 5
split_gain=697872 875266 1.51174e+06 1.25807e+06 792112 869485 790741 740317 664568 444370
threshold=1269.8450000000005 5.7498041470813748 6364.8971250000004 6654.7398750000011 3.6974072407240728 -1072.0803750000002 0.51635440253459819 0.21020274592728194 3282.6075000000005 2.5000000000000004
decision_type=10 2 2 8 2 10 2 2 10 2
left_child=1 2 4 6 8 -6 -3 -7 -1 -9
right_child=-2 3 -4 -5 5 7 -8 9 -10 -11
leaf_value=-4.8704157699963879 -3.1016824943263357 3.6975335176031181 -6.251999641299248 7.0758032067829664 5.230814794219774 -2.621441684623095 -2.1929258202749589 3.7859112433024813 0.38450947133394386 -0.55305335270423517
leaf_weight=112 164 104 100 105 116 139 126 140 130 102
leaf_count=112 164 104 100 105 116 139 126 140 130 102
internal_value=0 0.380327 -0.482348 2.54088 0.29839 1.44066 0.470586 0.286708 -2.04752 1.95709
internal_weight=0 1174 839 335 739 497 230 381 242 242
internal_count=1338 1174 839 335 739 497 230 381 242 242
is_linear=0
shrinkage=0.05


Tree=207
num_leaves=11
num_cat=1
split_feature=1 10 9 11 12 14 10 12 3 14
split_gain=672321 913672 586994 772743 1.0705e+06 1.37105e+06 1.21658e+06 1.43688e+06 1.11722e+06 627219
threshold=8.3346075451073904 2701.2275000000004 0 9699.6237500000007 3465.9887500000009 470.48974999999933 7391.9315000000015 6801.9046250000001 0.6542676155042868 387.85100000000006
decision_type=2 2 9 8 10 10 2 10 2 10
left_child=-1 -2 3 4 5 8 7 9 -3 -6
right_child=1 2 -4 -5 6 -7 -8 -9 -10 -11
leaf_value=-3.721098498455607 4.9975518077904111 0.19712763649339859 -3.2388585947761857 -2.8954423891531458 9.2700665744762976 3.5336220572590826 -0.82260424839426782 -0.30655903700859316 -6.9843397273426566 4.0810755993892895
leaf_weight=104 102 104 111 148 103 100 198 124 113 134
leaf_count=104 102 104 111 148 103 100 198 124 113 134
internal_value=0 0.464631 0.0572667 0.441876 1.01076 -1.31031 2.327 4.05448 -3.54253 6.33621
internal_weight=0 1237 1135 1024 876 317 559 361 217 237
internal_count=1341 1237 1135 1024 876 317 559 361 217 237
cat_boundaries=0 1
cat_threshold=3
is_linear=0
shrinkage=0.05


Tree=208
num_leaves=11
num_cat=0
split_feature=14 14 12 14 5 15 14 5 7 0
split_gain=508267 914856 869774 1.10404e+06 1.4527e+06 1.02005e+06 657753 1.04401e+06 1.30135e+06 667760
threshold=1269.8450000000005 915.25175000000002 2261.2446250000007 -674.54962499999976 5.5000000000000009 7.0092592592592604 -73.296875000000327 3.5000000000000004 0.21020274592728194 4.9554080408040813
decision_type=10 10 8 8 2 2 8 2 2 2
left_child=1 2 -1 -4 5 6 -5 8 -8 -10
right_child=-2 -3 3 4 -6 -7 7 -9 9 -11
leaf_value=-4.7946007057598656 -3.0060749387814223 4.3159292500669313 4.865507411272624 -5.8039195831691002 4.4473168861481458 2.5136852630670523 -7.7928686203342856 1.9129716053130519 0.90599939852767852 -4.1619906920085254
leaf_weight=105 163 110 104 107 124 138 101 157 161 109
leaf_count=105 163 110 104 107 124 138 101 157 161 109
internal_value=0 -0.0327845 -0.465297 -0.0111739 -0.576586 -1.38249 -2.22922 -1.5048 -2.95113 -1.13997
internal_weight=0 1216 1106 1001 897 773 635 528 371 270
internal_count=1379 1216 1106 1001 897 773 635 528 371 270
is_linear=0
shrinkage=0.05


Tree=209
num_leaves=10
num_cat=0
split_feature=10 8 4 13 7 4 8 14 10
split_gain=634533 872226 919471 1.73336e+06 991983 940544 626357 1.431e+06 903147
threshold=2013.4711250000003 0.99239559503648767 14.500000000000002 4724.1026607142858 0.50156976368872941 11.500000000000002 0.82501466908338139 251.8466249999988 5909.6556250000012
decision_type=2 2 2 10 2 2 2 10 2
left_child=-1 2 5 -4 -5 6 8 -8 -2
right_child=1 -3 3 4 -6 -7 7 -9 -10
leaf_value=4.1218442219729523 1.0499476891188395 -3.8217629408294509 8.0720529575347904 -1.9091817909479141 3.7850104192145788 -4.5116827251389626 5.8240088077980703 -1.6243638853990394 -4.5757337249094441
leaf_weight=102 168 132 100 180 133 128 127 131 124
leaf_count=102 168 132 100 180 133 128 127 131 124
internal_value=0 0.017047 0.481504 2.3413 0.510395 -0.651383 0.247014 2.04208 -1.33904
internal_weight=0 1223 1091 413 313 678 550 258 292
internal_count=1325 1223 1091 413 313 678 550 258 292
is_linear=0
shrinkage=0.05


Tree=210
num_leaves=9
num_cat=0
split_feature=10 0 13 13 11 5 5 14
split_gain=604669 945029 1.32376e+06 982472 737883 1.09355e+06 921852 570189
threshold=7906.507125000001 3.9331599826649337 4771.129851190477 4931.5767633928581 6852.170000000001 3.5000000000000004 2.5000000000000004 296.75737499999997
decision_type=2 2 8 8 8 2 2 8
left_child=1 3 7 -1 6 -6 -4 -3
right_child=-2 2 4 -5 5 -7 -8 -9
leaf_value=1.2511861873169741 -2.8553786733951521 -5.0831503496901824 3.048367924431358 -4.4670974468031241 1.6639131527663356 8.2027356214248215 -1.9872645304316567 0.11996867931701921
leaf_weight=126 189 101 198 186 166 104 168 110
leaf_count=126 189 101 198 186 166 104 168 110
internal_value=0 0.194632 1.06117 -2.15779 2.1997 4.18257 0.73693 -2.37062
internal_weight=0 1159 847 312 636 270 366 211
internal_count=1348 1159 847 312 636 270 366 211
is_linear=0
shrinkage=0.05


Tree=211
num_leaves=11
num_cat=0
split_feature=12 8 13 5 16 13 7 13 12 16
split_gain=646118 1.91031e+06 764407 1.19745e+06 1.72311e+06 1.01368e+06 891265 1.04132e+06 1.06578e+06 785161
threshold=1243.7531250000002 0.91882012342626518 5503.4587425595246 2.5000000000000004 1.1323465679901312 6749.2609836309539 0.55214282312722962 5047.1090840773822 5077.3042500000001 0.47918125145847951
decision_type=10 2 10 2 2 10 2 10 10 2
left_child=1 -1 6 5 9 -4 7 8 -2 -5
right_child=2 -3 3 4 -6 -7 -8 -9 -10 -11
leaf_value=-5.0282624230556889 2.235281967754676 3.3704546923820788 -6.348457338660956 0.96163646426855343 -3.8558044468314905 -0.0052969416543360683 5.8525685405629311 4.6878956326493277 -4.8384450058892092 7.1504541970283091
leaf_weight=194 107 104 128 102 103 124 117 111 106 103
leaf_count=194 107 104 128 102 103 124 117 111 106 103
internal_value=0 -2.09717 0.555028 -0.671113 1.42025 -3.22722 2.11203 0.761285 -1.28498 4.07114
internal_weight=0 298 1001 560 308 252 441 324 213 205
internal_count=1299 298 1001 560 308 252 441 324 213 205
is_linear=0
shrinkage=0.05


Tree=212
num_leaves=11
num_cat=0
split_feature=3 15 10 7 13 3 11 14 11 16
split_gain=567073 670856 1.41048e+06 984433 883228 873337 1.09983e+06 989506 651543 682397
threshold=0.47803009012668873 4.957770777077708 3020.5996250000003 0.39394771017932095 4006.5344903273813 0.55952717725489087 3846.0587500000006 -83.292499999999777 7811.7663750000002 1.0030086341967535
decision_type=2 2 2 2 10 2 10 10 10 2
left_child=-1 2 4 -4 -2 -3 7 -7 9 -8
right_child=1 5 3 -5 -6 6 8 -9 -10 -11
leaf_value=3.4773822515099138 -2.1341317209803945 3.9272702805555557 -8.1691279031262543 -1.7663091561278783 4.3230440323505928 -0.66654882655953474 -5.7651906591515214 6.2320028886491183 1.2180031589930878 -0.84267574008434054
leaf_weight=108 103 157 101 148 109 106 129 102 128 155
leaf_count=108 103 157 101 148 109 106 129 102 128 155
internal_value=0 -0.300426 -1.8115 -4.36344 1.18583 0.596102 -0.247435 2.71639 -1.74374 -3.07861
internal_weight=0 1238 461 249 212 777 620 208 412 284
internal_count=1346 1238 461 249 212 777 620 208 412 284
is_linear=0
shrinkage=0.05


Tree=213
num_leaves=10
num_cat=0
split_feature=10 0 3 5 14 14 13 7 5
split_gain=579382 1.06171e+06 1.7697e+06 683292 579661 832383 842490 1.68846e+06 365114
threshold=8277.3393750000014 6.0680193019301933 0.70440677252801454 1.0000000180025095e-35 -744.34987500000034 -155.75637499999945 4931.5767633928581 0.35981616191194893 2.5000000000000004
decision_type=2 2 2 2 10 10 10 2 2
left_child=1 3 -3 -1 -5 -6 -7 -8 -9
right_child=-2 2 -4 4 5 6 7 8 -10
leaf_value=-3.3753704575821759 -3.0555461176872254 7.5184786130124195 -1.3741665465235711 2.9593824061926677 -4.5168741140514612 3.3010805970735171 -4.9319605573431247 3.6404711594065979 -0.3414266460346726
leaf_weight=144 125 127 100 170 100 176 154 126 106
leaf_count=144 125 127 100 170 100 176 154 126 106
internal_value=0 0.520998 3.60101 -0.195358 0.355029 -0.313763 0.434122 -0.873093 1.82116
internal_weight=0 1203 227 976 832 662 562 386 232
internal_count=1328 1203 227 976 832 662 562 386 232
is_linear=0
shrinkage=0.05


Tree=214
num_leaves=11
num_cat=0
split_feature=10 13 10 11 3 14 12 13 13 12
split_gain=461586 625034 1.00605e+06 904385 715169 1.26256e+06 746230 674099 709765 555076
threshold=7650.0631250000015 4724.1026607142858 5346.7882500000005 3294.7815000000005 0.61283695905605051 -267.67650000000043 5701.7337500000012 5267.8024561011907 6759.6497321428587 5473.0875000000015
decision_type=2 8 2 8 2 10 10 8 8 10
left_child=1 2 -1 -3 5 -5 -7 -6 -9 -2
right_child=9 3 -4 4 7 6 -8 8 -10 -11
leaf_value=0.940741929140958 -4.6094952378869065 5.4633741534274556 -5.2251315917608876 6.9098465620898288 2.6018961775302891 -2.0980206559174253 3.5666376812623279 -5.5302964751720438 -0.14749069098807588 0.41558451400917085
leaf_weight=176 100 115 106 104 100 137 101 100 158 122
leaf_count=176 100 115 106 104 100 137 101 100 158 122
internal_value=0 0.65203 -1.37693 1.35407 0.678974 2.31411 0.305889 -0.883083 -2.23385 -1.84796
internal_weight=0 1097 282 815 700 342 238 358 258 222
internal_count=1319 1097 282 815 700 342 238 358 258 222
is_linear=0
shrinkage=0.05


Tree=215
num_leaves=11
num_cat=0
split_feature=13 13 13 13 11 14 13 7 16 7
split_gain=821135 1.14592e+06 1.91287e+06 1.06015e+06 1.2941e+06 1.04041e+06 968234 1.3479e+06 1.19745e+06 809626
threshold=7384.4301934523819 6769.4835550595253 6438.9044062500006 4724.1026607142858 4928.6376250000012 -322.82487499999996 4931.5767633928581 0.35981616191194893 0.57024035736907053 0.58058792135222348
decision_type=10 10 10 8 8 8 10 2 2 2
left_child=1 2 3 4 -1 -5 8 -8 -7 -9
right_child=-2 -3 -4 5 -6 6 7 9 -10 -11
leaf_value=0.94459343604874191 -4.0756880693918189 4.581250449294358 -6.6302278776168819 6.3024327854697519 -5.7488160530090333 -0.20428796949840727 -4.1980877387982147 4.655441068609556 7.3115937001237246 -1.3565475150517055
leaf_weight=171 105 153 100 104 125 105 156 120 107 105
leaf_count=171 105 153 100 104 125 105 156 120 107 105
internal_value=0 0.528482 -0.038831 0.624955 -1.88202 1.68961 0.880614 -0.626473 3.58911 1.84985
internal_weight=0 1246 1093 993 296 697 593 381 212 225
internal_count=1351 1246 1093 993 296 697 593 381 212 225
is_linear=0
shrinkage=0.05


Tree=216
num_leaves=10
num_cat=0
split_feature=13 13 10 0 14 11 3 14 14
split_gain=451536 628691 710765 802418 628769 1.76525e+06 1.06754e+06 1.04199e+06 1.13814e+06
threshold=7384.4301934523819 7044.6583288690481 3060.8093750000003 4.2015243190985769 59.139999999999652 4532.3325000000013 0.63078690125703829 1201.3581250000004 571.29187499999955
decision_type=10 8 2 2 10 10 2 10 10
left_child=1 2 -1 -4 6 -6 -5 8 -7
right_child=-2 -3 3 4 5 7 -8 -9 -10
leaf_value=2.6355830805642264 -3.0393822045853507 3.183669699616515 -4.1935214961784473 1.6706235606715365 6.4601228675298534 -2.2239306547784157 -5.0336465196256288 -4.9283067313212792 4.6974436285202961
leaf_weight=196 104 173 138 106 114 124 135 103 114
leaf_count=196 104 173 138 106 114 124 135 103 114
internal_value=0 0.394652 -0.0737944 -0.710531 -0.0199376 1.0738 -2.08488 -0.726904 1.09135
internal_weight=0 1203 1030 834 696 455 241 341 238
internal_count=1307 1203 1030 834 696 455 241 341 238
is_linear=0
shrinkage=0.05


Tree=217
num_leaves=10
num_cat=0
split_feature=10 1 7 13 10 13 13 4 11
split_gain=501509 784108 1.32795e+06 658540 552150 560714 846735 1.10377e+06 762304
threshold=7906.507125000001 33.060247731200711 0.50550049836846755 4024.6791674107144 2516.0477500000002 6024.8598586309536 5365.2527046130963 6.5000000000000009 5553.8325000000004
decision_type=2 2 2 8 2 10 8 2 10
left_child=1 3 -3 -1 -5 6 7 -6 -7
right_child=-2 2 -4 4 5 8 -8 -9 -10
leaf_value=-4.0981342845649094 -2.4886756575488032 5.7384785531372424 -1.6037131341890647 3.1338302031868981 4.0096413663003299 4.7950125809943325 -4.3696033772127132 -2.2883787244535183 -1.1582004442422287
leaf_weight=106 188 151 104 126 113 101 162 181 115
leaf_count=106 188 151 104 126 113 101 162 181 115
internal_value=0 0.295345 2.74402 -0.395375 0.0964699 -0.473035 -1.46707 0.132289 1.62548
internal_weight=0 1159 255 904 798 672 456 294 216
internal_count=1347 1159 255 904 798 672 456 294 216
is_linear=0
shrinkage=0.05


Tree=218
num_leaves=11
num_cat=0
split_feature=6 12 12 12 15 10 7 13 13 13
split_gain=592785 2.73684e+06 2.50182e+06 1.89538e+06 1.52466e+06 615055 1.23929e+06 889336 519953 289205
threshold=1.0000000180025095e-35 2673.2261250000006 6361.3830000000007 2584.7607500000008 7.1685001833516688 2278.2195000000006 0.35981616191194893 5132.1188556547631 5946.3511607142864 5108.068815476191
decision_type=2 10 10 8 2 2 2 8 10 8
left_child=3 -2 -3 -1 5 -5 9 -8 -9 -7
right_child=1 2 -4 4 -6 6 7 8 -10 -11
leaf_value=6.1214011724644557 -8.9096118807792664 4.5542651372340819 -5.3256831153383795 1.8963498033918775 4.0964891025403736 -3.449754961913194 3.4567346695948533 -4.6721349733810014 -0.018860537149536779 -7.0603919992352475
leaf_weight=123 104 162 106 111 147 123 108 104 142 101
leaf_count=123 104 162 106 111 147 123 108 104 142 101
internal_value=0 -2.02508 0.646524 0.326318 -0.526308 -1.51259 -2.16725 -0.325573 -1.9861 -5.07777
internal_weight=0 372 268 959 836 689 578 354 246 224
internal_count=1331 372 268 959 836 689 578 354 246 224
is_linear=0
shrinkage=0.05


Tree=219
num_leaves=10
num_cat=0
split_feature=10 14 3 11 4 12 10 0 14
split_gain=779275 811563 1.21358e+06 1.42181e+06 838792 2.02461e+06 1.83129e+06 1.23862e+06 520214
threshold=7906.507125000001 990.88162500000055 0.71390860848228954 9770.4191250000022 18.500000000000004 3576.5320000000006 5528.589750000001 4.2202386905357212 292.0562500000006
decision_type=2 8 2 8 2 10 2 2 10
left_child=1 4 3 -3 5 6 -1 -7 -9
right_child=-2 2 -4 -5 -6 7 -8 8 -10
leaf_value=0.11497806694704234 -3.237176133366837 8.3036960202758596 -1.8878293440954108 0.42042000809231328 -4.2222026996314526 -0.57166952335473264 -7.9147235815546342 7.8281568171978 2.8234272380669911
leaf_weight=194 174 118 111 111 128 165 112 100 108
leaf_count=194 174 118 111 111 128 165 112 100 108
internal_value=0 0.353783 2.4028 4.48254 -0.509498 0.190393 -2.824 2.66333 5.22955
internal_weight=0 1147 340 229 807 679 306 373 208
internal_count=1321 1147 340 229 807 679 306 373 208
is_linear=0
shrinkage=0.05


Tree=220
num_leaves=10
num_cat=0
split_feature=3 8 12 6 11 12 12 10 7
split_gain=725049 902075 3.93289e+06 1.4106e+06 3.42966e+06 1.18164e+06 834916 668937 639362
threshold=0.73309144656705116 0.95315033644548508 4472.4462500000009 1.0000000180025095e-35 5173.7500000000009 2719.2775000000006 4584.9455000000007 7391.9315000000015 0.58058792135222348
decision_type=2 2 10 2 8 8 10 2 2
left_child=1 3 -3 5 -5 -1 8 -8 -7
right_child=-2 2 -4 4 -6 6 7 -9 -10
leaf_value=5.7996370234620684 -3.0082705674692991 9.6156213798522963 -2.4867071312871474 -10.313674544371091 1.5344049175093706 -4.0138748714347292 3.8276676607131961 -1.2727472373247146 0.93265754350444741
leaf_weight=109 160 125 145 104 148 153 180 100 114
leaf_count=109 160 125 145 104 148 153 180 100 114
internal_value=0 0.578876 3.11622 -0.175621 -3.35528 1.04583 0.0985476 2.00609 -1.90187
internal_weight=0 1178 270 908 252 656 547 280 267
internal_count=1338 1178 270 908 252 656 547 280 267
is_linear=0
shrinkage=0.05


Tree=221
num_leaves=10
num_cat=0
split_feature=10 13 4 13 11 15 11 13 14
split_gain=709346 977516 2.45479e+06 1.81384e+06 1.32119e+06 873964 783599 674783 914878
threshold=6655.4568750000008 5071.9340029761916 14.500000000000002 5400.4191666666675 2387.2200000000007 4.4353810381038112 5467.5017500000013 6853.4243244047639 59.139999999999652
decision_type=2 10 2 10 10 2 10 10 8
left_child=1 2 4 -3 -1 -5 -7 8 -2
right_child=7 3 -4 5 -6 6 -8 -9 -10
leaf_value=-6.1638089051613445 -3.6481710717989055 8.6358546550457298 4.5430973057112949 -2.6497959618256473 0.0096173841219681973 5.9233823513765955 0.22395005442478039 -4.8938634965679437 2.054904889344181
leaf_weight=156 115 104 173 107 195 109 135 101 181
leaf_count=156 115 104 173 107 195 109 135 101 181
internal_value=0 1.14071 -0.331532 2.83623 -2.73413 1.11782 2.77001 -1.36494 -0.160817
internal_weight=0 979 524 455 351 351 244 397 296
internal_count=1376 979 524 455 351 351 244 397 296
is_linear=0
shrinkage=0.05


Tree=222
num_leaves=11
num_cat=0
split_feature=14 14 8 14 3 16 5 0 16 11
split_gain=672224 742673 519169 1.87532e+06 1.6197e+06 1.50132e+06 1.35807e+06 912971 829611 567944
threshold=1425.20625 990.88162500000055 0.86282629357928775 527.25900000000013 0.56208053538588543 0.60639397273060569 4.5000000000000009 3.9930243024302432 0.43495599559956039 4400.7466250000007
decision_type=10 10 2 10 2 2 2 2 2 10
left_child=1 2 6 4 -4 -6 7 -1 -9 -7
right_child=-2 -3 3 -5 5 9 -8 8 -10 -11
leaf_value=-3.2365294452335527 -3.3608790268742945 4.322638213634491 8.3587154213744821 -4.112254177838091 -3.7904413277762274 6.2578204069137575 -5.1386939344306795 -1.0545976349977944 4.3919293460930566 0.95510685809102724
leaf_weight=115 123 116 101 126 105 100 144 123 162 102
leaf_count=115 123 116 101 126 105 100 144 123 162 102
internal_value=0 0.521209 0.112149 1.21965 2.86627 1.0593 -0.974992 0.52394 2.04132 3.58021
internal_weight=0 1194 1078 534 408 307 544 400 285 202
internal_count=1317 1194 1078 534 408 307 544 400 285 202
is_linear=0
shrinkage=0.05


Tree=223
num_leaves=11
num_cat=0
split_feature=12 14 10 11 3 14 0 11 10 14
split_gain=813212 1.67195e+06 1.05621e+06 1.52993e+06 1.21389e+06 1.4103e+06 1.25307e+06 986429 599430 542467
threshold=1171.4996250000002 480.08200000000039 3687.0222500000004 3294.7815000000005 0.53531788394287505 -52.435124999999964 4.6439852318565196 4568.880000000001 5687.9747500000003 1048.6548749999999
decision_type=10 8 2 10 2 10 2 10 2 10
left_child=1 -1 7 -4 6 -6 -5 -2 -7 -10
right_child=2 -3 3 4 5 8 -8 -9 9 -11
leaf_value=-6.5536251344004262 0.1938709810668347 0.8888314610435849 4.4297771825012591 -2.0588001066041222 -7.6502087315646081 -4.3008618152469671 5.6672458365141791 7.1140892373910622 1.9723713585963616 -2.7309011803995267
leaf_weight=137 102 168 141 103 110 109 107 104 156 101
leaf_count=137 102 168 141 103 110 109 107 104 156 101
internal_value=0 -2.45417 0.484153 -0.313797 -1.28879 -2.68582 1.8778 3.68757 -1.19378 0.124004
internal_weight=0 305 1033 827 686 476 210 206 366 257
internal_count=1338 305 1033 827 686 476 210 206 366 257
is_linear=0
shrinkage=0.05


Tree=224
num_leaves=10
num_cat=0
split_feature=3 16 14 5 7 5 7 12 14
split_gain=584127 530171 814438 1.80848e+06 1.00984e+06 1.63489e+06 1.97325e+06 715595 407417
threshold=0.48224004766551337 0.36673667366736701 49.79500000000008 4.5000000000000009 0.55214282312722962 3.5000000000000004 0.25162638057143294 7778.7822500000011 326.48500000000018
decision_type=2 2 8 2 2 2 2 8 10
left_child=-1 7 3 -3 5 6 -4 8 -2
right_child=1 2 4 -5 -6 -7 -8 -9 -10
leaf_value=2.9417142004263206 1.5778242582082749 0.86267697391425369 -8.357104146957397 -7.5425519892312956 4.0185123779355214 3.529677244075915 0.58559764127553626 -5.8219495805410242 -2.6395767151419798
leaf_weight=122 100 169 100 103 188 164 161 104 134
leaf_count=122 100 169 100 103 188 164 161 104 134
internal_value=0 -0.686489 -0.0431325 -2.32019 0.96724 -0.382499 -2.84072 -2.37102 -0.837269
internal_weight=0 1223 885 272 613 425 261 338 234
internal_count=1345 1223 885 272 613 425 261 338 234
is_linear=0
shrinkage=0.05


Tree=225
num_leaves=10
num_cat=1
split_feature=14 12 15 14 11 9 12 12 10
split_gain=435562 735979 1.33032e+06 883724 705856 1.63782e+06 1.3798e+06 794517 680382
threshold=-771.53750000000002 6304.9237500000008 6.5982514918158488 265.89874999999989 5063.868625000001 0 4182.9650000000011 1860.6670000000001 6016.4576250000009
decision_type=8 10 2 8 10 9 8 10 2
left_child=-1 2 4 -4 5 7 -6 -2 -3
right_child=1 8 3 -5 6 -7 -8 -9 -10
leaf_value=3.0790741686467773 -4.1339042328840847 -0.069084437228739262 -0.16926634168624879 5.8297459868140189 0.73768135288120373 5.2094407035037875 -7.2838718340093012 0.89998953057213071 -4.7563722080389663
leaf_weight=108 151 160 100 159 113 118 102 163 150
leaf_count=108 151 160 100 159 113 118 102 163 150
internal_value=0 -0.234224 0.485313 3.51353 -0.726908 0.438165 -3.06789 -1.47383 -2.33713
internal_weight=0 1216 906 259 647 432 215 314 310
internal_count=1324 1216 906 259 647 432 215 314 310
cat_boundaries=0 1
cat_threshold=5
is_linear=0
shrinkage=0.05


Tree=226
num_leaves=11
num_cat=0
split_feature=8 14 12 16 14 12 5 7 10 10
split_gain=594860 1.76145e+06 1.4531e+06 2.06667e+06 938122 948863 723591 1.5941e+06 367754 940894
threshold=0.85602498273017258 -308.21374999999983 2786.0127500000003 0.6984490115678238 -308.21374999999983 8858.6746250000015 3.5000000000000004 0.31147660539524274 5590.8848750000006 7246.9818750000004
decision_type=2 8 10 2 8 8 2 2 2 2
left_child=4 -2 3 -3 -1 8 7 -4 -6 -10
right_child=1 2 6 -5 5 -7 -8 -9 9 -11
leaf_value=-4.814013838373925 7.2278603476569776 -1.2007453255948768 -8.1677647007573952 8.6419177390210855 -0.75841717211516591 -3.6288823338865321 1.0305689980375006 0.40661474996142921 6.1956483267545703 -0.0095711167450923066
leaf_weight=121 105 113 101 101 143 131 141 117 100 157
leaf_count=121 105 113 101 101 143 131 141 117 100 157
internal_value=0 1.27436 0.183402 3.44462 -0.840906 0.0644537 -1.76061 -3.56592 1.27402 2.40491
internal_weight=0 678 573 214 652 531 359 218 400 257
internal_count=1330 678 573 214 652 531 359 218 400 257
is_linear=0
shrinkage=0.05


Tree=227
num_leaves=10
num_cat=0
split_feature=13 4 13 11 14 11 4 12 8
split_gain=457167 1.24776e+06 1.07471e+06 1.17976e+06 1.86271e+06 1.19404e+06 1.05252e+06 1.04567e+06 564690
threshold=4713.9948400297626 14.500000000000002 4931.5767633928581 6487.3637500000004 1070.7481250000003 3294.7815000000005 5.5000000000000009 3729.8500000000004 0.83244783351696239
decision_type=10 2 10 10 10 10 2 10 2
left_child=1 6 -2 5 -5 -4 -1 -7 -9
right_child=2 -3 3 4 -6 7 -8 8 -10
leaf_value=0.57188639766350391 5.5068148764967919 2.3064522031235373 2.5243519062576474 5.3671348669655137 -2.4795979622446125 -7.0813653052946854 -5.95159269247526 -4.1333635428080369 0.650983332670652
leaf_weight=100 100 146 135 199 122 109 162 102 156
leaf_count=100 100 146 135 199 122 109 162 102 156
internal_value=0 -1.39762 0.612242 0.0175187 2.38489 -1.49628 -3.46172 -2.97525 -1.2405
internal_weight=0 408 923 823 321 502 262 367 258
internal_count=1331 408 923 823 321 502 262 367 258
is_linear=0
shrinkage=0.05


Tree=228
num_leaves=10
num_cat=0
split_feature=10 13 14 12 14 14 12 8 8
split_gain=503818 1.38404e+06 769983 1.8258e+06 692008 650221 1.45411e+06 1.21409e+06 583390
threshold=5326.8267500000011 4801.5656473214303 1201.3581250000004 5384.4587500000007 -898.29912499999989 -147.03600000000048 8026.7225000000008 0.93503799598285231 0.82083316544807805
decision_type=2 8 8 10 10 10 8 2 2
left_child=4 -2 3 8 -1 -6 7 -7 -3
right_child=1 2 -4 -5 5 6 -8 -9 -10
leaf_value=3.7657447573813529 -5.2478856300985495 -4.4549504962888093 -3.5766595853349337 5.2793929710532685 -3.4040416663443605 2.1172780659628212 5.7908038160442254 -4.2252093382284679 0.59375077594410297
leaf_weight=165 148 101 104 165 108 161 113 142 132
leaf_count=165 148 101 104 165 108 161 113 142 132
internal_value=0 -0.998669 0.254088 1.25509 0.941907 0.0527221 0.950151 -0.855109 -1.59474
internal_weight=0 650 502 398 689 524 416 303 233
internal_count=1339 650 502 398 689 524 416 303 233
is_linear=0
shrinkage=0.05


Tree=229
num_leaves=10
num_cat=0
split_feature=14 14 5 11 12 14 12 4 14
split_gain=707048 669084 484008 554914 1.36619e+06 650122 1.05266e+06 817022 684804
threshold=-1542.6836249999994 -322.82487499999996 1.0000000180025095e-35 4122.7937500000016 5032.8700000000008 964.03387500000019 5298.5196250000008 14.500000000000002 1473.9690000000003
decision_type=10 10 2 10 8 10 8 2 10
left_child=-1 -2 -3 4 -4 6 -5 -8 -7
right_child=1 2 3 5 -6 8 7 -9 -10
leaf_value=-3.222368003714899 3.1515409285371958 -3.1178601041436198 6.3070684261150198 -4.6142169225081977 -1.4046963105181687 4.5110760051863537 3.8099122175983355 -2.5342480513128907 -1.213125084225948
leaf_weight=161 176 124 111 178 119 105 102 101 104
leaf_count=161 176 124 111 178 119 105 102 101 104
internal_value=0 0.321251 -0.20643 0.233835 2.31707 -0.578272 -1.80756 0.653458 1.66267
internal_weight=0 1120 944 820 230 590 381 203 209
internal_count=1281 1120 944 820 230 590 381 203 209
is_linear=0
shrinkage=0.05


Tree=230
num_leaves=9
num_cat=0
split_feature=3 16 13 12 14 13 11 12
split_gain=586145 679550 623965 1.82408e+06 1.23948e+06 909941 1.03414e+06 880848
threshold=0.48224004766551337 0.14894822815614941 5047.1090840773822 7680.4096250000011 223.68625000000023 6463.2768534226198 6967.0636250000007 4052.0387500000006
decision_type=2 2 8 10 10 10 10 10
left_child=-1 -2 4 5 -3 7 -7 -4
right_child=1 2 3 -5 -6 6 -8 -9
leaf_value=2.9376339757442476 -3.9106780480294336 -5.3008649772760883 -1.1053021447909506 6.6188078383786966 0.84992858477810906 -5.5007385754918721 0.98136744554396038 3.8802668129284701
leaf_weight=130 137 151 190 109 179 143 108 166
leaf_count=130 137 151 190 109 179 143 108 166
internal_value=0 -0.599414 -0.165721 0.663337 -1.96453 -0.406097 -2.71163 1.21943
internal_weight=0 1183 1046 716 330 607 251 356
internal_count=1313 1183 1046 716 330 607 251 356
is_linear=0
shrinkage=0.05


Tree=231
num_leaves=9
num_cat=0
split_feature=10 1 14 14 12 4 4 3
split_gain=652469 557476 736440 793043 720361 1.65006e+06 882633 1.22608e+06
threshold=1952.7477500000002 12.22731855824402 -1542.6836249999994 -308.21374999999983 6304.9237500000008 17.500000000000004 7.5000000000000009 0.70497526765402541
decision_type=2 2 10 10 10 2 2 2
left_child=-1 -2 -3 -4 6 -6 -5 -8
right_child=1 2 3 4 5 -7 7 -9
leaf_value=3.7927527091082407 -3.4781798834948576 -3.9594069658541389 3.6840314146155002 -2.0283492797164508 1.185385382302264 -6.9440608663218359 5.0624266443405563 -0.61133520381966822
leaf_weight=102 129 106 157 186 141 112 187 194
leaf_count=102 129 106 157 186 141 112 187 194
internal_value=0 -0.371108 -0.00101376 0.428454 -0.19487 -2.41342 0.795065 2.17342
internal_weight=0 1212 1083 977 820 253 567 381
internal_count=1314 1212 1083 977 820 253 567 381
is_linear=0
shrinkage=0.05


Tree=232
num_leaves=10
num_cat=0
split_feature=10 15 10 8 7 11 11 11 10
split_gain=468969 759871 616293 1.03344e+06 1.40925e+06 650164 825708 496776 454005
threshold=2013.4711250000003 4.7103877054372107 6572.4263750000009 0.78590770188538361 0.52941811022664742 3870.4553750000005 6218.9250000000002 3379.0362500000006 3627.9993750000008
decision_type=2 2 2 2 2 8 10 10 2
left_child=-1 7 5 -4 -5 -3 -7 -2 -9
right_child=1 2 3 4 -6 6 -8 8 -10
leaf_value=3.155476571046389 -4.8016144901025495 4.813509843480869 -5.2002772694023758 -2.6646736658908226 4.5148885531453642 -2.0044433946792899 3.1317733081283086 1.4051932981302 -2.7366435165142087
leaf_weight=104 122 127 104 148 127 156 157 116 154
leaf_count=104 122 127 104 148 127 156 157 116 154
internal_value=0 -0.3433 0.523201 -0.954643 0.650979 1.79616 0.57187 -2.15367 -0.957188
internal_weight=0 1211 819 379 275 440 313 392 270
internal_count=1315 1211 819 379 275 440 313 392 270
is_linear=0
shrinkage=0.05


Tree=233
num_leaves=10
num_cat=0
split_feature=13 4 13 12 7 12 7 11 8
split_gain=805820 1.61751e+06 602009 1.66835e+06 950200 938716 703579 684668 306641
threshold=7044.6583288690481 14.500000000000002 4931.5767633928581 2650.2000000000003 0.35981616191194893 5088.5527500000007 0.56860483422108121 6218.9250000000002 0.81355849799529811
decision_type=8 2 10 10 2 10 2 10 2
left_child=2 -2 3 -1 7 6 -6 -4 -7
right_child=1 -3 4 -5 5 8 -8 -9 -10
leaf_value=-2.3502480206005076 -0.64321167858891526 7.4238477425248028 -7.0484189689159393 4.3022813717001362 0.16375356530847629 0.14232384915705082 -5.3746471257111352 -1.3782868067423504 3.8220264450842594
leaf_weight=187 159 102 108 190 121 108 109 105 119
leaf_count=187 159 102 108 190 121 108 109 105 119
internal_value=0 2.50943 -0.595838 1.00249 -1.49519 -0.209694 -2.46097 -4.25328 2.07133
internal_weight=0 261 1047 377 670 457 230 213 227
internal_count=1308 261 1047 377 670 457 230 213 227
is_linear=0
shrinkage=0.05


Tree=234
num_leaves=11
num_cat=0
split_feature=3 6 14 7 14 10 12 13 12 14
split_gain=514761 1.32241e+06 1.33915e+06 1.06806e+06 835112 702524 840247 712402 1.30419e+06 362159
threshold=0.6659910053267355 1.0000000180025095e-35 265.89874999999989 0.30183822960842915 -308.21374999999983 3882.9592500000003 7888.0121250000002 5132.1188556547631 4182.9650000000011 -322.82487499999996
decision_type=2 2 10 2 8 2 8 10 10 10
left_child=4 2 9 -4 -1 -6 7 -7 -9 -2
right_child=1 -3 3 -5 5 6 -8 8 -10 -11
leaf_value=5.050963758078276 5.3226772121354644 -4.8514456423941787 -6.1979035499095918 0.92647380592586759 3.0238346917393768 3.4308862623267289 -4.4269670995343633 2.9570862789755887 -4.6011903572827579 1.186575284654444
leaf_weight=102 102 170 100 111 162 127 119 103 128 110
leaf_count=102 102 170 100 111 162 127 119 103 128 110
internal_value=0 -1.12692 0.36994 -2.45001 0.849663 0.179033 -0.787126 0.422766 -1.23105 3.17659
internal_weight=0 593 423 211 741 639 477 358 231 212
internal_count=1334 593 423 211 741 639 477 358 231 212
is_linear=0
shrinkage=0.05


Tree=235
num_leaves=9
num_cat=0
split_feature=10 15 13 12 12 15 10 3
split_gain=470674 843556 586592 1.02777e+06 674194 1.45647e+06 897537 860680
threshold=7906.507125000001 7.4919575290862435 5047.1090840773822 6801.9046250000001 6873.0156250000009 3.8053597026369306 4849.3181250000007 0.53531788394287505
decision_type=2 2 8 8 10 2 2 2
left_child=1 2 3 -1 5 -4 -7 -8
right_child=-2 -3 4 -5 -6 6 7 -9
leaf_value=0.66730272887927022 -2.4494042683507979 4.2950563430786133 -5.302958459589842 -4.5823900519117799 4.3158932492418112 3.8162841678920545 2.648761248699973 -3.2805049405127136
leaf_weight=197 194 114 106 177 106 190 107 143
leaf_count=197 194 114 106 177 106 190 107 143
internal_value=0 0.214721 -0.238649 -1.81718 0.666826 -0.0416014 1.22591 -0.742779
internal_weight=0 1140 1026 374 652 546 440 250
internal_count=1334 1140 1026 374 652 546 440 250
is_linear=0
shrinkage=0.05


Tree=236
num_leaves=9
num_cat=0
split_feature=13 13 5 13 11 5 5 14
split_gain=718672 1.04152e+06 1.58779e+06 1.45275e+06 1.35601e+06 795306 1.11009e+06 857316
threshold=5469.2313831845249 4724.1026607142858 1.5000000000000002 5166.851205357144 4532.3325000000013 1.5000000000000002 4.5000000000000009 650.02437499999962
decision_type=10 8 2 8 8 2 2 10
left_child=1 4 -3 -4 -1 -2 7 -7
right_child=5 2 3 -5 -6 6 -8 -9
leaf_value=1.7314228299416994 -4.5964112377539283 6.8830108765399816 -2.5422580520530325 4.3782152471175557 -5.0638877604419079 4.8785502378828829 -3.7572574183008367 -1.0093686451082646
leaf_weight=152 160 132 182 130 142 112 155 138
leaf_count=152 160 132 182 130 142 112 155 138
internal_value=0 0.75764 2.28611 0.341272 -1.55067 -1.61185 -0.432766 1.62842
internal_weight=0 738 444 312 294 565 405 250
internal_count=1303 738 444 312 294 565 405 250
is_linear=0
shrinkage=0.05


Tree=237
num_leaves=10
num_cat=0
split_feature=10 15 0 14 3 11 13 0 7
split_gain=655885 1.24111e+06 713369 1.09169e+06 1.02359e+06 693546 631657 592173 524667
threshold=4145.9725000000008 4.056601493482682 5.5231898189818986 -112.80199999999989 0.55952717725489087 3745.6841250000002 5108.068815476191 6.2377862786278637 0.069476479952280498
decision_type=2 2 2 10 2 10 10 2 2
left_child=1 8 3 -2 -4 -6 -5 -7 -1
right_child=2 -3 4 6 5 7 -8 -9 -10
leaf_value=2.0915425274343717 -6.7267517807414237 4.6473889976892719 4.9573902149613094 2.0158981792197741 2.9319249389195208 1.0114752292633058 -2.7781071078102544 -3.6731761410411465 -2.4920574034963336
leaf_weight=105 103 195 104 121 101 109 159 177 154
leaf_count=105 103 195 104 121 101 109 159 177 154
internal_value=0 1.63453 -0.708077 -2.32546 0.553547 -0.629915 -0.706412 -1.88777 -0.633841
internal_weight=0 454 874 383 491 387 280 286 259
internal_count=1328 454 874 383 491 387 280 286 259
is_linear=0
shrinkage=0.05


Tree=238
num_leaves=10
num_cat=0
split_feature=3 14 14 7 13 4 11 4 12
split_gain=644341 1.10194e+06 755778 911181 794801 1.19177e+06 1.03391e+06 601779 587796
threshold=0.56208053538588543 -172.87750000000025 -402.90250000000009 0.57515541720116825 5798.6745944940476 13.500000000000002 6852.170000000001 2.5000000000000004 3465.9887500000009
decision_type=2 8 8 2 10 2 8 2 10
left_child=1 -1 -2 4 5 -4 -7 -3 -9
right_child=2 7 3 -5 -6 6 -8 8 -10
leaf_value=6.028769914536249 -4.2666570591655644 -2.6710187368649101 -5.8256409601289398 3.8224095832308134 1.6324692021379819 3.1962351168616348 -3.5579148489400882 -1.4976747012734415 3.3077361518314912
leaf_weight=105 132 121 147 120 193 118 109 100 175
leaf_count=105 132 121 147 120 193 118 109 100 175
internal_value=0 1.47488 -0.80155 -0.135765 -0.973474 -2.31825 -0.046947 0.267407 1.56031
internal_weight=0 501 819 687 567 374 227 396 275
internal_count=1320 501 819 687 567 374 227 396 275
is_linear=0
shrinkage=0.05


Tree=239
num_leaves=9
num_cat=0
split_feature=15 10 11 12 3 10 11 15
split_gain=527486 754690 1.18135e+06 1.64588e+06 706063 738497 1.12603e+06 583795
threshold=3.0603060306030607 6507.9031250000007 4612.4537500000015 4683.9212500000003 0.73309144656705116 3882.9592500000003 4907.4777500000009 4.7103877054372107
decision_type=2 2 8 10 2 2 8 2
left_child=-1 4 -3 -4 5 -2 -7 -8
right_child=1 2 3 -5 -6 6 7 -9
leaf_value=-2.8370569168551736 4.7716247743264786 -5.0316282106589325 5.3253029440521109 -2.6115078602466117 -1.9138613462448122 4.0753716653043579 -3.930815827512296 0.75746703433990481
leaf_weight=146 173 144 109 163 142 176 107 175
leaf_count=146 173 144 109 163 142 176 107 175
internal_value=0 0.347498 -1.36964 0.569052 1.2716 1.98846 0.937172 -1.02142
internal_weight=0 1189 416 272 773 631 458 282
internal_count=1335 1189 416 272 773 631 458 282
is_linear=0
shrinkage=0.05


Tree=240
num_leaves=11
num_cat=0
split_feature=14 15 11 12 4 11 11 11 11 12
split_gain=555260 564882 990351 895466 568306 1.52575e+06 1.43035e+06 840990 622446 900788
threshold=-744.34987500000034 7.0384288428842892 5690.4673750000011 7680.4096250000011 14.500000000000002 5262.7250000000013 6534.6750000000011 1506.7007500000002 4384.8025000000007 4782.8036250000014
decision_type=8 2 10 10 2 10 10 10 10 8
left_child=-1 3 -3 4 6 -6 7 -2 9 -9
right_child=1 2 -4 -5 5 -7 -8 8 -10 -11
leaf_value=3.4751146658280185 -5.80421480807364 5.3921015776287433 -0.79481208138405135 -5.2269754506074468 5.6037276944493861 -2.6022777053288055 3.8468834732760904 3.9658534617903083 -3.2747880238023672 -2.6010789145733799
leaf_weight=107 125 110 157 104 123 105 119 107 176 102
leaf_count=107 125 110 157 104 123 105 119 107 176 102
internal_value=0 -0.280386 1.7541 -0.84564 -0.31395 1.82465 -1.08915 -2.24089 -1.08396 0.760939
internal_weight=0 1228 267 961 857 228 629 510 385 209
internal_count=1335 1228 267 961 857 228 629 510 385 209
is_linear=0
shrinkage=0.05


Tree=241
num_leaves=9
num_cat=0
split_feature=13 13 13 12 12 6 8 13
split_gain=505030 599336 690231 604341 830532 1.25434e+06 1.24481e+06 497546
threshold=7410.9377008928577 7044.6583288690481 6463.2768534226198 2096.5808750000006 7213.3506250000009 1.0000000180025095e-35 0.87076137214023741 6780.4274873511904
decision_type=10 8 10 10 10 2 2 10
left_child=1 2 3 -1 5 6 -5 -4
right_child=-2 -3 7 4 -6 -7 -8 -9
leaf_value=-2.1157555958184093 -3.4681090521812439 2.9450191590977814 -5.3197624564170845 3.3620464963137469 -2.1632260071088192 6.0795848349591237 -2.557186159246108 -0.53527757590558345
leaf_weight=181 100 174 100 186 146 143 170 119
leaf_count=181 100 174 100 186 146 143 170 119
internal_value=0 0.228036 -0.224361 0.437309 1.15375 2.12425 0.535447 -2.71997
internal_weight=0 1219 1045 826 645 499 356 219
internal_count=1319 1219 1045 826 645 499 356 219
is_linear=0
shrinkage=0.05


Tree=242
num_leaves=11
num_cat=0
split_feature=13 13 13 13 15 4 4 13 0 8
split_gain=576015 530625 862585 649601 663994 1.36653e+06 1.55166e+06 1.87368e+06 1.3862e+06 483394
threshold=7384.4301934523819 6749.2609836309539 6410.8930498511918 5850.6047738095249 2.8275577557755778 5.5000000000000009 14.500000000000002 4006.5344903273813 4.7445744574457445 0.88717042853975625
decision_type=10 10 10 10 2 2 2 10 2 2
left_child=1 2 3 4 -1 -6 8 -8 -7 -9
right_child=-2 -3 -4 -5 5 6 7 9 -10 -11
leaf_value=-4.2375605134027348 -4.0836693344764345 2.5541283970722906 -5.0067116348519924 3.0480493766674099 4.0471269544882658 -0.85853641238567002 6.7150599740299528 0.85386310861224224 -8.1763386228810191 -3.9439257754598347
leaf_weight=112 103 154 100 138 156 148 102 105 115 105
leaf_count=112 103 154 100 138 156 148 102 105 115 105
internal_value=0 -0.191759 -0.58294 -0.131995 -0.652571 -0.103298 -1.22933 1.15538 -4.05834 -1.54503
internal_weight=0 1235 1081 981 843 731 575 312 263 210
internal_count=1338 1235 1081 981 843 731 575 312 263 210
is_linear=0
shrinkage=0.05


Tree=243
num_leaves=11
num_cat=0
split_feature=14 13 16 3 15 5 12 13 8 11
split_gain=622451 636549 940938 566716 1.06668e+06 727623 639824 736651 545427 230832
threshold=-1719.8325000000002 6734.5962790178583 0.63280911424475816 0.6659910053267355 5.9675300863419682 4.5000000000000009 5432.0000000000009 4666.4050074404777 0.8589646944892898 4992.4027500000011
decision_type=10 10 2 2 2 2 10 10 2 10
left_child=-1 3 -3 4 6 8 7 -2 -5 -10
right_child=1 2 -4 5 -6 -7 -8 -9 9 -11
leaf_value=-3.2329763000011447 0.81904087042808538 -0.74206025676121801 5.2657815632113705 2.5148469109346374 4.8163191434741028 -5.1133180326829528 1.8380237711463003 -5.0026530349705398 -0.31169784489799951 -3.6923000433444977
leaf_weight=150 100 126 135 101 120 118 157 119 102 100
leaf_count=150 100 126 135 101 120 118 157 119 102 100
internal_value=0 0.186844 2.36544 -0.433237 0.711928 -1.78241 -0.597984 -2.34435 -0.485227 -1.98526
internal_weight=0 1178 261 917 496 421 376 219 303 202
internal_count=1328 1178 261 917 496 421 376 219 303 202
is_linear=0
shrinkage=0.05


Tree=244
num_leaves=9
num_cat=1
split_feature=10 14 3 0 14 9 11 12
split_gain=763985 854698 747748 889711 742592 929832 396379 371352
threshold=5326.8267500000011 -826.26949999999988 0.54408441855635126 6.5942010867753451 -147.03600000000048 0 5430.5123750000012 5088.5527500000007
decision_type=2 10 2 2 10 9 10 8
left_child=1 -1 -2 6 -3 -6 -4 -7
right_child=2 4 3 -5 5 7 -8 -9
leaf_value=4.1093239321265109 1.309177500596072 -3.8050432695020548 -2.4153538308979021 0.07284568174920901 -2.8419999241828919 0.43105310988959983 -6.3580064347013838 3.9243441399525518
leaf_weight=172 188 101 127 198 110 134 128 176
leaf_count=172 188 101 127 198 110 134 128 176
internal_value=0 1.05325 -1.34169 -2.44184 0.0443308 0.970014 -4.39441 2.33889
internal_weight=0 693 641 453 521 420 255 310
internal_count=1334 693 641 453 521 420 255 310
cat_boundaries=0 1
cat_threshold=224
is_linear=0
shrinkage=0.05


Tree=245
num_leaves=11
num_cat=0
split_feature=13 3 1 5 8 8 3 1 4 10
split_gain=608425 568158 1.95597e+06 1.26588e+06 1.17158e+06 1.03799e+06 517610 400817 395059 287387
threshold=7384.4301934523819 0.687724846375529 34.596412904672363 4.5000000000000009 0.85164732870288484 0.97773030211340539 0.54408441855635126 23.650180311366032 2.5000000000000004 4893.9087500000014
decision_type=10 2 2 2 2 2 2 2 2 2
left_child=1 2 5 4 -3 6 8 -6 -1 -10
right_child=-2 3 -4 -5 7 -7 -8 -9 9 -11
leaf_value=-2.8070979193999221 -3.7951166318711778 4.5844492724229546 5.818201200405281 -5.1911331229235813 0.99821739935874954 4.2294805824756621 -4.0336466075344521 -3.0568731715472843 2.8959970254302028 -0.84066623651756434
leaf_weight=104 105 116 167 138 100 100 132 156 100 106
leaf_count=104 105 116 167 138 100 100 132 156 100 106
internal_value=0 0.171507 1.08702 -1.10124 0.415983 -0.370742 -1.41152 -1.47285 -0.294997 0.973248
internal_weight=0 1219 709 510 372 542 442 256 310 206
internal_count=1324 1219 709 510 372 542 442 256 310 206
is_linear=0
shrinkage=0.05


Tree=246
num_leaves=9
num_cat=0
split_feature=5 13 13 10 7 13 5 13
split_gain=459341 840194 1.2935e+06 769580 776947 1.94351e+06 710722 683296
threshold=1.0000000180025095e-35 4594.8602090773811 5039.3636532738101 4364.6698750000005 0.37959790384981779 6965.8672224702395 3.5000000000000004 6029.7177083333345
decision_type=2 8 8 2 2 8 2 10
left_child=-1 -2 -3 6 -5 7 -4 -6
right_child=1 2 3 4 5 -7 -8 -9
leaf_value=-2.3777339059667493 3.2338061331638266 -4.1390089687753902 0.42129720790570019 -4.4430927525446249 -0.11715042532467453 -4.637396153068269 5.8042904278179552 4.8243151817743382
leaf_weight=194 196 183 137 103 122 131 111 164
leaf_count=194 196 183 137 103 122 131 111 164
internal_value=0 0.252955 -0.361395 0.538739 -0.554312 0.406226 2.83062 2.71642
internal_weight=0 1147 951 768 520 417 248 286
internal_count=1341 1147 951 768 520 417 248 286
is_linear=0
shrinkage=0.05


Tree=247
num_leaves=10
num_cat=0
split_feature=10 5 13 3 14 11 11 12 12
split_gain=746344 595805 1.41391e+06 601248 636579 3.09275e+06 884635 723412 921177
threshold=2516.0477500000002 1.0000000180025095e-35 4137.0024069940482 0.72586230098281057 16.86012500000027 4474.1850000000004 4681.9312500000005 4368.1068750000004 6842.4882500000012
decision_type=2 2 8 2 10 8 10 10 10
left_child=-1 -2 -3 4 5 -4 -6 -8 -9
right_child=1 2 3 -5 6 -7 7 8 -10
leaf_value=3.2721665981375141 -3.4223343631346448 5.7103808088302621 -9.6259236612409929 2.6685694473405039 3.7368093719339779 1.677982176280191 1.5537893643315206 -5.6974077843633815 0.37151368593765521
leaf_weight=162 139 100 106 124 117 141 149 133 118
leaf_count=162 139 100 106 124 117 141 149 133 118
internal_value=0 -0.357331 0.0738795 -0.560862 -1.08501 -3.17309 -0.0874184 -1.20601 -2.84429
internal_weight=0 1127 988 888 764 247 517 400 251
internal_count=1289 1127 988 888 764 247 517 400 251
is_linear=0
shrinkage=0.05


Tree=248
num_leaves=11
num_cat=0
split_feature=8 5 5 11 13 7 4 3 4 13
split_gain=739525 1.80091e+06 1.00569e+06 3.28352e+06 999641 673374 658954 614287 453092 328331
threshold=0.92579332517791857 3.5000000000000004 4.5000000000000009 5096.2043750000003 5108.068815476191 0.45274807502792941 7.5000000000000009 0.66795208896578384 17.500000000000004 5108.068815476191
decision_type=2 2 2 10 8 2 2 2 2 10
left_child=2 4 5 -4 -2 -1 9 -3 -8 -7
right_child=1 7 3 -5 -6 6 8 -9 -10 -11
leaf_value=-2.6692953764087095 2.2687642024113583 8.1061500320434572 -9.3995842790469908 2.1888545734807852 -4.5535720146454137 1.4482623615860941 4.7543222797072797 2.5913328787859751 0.57968192480306713 -2.3887669436515324
leaf_weight=137 104 100 117 128 111 100 153 102 113 126
leaf_count=137 104 100 117 128 111 100 153 102 113 126
internal_value=0 1.9315 -0.627591 -3.34522 -1.25347 0.430944 1.29422 5.32144 2.98088 -0.690966
internal_weight=0 417 874 245 215 629 492 202 266 226
internal_count=1291 417 874 245 215 629 492 202 266 226
is_linear=0
shrinkage=0.05


Tree=249
num_leaves=10
num_cat=0
split_feature=0 7 5 3 14 0 4 13 0
split_gain=532691 806624 1.47414e+06 1.14818e+06 1.09741e+06 833021 773459 713641 623734
threshold=4.5088050471713848 0.39394771017932095 3.5000000000000004 0.687724846375529 592.78225000000009 5.5483631696502993 12.500000000000002 5365.2527046130963 6.3312581258125817
decision_type=2 2 2 2 10 2 2 8 2
left_child=6 2 -2 4 5 -3 7 -1 -5
right_child=1 3 -4 8 -6 -7 -8 -9 -10
leaf_value=2.3424892827304635 0.18418534686233823 -3.2542095650847145 7.6792798095736003 -0.14277395600254097 5.4559523123821236 2.6390853135566403 -4.5190639983143726 -2.2330534892746168 -5.6588188664585939
leaf_weight=185 151 117 116 103 131 123 114 158 102
leaf_count=185 151 117 116 103 131 123 114 158 102
internal_value=0 1.1688 3.44048 0.11578 1.77519 -0.233896 -0.951062 0.234805 -2.88734
internal_weight=0 843 267 576 371 240 457 343 205
internal_count=1300 843 267 576 371 240 457 343 205
is_linear=0
shrinkage=0.05


Tree=250
num_leaves=10
num_cat=0
split_feature=10 11 4 8 5 7 13 16 7
split_gain=555118 730260 733075 835262 1.46209e+06 635678 847851 608369 594853
threshold=7571.1913750000012 1901.4648750000003 18.500000000000004 0.9136919757075036 3.5000000000000004 0.59623895787374326 5124.4507886904767 0.52559422608927553 0.59902731443063295
decision_type=2 10 2 2 2 2 10 2 2
left_child=1 7 3 5 -5 6 -3 -1 -2
right_child=8 2 -4 4 -6 -7 -8 -9 -10
leaf_value=-5.03031223654747 0.0084517520571511899 -4.3294591196247785 -2.0218917314010332 0.63214472334725524 7.4874944543625634 2.5447735213161859 1.5774502246833046 0.33521680257150105 -5.1562334978282456
leaf_weight=100 126 122 158 175 140 178 121 112 100
leaf_count=100 126 122 158 175 140 178 121 112 100
internal_value=0 0.442654 1.0683 1.73169 3.67897 0.274696 -1.38816 -2.19569 -2.27681
internal_weight=0 1106 894 736 315 421 243 212 226
internal_count=1332 1106 894 736 315 421 243 212 226
is_linear=0
shrinkage=0.05


Tree=251
num_leaves=11
num_cat=0
split_feature=14 14 5 15 10 16 12 8 10 10
split_gain=609347 500027 875234 608798 1.01644e+06 654465 893345 792806 381531 458056
threshold=-744.34987500000034 -522.977125 5.5000000000000009 8.0128054472113899 7308.1447500000013 0.58572940627396075 2800.1475000000005 0.95059616321645357 5574.2093750000013 4259.2112500000012
decision_type=8 10 2 2 2 2 10 2 2 2
left_child=-1 -2 3 4 5 8 -7 -8 9 -3
right_child=1 2 -4 -5 -6 6 7 -9 -10 -11
leaf_value=3.5787814034356011 -2.7343711989634745 2.0045230084302412 4.0659544772789129 3.1444628765469509 -5.0895505017381382 2.1244689145134492 -0.90457597794591094 -6.7998120345691646 3.8058650752322545 -2.3325902966892018
leaf_weight=108 185 151 122 105 123 103 131 101 108 102
leaf_count=108 185 151 122 105 123 103 131 101 108 102
internal_value=0 -0.338202 0.085595 -0.43995 -0.89949 -0.159006 -1.75063 -3.47104 1.31798 0.255963
internal_weight=0 1231 1046 924 819 696 335 232 361 253
internal_count=1339 1231 1046 924 819 696 335 232 361 253
is_linear=0
shrinkage=0.05


Tree=252
num_leaves=10
num_cat=0
split_feature=10 13 0 12 11 10 11 15 13
split_gain=661751 560083 879900 1.09091e+06 519411 351772 585582 488119 391395
threshold=7755.1312500000013 4735.2053571428578 5.4086491982531602 4368.1068750000004 4928.6376250000012 4290.2633750000014 4568.880000000001 3.8425925925925939 6062.9620312500019
decision_type=2 8 2 8 8 2 10 2 10
left_child=1 4 5 -4 -1 6 7 -3 -7
right_child=-2 2 3 -5 -6 8 -8 -9 -10
leaf_value=0.52216172772069125 -2.6167111914775094 -2.6871777286931224 0.4100140636830818 7.0166418944917073 -3.8194495985584873 -3.363365363582107 3.8187308264529616 2.076584471806441 0.74782306589521808
leaf_weight=155 197 115 127 123 124 121 127 101 111
leaf_count=155 197 115 127 123 124 121 127 101 111
internal_value=0 0.529141 1.18406 3.66047 -1.40744 0.107356 1.12446 -0.459678 -1.39637
internal_weight=0 1104 825 250 279 575 343 216 232
internal_count=1301 1104 825 250 279 575 343 216 232
is_linear=0
shrinkage=0.05


Tree=253
num_leaves=10
num_cat=0
split_feature=12 4 4 13 8 7 15 16 10
split_gain=754876 2.01259e+06 585092 1.14976e+06 1.10216e+06 898378 1.945e+06 864086 540916
threshold=1243.7531250000002 14.500000000000002 11.500000000000002 6749.2609836309539 0.8299725795842724 0.66737583708927928 5.6292545921258794 1.0755533886722006 4760.8765000000012
decision_type=10 2 2 10 2 2 2 2 2
left_child=1 -1 5 4 -4 6 8 -6 -2
right_child=2 -3 3 -5 7 -7 -8 -9 -10
leaf_value=-5.1590744484352511 3.053727697318998 3.4584404218764533 2.6277835965156555 3.8139806598913477 -6.1844230275038337 -2.0059621305899187 8.8160583685669636 -0.66725515998643026 -1.3276933523425223
leaf_weight=191 145 105 105 122 139 110 108 145 137
leaf_count=191 145 105 105 122 139 110 108 145 137
internal_value=0 -2.10219 0.768755 -0.421064 -1.74928 1.98475 3.11034 -3.36756 0.925165
internal_weight=0 296 1011 511 389 500 390 284 282
internal_count=1307 296 1011 511 389 500 390 284 282
is_linear=0
shrinkage=0.05


Tree=254
num_leaves=10
num_cat=0
split_feature=12 4 5 7 11 11 12 13 13
split_gain=531994 711825 2.63734e+06 1.4947e+06 1.10001e+06 855686 1.03953e+06 599986 484784
threshold=8242.3378750000029 14.500000000000002 3.5000000000000004 0.32763795879346197 1461.8552500000003 2816.6125000000006 5088.5527500000007 6691.8105424107152 5332.7113891369054
decision_type=10 2 2 2 10 10 8 10 10
left_child=1 4 3 -3 -1 -6 7 -7 -8
right_child=-2 2 -4 -5 5 6 8 -9 -10
leaf_value=-4.7377945044883214 -3.3719387809435526 -6.0206452369689947 6.7336105753106681 1.8908380871562109 4.2943116065559037 -4.1598848713904015 3.8424985796865756 0.467645088029564 -0.61443143801255662
leaf_weight=133 108 101 171 146 109 196 137 109 110
leaf_count=133 108 101 171 146 109 196 137 109 110
internal_value=0 0.290304 1.96035 -1.34422 -0.588887 0.245916 -0.553495 -2.50611 1.85763
internal_weight=0 1212 418 247 794 661 552 305 247
internal_count=1320 1212 418 247 794 661 552 305 247
is_linear=0
shrinkage=0.05


Tree=255
num_leaves=10
num_cat=0
split_feature=10 11 13 5 12 14 4 12 13
split_gain=599178 1.09636e+06 810619 735292 1.87685e+06 1.32632e+06 612849 1.82237e+06 217651
threshold=3832.7250000000008 6149.4768750000012 4931.5767633928581 4.5000000000000009 2786.0127500000003 307.48924999999957 17.500000000000004 5088.5527500000007 6410.8930498511918
decision_type=2 8 10 2 8 10 2 10 8
left_child=1 2 -1 4 -2 -5 7 8 -6
right_child=3 -3 -4 5 6 -7 -8 -9 -10
leaf_value=2.2735565493266812 5.8528671258503309 5.030668023916391 -3.2814550617548428 -6.6031072450958135 -4.5480802021026614 0.33800936180969765 -3.5667199533155989 4.6366030327359544 -1.2887164034304166
leaf_weight=136 117 143 127 131 100 145 175 133 105
leaf_count=136 117 143 127 131 100 145 175 133 105
internal_value=0 1.50701 -0.408902 -0.804461 0.13834 -2.95651 -1.16497 0.0785354 -2.87865
internal_weight=0 406 263 906 630 276 513 338 205
internal_count=1312 406 263 906 630 276 513 338 205
is_linear=0
shrinkage=0.05


Tree=256
num_leaves=11
num_cat=0
split_feature=13 15 13 12 3 5 12 11 5 4
split_gain=560991 474008 590637 1.29191e+06 443148 831113 516033 1.06722e+06 724169 715405
threshold=3808.4850163690476 4.4545537887122046 4931.5767633928581 6736.8210000000008 0.56208053538588543 3.5000000000000004 3818.5398750000004 5397.5905000000012 3.5000000000000004 17.500000000000004
decision_type=8 2 8 8 2 2 8 8 2 2
left_child=-1 2 -2 -4 5 -3 8 -8 -6 -9
right_child=1 4 3 -5 6 -7 7 9 -10 -11
leaf_value=-3.1205900366306309 2.278519904613495 0.51447187193104482 -5.6941462257385256 1.2202944449016027 1.4670897165934245 6.5823717194511779 5.0020447143218805 2.3866173021779717 -4.2968442280210706 -2.8798377990722659
leaf_weight=100 118 122 125 147 117 105 159 131 102 127
leaf_count=100 118 122 125 147 117 105 159 131 102 127
internal_value=0 0.770949 -0.675691 -1.9573 1.4247 3.32121 0.747805 1.77993 -1.21748 -0.205785
internal_weight=0 1253 390 272 863 227 636 417 219 258
internal_count=1353 1253 390 272 863 227 636 417 219 258
is_linear=0
shrinkage=0.05


Tree=257
num_leaves=11
num_cat=0
split_feature=8 5 3 11 5 10 10 13 13 13
split_gain=567152 1.57355e+06 1.78247e+06 1.33655e+06 1.04171e+06 1.26187e+06 1.73097e+06 596492 706173 651198
threshold=0.91882012342626518 3.5000000000000004 0.71192169451302145 7289.1581250000008 3.5000000000000004 7130.8721250000008 5244.9171250000009 3978.4661979166672 5108.068815476191 6315.4483363095251
decision_type=2 2 2 8 2 2 2 10 10 10
left_child=4 2 -2 -3 7 6 -6 -1 -9 -10
right_child=1 3 -4 -5 5 -7 -8 8 9 -11
leaf_value=-2.6504786942221905 -5.4383559659574976 7.8304760065505183 2.9814732146263125 0.068473867614670558 -1.0597376551714031 0.64201295284592375 -10.082567750706392 4.7696891523833971 -2.9402905934261829 2.0588637983305218
leaf_weight=110 132 123 120 101 111 147 102 117 106 169
leaf_count=110 132 123 120 101 111 147 102 117 106 169
internal_value=0 1.28147 -1.42891 4.33064 -0.868792 -2.92132 -5.38053 0.603144 1.51615 0.131917
internal_weight=0 476 252 224 862 360 213 502 392 275
internal_count=1338 476 252 224 862 360 213 502 392 275
is_linear=0
shrinkage=0.05


Tree=258
num_leaves=11
num_cat=0
split_feature=3 13 5 14 13 13 5 13 15 7
split_gain=808475 819880 927960 1.85248e+06 1.34786e+06 935506 884071 1.45205e+06 1.3812e+06 689079
threshold=0.48224004766551337 5094.1165543154775 2.5000000000000004 -43.455874999999644 4314.8293452380958 4887.6527455357145 1.5000000000000002 6463.2768534226198 6.2981548154815501 0.54833997322941908
decision_type=2 10 2 8 8 8 2 10 2 2
left_child=-1 2 4 -4 -2 -5 -3 8 -8 -9
right_child=1 6 3 5 -6 -7 7 9 -10 -11
leaf_value=3.7610322279445194 -3.5516971512596207 -2.1919282637653552 -9.21130121771027 1.8229549977514481 4.3970511170615145 -4.257925271987915 9.1653657565116884 2.3955041919499638 0.99218320556890183 -3.0388272997311185
leaf_weight=118 101 191 102 126 113 127 100 100 107 140
leaf_count=118 101 191 102 126 113 127 100 100 107 140
internal_value=0 -0.57524 -1.95513 -3.52286 0.645539 -1.2295 0.655418 1.87207 4.94058 -0.774523
internal_weight=0 1207 569 355 214 253 638 447 207 240
internal_count=1325 1207 569 355 214 253 638 447 207 240
is_linear=0
shrinkage=0.05


Tree=259
num_leaves=9
num_cat=0
split_feature=10 5 16 0 13 13 13 11
split_gain=549155 521875 592697 581535 589502 1.10469e+06 1.32796e+06 788915
threshold=1901.3547500000002 1.0000000180025095e-35 0.23266910024335855 3.6974072407240728 4594.8602090773811 5149.2331622023821 6601.2711622023817 7022.1361250000009
decision_type=2 2 2 2 10 10 10 10
left_child=-1 -2 -3 -4 -5 -6 -7 -8
right_child=1 2 3 4 5 6 7 -9
leaf_value=4.2518240009080621 -2.1129374254894797 -1.6650266665678757 -2.1526378465633766 4.339127650677832 -2.639022867240616 5.4497755728662014 -2.7952558752149343 3.1154211646259422
leaf_weight=100 177 195 102 183 148 192 128 101
leaf_count=100 177 195 102 183 148 192 128 101
internal_value=0 0.398424 0.822171 1.39009 1.87062 1.07671 2.38295 -0.188363
internal_weight=0 1226 1049 854 752 569 421 229
internal_count=1326 1226 1049 854 752 569 421 229
is_linear=0
shrinkage=0.05


Tree=260
num_leaves=10
num_cat=0
split_feature=10 0 3 16 7 13 14 11 10
split_gain=624041 944089 746933 1.15508e+06 746144 462551 458009 643460 539695
threshold=7650.0631250000015 4.7725522552255235 0.53999487351298781 1.2115794912824616 0.59902731443063295 5181.2097916666671 585.74324999999988 1860.6670000000001 3020.5996250000003
decision_type=2 2 2 2 2 8 10 10 2
left_child=1 6 -3 5 -2 -4 7 -1 -9
right_child=4 2 3 -5 -6 -7 -8 8 -10
leaf_value=-2.3084644820955065 0.99482433360911193 6.1060178806959113 -2.5090447674194976 5.5404580125441925 -4.6221893369624052 1.5812856550596974 -2.4897554616612125 4.7770464824738905 0.20120427196408497
leaf_weight=126 124 121 120 130 113 163 166 107 162
leaf_count=126 124 121 120 130 113 163 166 107 162
internal_value=0 1.14642 2.65122 1.63904 -1.68333 -0.15313 -0.285966 0.640184 2.02133
internal_weight=0 1095 534 413 237 283 561 395 269
internal_count=1332 1095 534 413 237 283 561 395 269
is_linear=0
shrinkage=0.05


Tree=261
num_leaves=11
num_cat=0
split_feature=13 7 13 0 10 11 12 11 12 4
split_gain=431632 579109 967028 631114 815243 1.12409e+06 976752 859108 777478 436484
threshold=3744.8374322916675 -0.01761221637189837 4594.8602090773811 3.9331599826649337 6507.9031250000007 4224.8462500000014 4309.4613750000008 4681.9312500000005 4584.9455000000007 12.500000000000002
decision_type=10 2 10 2 2 10 10 10 10 2
left_child=9 -2 -3 -4 7 -6 -7 -5 -9 -1
right_child=1 2 3 4 5 6 -8 8 -10 -11
leaf_value=-4.1560875144168623 -2.8134439770489523 4.686754333588385 -3.1211816803049697 6.1944167324140968 -5.5360432072441181 4.5029699656308866 -1.7211188196413447 -2.4216484645816769 3.4756526535392833 0.23047513961791993
leaf_weight=131 146 124 139 102 101 102 165 107 117 100
leaf_count=131 146 124 139 102 101 102 165 107 117 100
internal_value=0 0.119759 0.567248 -0.0459794 0.569947 -1.04299 0.656623 2.39069 0.658638 -2.25714
internal_weight=0 1103 957 833 694 368 267 326 224 231
internal_count=1334 1103 957 833 694 368 267 326 224 231
is_linear=0
shrinkage=0.05


Tree=262
num_leaves=11
num_cat=0
split_feature=12 14 11 7 11 11 11 11 12 10
split_gain=359955 907956 2.0918e+06 1.4052e+06 804556 1.79049e+06 1.21553e+06 1.11952e+06 618353 438003
threshold=8420.6155000000017 194.43887500000031 4907.4777500000009 0.56100310052357016 5063.868625000001 7877.7895000000017 6455.7137500000008 9866.3631250000017 5671.5701250000011 4180.3218750000005
decision_type=10 8 10 2 8 8 10 8 8 2
left_child=1 2 3 9 8 6 -6 -7 -3 -1
right_child=-2 4 -4 -5 5 7 -8 -9 -10 -11
leaf_value=-0.44147647508978843 -2.8772785216859247 3.9917872789833284 6.7853670344447456 -5.2694756503105165 -2.1388230767026046 4.9790772074577854 -9.2439022567012525 -1.497089580983078 -1.1022558864239043 4.1508021180276513
leaf_weight=100 103 126 151 100 149 102 101 193 113 108
leaf_count=100 103 126 151 100 149 102 101 193 113 108
internal_value=0 0.198553 1.96467 -0.398729 -0.835435 -1.89613 -5.00928 0.742127 1.58331 1.94298
internal_weight=0 1243 459 308 784 545 250 295 239 208
internal_count=1346 1243 459 308 784 545 250 295 239 208
is_linear=0
shrinkage=0.05


Tree=263
num_leaves=10
num_cat=0
split_feature=14 14 4 12 13 15 11 0 15
split_gain=475641 515086 592682 1.6782e+06 425440 728710 742950 921331 377054
threshold=-1542.6836249999994 -674.54962499999976 18.500000000000004 5280.3630000000012 4678.2947247023812 7.0092592592592604 6565.8356250000006 5.176363469680302 3.8516726672667265
decision_type=10 10 2 10 10 2 10 2 2
left_child=-1 -2 4 -4 -3 6 7 8 -6
right_child=1 2 3 -5 5 -7 -8 -9 -10
leaf_value=-2.5871333967020487 3.6985778841317867 -1.4617053392032782 2.5304783102273944 -6.1596916668891915 -1.5468226548635737 4.2687068485418953 3.404668345220168 -5.002684490025044 2.4184605195902398
leaf_weight=162 102 192 100 125 106 150 136 100 138
leaf_count=162 102 192 100 125 106 150 136 100 138
internal_value=0 0.306833 -0.0235953 -2.29739 0.598795 1.22676 0.276147 -0.96071 0.695838
internal_weight=0 1149 1047 225 822 630 480 344 244
internal_count=1311 1149 1047 225 822 630 480 344 244
is_linear=0
shrinkage=0.05


Tree=264
num_leaves=9
num_cat=0
split_feature=14 5 4 12 4 12 3 3
split_gain=475988 422652 613823 793744 714861 508725 706802 1.26982e+06
threshold=-771.53750000000002 5.5000000000000009 18.500000000000004 5256.165750000001 14.500000000000002 1171.4996250000002 0.51471788548250297 0.71091573717930412
decision_type=8 2 2 10 2 10 2 2
left_child=-1 2 4 -4 5 -2 -7 -8
right_child=1 -3 3 -5 -6 6 7 -9
leaf_value=2.7415842619809236 -3.694871411463128 1.8043198281861592 -0.34466908665803764 -6.4786587414340433 2.2528668589733973 -3.0506980460950697 3.4839187274275698 -2.6569217653501607
leaf_weight=110 158 149 104 107 191 174 197 147
leaf_count=110 158 149 104 107 191 174 197 147
internal_value=0 -0.691742 -1.03675 -3.45527 -0.448153 -1.21131 -0.453778 0.85978
internal_weight=0 1227 1078 211 867 676 518 344
internal_count=1337 1227 1078 211 867 676 518 344
is_linear=0
shrinkage=0.05


Tree=265
num_leaves=10
num_cat=0
split_feature=13 13 13 12 5 13 14 12 12
split_gain=476009 602883 435776 670914 966282 798053 576612 810300 541959
threshold=7410.9377008928577 7044.6583288690481 6438.9044062500006 3107.7450000000003 3.5000000000000004 4887.6527455357145 26.902249999999643 6553.411000000001 4182.9650000000011
decision_type=10 8 10 8 2 10 8 8 10
left_child=1 2 3 -1 6 -6 -5 -8 -4
right_child=-2 -3 8 4 5 -7 7 -9 -10
leaf_value=-3.2184806304249336 -3.3701644569073084 2.8388631572042193 0.069231877599044575 1.6986292794882822 5.8446460740382857 0.73273272917077348 0.04471467765601906 -5.7473316762961595 -4.9558674717412412
leaf_weight=123 106 175 112 139 130 185 148 102 103
leaf_count=123 106 175 112 139 130 185 148 102 103
internal_value=0 0.123325 -0.332739 0.188616 0.783891 2.84241 -0.883035 -2.31844 -2.33814
internal_weight=0 1217 1042 827 704 315 389 250 215
internal_count=1323 1217 1042 827 704 315 389 250 215
is_linear=0
shrinkage=0.05


Tree=266
num_leaves=11
num_cat=0
split_feature=10 12 7 12 13 13 3 8 3 5
split_gain=757676 1.26249e+06 1.92448e+06 835693 850016 774719 820035 1.21519e+06 687409 587195
threshold=3060.8093750000003 6500.3456250000008 0.48426539122296303 5432.0000000000009 7044.6583288690481 6463.2768534226198 0.71517305858603708 0.90192047666263109 0.53074649644179572 3.5000000000000004
decision_type=2 10 2 10 10 10 2 2 2 2
left_child=9 3 -3 4 5 6 7 8 -2 -1
right_child=1 2 -4 -5 -6 -7 -8 -9 -10 -11
leaf_value=-0.012578227317411136 -4.3802350153241845 -8.6347774190351014 0.033470069660859948 3.8270349760850273 3.5359378791681615 -4.8684987683198422 -4.3122028853533401 4.8611620185721636 1.107484831237793 4.7644276426719117
leaf_weight=153 105 121 136 120 101 128 106 117 125 111
leaf_count=153 105 121 136 120 101 128 106 117 125 111
internal_value=0 -0.997995 -4.04769 -0.0207239 -0.697749 -1.43373 -0.463193 0.712585 -1.39778 1.99594
internal_weight=0 1059 257 802 682 581 453 347 230 264
internal_count=1323 1059 257 802 682 581 453 347 230 264
is_linear=0
shrinkage=0.05


Tree=267
num_leaves=11
num_cat=0
split_feature=3 5 4 5 8 5 3 7 10 14
split_gain=747104 1.89932e+06 1.16421e+06 803920 800660 1.1732e+06 712047 673440 453538 222905
threshold=0.56208053538588543 5.5000000000000009 17.500000000000004 2.5000000000000004 0.82180249669437633 3.5000000000000004 0.7146963370156213 0.63041250983562436 3145.2452500000004 407.53762500000011
decision_type=2 2 2 2 2 2 2 2 2 8
left_child=4 2 6 -4 7 -6 9 -1 -8 -2
right_child=1 -3 3 -5 5 -7 8 -9 -10 -11
leaf_value=-3.1995160678258312 2.1858263714056387 -6.7049452775347547 -6.1192326016426088 0.1162432242776746 0.39157792175406808 7.6776618180491711 2.6224504621614013 1.8054321790839496 -1.3900233568258622 5.4913844444003761
leaf_weight=104 102 113 100 107 111 110 109 190 199 102
leaf_count=104 102 113 100 107 111 110 109 190 199 102
internal_value=0 -0.67889 0.268182 -2.89606 1.74425 4.01814 1.54748 0.0349743 0.0299755 3.83861
internal_weight=0 832 719 207 515 221 512 294 308 204
internal_count=1347 832 719 207 515 221 512 294 308 204
is_linear=0
shrinkage=0.05


Tree=268
num_leaves=12
num_cat=0
split_feature=10 12 6 11 12 12 14 15 3 10 11
split_gain=680244 1.02102e+06 1.39348e+06 2.24284e+06 910304 1.02977e+06 1.61927e+06 630494 862992 661500 439852
threshold=4145.9725000000008 9193.3902500000022 1.0000000180025095e-35 5989.2871250000007 2786.0127500000003 5077.3042500000001 665.87012500000003 3.8053597026369306 0.72053170844946657 2556.1753750000007 4928.6376250000012
decision_type=2 8 2 10 10 10 10 2 2 2 10
left_child=7 2 4 -4 -2 10 -7 9 -9 -1 -6
right_child=1 -3 3 -5 5 6 -8 8 -10 -11 -12
leaf_value=1.8670352232560778 4.8927310597580096 -5.3500641796532582 -8.6939779309734053 1.1386967395105934 -0.44965887998675441 6.9039391880035401 -2.0282837992732965 6.4496794250665932 0.26303167731042892 -3.689971071245647 -5.0216252397298815
leaf_weight=114 113 127 115 117 111 100 103 102 126 101 100
leaf_count=114 113 127 115 117 111 100 103 102 126 101 100
internal_value=0 -1.20062 -0.506318 -3.73526 0.915151 -0.170517 2.37183 1.19902 3.03074 -0.743465 -2.61647
internal_weight=0 886 759 232 527 414 203 443 228 215 211
internal_count=1329 886 759 232 527 414 203 443 228 215 211
is_linear=0
shrinkage=0.05


Tree=269
num_leaves=11
num_cat=1
split_feature=13 9 8 16 10 13 10 15 13 10
split_gain=417372 769288 669599 629405 363827 979961 715788 423435 367768 223150
threshold=3808.4850163690476 0 0.95315033644548508 0.51445561222788982 5528.589750000001 4875.2153273809536 7732.1767500000005 4.4545537887122046 6601.2711622023817 8344.1490000000031
decision_type=10 9 2 2 2 10 2 2 10 2
left_child=3 -2 4 -1 7 -6 8 -3 -7 -8
right_child=1 2 -4 -5 5 6 9 -9 -10 -11
leaf_value=-4.4763827675039121 -3.2637179478620872 0.052831982516642645 3.845531501633781 0.82525936367741815 -4.8121163985729218 4.721462685113603 -3.125104860186577 3.8165384498471067 0.59445933525292383 0.21517949610948564
leaf_weight=110 107 159 175 114 100 110 100 141 106 100
leaf_count=110 107 159 175 114 100 110 100 141 106 100
internal_value=0 0.589995 1.02864 -1.77823 0.437134 -0.367889 0.700435 1.82177 2.69617 -1.45496
internal_weight=0 1098 991 224 816 516 416 300 216 200
internal_count=1322 1098 991 224 816 516 416 300 216 200
cat_boundaries=0 1
cat_threshold=128
is_linear=0
shrinkage=0.05


Tree=270
num_leaves=11
num_cat=0
split_feature=10 15 8 8 3 12 5 3 16 14
split_gain=572928 818830 954950 979917 983065 964502 1.10625e+06 601494 780881 376310
threshold=6878.3922500000017 2.8275577557755778 0.78160041427692273 0.82501466908338139 0.71663449115950684 5178.5242500000013 3.5000000000000004 0.687724846375529 0.46003350335033494 527.25900000000013
decision_type=2 2 2 2 2 10 2 2 2 8
left_child=1 -1 -3 -4 5 6 -5 8 -2 -6
right_child=7 2 3 4 9 -7 -8 -9 -10 -11
leaf_value=-3.5104078492727773 -3.6643721661633921 4.5168454587075022 -4.376433392798547 1.1893834972785691 0.32997478086556964 -0.98914769116569967 8.1430111867887476 -4.9930274080959238 2.088271437241481 -3.5874398445661089
leaf_weight=116 108 155 101 118 134 119 111 110 130 113
leaf_count=116 108 155 101 118 134 119 111 110 130 113
internal_value=0 0.430437 0.967615 0.177197 0.950166 2.66239 4.55992 -1.93537 -0.522172 -1.4622
internal_weight=0 967 851 696 595 348 229 348 238 247
internal_count=1315 967 851 696 595 348 229 348 238 247
is_linear=0
shrinkage=0.05


Tree=271
num_leaves=10
num_cat=0
split_feature=11 16 14 12 11 12 13 8 12
split_gain=488368 717815 583957 726522 1.10964e+06 1.32775e+06 1.00543e+06 626507 393604
threshold=9589.8430000000026 0.63280911424475816 834.88099999999952 1121.6430000000003 3294.7815000000005 3729.8500000000004 5332.7113891369054 0.86070115979068784 7304.1262500000012
decision_type=8 2 10 10 10 10 10 2 10
left_child=2 -2 3 -1 -5 -6 -7 -4 -8
right_child=1 -3 7 4 5 6 8 -9 -10
leaf_value=-3.670092896997494 -5.0109329766812536 0.78130875492095953 5.1049603170362019 3.6878413867942252 -4.6763074512376726 3.6342400712576528 -3.1090062619327643 0.10306346381411834 0.99244039365560699
leaf_weight=137 115 100 116 182 159 171 139 136 101
leaf_count=137 115 100 116 182 159 171 139 136 101
internal_value=0 -2.31687 0.280967 -0.32127 0.288822 -0.796479 0.704476 2.40552 -1.38298
internal_weight=0 215 1141 889 752 570 411 252 240
internal_count=1356 215 1141 889 752 570 411 252 240
is_linear=0
shrinkage=0.05


Tree=272
num_leaves=10
num_cat=0
split_feature=10 0 16 13 12 7 15 5 11
split_gain=421835 404879 521066 441623 521652 543176 600929 950916 403472
threshold=1901.3547500000002 3.4967580091342474 0.23266910024335855 4006.5344903273813 2213.5533750000004 0.11235707520369376 6.4529577957795787 4.5000000000000009 5918.0372500000003
decision_type=2 2 2 10 10 2 2 2 10
left_child=-1 -2 -3 -4 -5 -6 8 -8 -7
right_child=1 2 3 4 5 6 7 -9 -10
leaf_value=3.2180274940004541 -2.6501991605082305 -2.1441679445014992 3.0768269733339548 -2.9810741881529492 -2.5183209604687162 4.966106230701719 2.0523482015045982 -3.681376387538581 0.84325716541808782
leaf_weight=102 141 197 160 111 108 140 192 116 103
leaf_count=102 141 197 160 111 108 140 192 116 103
internal_value=0 -0.124245 0.191779 0.686598 0.189927 0.724041 1.35957 -0.107107 3.21856
internal_weight=0 1268 1127 930 770 659 551 308 243
internal_count=1370 1268 1127 930 770 659 551 308 243
is_linear=0
shrinkage=0.05


Tree=273
num_leaves=11
num_cat=0
split_feature=10 14 12 14 12 4 15 11 11 11
split_gain=552997 733668 626860 982199 754183 647383 571100 759276 1.39606e+06 209291
threshold=2013.4711250000003 -1719.8325000000002 1171.4996250000002 -502.71449999999999 6005.8556250000011 17.500000000000004 4.6016810014334775 6565.8356250000006 4532.3325000000013 6096.9351250000009
decision_type=2 10 10 10 10 2 2 10 10 10
left_child=-1 -2 -3 -4 6 9 -5 8 -8 -6
right_child=1 2 3 4 5 -7 7 -9 -10 -11
leaf_value=3.2717960840346771 -4.5759725122497636 -3.6857799993272415 4.9264538230001929 -1.8889707309504349 -2.1900025914016279 -5.325233273033624 3.1373930229860196 4.5998376624484854 -4.4143301795510688 0.9897608129164347
leaf_weight=102 104 114 100 144 103 111 153 150 102 104
leaf_count=102 104 114 100 144 103 111 153 150 102 104
internal_value=0 -0.564935 -0.179044 0.234367 -0.30682 -2.24445 0.815525 1.77712 0.116704 -0.59244
internal_weight=0 1185 1081 967 867 318 549 405 255 207
internal_count=1287 1185 1081 967 867 318 549 405 255 207
is_linear=0
shrinkage=0.05


Tree=274
num_leaves=11
num_cat=0
split_feature=10 0 11 11 11 14 3 12 13 11
split_gain=601790 684217 1.05897e+06 775913 771608 598478 563357 951053 326591 285781
threshold=6487.7246250000007 3.9331599826649337 4092.9800000000005 2261.2446250000007 5952.9287500000009 680.20112500000005 0.69967274380213218 6098.4025000000011 5365.2527046130963 5378.2575000000006
decision_type=2 2 10 10 10 8 2 10 8 10
left_child=1 8 3 -3 -4 -6 7 9 -1 -2
right_child=6 2 4 -5 5 -7 -8 -9 -10 -11
leaf_value=0.19354249871238161 -0.27731441313028338 1.6600088732583183 -2.9688815692761787 7.3796756086072754 4.5912700288570845 -0.75998894373575854 -4.7902427229285243 -4.0474466723910831 -3.1702202451229096 3.5027745463848117
leaf_weight=181 100 126 133 112 104 105 100 118 120 100
leaf_count=181 100 126 133 112 104 105 100 118 120 100
internal_value=0 0.786744 1.79055 4.35162 0.00828069 1.90284 -1.51693 -0.487587 -1.14749 1.61273
internal_weight=0 881 580 238 342 209 418 318 301 200
internal_count=1299 881 580 238 342 209 418 318 301 200
is_linear=0
shrinkage=0.05


Tree=275
num_leaves=9
num_cat=0
split_feature=14 11 16 7 5 14 7 14
split_gain=366191 587044 865354 760824 296102 614667 460545 273944
threshold=1201.3581250000004 6149.4768750000012 0.89456028936226872 0.46325998172195054 5.5000000000000009 -322.82487499999996 0.5248462510734262 230.89674999999991
decision_type=10 8 2 2 2 10 2 10
left_child=1 4 3 -3 5 -1 7 -7
right_child=-2 2 -4 -5 -6 6 -8 -9
leaf_value=3.4741744464185063 -1.7070608312697026 -2.023097434318323 5.6665001682937151 2.9575700850514641 -2.4103548994064332 -3.9748402329954775 1.2806961125627008 -0.64496435669233221
leaf_weight=119 185 139 124 171 125 101 194 159
leaf_count=119 185 139 124 171 125 101 194 159
internal_value=0 0.692367 2.13636 0.724303 -0.205474 0.275521 -0.562892 -1.93849
internal_weight=0 1132 434 310 698 573 454 260
internal_count=1317 1132 434 310 698 573 454 260
is_linear=0
shrinkage=0.05


Tree=276
num_leaves=10
num_cat=0
split_feature=14 1 12 8 8 14 12 7 7
split_gain=541189 433502 923143 797219 889011 787914 819767 538747 455043
threshold=-744.34987500000034 13.107145800102456 8075.4127500000013 0.99196591617441532 0.94814634012660448 383.63387500000005 4913.8135000000011 0.55573735200576946 0.35454752074292278
decision_type=8 2 10 2 2 10 8 2 2
left_child=-1 8 3 4 5 6 -3 -7 -2
right_child=1 2 -4 -5 -6 7 -8 -9 -10
leaf_value=3.5683176279067994 -4.4465639597546742 -0.16268612317617429 -3.9674944005460824 -3.4523614740371706 5.2499875152111057 -3.3789411838117398 4.6366573927061898 0.73518470818411097 0.18414005549252033
leaf_weight=102 113 181 117 100 120 152 175 167 100
leaf_count=102 113 181 117 100 120 152 175 167 100
internal_value=0 -0.222316 0.209201 0.755204 1.28446 0.579475 2.19654 -1.22515 -2.27252
internal_weight=0 1225 1012 895 795 675 356 319 213
internal_count=1327 1225 1012 895 795 675 356 319 213
is_linear=0
shrinkage=0.05


Tree=277
num_leaves=10
num_cat=0
split_feature=15 3 5 8 11 11 5 13 11
split_gain=651164 844081 1.07075e+06 938605 866135 802920 431487 491838 213425
threshold=5.0665233189985663 0.66795208896578384 3.5000000000000004 0.93591524330528808 3484.9258750000004 6612.8687500000005 2.5000000000000004 5119.5339970238101 4284.1401250000008
decision_type=2 2 2 2 10 10 2 8 8
left_child=5 2 -2 4 -3 6 7 -1 -8
right_child=1 3 -4 -5 -6 -7 8 -9 -10
leaf_value=3.5201900740756709 0.10930855492361231 1.6295067898184064 5.9777072280268131 2.7827843984480829 -4.2037376966306139 -5.1543443207647286 -3.4439823492368067 -1.0257389114433979 -0.48403776234593887
leaf_weight=119 153 100 158 155 175 102 105 119 145
leaf_count=119 153 100 158 155 175 102 105 119 145
internal_value=0 1.10638 3.09068 -0.328772 -2.08256 -1.11984 -0.276565 1.24723 -1.72721
internal_weight=0 741 311 430 275 590 488 238 250
internal_count=1331 741 311 430 275 590 488 238 250
is_linear=0
shrinkage=0.05


Tree=278
num_leaves=10
num_cat=0
split_feature=12 11 0 11 3 6 11 12 12
split_gain=500655 370314 531915 494298 754622 959339 930398 360773 334935
threshold=8133.3738750000011 3870.4553750000005 5.7114419775310878 7768.8608750000012 0.5573730537124989 1.0000000180025095e-35 5467.5017500000013 2625.5810000000006 2945.4400000000005
decision_type=10 8 2 10 2 2 10 10 10
left_child=1 2 7 4 8 6 -6 -1 -3
right_child=-2 3 -4 -5 5 -7 -8 -9 -10
leaf_value=-2.2991834019670394 3.3485103058612951 -1.3476391946597559 4.2113036946566025 1.807011790232486 1.6279932844011409 -6.3448081768002389 -4.1577173070982099 1.5315865218449551 2.1907824799957045
leaf_weight=101 118 112 108 166 152 121 128 157 166
leaf_count=101 118 112 108 166 152 121 128 157 166
internal_value=0 -0.0633311 1.2652 -0.638765 -1.2367 -2.62458 -1.0169 0.031944 0.765231
internal_weight=0 1211 366 845 679 401 280 258 278
internal_count=1329 1211 366 845 679 401 280 258 278
is_linear=0
shrinkage=0.05


Tree=279
num_leaves=10
num_cat=0
split_feature=13 13 0 10 4 14 13 13 0
split_gain=527726 467009 672602 542495 982113 744402 701839 880058 289934
threshold=3808.4850163690476 7384.4301934523819 6.7154215421542167 5410.621000000001 5.5000000000000009 130.00912500000007 4910.2443452380967 5081.3232953869056 4.2015243190985769
decision_type=8 10 2 2 2 8 8 10 2
left_child=-1 2 3 6 -5 -6 -2 -8 -9
right_child=1 -3 -4 4 5 -7 7 8 -10
leaf_value=-3.5093918035440148 4.0405832730929054 -2.9500886479627741 3.9193422874718005 2.555681707512619 -5.9228976112301073 -0.7219306555661289 -2.6826293563567147 -0.13583616542816163 3.335271209438905
leaf_weight=100 150 103 132 117 118 165 173 100 151
leaf_count=100 150 103 132 117 118 165 173 100 151
internal_value=0 0.270077 0.569966 0.116046 -1.29751 -2.89053 1.10111 0.0611968 1.95236
internal_weight=0 1209 1106 974 400 283 574 424 251
internal_count=1309 1209 1106 974 400 283 574 424 251
is_linear=0
shrinkage=0.05


Tree=280
num_leaves=10
num_cat=0
split_feature=13 0 10 3 15 3 15 13 7
split_gain=457317 792209 596026 862919 1.05451e+06 557998 491853 489666 459293
threshold=7384.4301934523819 6.6652540254025405 4592.5760000000009 0.59089327169853456 5.3485140180684745 0.70276320857896202 4.056601493482682 5094.1165543154775 0.049682476320794478
decision_type=10 2 2 2 2 2 2 8 2
left_child=1 2 6 4 -4 -5 8 -8 -1
right_child=-2 -3 3 5 -6 -7 7 -9 -10
leaf_value=2.3446672693320685 -3.0373370671036222 3.8519622213201021 -1.9007526480509136 -6.1498136281967168 4.2437515248606603 -1.329301775928954 0.20777327149522071 4.7694121945676189 -1.8612647687249326
leaf_weight=105 101 151 167 104 120 142 102 139 170
leaf_count=105 101 151 167 104 120 142 102 139 170
internal_value=0 0.465871 -0.021545 -1.19422 0.668378 -3.36724 1.18976 2.83876 -0.255363
internal_weight=0 1200 1049 533 287 246 516 241 275
internal_count=1301 1200 1049 533 287 246 516 241 275
is_linear=0
shrinkage=0.05


Tree=281
num_leaves=11
num_cat=0
split_feature=15 12 4 4 11 14 7 13 7 15
split_gain=253811 370491 1.86997e+06 1.39846e+06 803190 614143 893533 909983 1.70826e+06 1.14909e+06
threshold=8.1716629996332983 6304.9237500000008 15.500000000000002 16.500000000000004 4992.4027500000011 -2197.1197499999994 0.62401970584964539 5202.2732953869054 0.33685756060131122 5.2904748808214164
decision_type=2 10 2 2 10 10 2 10 2 2
left_child=1 2 5 -3 -4 -1 7 8 -7 -9
right_child=-2 3 4 -5 -6 6 -8 9 -10 -11
leaf_value=-4.4517323776932045 -2.2997633050469792 1.3237305500479633 7.1934849739074709 -5.6919927902950729 1.3842279737737 0.53989319347999476 3.8103565152566712 -2.5111849588768504 -7.5818643784322663 4.7186170662398892
leaf_weight=101 136 172 119 121 119 142 111 107 119 113
leaf_count=101 136 172 119 121 119 142 111 107 119 113
internal_value=0 -0.0229143 0.465094 -1.57355 4.28886 -0.848118 -0.233312 -1.16647 -3.16313 1.2023
internal_weight=0 1224 931 293 238 693 592 481 261 220
internal_count=1360 1224 931 293 238 693 592 481 261 220
is_linear=0
shrinkage=0.05


Tree=282
num_leaves=11
num_cat=0
split_feature=3 5 14 14 7 10 12 5 12 12
split_gain=494748 655704 651965 627881 416421 525613 408526 522187 299690 480974
threshold=0.55952717725489087 5.5000000000000009 -851.14649999999926 -365.02162500000003 0.57515541720116825 6969.2492500000008 3913.7600000000002 1.5000000000000002 7304.1262500000012 3379.0362500000006
decision_type=2 2 10 10 2 2 8 2 8 10
left_child=3 2 -2 -1 5 8 -5 -8 9 -4
right_child=1 -3 4 6 -6 -7 7 -9 -10 -11
leaf_value=4.2084133678012421 3.3165670465230939 -4.4945192150318105 1.0372743675341973 2.7464055515387482 1.8178601151475542 -4.6543798254654467 1.8870722907093858 -2.554264123459439 1.5800680265426637 -3.3043105748205477
leaf_weight=117 100 115 104 102 104 113 104 182 100 165
leaf_count=117 100 115 104 102 104 113 104 182 100 165
internal_value=0 -1.00053 -0.414809 0.997816 -1.05156 -1.67069 0.0296722 -0.939233 -0.756986 -1.62578
internal_weight=0 801 686 505 586 482 388 286 369 269
internal_count=1306 801 686 505 586 482 388 286 369 269
is_linear=0
shrinkage=0.05


Tree=283
num_leaves=10
num_cat=0
split_feature=3 5 14 13 15 13 14 7 14
split_gain=446283 891473 1.91239e+06 816627 1.10007e+06 782882 621216 363744 371774
threshold=0.55952717725489087 4.5000000000000009 260.38362500000022 4416.6513690476195 6.7286645331199795 5746.8981250000006 -308.21374999999983 0.48426539122296303 582.11449999999979
decision_type=2 2 10 8 2 8 10 2 10
left_child=6 3 -3 -2 5 -5 -1 -8 -9
right_child=1 2 -4 4 -6 -7 7 8 -10
leaf_value=4.1470906625113155 -3.564386547250407 -7.3122538222528224 1.6063149679691422 -3.9729933863056122 4.0494216048778018 1.3548053352973042 -2.0372637080229246 -0.43766206823862519 3.4697425510523452
leaf_weight=127 112 134 109 116 197 170 130 143 106
leaf_count=127 112 134 109 116 197 170 130 143 106
internal_value=0 -0.75988 -3.31174 0.28231 1.1743 -0.80612 1.12064 0.106498 1.22573
internal_weight=0 838 243 595 483 286 506 379 249
internal_count=1344 838 243 595 483 286 506 379 249
is_linear=0
shrinkage=0.05


Tree=284
num_leaves=10
num_cat=0
split_feature=10 15 10 11 7 7 15 10 7
split_gain=575948 383080 695414 969708 875649 692287 581911 580387 479293
threshold=2013.4711250000003 3.9398314831483154 6364.8971250000004 4224.8462500000014 0.59623895787374326 0.50911042721485689 6.7286645331199795 4612.8626250000007 0.1531571999651887
decision_type=2 2 2 8 2 2 2 2 2
left_child=-1 -2 4 -4 6 -5 7 8 -3
right_child=1 2 3 5 -6 -7 -8 -9 -10
leaf_value=3.586212722006298 -2.3175910633462702 -1.2876194268181211 -4.8995406418821243 -3.0528140041563248 5.2157646705438427 1.9282029536321081 3.6968878975008979 -2.6764676938356646 3.3751413322728254
leaf_weight=105 193 105 137 108 111 197 101 178 116
leaf_count=105 193 105 137 108 111 197 101 178 116
internal_value=0 -0.269775 0.105561 -1.40517 1.19843 0.164433 0.306582 -0.551616 1.1598
internal_weight=0 1246 1053 442 611 305 500 399 221
internal_count=1351 1246 1053 442 611 305 500 399 221
is_linear=0
shrinkage=0.05


Tree=285
num_leaves=10
num_cat=0
split_feature=11 16 4 10 16 12 7 13 8
split_gain=626211 830313 468474 812480 401829 616514 601058 962955 191310
threshold=9419.6427500000009 0.60639397273060569 20.500000000000004 7906.507125000001 0.66655415541554153 8607.1571250000015 0.5275294483129539 5560.4712291666674 0.83617242061095853
decision_type=8 2 2 2 2 8 2 10 2
left_child=2 -2 3 4 5 8 7 -6 -1
right_child=1 -3 -4 -5 6 -7 -8 -9 -10
leaf_value=3.9853620244732384 -5.7747125186920165 0.66855143260955818 3.2231908741767392 -3.5969371163567829 2.8674365498165399 -1.6713870830195292 -3.8468274603635075 -2.8427655434999313 1.6279040837512604
leaf_weight=158 100 100 137 129 187 105 100 122 189
leaf_count=158 100 100 137 129 187 105 100 122 189
internal_value=0 -2.55308 0.482829 0.103607 0.658044 1.68554 -0.47748 0.612923 2.70133
internal_weight=0 200 1127 990 861 452 409 309 347
internal_count=1327 200 1127 990 861 452 409 309 347
is_linear=0
shrinkage=0.05


Tree=286
num_leaves=10
num_cat=0
split_feature=5 13 8 0 13 5 12 10 12
split_gain=581939 722630 479502 691980 518712 1.18015e+06 1.05501e+06 1.34732e+06 376352
threshold=1.0000000180025095e-35 4137.0024069940482 0.74594128843981711 6.6488315498216499 5181.2097916666671 1.5000000000000002 4204.136375000001 3882.9592500000003 3507.5447500000005
decision_type=2 8 2 2 8 2 8 2 10
left_child=-1 -2 -3 4 8 -6 -7 -8 -4
right_child=1 2 3 -5 5 6 7 -9 -10
leaf_value=-2.4439035751155971 3.8426380711835586 -2.4027140823666926 -4.0957580047790136 4.1524426872270146 -3.758312669541072 6.6771219611167911 4.2633414286833542 -2.8945625348198685 -0.24549077649911247
leaf_weight=194 143 167 107 114 103 100 130 133 156
leaf_count=194 143 167 107 114 103 100 130 133 156
internal_value=0 0.515996 0.0449961 0.529892 -0.0365969 0.965372 2.3057 0.643565 -1.81195
internal_weight=0 1153 1010 843 729 466 363 263 263
internal_count=1347 1153 1010 843 729 466 363 263 263
is_linear=0
shrinkage=0.05


Tree=287
num_leaves=9
num_cat=0
split_feature=0 14 12 10 3 0 13 13
split_gain=376847 774639 1.40453e+06 475820 430838 410306 314697 658559
threshold=5.7498041470813748 1070.7481250000003 6386.7641250000006 4410.6033750000006 0.53999487351298781 4.8631446477981148 5083.5082946428583 4931.5767633928581
decision_type=2 10 8 2 2 2 10 8
left_child=3 2 -2 6 5 -5 7 -1
right_child=1 -3 -4 4 -6 -7 -8 -9
leaf_value=1.7745692157657709 0.01537900512868708 -2.5613849186897277 7.1252387238440109 -2.530633725403646 -3.59018168298025 1.769162240703549 2.2645110166145979 -2.6529313295720574
leaf_weight=170 198 100 107 109 189 113 163 166
leaf_count=170 198 100 107 109 189 113 163 166
internal_value=0 1.25755 2.50966 -0.575893 -1.83569 -0.341999 0.461734 -0.412827
internal_weight=0 405 305 910 411 222 499 336
internal_count=1315 405 305 910 411 222 499 336
is_linear=0
shrinkage=0.05


Tree=288
num_leaves=9
num_cat=0
split_feature=10 8 13 13 11 3 12 12
split_gain=316386 654591 574968 868242 902483 531180 769722 907910
threshold=2013.4711250000003 0.99239559503648767 6019.169925595239 6463.2768534226198 6149.4768750000012 0.71517305858603708 6659.2087500000007 5077.3042500000001
decision_type=2 2 8 10 10 2 10 8
left_child=-1 2 5 -4 -5 6 7 -2
right_child=1 -3 3 4 -6 -7 -8 -9
leaf_value=2.3304626809659408 -1.6427271195538138 -3.9158903740109907 4.3047687363940366 -3.118985718880829 2.0499835164296001 -4.0939206854114687 -4.0437672663001569 3.5270195952057843
leaf_weight=107 181 126 151 152 190 123 109 160
leaf_count=107 181 126 151 152 190 123 109 160
internal_value=0 -0.507806 -0.104974 1.14692 -0.247336 -1.18208 -0.38618 0.78296
internal_weight=0 1192 1066 493 342 573 450 341
internal_count=1299 1192 1066 493 342 573 450 341
is_linear=0
shrinkage=0.05


Tree=289
num_leaves=11
num_cat=0
split_feature=5 13 4 13 8 8 11 5 11 11
split_gain=634421 835460 2.01417e+06 927007 979905 910875 1.05876e+06 834579 955049 602956
threshold=1.0000000180025095e-35 4594.8602090773811 15.500000000000002 5094.1165543154775 0.92347977957065586 0.7525434133693446 4092.9800000000005 2.5000000000000004 8377.5663750000022 1461.8552500000003
decision_type=2 10 2 10 2 2 10 2 10 10
left_child=-1 2 9 4 -3 -5 -7 -8 -9 -2
right_child=1 3 -4 5 -6 6 7 8 -10 -11
leaf_value=-2.3948660688079086 -2.6732857608327678 -5.7133514278618867 8.5921401521334282 -3.454638118743897 0.8627785026436986 6.3188775684319296 -2.643259837591287 4.543325204049756 -1.57859747432968 2.6872790148964638
leaf_weight=193 102 129 104 100 101 102 132 167 103 108
leaf_count=193 102 129 104 100 101 102 132 167 103 108
internal_value=0 0.703435 2.9017 -0.124209 -2.82557 0.904456 1.76936 0.614999 2.20793 0.0835761
internal_weight=0 1148 314 834 230 604 504 402 270 210
internal_count=1341 1148 314 834 230 604 504 402 270 210
is_linear=0
shrinkage=0.05


Tree=290
num_leaves=11
num_cat=0
split_feature=14 14 4 13 13 8 10 11 12 3
split_gain=487718 965376 544334 455782 930650 466751 556983 994124 556576 376921
threshold=-1719.8325000000002 -674.54962499999976 2.5000000000000004 6769.4835550595253 7319.4136011904775 0.81826136178216324 5326.8267500000011 6028.5643750000008 6984.4762500000006 0.55635537334794982
decision_type=10 10 2 10 10 2 2 10 8 2
left_child=-1 -2 -3 5 -5 9 8 -8 -7 -4
right_child=1 2 3 4 -6 6 7 -9 -10 -11
leaf_value=-3.3687830586976646 4.2628896566900876 -3.8188939995235871 -1.1369320123835847 4.9473002315702894 -1.7924763196706772 -2.2298458306835247 -0.66417729593813424 -7.2111458854855233 2.3780925096663754 3.0600518700508577
leaf_weight=158 101 135 108 105 100 156 128 106 113 106
leaf_count=158 101 135 108 105 100 156 128 106 113 106
internal_value=0 -0.407367 -0.853626 -0.419449 1.6596 -1.01388 -1.84598 -3.6299 -0.294169 0.941948
internal_weight=0 1158 1057 922 205 717 503 234 269 214
internal_count=1316 1158 1057 922 205 717 503 234 269 214
is_linear=0
shrinkage=0.05


Tree=291
num_leaves=10
num_cat=0
split_feature=10 11 16 15 16 12 11 11 8
split_gain=371487 865369 1.08742e+06 599723 337446 304982 965441 872421 390792
threshold=6364.8971250000004 4224.8462500000014 0.67858452511917877 6.7162049538287176 1.0755533886722006 4745.1537500000013 5173.7500000000009 4875.6825000000008 0.87076137214023741
decision_type=2 8 2 2 2 10 10 10 2
left_child=3 -2 -3 4 5 6 8 -7 -1
right_child=1 2 -4 -5 -6 7 -8 -9 -10
leaf_value=2.4765635483363679 -4.7283167440944647 -2.8372648854409497 3.1447273682027856 3.8178213319608143 -2.6079301305899496 -2.0189058202154495 -4.7728213659607546 3.8367316269310265 -1.0954631781152318
leaf_weight=169 134 155 149 112 114 102 101 169 140
leaf_count=169 134 155 149 112 114 102 101 169 140
internal_value=0 -1.38084 0.0946984 0.392382 -0.0901954 0.331276 -0.528977 1.63276 0.85817
internal_weight=0 438 304 907 795 681 410 271 309
internal_count=1345 438 304 907 795 681 410 271 309
is_linear=0
shrinkage=0.05


Tree=292
num_leaves=11
num_cat=0
split_feature=11 12 7 8 11 11 13 11 13 16
split_gain=406018 501328 1.08406e+06 1.0006e+06 880290 582448 490279 272168 268978 257097
threshold=8906.1312500000022 3465.9887500000009 1.0000000180025095e-35 0.95506339853352273 2602.2405000000003 6149.4768750000012 5670.4112946428577 7289.1581250000008 6180.8709747023822 0.74419525285861943
decision_type=10 10 2 2 10 10 10 10 8 2
left_child=1 3 -3 4 -1 6 -4 -7 -8 -6
right_child=-2 2 5 -5 9 7 8 -9 -10 -11
leaf_value=0.69949219602914092 -3.0835983426570892 -3.6258853761316505 2.6660824768370093 2.9084347926023355 -2.638339653307078 5.7456182186305531 -2.75287398371366 2.1953110304643526 0.87844119605798177 -5.8960425427527108
leaf_weight=168 100 103 179 131 147 110 101 106 103 103
leaf_count=168 100 103 179 131 147 110 101 106 103 103
internal_value=0 0.227269 1.11243 -0.90457 -2.09955 1.92719 0.756313 4.00334 -0.919416 -3.98051
internal_weight=0 1251 702 549 418 599 383 216 204 250
internal_count=1351 1251 702 549 418 599 383 216 204 250
is_linear=0
shrinkage=0.05


Tree=293
num_leaves=10
num_cat=0
split_feature=10 15 12 5 12 12 16 3 10
split_gain=609274 835394 696240 604532 1.12904e+06 824457 1.35494e+06 801693 474254
threshold=4180.3218750000005 4.021377137713773 1171.4996250000002 4.5000000000000009 2846.4150000000004 4584.9455000000007 0.8036095276194285 0.66795208896578384 2620.7030000000004
decision_type=2 2 10 2 10 10 2 2 2
left_child=1 8 -2 4 -4 -6 -7 -5 -1
right_child=2 -3 3 7 5 6 -8 -9 -10
leaf_value=1.6182866667930424 -4.3072148503455443 4.0519596563576901 5.6609421832561502 0.2829103086789449 -3.3417818990181871 -1.7047886664380894 5.5530991911888128 -5.3821298826520696 -2.7133203289338521
leaf_weight=145 113 198 100 150 142 151 112 107 112
leaf_count=145 113 198 100 150 142 151 112 107 112
internal_value=0 1.61109 -0.644664 -0.10153 0.903139 -0.271627 1.38602 -2.07569 -0.269418
internal_weight=0 455 875 762 505 405 263 257 257
internal_count=1330 455 875 762 505 405 263 257 257
is_linear=0
shrinkage=0.05


Tree=294
num_leaves=10
num_cat=0
split_feature=14 14 10 7 10 14 4 3 7
split_gain=528242 725250 518611 580550 505885 358872 396505 687619 234059
threshold=-1719.8325000000002 -674.54962499999976 7014.482750000001 0.53029708918218277 5590.8848750000006 -52.435124999999964 5.5000000000000009 0.71517305858603708 0.51718968681761701
decision_type=10 10 2 2 2 10 2 2 2
left_child=-1 -2 4 -4 5 -3 -7 -8 -6
right_child=1 2 3 -5 8 6 7 -9 -10
leaf_value=-2.7284211189715895 4.4366884067507071 -2.6456124239382537 -4.8773098970993916 -0.1313827997868818 1.2262681403232896 -2.1185698781230236 3.6564112766486847 -0.86868180150902552 4.4294385645649221
leaf_weight=154 101 115 101 178 131 110 164 172 101
leaf_count=154 101 115 101 178 131 110 164 172 101
internal_value=0 0.386254 0.00463624 -1.84944 0.656954 -0.155169 0.486985 1.33999 2.62075
internal_weight=0 1173 1072 279 793 561 446 336 232
internal_count=1327 1173 1072 279 793 561 446 336 232
is_linear=0
shrinkage=0.05


Tree=295
num_leaves=10
num_cat=0
split_feature=13 13 7 3 0 11 13 11 13
split_gain=371966 835021 635552 628777 875959 914736 599529 543034 502475
threshold=6463.2768534226198 6769.4835550595253 0.52036560588572922 0.71746202578883378 4.7565631563156332 6096.9351250000009 4678.2947247023812 3498.4912500000005 5059.3074590773813
decision_type=10 10 2 2 2 8 10 10 8
left_child=3 -2 -3 4 8 7 -5 -6 -1
right_child=1 2 -4 6 5 -7 -8 -9 -10
leaf_value=-2.1299094296868337 -4.9498503782731653 3.4168680553252884 -1.6227710018492048 -4.1164402276277547 2.5980530421332557 0.33219287336969672 0.74650599032844589 7.6025214236006775 1.6613090330327052
leaf_weight=181 102 104 157 112 101 163 146 117 169
leaf_count=181 102 104 157 112 101 163 146 117 169
internal_value=0 -1.11379 0.385361 0.757575 1.50656 3.16547 -1.36454 5.28394 -0.299293
internal_weight=0 363 261 989 731 381 258 218 350
internal_count=1352 363 261 989 731 381 258 218 350
is_linear=0
shrinkage=0.05


Tree=296
num_leaves=10
num_cat=0
split_feature=16 12 0 14 3 3 5 14 3
split_gain=451755 401933 597691 443356 567627 536408 1.18727e+06 594204 499716
threshold=1.6399056572323902 1171.4996250000002 4.3291620828749551 1269.8450000000005 0.50696179509160788 0.60311688419369769 3.5000000000000004 7.3048750000000391 0.7115146259099423
decision_type=2 10 2 10 2 2 2 8 2
left_child=1 2 -1 4 -3 6 -6 -7 -9
right_child=-2 3 -4 -5 5 7 -8 8 -10
leaf_value=1.0786983741346257 -3.0727187776294622 -1.240873931778802 -3.5922319530981457 -1.9157975341527518 0.63326882541398799 -1.958645302284765 7.6195505689152263 4.8952439988013552 0.20705421521113468
leaf_weight=129 110 180 146 131 136 131 110 101 130
leaf_count=129 110 180 146 131 136 131 110 101 130
internal_value=0 0.27587 -1.40114 0.777696 1.22547 1.95564 3.75722 0.731365 2.25687
internal_weight=0 1194 275 919 788 608 246 362 231
internal_count=1304 1194 275 919 788 608 246 362 231
is_linear=0
shrinkage=0.05


Tree=297
num_leaves=10
num_cat=0
split_feature=5 14 12 12 15 4 12 13 11
split_gain=313492 1.57715e+06 1.01763e+06 957337 887142 672582 913842 791722 669614
threshold=4.5000000000000009 -694.41374999999982 2719.2775000000006 2673.2261250000006 6.5803163649698311 17.500000000000004 5280.3630000000012 5119.5339970238101 4842.3587500000012
decision_type=2 10 8 10 2 2 10 10 10
left_child=1 -1 -3 -2 -5 6 8 -8 -4
right_child=3 2 5 4 -6 -7 7 -9 -10
leaf_value=5.0546496863320751 -5.0114496467387788 3.7534081638328676 -0.11561413436322598 3.1900648523654258 -2.7367830406064577 -3.7744371740031717 -0.935855714917183 5.1722565950545594 -4.9741788561447811
leaf_weight=161 113 127 185 140 115 177 100 113 115
leaf_count=161 113 127 185 140 115 177 100 113 115
internal_value=0 0.531561 -0.35977 -1.18047 0.517173 -1.11683 -0.199883 2.3046 -1.97806
internal_weight=0 978 817 368 255 690 513 213 300
internal_count=1346 978 817 368 255 690 513 213 300
is_linear=0
shrinkage=0.05


Tree=298
num_leaves=10
num_cat=0
split_feature=8 12 12 12 13 16 13 15 10
split_gain=440139 1.29122e+06 990266 840023 1.19666e+06 925980 956660 596488 441518
threshold=0.9493570948019121 4144.0000000000009 8420.6155000000017 4115.7787500000013 6601.2711622023817 0.48443177651098429 5759.0593236607156 5.9489698969896994 4449.4368750000012
decision_type=2 10 8 10 8 2 10 2 2
left_child=2 -2 3 5 7 -1 -7 -5 -4
right_child=1 -3 8 4 -6 6 -8 -9 -10
leaf_value=2.1006778715086765 5.0104286394239246 -1.100828548978428 -1.3400147155667028 1.932010970586612 -2.0984741409782504 -6.8990619589786721 -0.22997825430787128 6.7029218373515391 -5.5664598420533267
leaf_weight=122 154 197 141 162 122 101 115 110 110
leaf_count=122 154 197 141 162 122 101 115 110 110
internal_value=0 1.58046 -0.482126 0.447163 2.01597 -1.38157 -3.34839 3.86142 -3.19224
internal_weight=0 351 983 732 394 338 216 272 251
internal_count=1334 351 983 732 394 338 216 272 251
is_linear=0
shrinkage=0.05


Tree=299
num_leaves=9
num_cat=0
split_feature=13 13 15 12 3 13 11 7
split_gain=409800 669391 702902 574993 945309 409095 870308 320052
threshold=5469.2313831845249 6006.3600818452387 4.4104660466046619 7711.1350000000011 0.70200909770269926 6589.8850959821439 6939.0162500000015 0.46595452300633017
decision_type=8 8 2 8 2 10 10 2
left_child=3 -2 -3 4 7 -4 -7 -1
right_child=1 2 5 -5 -6 6 -8 -9
leaf_value=2.2864632145270596 -3.9002705090386529 -3.3989965497962831 3.0755649686276496 -1.3583871365903499 -0.96346940912815349 -2.5026131119193704 2.8252344739698145 5.8883590867208397
leaf_weight=133 140 123 143 182 161 174 137 115
leaf_count=133 140 123 143 182 161 174 137 115
internal_value=0 -0.798753 -0.046219 0.979553 2.01991 0.862133 -0.155619 3.9567
internal_weight=0 717 577 591 409 454 311 248
internal_count=1308 717 577 591 409 454 311 248
is_linear=0
shrinkage=0.05


Tree=300
num_leaves=10
num_cat=0
split_feature=5 8 4 3 5 11 3 14 3
split_gain=424592 381859 1.04101e+06 699176 584020 1.31288e+06 560237 1.21927e+06 515266
threshold=1.0000000180025095e-35 0.74254372571742899 17.500000000000004 0.63078690125703829 4.5000000000000009 5063.868625000001 0.52564942958067284 -30.408374999999975 0.71517305858603708
decision_type=2 2 2 2 2 10 2 10 2
left_child=-1 -2 4 -4 6 -6 -3 -8 -9
right_child=1 2 3 -5 5 -7 7 8 -10
leaf_value=-2.2141956878077127 -1.8796575565778075 -0.022161553480007031 0.33386042170280961 -4.9790644878834751 -3.822854181698391 3.6897920986016595 8.4197403908669965 4.4279507254654504 -0.26095236021143792
leaf_weight=194 168 135 137 113 126 108 100 106 131
leaf_count=194 168 135 137 113 126 108 100 106 131
internal_value=0 0.318772 0.705107 -2.06758 1.68694 -0.355479 2.69949 3.78977 1.83619
internal_weight=0 1124 956 250 706 234 472 337 237
internal_count=1318 1124 956 250 706 234 472 337 237
is_linear=0
shrinkage=0.05


Tree=301
num_leaves=10
num_cat=0
split_feature=3 13 13 13 13 12 12 5 12
split_gain=338634 400816 832633 471919 765367 773253 1.66245e+06 635755 379735
threshold=0.73309144656705116 4594.8602090773811 3808.4850163690476 5039.3636532738101 5469.2313831845249 4605.6617500000002 7638.8025000000007 1.5000000000000002 6098.4025000000011
decision_type=2 10 10 10 10 10 10 2 10
left_child=1 2 -1 -3 -5 7 8 -6 -7
right_child=-2 3 -4 4 5 6 -8 -9 -10
leaf_value=0.0079339832760566883 -1.8715104371109268 -2.1588993183564811 5.395482042468176 3.8000726811301249 -0.91571712648868564 -2.2832246633704569 3.608755808115006 4.414265957685906 -6.4395229730606083
leaf_weight=172 149 180 123 156 100 122 100 127 100
leaf_count=172 149 180 123 156 100 122 100 127 100
internal_value=0 0.65816 2.25427 0.126124 0.709534 -0.168652 -1.74419 2.06626 -4.15543
internal_weight=0 1180 295 885 705 549 322 227 222
internal_count=1329 1180 295 885 705 549 322 227 222
is_linear=0
shrinkage=0.05


Tree=302
num_leaves=10
num_cat=0
split_feature=13 13 11 14 8 8 11 13 16
split_gain=350887 1.05173e+06 985981 1.12032e+06 853182 1.05871e+06 913511 596713 444569
threshold=4724.1026607142858 4931.5767633928581 6487.3637500000004 1070.7481250000003 0.78590770188538361 0.87375531648275506 3484.9258750000004 6724.7786071428582 0.66655415541554153
decision_type=8 8 10 10 2 2 10 8 2
left_child=8 -2 4 -4 -3 6 -6 -7 -1
right_child=1 2 3 -5 5 7 -8 -9 -10
leaf_value=0.14541818482034349 5.2903211958635428 -4.143109107440746 4.7147853399446502 -1.4499508903423948 6.1296885191202168 -4.0891744103739347 -0.54773828642708922 0.58545260048303449 -3.9453427762066555
leaf_weight=170 105 169 191 120 100 155 105 122 109
leaf_count=170 105 169 191 120 100 155 105 122 109
internal_value=0 0.538789 0.0201704 2.33611 -1.08621 -0.0143993 2.70954 -2.03031 -1.45276
internal_weight=0 1067 962 311 651 482 205 277 279
internal_count=1346 1067 962 311 651 482 205 277 279
is_linear=0
shrinkage=0.05


Tree=303
num_leaves=10
num_cat=0
split_feature=10 7 14 13 7 8 13 13 7
split_gain=383919 572136 399216 368930 718392 935377 684996 619813 364084
threshold=2013.4711250000003 0.12308924394217334 346.18474999999995 5108.068815476191 0.61031015949618561 0.92347977957065586 5864.5514449404773 6581.18222247024 0.54656740767405787
decision_type=2 2 8 10 2 2 10 10 2
left_child=-1 2 -2 4 5 -3 -5 -8 -9
right_child=1 3 -4 6 -6 -7 7 8 -10
leaf_value=2.6534703549852066 -0.48231294869196301 -2.1733456801543847 -4.7904674295757124 -3.760945366805708 4.8291907986390941 3.5669654660057604 3.2621338209167856 0.98962873185890321 -2.4364717586565829
leaf_weight=109 101 188 115 142 103 114 122 138 177
leaf_count=109 101 188 115 142 103 114 122 138 177
internal_value=0 -0.445772 -2.77601 0.065743 1.22334 -0.00647326 -0.743973 0.23637 -0.935513
internal_weight=0 1200 216 984 405 302 579 437 315
internal_count=1309 1200 216 984 405 302 579 437 315
is_linear=0
shrinkage=0.05


Tree=304
num_leaves=11
num_cat=0
split_feature=10 15 11 12 4 7 10 11 5 11
split_gain=933762 952822 779751 793663 499260 470989 486057 465829 369813 449249
threshold=5933.0506250000008 6.5342242557589092 4224.8462500000014 4309.4613750000008 17.500000000000004 0.66327044380634337 4145.9725000000008 5198.880000000001 3.5000000000000004 3870.4553750000005
decision_type=2 2 8 10 2 2 2 8 2 10
left_child=1 5 -2 -4 -5 6 8 -8 9 -1
right_child=2 -3 3 4 -6 -7 7 -9 -10 -11
leaf_value=1.7851905066280229 -4.9298921263457949 5.245858214725958 2.2686857072400377 -0.17563052813212077 -5.0995566800089165 3.136677962884439 0.41144996586355193 -4.046076731646763 2.7209316609656975 -2.9191726605097457
leaf_weight=101 149 107 142 105 101 113 103 136 146 102
leaf_count=101 149 107 142 105 101 113 103 136 146 102
internal_value=0 0.851075 -1.90321 -0.607308 -2.58979 0.18026 -0.387895 -2.12505 0.801733 -0.578578
internal_weight=0 808 497 348 206 701 588 239 349 203
internal_count=1305 808 497 348 206 701 588 239 349 203
is_linear=0
shrinkage=0.05


Tree=305
num_leaves=10
num_cat=0
split_feature=10 4 12 3 15 13 16 16 15
split_gain=616359 711240 1.30361e+06 591203 653994 918560 577227 528506 374697
threshold=5410.621000000001 5.5000000000000009 3107.7450000000003 0.73309144656705116 3.0603060306030607 5503.4587425595246 0.63280911424475816 1.4613586358635866 7.2277936126946036
decision_type=2 2 8 2 2 10 2 2 2
left_child=3 -2 -3 4 -1 6 -6 8 -4
right_child=1 2 7 -5 5 -7 -8 -9 -10
leaf_value=-1.6758753547823528 1.547872212366201 -7.3832121660709378 -1.3887314595102547 -2.0448130154609681 2.4115772514329485 -0.62557647620477985 7.1250753323619183 -4.0442142562958798 2.3057764825657903
leaf_weight=123 160 100 166 145 173 155 104 103 117
leaf_count=123 160 100 166 145 173 155 104 103 117
internal_value=0 -1.34361 -2.29553 0.798023 1.54075 2.45659 4.18127 -0.977481 0.13868
internal_weight=0 646 486 700 555 432 277 386 283
internal_count=1346 646 486 700 555 432 277 386 283
is_linear=0
shrinkage=0.05


Tree=306
num_leaves=10
num_cat=0
split_feature=10 7 11 15 10 3 10 13 0
split_gain=539478 678703 1.1292e+06 578018 494859 581902 452041 423913 410701
threshold=6507.9031250000007 0.50156976368872941 4224.8462500000014 6.7286645331199795 3020.5996250000003 0.53827398960315787 4612.8626250000007 4006.5344903273813 4.420308697536421
decision_type=2 2 8 2 2 2 2 10 2
left_child=3 -2 -3 4 7 8 -7 -1 -6
right_child=1 2 -4 -5 5 6 -8 -9 -10
leaf_value=-0.27308404866386865 -4.7495350439007549 -4.3874849062874208 2.1238010842394046 3.8670793024932637 -0.90789593408915614 -0.46074445789340157 -4.4273916477465454 3.7926364840792242 3.3034655910891462
leaf_weight=119 119 105 182 119 121 159 131 139 111
leaf_count=119 119 105 182 119 121 159 131 139 111
internal_value=0 -1.57475 -0.258377 0.621184 0.125977 -0.75942 -2.25257 1.91736 1.10702
internal_weight=0 406 287 899 780 522 290 258 232
internal_count=1305 406 287 899 780 522 290 258 232
is_linear=0
shrinkage=0.05


Tree=307
num_leaves=10
num_cat=0
split_feature=14 3 14 4 14 4 14 10 13
split_gain=687799 1.14054e+06 412383 701656 623047 485145 436485 935466 387437
threshold=-744.34987500000034 0.65891897830338608 964.03387500000019 18.500000000000004 1370.2182500000006 14.500000000000002 292.0562500000006 4518.1601250000012 5071.9340029761916
decision_type=10 2 10 2 10 2 10 2 10
left_child=1 -1 3 5 -4 6 8 -8 -2
right_child=2 -3 4 -5 -6 -7 7 -9 -10
leaf_value=6.0415691507640092 -1.7451462997572265 -0.78195790643910423 3.8318771564270842 -4.2646225380960487 -1.135314766836889 2.1876367817391884 1.0088915291056038 -5.3323693364644225 1.8934521792990389
leaf_weight=115 137 131 121 142 132 143 100 139 157
leaf_count=115 137 131 121 142 132 143 100 139 157
internal_value=0 2.4079 -0.523877 -1.06952 1.2403 -0.39836 -1.09216 -2.67912 0.197915
internal_weight=0 246 1071 818 253 676 533 239 294
internal_count=1317 246 1071 818 253 676 533 239 294
is_linear=0
shrinkage=0.05


Tree=308
num_leaves=10
num_cat=0
split_feature=8 13 14 12 14 13 8 11 14
split_gain=505932 1.00798e+06 403084 310038 725524 594204 581219 679591 226444
threshold=0.74254372571742899 5267.8024561011907 2028.5828750000007 1171.4996250000002 194.43887500000031 5775.9235193452387 0.831234429112235 6477.8272500000012 592.78225000000009
decision_type=2 8 8 10 10 10 2 10 10
left_child=1 -1 3 -2 5 -5 -6 8 -8
right_child=2 -3 -4 4 6 -7 7 -9 -10
leaf_value=1.296319334890883 -2.1899046206878405 -5.2390563311213159 3.0557194166250166 4.2601569141890554 2.2588634145530788 -0.05731461720807212 2.0435855889320371 -3.8930438620703565 -1.2096899774541026
leaf_weight=118 118 118 143 185 132 140 100 175 115
leaf_count=118 118 118 143 185 132 140 100 175 115
internal_value=0 -1.97137 0.578335 0.21122 0.545734 2.40032 -0.608943 -1.57959 0.303461
internal_weight=0 236 1108 965 847 325 522 390 215
internal_count=1344 236 1108 965 847 325 522 390 215
is_linear=0
shrinkage=0.05


Tree=309
num_leaves=11
num_cat=1
split_feature=0 3 5 4 14 10 12 9 11 11
split_gain=421369 617320 1.02782e+06 1.33395e+06 756781 514758 491944 494684 369187 479921
threshold=5.4324599126579338 0.61721193925806295 4.5000000000000009 16.500000000000004 383.63387500000005 1952.7477500000002 6572.5612500000016 0 5147.9050000000016 3379.0362500000006
decision_type=2 2 2 2 8 2 8 9 10 10
left_child=5 4 3 -3 -2 -1 8 -8 9 -7
right_child=1 2 -4 -5 -6 6 7 -9 -10 -11
leaf_value=2.7478074257280314 6.5178559814989576 5.5538928994925136 -4.1836463600397114 -2.3006505384164697 0.36650962769985201 -0.94298740949445559 0.28985374715147899 -3.9557365064192744 -1.591059316307134 3.7959593242353145
leaf_weight=102 100 115 104 102 100 103 109 196 173 111
leaf_count=102 100 115 104 102 100 103 109 196 173 111
internal_value=0 1.26174 -0.0967847 1.8619 3.44218 -0.568189 -1.05696 -2.55865 0.126539 1.51506
internal_weight=0 521 321 217 200 794 692 305 387 214
internal_count=1315 521 321 217 200 794 692 305 387 214
cat_boundaries=0 1
cat_threshold=130
is_linear=0
shrinkage=0.05


Tree=310
num_leaves=11
num_cat=0
split_feature=8 5 13 11 3 11 11 12 4 12
split_gain=554825 1.13119e+06 878838 836522 649702 1.43543e+06 567080 621334 415545 389991
threshold=0.91882012342626518 3.5000000000000004 5108.068815476191 7289.1581250000008 0.687724846375529 3294.7815000000005 6939.0162500000015 3349.5581250000005 5.5000000000000009 4368.1068750000004
decision_type=2 2 8 8 2 10 8 10 2 10
left_child=4 2 -2 -3 6 -6 7 -1 -9 -8
right_child=1 3 -4 -5 5 -7 9 8 -10 -11
leaf_value=-3.6219938997626309 2.4061276728471999 7.0262338265651412 -3.5915558765100877 0.82244043839350356 1.5335708498481722 -5.5537278693733798 4.7361819187013232 -1.4691880628205183 2.6892782255420538 0.37406962789022008
leaf_weight=125 116 119 129 100 126 165 101 114 127 104
leaf_count=125 116 119 129 100 126 165 101 114 127 104
internal_value=0 1.58225 -0.751836 4.19345 -0.562153 -2.485 0.417792 -0.761471 0.722203 2.52321
internal_weight=0 464 245 219 862 291 571 366 241 205
internal_count=1326 464 245 219 862 291 571 366 241 205
is_linear=0
shrinkage=0.05


Tree=311
num_leaves=10
num_cat=0
split_feature=13 10 15 12 11 12 13 16 10
split_gain=388370 559748 474955 367326 262506 476387 498834 362346 266168
threshold=4724.1026607142858 7906.507125000001 6.9803772043871062 1243.7531250000002 3655.6275000000005 5432.0000000000009 6701.1844352678581 0.42752608594192748 4592.5760000000009
decision_type=8 2 2 10 10 10 10 2 2
left_child=3 2 4 -1 7 6 -6 -2 -7
right_child=1 -3 -4 -5 5 8 -8 -9 -10
leaf_value=-3.6302301092805536 -3.3799152093529701 -2.3417295356254795 3.4688943702644774 -0.046085033983203544 -2.6858534918056698 4.5069839666003277 1.8703425047298272 0.39695973449397365 0.92959026506586562
leaf_weight=145 100 177 135 141 127 105 114 174 103
leaf_count=145 100 177 135 141 127 105 114 174 103
internal_value=0 0.218349 0.746477 -1.86322 0.238141 0.982398 -0.53064 -0.981462 2.73549
internal_weight=0 1035 858 286 723 449 241 274 208
internal_count=1321 1035 858 286 723 449 241 274 208
is_linear=0
shrinkage=0.05


Tree=312
num_leaves=10
num_cat=0
split_feature=10 15 11 16 16 12 11 10 15
split_gain=299818 609251 608679 827799 401893 379174 832265 500874 981990
threshold=6596.6015000000007 6.8258992565923267 4154.0075000000006 0.67858452511917877 1.1799638297163064 4726.2925000000005 4681.9312500000005 4849.3181250000007 3.8053597026369306
decision_type=2 2 8 2 2 10 10 2 2
left_child=1 4 -2 -4 5 7 -7 8 -1
right_child=2 -3 3 -5 -6 6 -8 -9 -10
leaf_value=-2.6250060514067162 -4.1673487748702369 3.9606022359034334 -2.7897965634824669 2.6849024099029908 -2.9222907850375544 -1.8052044398784639 3.8895696408422307 -2.9543979355566941 3.079994475164197
leaf_weight=132 120 109 131 146 104 100 179 142 176
leaf_count=132 120 109 131 146 104 100 179 142 176
internal_value=0 0.445386 -1.19282 0.0957848 -0.0145882 0.400228 1.84843 -0.497658 0.634994
internal_weight=0 942 397 277 833 729 279 450 308
internal_count=1339 942 397 277 833 729 279 450 308
is_linear=0
shrinkage=0.05


Tree=313
num_leaves=10
num_cat=0
split_feature=10 13 13 12 7 14 5 7 14
split_gain=376334 507247 419085 784933 1.04892e+06 913794 499408 359408 327489
threshold=7755.1312500000013 7031.7957492559535 6581.18222247024 2096.5808750000006 0.50156976368872941 443.05387499999966 4.5000000000000009 0.59623895787374326 527.25900000000013
decision_type=2 10 10 10 2 8 2 2 10
left_child=1 2 3 5 6 -1 8 -2 -5
right_child=7 -3 -4 4 -6 -7 -8 -9 -10
leaf_value=-4.9945016039742365 -0.12686855171908851 3.6084994854262242 -2.7688751977920534 0.39657606373027882 4.4477651382120031 0.57012031119358675 2.6941697234692783 -4.1932912135124205 -3.0413471747900696
leaf_weight=126 119 104 125 147 190 178 115 100 131
leaf_count=126 119 104 125 147 190 178 115 100 131
internal_value=0 0.283274 -0.0584487 0.323517 1.39757 -1.73627 -0.0770745 -1.98368 -1.22345
internal_weight=0 1116 1012 887 583 304 393 219 278
internal_count=1335 1116 1012 887 583 304 393 219 278
is_linear=0
shrinkage=0.05


Tree=314
num_leaves=11
num_cat=0
split_feature=15 12 7 10 11 13 10 11 0 7
split_gain=315859 623605 880573 869076 707826 1.04566e+06 602194 594211 573148 496539
threshold=4.4667050038337175 6005.8556250000011 0.48426539122296303 5032.0805000000009 6852.170000000001 6410.8930498511918 3416.5141250000001 3870.4553750000005 6.0680193019301933 0.069476479952280498
decision_type=2 10 2 2 10 8 2 10 2 2
left_child=6 3 -3 7 5 8 9 -2 -5 -1
right_child=1 2 -4 4 -6 -7 -8 -9 -10 -11
leaf_value=3.304604482650757 6.8861856538875434 -4.7058922077306606 1.1997263458225278 -1.7048503392698742 3.4857827920715021 -5.1837184955384217 -3.2281182273456026 1.5646372997926343 3.5466379424121892 -1.2124692065556066
leaf_weight=101 102 113 143 101 120 102 175 108 107 153
leaf_count=101 102 113 143 101 120 102 175 108 107 153
internal_value=0 0.678596 -1.40705 1.51285 0.225244 -1.0369 -0.971243 4.14939 0.996636 0.58369
internal_weight=0 896 256 640 430 310 429 210 208 254
internal_count=1325 896 256 640 430 310 429 210 208 254
is_linear=0
shrinkage=0.05


Tree=315
num_leaves=10
num_cat=0
split_feature=7 5 13 11 13 12 11 10 12
split_gain=375878 680883 687063 572610 527826 1.02491e+06 782174 620378 1.00129e+06
threshold=0.6256666447669027 1.0000000180025095e-35 4137.0024069940482 5338.6625000000013 5181.2097916666671 3465.9887500000009 4568.880000000001 3882.9592500000003 5178.5242500000013
decision_type=2 2 8 10 8 10 8 2 10
left_child=1 -1 -3 -2 5 -4 -6 -8 -9
right_child=3 2 4 -5 6 -7 7 8 -10
leaf_value=-3.625148591879876 -0.52968944207661683 3.8051853928751158 -6.0936566734755484 4.213554674596117 4.2716192426546566 -0.022022832754330757 2.0615602444152574 1.0477406375548419 -5.0536685208628951
leaf_weight=155 144 103 108 114 106 195 148 136 133
leaf_count=155 144 103 108 114 106 195 148 136 133
internal_value=0 -0.557303 -0.0454445 1.56616 -0.525608 -2.18617 0.436439 -0.538451 -1.96894
internal_weight=0 1084 929 258 826 303 523 417 269
internal_count=1342 1084 929 258 826 303 523 417 269
is_linear=0
shrinkage=0.05


Tree=316
num_leaves=9
num_cat=0
split_feature=13 11 8 5 0 5 13 15
split_gain=422316 433029 465193 844705 601946 392432 373725 357366
threshold=3808.4850163690476 2548.7687500000006 0.92579332517791857 3.5000000000000004 6.2921667166716677 3.5000000000000004 6315.4483363095251 4.4834483448344846
decision_type=10 8 2 2 2 2 10 2
left_child=7 -2 4 -4 5 6 -3 -1
right_child=1 2 3 -5 -6 -7 -8 -9
leaf_value=-0.18598353035988346 3.4461135882423037 -0.29559036262515115 -0.60747904287802212 4.5094041012383839 -3.0593897667684056 -1.548184935701272 3.1824029817156596 -4.1923108440814634
leaf_weight=124 105 164 185 143 190 189 146 101
leaf_count=124 105 164 185 143 190 189 146 101
internal_value=0 0.389096 0.0734751 1.62336 -0.66435 0.247589 1.34243 -1.98438
internal_weight=0 1122 1017 328 689 499 310 225
internal_count=1347 1122 1017 328 689 499 310 225
is_linear=0
shrinkage=0.05


Tree=317
num_leaves=9
num_cat=0
split_feature=10 14 15 13 12 5 16 13
split_gain=661531 410260 511575 617591 1.13356e+06 647298 606955 502848
threshold=1901.3547500000002 -1719.8325000000002 4.6016810014334775 6024.8598586309536 5919.9185000000007 2.5000000000000004 0.74419525285861943 5503.4587425595246
decision_type=2 10 2 10 10 2 2 10
left_child=-1 -2 7 4 6 -5 -4 -3
right_child=1 2 3 5 -6 -7 -8 -9
leaf_value=3.8053802790939808 -3.2534728888807631 -0.25614693521848186 3.4361981983570495 -0.096659632354247862 -4.7227717814906951 4.2693347650495443 -1.0222643350732736 -4.3513550716983387
leaf_weight=100 116 197 136 164 124 176 174 121
leaf_count=100 116 197 136 164 124 176 174 121
internal_value=0 -0.426326 -0.126006 0.567669 -0.68243 2.16338 0.933706 -1.81439
internal_weight=0 1208 1092 774 434 340 310 318
internal_count=1308 1208 1092 774 434 340 310 318
is_linear=0
shrinkage=0.05


Tree=318
num_leaves=11
num_cat=0
split_feature=8 4 16 7 13 13 15 14 8 13
split_gain=503496 641367 1.1365e+06 730048 520360 811825 647975 464962 425307 336675
threshold=0.74254372571742899 6.5000000000000009 0.35974847484748446 0.56954666480874117 6769.4835550595253 6903.0710788690494 7.6463729706303978 136.91737499999957 0.93987545933848116 5104.3257462797619
decision_type=2 2 2 2 8 10 2 10 2 10
left_child=9 3 -3 -2 6 -6 7 -4 -9 -1
right_child=1 2 4 -5 5 -7 -8 8 -10 -11
leaf_value=-0.26467459101636875 4.7049003467673343 -4.2314958038121198 -3.7435191864671653 -0.67416309767430382 5.866121372299375 -0.22547565434886294 2.8230490354102429 2.4253883369488296 -2.0304267009099326 -4.2003951699733735
leaf_weight=119 168 140 128 101 106 113 127 101 114 100
leaf_count=119 168 140 128 101 106 113 127 101 114 100
internal_value=0 0.563849 -0.12452 2.68525 0.709989 2.72297 -0.227974 -1.35765 0.0627701 -2.06181
internal_weight=0 1098 829 269 689 219 470 343 215 219
internal_count=1317 1098 829 269 689 219 470 343 215 219
is_linear=0
shrinkage=0.05


Tree=319
num_leaves=11
num_cat=0
split_feature=7 4 16 15 15 4 11 8 5 15
split_gain=284606 545862 408723 773548 697918 423614 801667 417161 384160 265773
threshold=0.65219476551774391 4.5000000000000009 1.0365911591159123 6.685689402273562 6.7589300596726343 18.500000000000004 3404.8228750000003 0.89904989273677571 3.5000000000000004 8.1941944194419456
decision_type=2 2 2 2 2 2 10 2 2 2
left_child=2 -2 3 5 -4 6 7 -1 -8 -6
right_child=1 -3 4 -5 9 -7 8 -9 -10 -11
leaf_value=0.35273494398506888 -0.6372998476028443 4.5613098673820494 -1.8860910316220427 -4.3741227130095162 4.4039882273857414 -2.5747786970963156 0.79427168160961692 -3.7816772237420082 4.5431890001966933 0.98498990559341881
leaf_weight=137 102 100 113 123 130 133 157 110 121 101
leaf_count=137 102 100 113 123 130 133 157 110 121 101
internal_value=0 1.93627 -0.102064 -0.734566 1.33394 -0.0542232 0.584318 -1.4885 2.42599 2.9091
internal_weight=0 202 1125 781 344 658 525 247 278 231
internal_count=1327 202 1125 781 344 658 525 247 278 231
is_linear=0
shrinkage=0.05


Tree=320
num_leaves=9
num_cat=0
split_feature=13 4 13 12 4 13 8 10
split_gain=489475 558248 1.1958e+06 666675 628847 1.22107e+06 792938 591048
threshold=7410.9377008928577 14.500000000000002 6019.169925595239 6659.2087500000007 6.5000000000000009 4713.9948400297626 0.82180249669437633 4927.9083750000009
decision_type=10 2 8 10 2 10 2 2
left_child=1 4 3 -3 6 -6 -1 -7
right_child=-2 2 -4 -5 5 7 -8 -9
leaf_value=-1.0422535237577772 -3.252192133488041 1.526155996456575 4.8418529719434762 -3.5280350962888849 -5.5372705534992512 2.125661335913291 3.7289903225778027 -2.5557752300953047
leaf_weight=194 101 178 186 103 142 161 158 116
leaf_count=194 101 178 186 103 142 161 158 116
internal_value=0 0.367775 1.73202 -0.326448 -0.458557 -1.76738 1.09938 0.165204
internal_weight=0 1238 467 281 771 419 352 277
internal_count=1339 1238 467 281 771 419 352 277
is_linear=0
shrinkage=0.05


Tree=321
num_leaves=12
num_cat=0
split_feature=4 13 8 3 8 13 4 10 15 13 10
split_gain=597846 1.19457e+06 888040 1.11947e+06 641622 895028 1.39676e+06 945638 647041 427832 269616
threshold=14.500000000000002 3993.7879761904774 0.87719634897662646 0.70497526765402541 0.74254372571742899 5202.2732953869054 5.5000000000000009 4099.2062500000011 5.9675300863419682 6006.3600818452387 4849.3181250000007
decision_type=2 10 2 2 2 10 2 2 2 10 2
left_child=4 -2 9 -4 -1 6 -6 -8 10 -3 -7
right_child=1 2 3 -5 5 8 7 -9 -10 -11 -12
leaf_value=-3.4328747350379736 6.3926094078550157 0.45282413149779699 -5.4838520507017776 1.8578476747274397 2.4003957153290743 1.9950752291609259 -1.103275560921636 -7.7381138492822643 4.7432601947633044 5.0003812813522792 -1.6493612735320142
leaf_weight=163 102 106 108 100 129 102 116 100 126 101 101
leaf_count=163 102 106 108 100 129 102 116 100 126 101 101
internal_value=0 1.54471 0.353173 -1.95419 -0.617845 0.0629416 -1.71635 -4.17496 1.92876 2.67168 0.181833
internal_weight=0 517 415 208 837 674 345 216 329 207 203
internal_count=1354 517 415 208 837 674 345 216 329 207 203
is_linear=0
shrinkage=0.05


Tree=322
num_leaves=10
num_cat=0
split_feature=14 14 5 12 4 3 4 12 4
split_gain=548758 386442 448621 895298 1.09867e+06 792356 545913 469982 442161
threshold=-1542.6836249999994 -674.54962499999976 1.5000000000000002 4052.0387500000006 17.500000000000004 0.70536283267115929 7.5000000000000009 4698.8862500000005 5.5000000000000009
decision_type=10 10 2 10 2 2 2 10 2
left_child=-1 -2 7 5 8 6 -4 -3 -5
right_child=1 2 3 4 -6 -7 -8 -9 -10
leaf_value=-2.6685339090901037 3.4701990017220377 -3.4968735116345067 2.0565490392775372 -1.3933907339682006 -4.4155639750869184 -0.55891066044569016 6.9505176373890469 0.5093116176923117 2.6343301996759987
leaf_weight=155 100 143 116 112 135 120 112 150 174
leaf_count=155 100 143 116 112 135 120 112 150 174
internal_value=0 0.49873 0.218931 0.853265 -0.697832 2.72974 4.4606 -1.44593 1.05704
internal_weight=0 1162 1062 769 421 348 228 293 286
internal_count=1317 1162 1062 769 421 348 228 293 286
is_linear=0
shrinkage=0.05


Tree=323
num_leaves=11
num_cat=0
split_feature=10 8 4 5 11 12 8 7 12 0
split_gain=423351 401657 511283 906971 1.55158e+06 1.00925e+06 747126 909712 542972 363796
threshold=2013.4711250000003 0.99196591617441532 14.500000000000002 4.5000000000000009 5120.9475000000011 2584.7607500000008 0.9313381437260061 0.5501468614396513 5088.5527500000007 4.4477156048938236
decision_type=2 2 2 2 8 8 2 2 8 2
left_child=-1 2 3 5 -5 -2 7 -4 -7 -10
right_child=1 -3 6 4 -6 8 -8 -9 9 -11
leaf_value=3.0323890285164703 4.5802922006047098 -2.871479277475907 -2.371755367736875 -8.0649783163070676 0.72108230053788369 -3.1628516032711254 4.9752101412525889 3.2603347760159522 2.7758462262926282 -1.3186819722893042
leaf_weight=102 109 137 163 100 101 154 108 128 108 109
leaf_count=102 109 137 163 100 101 154 108 128 108 109
internal_value=0 -0.321104 0.00241543 -0.830309 -3.65009 0.350475 1.42368 0.10559 -0.892248 0.719148
internal_weight=0 1217 1080 681 201 480 399 291 371 217
internal_count=1319 1217 1080 681 201 480 399 291 371 217
is_linear=0
shrinkage=0.05


Tree=324
num_leaves=10
num_cat=0
split_feature=10 7 11 13 1 1 12 10 11
split_gain=498227 517072 387396 591405 936682 569970 548392 309709 155351
threshold=2597.5260000000003 -0.0329076365468483 5663.0625000000009 6492.6215066964296 36.82086074286358 42.60437945297182 7680.4096250000011 6145.0835000000015 3271.0261250000003
decision_type=2 2 8 10 2 2 8 2 10
left_child=-1 -2 3 4 8 6 7 -4 -3
right_child=1 2 5 -5 -6 -7 -8 -9 -10
leaf_value=2.2501892301074249 -3.8703781336279857 -1.3750356005687341 -0.50200057800223197 -2.1684468747102299 5.7666833231082331 -4.4535620435662224 -3.0006992231474983 2.8999295557494715 1.1441020264247663
leaf_weight=171 112 102 164 130 104 109 135 113 153
leaf_count=171 112 102 164 130 104 109 135 113 153
internal_value=0 -0.647077 -0.289641 0.721127 1.76749 -1.23833 -0.387695 0.88579 0.136447
internal_weight=0 1122 1010 489 359 521 412 277 255
internal_count=1293 1122 1010 489 359 521 412 277 255
is_linear=0
shrinkage=0.05


Tree=325
num_leaves=10
num_cat=0
split_feature=4 10 12 15 3 10 14 12 7
split_gain=389810 288800 358981 546629 538916 481072 391365 473220 315103
threshold=21.500000000000004 7755.1312500000013 7213.3506250000009 3.0603060306030607 0.71663449115950684 4612.8626250000007 876.63937500000031 3818.5398750000004 0.39612017219152396
decision_type=2 2 10 2 2 2 10 8 2
left_child=1 2 3 -1 5 -5 7 -7 -6
right_child=-2 -3 -4 4 8 6 -8 -9 -10
leaf_value=-2.8075045725655934 2.6625862477081164 -2.189077628887806 -2.6467959668518102 3.9676118651032448 0.35644406587989241 -2.6141313038526044 3.1624242912328575 1.7629701508254543 -3.0926525821643218
leaf_weight=126 112 194 121 160 162 124 109 123 112
leaf_count=126 112 194 121 160 162 124 109 123 112
internal_value=0 -0.418446 -0.0871995 0.250913 0.738711 1.69034 0.666846 -0.434441 -1.05341
internal_weight=0 1231 1037 916 790 516 356 247 274
internal_count=1343 1231 1037 916 790 516 356 247 274
is_linear=0
shrinkage=0.05


Tree=326
num_leaves=10
num_cat=0
split_feature=10 15 13 4 11 5 13 12 8
split_gain=481125 485515 461927 498701 545404 1.1316e+06 532028 435375 297710
threshold=7650.0631250000015 7.4233548354835497 5039.3636532738101 14.500000000000002 9360.8856250000026 3.5000000000000004 6527.5025967261909 6659.2087500000007 0.80037577719682529
decision_type=2 2 8 2 8 2 10 8 2
left_child=1 2 7 4 5 6 -4 -1 -2
right_child=8 -3 3 -5 -6 -7 -8 -9 -10
leaf_value=0.65260449970633261 -3.7052657858089164 3.9865263775135711 -2.9183400416374208 3.4004962059466735 -2.6249509901063059 5.6599839238808132 1.9803571826045954 -2.7514087677653372 -0.12118422584533693
leaf_weight=193 108 103 120 184 117 104 103 183 125
leaf_count=193 108 103 120 184 117 104 103 183 125
internal_value=0 0.717293 0.381904 1.21176 0.304719 1.35295 -0.655713 -1.00414 -1.78248
internal_weight=0 1107 1004 628 444 327 223 376 233
internal_count=1340 1107 1004 628 444 327 223 376 233
is_linear=0
shrinkage=0.05


Tree=327
num_leaves=9
num_cat=0
split_feature=16 5 7 13 16 0 5 12
split_gain=387011 409376 488251 672097 330801 604218 597642 241679
threshold=1.4793062639597296 1.0000000180025095e-35 0.54656740767405787 6713.0132916666671 1.0030086341967535 4.3028511184451785 3.5000000000000004 4023.7812500000005
decision_type=2 2 2 8 2 2 2 10
left_child=1 -1 4 7 5 -3 -7 -4
right_child=-2 2 3 -5 -6 6 -8 -9
leaf_value=-1.6739324097326418 -1.9457869461515831 3.511375034543184 -0.362317788536134 -2.7684417398746857 4.0855793148498325 -2.5761382540950071 2.0864377076285225 2.7516072708894228
leaf_weight=167 168 182 115 167 136 135 140 136
leaf_count=167 168 182 115 167 136 135 140 136
internal_value=0 0.619446 0.998273 -0.310473 1.9208 1.27657 -0.202463 1.32491
internal_weight=0 1178 1011 418 593 457 275 251
internal_count=1346 1178 1011 418 593 457 275 251
is_linear=0
shrinkage=0.05


Tree=328
num_leaves=10
num_cat=0
split_feature=10 15 4 14 10 11 11 3 13
split_gain=397048 400159 360358 697222 1.23802e+06 520395 797774 567412 258228
threshold=2013.4711250000003 3.9652423575690903 5.5000000000000009 -199.04962500000008 5829.0020000000013 7811.7663750000002 4698.8862500000005 0.70536283267115929 4957.9182812500012
decision_type=2 2 2 10 2 10 10 2 10
left_child=-1 8 -3 4 -4 6 -5 -8 -2
right_child=1 2 3 5 -6 -7 7 -9 -10
leaf_value=2.5283536855821258 -0.87245702719688423 1.7315742674940513 0.099151744127273567 1.9340231050205769 -6.9216540498865982 2.7982192404960333 -0.30937151579714534 -5.1797482437557649 -4.456792336303999
leaf_weight=108 100 190 150 177 108 152 134 108 101
leaf_count=108 100 190 150 177 108 152 134 108 101
internal_value=0 -0.634644 -0.232467 -0.682609 -2.83979 0.292089 -0.617056 -2.48293 -2.67354
internal_weight=0 1220 1019 829 258 571 419 242 201
internal_count=1328 1220 1019 829 258 571 419 242 201
is_linear=0
shrinkage=0.05


Tree=329
num_leaves=10
num_cat=0
split_feature=8 5 5 16 14 14 13 3 13
split_gain=263078 707814 664364 1.0129e+06 908919 618182 642422 460776 570363
threshold=0.8223668700195812 1.0000000180025095e-35 3.5000000000000004 0.43495599559956039 260.38362500000022 -308.21374999999983 4594.8602090773811 0.63507953669153261 5798.6745944940476
decision_type=2 2 2 2 10 8 10 2 10
left_child=2 -2 3 -1 -4 -3 -7 -8 -9
right_child=1 5 4 -5 -6 6 7 8 -10
leaf_value=-1.8206833679717165 -2.8845495909452441 4.823085386412485 -6.0155719286586979 4.174916941275562 0.70908352404832842 3.327400300265607 1.8054187196296649 -3.8833953902477356 0.74398713393935134
leaf_weight=145 104 119 101 137 100 191 182 127 140
leaf_count=145 104 119 101 137 100 191 182 127 140
internal_value=0 0.983825 -0.473499 1.09207 -2.66997 1.51388 0.898573 -0.134625 -1.45705
internal_weight=0 863 483 282 201 759 640 449 267
internal_count=1346 863 483 282 201 759 640 449 267
is_linear=0
shrinkage=0.05


Tree=330
num_leaves=11
num_cat=0
split_feature=10 15 13 11 13 11 3 13 13 13
split_gain=369458 581190 960157 738258 463089 550282 1.04256e+06 658757 678029 436331
threshold=1901.3547500000002 4.4353810381038112 5365.2527046130963 3703.4207500000007 4706.3317857142865 3294.7815000000005 0.53531788394287505 5108.068815476191 6019.169925595239 6903.0710788690494
decision_type=2 2 10 10 8 8 2 10 10 10
left_child=-1 2 3 -2 -3 -6 -7 -8 -9 -10
right_child=1 4 -4 -5 5 6 7 8 9 -11
leaf_value=2.9102399813532833 -3.3095964608985242 -1.8576209872215987 -6.021994693691914 2.4609526912868027 4.2504299270723944 5.0276048657917745 2.4964680736715144 -5.1115334690207312 1.6146740483476762 -2.4012106579312911
leaf_weight=100 103 180 104 120 109 101 132 101 141 130
leaf_count=100 103 180 104 120 109 101 132 101 141 130
internal_value=0 -0.250915 -2.05462 -0.204368 0.40883 0.980204 0.391023 -0.538134 -1.61493 -0.311765
internal_weight=0 1221 327 223 894 714 605 504 372 271
internal_count=1321 1221 327 223 894 714 605 504 372 271
is_linear=0
shrinkage=0.05


Tree=331
num_leaves=10
num_cat=0
split_feature=12 14 10 0 11 11 3 11 5
split_gain=247733 716664 419943 917511 489176 463033 774595 560194 540225
threshold=1171.4996250000002 443.05387499999966 3627.9993750000008 4.5088050471713848 4612.4537500000015 3294.7815000000005 0.53531788394287505 7342.3012500000013 3.5000000000000004
decision_type=10 8 2 2 10 10 2 10 2
left_child=1 -1 4 -4 -2 -5 -7 8 -8
right_child=2 -3 3 5 -6 6 7 -9 -10
leaf_value=-3.9519765412615193 0.31207852031873623 1.0530628459517066 -3.5731371263107223 3.7119749474114387 5.08099823694418 3.7473941121311465 0.075887387063768186 1.6020443992724844 -4.4055195112281771
leaf_weight=124 115 169 143 116 101 122 135 157 134
leaf_count=124 115 169 143 116 101 122 135 157 134
internal_value=0 -1.06511 0.583879 0.0597754 2.54199 0.842165 0.234687 -0.7713 -2.15649
internal_weight=0 293 1023 807 216 664 548 426 269
internal_count=1316 293 1023 807 216 664 548 426 269
is_linear=0
shrinkage=0.05


Tree=332
num_leaves=11
num_cat=0
split_feature=10 11 14 0 13 0 13 16 3 13
split_gain=370666 700384 531185 271524 727326 429453 529761 305116 416465 158995
threshold=6940.2165000000014 4154.0075000000006 546.4607500000003 3.9930243024302432 4931.5767633928581 4.3914641464146422 3808.4850163690476 1.140251525152516 0.53999487351298781 5838.3660863095247
decision_type=2 10 10 2 10 2 10 2 2 10
left_child=3 -2 -3 4 -1 -5 -7 8 -8 -10
right_child=1 2 -4 5 -6 6 7 -9 9 -11
leaf_value=1.031389248182899 -5.1705212028840419 2.2190940439173605 -2.5873583005024838 3.5293793868600276 -3.661614431502068 -2.9312203428766752 2.6834308185902511 3.1220545795228745 -2.303669546261307 0.34866756510059793
leaf_weight=190 104 113 117 114 146 111 110 117 121 106
leaf_count=190 104 113 117 114 146 111 110 117 121 106
internal_value=0 -1.76556 -0.225927 0.154704 -1.00783 0.72998 0.165145 0.922186 0.158434 -1.06513
internal_weight=0 334 230 1015 336 679 565 454 337 227
internal_count=1349 334 230 1015 336 679 565 454 337 227
is_linear=0
shrinkage=0.05


Tree=333
num_leaves=11
num_cat=0
split_feature=11 11 14 10 3 4 7 4 13 7
split_gain=375968 341705 518536 384422 497755 729350 689826 543873 287434 151810
threshold=1308.4832500000002 3846.0587500000006 387.85100000000006 3060.8093750000003 0.70200909770269926 14.500000000000002 0.43829559122575595 3.5000000000000004 5010.5430877976205 0.59478165732139754
decision_type=10 10 10 2 2 2 2 2 10 2
left_child=-1 2 8 -3 6 -6 -5 -8 -2 -9
right_child=1 3 -4 4 5 -7 7 9 -10 -11
leaf_value=-2.041671618851987 1.5256702966654478 2.6641181380118968 -1.2620433368384838 -2.4146686832542006 -5.6691798958447901 0.2415159830340633 -1.4486760842232478 4.1661582283932592 5.0680454127788543 1.6447838591366279
leaf_weight=182 134 106 100 161 101 108 105 116 100 123
leaf_count=182 134 106 100 161 101 108 105 116 100 123
internal_value=0 0.403504 1.75162 -0.145606 -0.562736 -2.61485 0.286555 1.55079 3.03951 2.86855
internal_weight=0 1154 334 820 714 209 505 344 234 239
internal_count=1336 1154 334 820 714 209 505 344 234 239
is_linear=0
shrinkage=0.05


Tree=334
num_leaves=9
num_cat=0
split_feature=13 3 13 4 13 8 13 11
split_gain=319029 361635 482672 813489 574943 439786 1.00328e+06 725553
threshold=7044.6583288690481 0.65891897830338608 5560.4712291666674 15.500000000000002 4724.1026607142858 0.82180249669437633 5050.7033965773817 4804.7018750000007
decision_type=10 2 10 2 10 2 8 10
left_child=1 5 3 4 -3 7 -7 -1
right_child=-2 2 -4 -5 -6 6 -8 -9
leaf_value=-3.2815653171414647 2.2608298495627834 -4.1866045353874091 -3.2460377264767888 3.1670866759096992 0.88126643682811778 -1.276695102009259 4.2943912633874799 1.5125520728848463
leaf_weight=153 138 124 192 122 102 146 181 163
leaf_count=153 138 124 192 122 102 146 181 163
internal_value=0 -0.279586 -1.23353 -0.123176 -1.89934 0.521546 1.80699 -0.80865
internal_weight=0 1183 540 348 226 643 327 316
internal_count=1321 1183 540 348 226 643 327 316
is_linear=0
shrinkage=0.05


Tree=335
num_leaves=10
num_cat=0
split_feature=4 12 4 14 12 14 13 4 12
split_gain=411720 1.09506e+06 642240 711454 340488 708764 446964 623169 820001
threshold=17.500000000000004 5919.9185000000007 14.500000000000002 -1270.5373749999994 1171.4996250000002 -147.03600000000048 5108.068815476191 4.5000000000000009 4502.1175000000012
decision_type=2 10 2 10 10 10 10 2 10
left_child=2 -2 3 -1 -5 -6 -7 -8 -9
right_child=1 -3 -4 4 5 6 7 8 -10
leaf_value=-3.8872267139585399 0.82689224871305322 -5.0669363804000751 3.2687673717547376 -2.2808677566739228 4.59666462523266 1.9884639056042788 -4.2876884200040584 -2.5187827153686895 3.5904002920636593
leaf_weight=114 182 139 157 104 103 188 103 114 106
leaf_count=114 182 139 157 104 103 188 103 114 106
internal_value=0 -1.72526 0.335631 -0.217857 0.364745 0.812862 0.0501771 -1.07799 0.424733
internal_weight=0 321 989 832 718 614 511 323 220
internal_count=1310 321 989 832 718 614 511 323 220
is_linear=0
shrinkage=0.05


Tree=336
num_leaves=10
num_cat=0
split_feature=15 10 5 12 0 13 11 12 0
split_gain=491190 359449 750637 494516 450247 425292 392534 266960 557035
threshold=7.7949586625329204 5326.8267500000011 4.5000000000000009 2972.1767500000005 3.9930243024302432 4931.5767633928581 5485.9666250000009 4645.4502500000008 4.8388922225555904
decision_type=2 2 2 10 2 8 10 10 2
left_child=1 4 3 -3 5 -1 -5 8 -6
right_child=-2 2 -4 6 7 -7 -8 -9 -10
leaf_value=1.3090561184919243 2.5935851239400107 2.8335469921907555 -4.3781623092631925 0.73373676379179142 5.1725584753699927 -2.3738430097390331 -3.3885361132932745 -0.13290863634816322 0.26190565557315432
leaf_weight=132 173 104 141 116 115 193 115 129 116
leaf_count=132 173 104 141 116 115 193 115 129 116
internal_value=0 -0.262254 -1.31765 -0.0294905 0.47113 -0.878019 -1.31848 1.68911 2.7066
internal_weight=0 1161 476 335 685 325 231 360 231
internal_count=1334 1161 476 335 685 325 231 360 231
is_linear=0
shrinkage=0.05


Tree=337
num_leaves=10
num_cat=0
split_feature=3 15 7 10 4 11 11 12 16
split_gain=436173 478968 699266 829353 626705 522302 792729 1.26782e+06 771989
threshold=0.48224004766551337 5.2380279694636149 0.60380287999115401 2620.7030000000004 10.500000000000002 3745.6841250000002 6565.8356250000006 6361.3830000000007 1.0682276560989437
decision_type=2 2 2 2 2 8 10 10 2
left_child=-1 2 3 -2 -5 -3 8 -8 -7
right_child=1 5 -4 4 -6 6 7 -9 -10
leaf_value=3.0868950720543302 1.1423420997169929 3.1730570925907657 1.9986426523489547 -1.93270000631159 -6.9489895942807198 -4.5446133677164715 5.0803486389949413 -2.0199033174428855 0.87516651079058649
leaf_weight=123 123 176 129 165 100 135 145 111 128
leaf_count=123 123 176 129 165 100 135 145 111 128
internal_value=0 -0.0380063 -1.19045 -2.25074 -3.82564 0.819277 0.0210786 2.00172 -1.90685
internal_weight=0 1212 517 388 265 695 519 256 263
internal_count=1335 1212 517 388 265 695 519 256 263
is_linear=0
shrinkage=0.05


Tree=338
num_leaves=11
num_cat=0
split_feature=14 7 15 10 1 12 16 5 10 15
split_gain=530513 399589 721492 464517 353980 585388 1.04609e+06 747256 298745 177184
threshold=-744.34987500000034 0.55273902951891174 6.6375512551255129 6596.6015000000007 13.107145800102456 2800.1475000000005 0.62754192085875282 1.5000000000000002 6431.6417500000016 4.0380621395472884
decision_type=8 2 2 2 2 10 2 2 2 2
left_child=-1 3 8 4 -2 6 -6 -7 9 -3
right_child=1 2 -4 -5 5 7 -8 -9 -10 -11
leaf_value=3.1461040104257649 -2.5830425921980651 -0.82557663264693604 4.3310755259340459 -3.3982740786975016 -1.2886690959189702 2.1301639330269087 5.8726191501806282 -3.2881110328574517 -2.6313565081954007 2.0748813784664328
leaf_weight=116 146 101 110 167 103 101 101 172 100 110
leaf_count=116 146 101 110 167 103 101 101 172 100 110
internal_value=0 -0.393482 0.85068 -1.05651 -0.428782 0.230593 2.25687 -1.28355 -0.380328 0.68651
internal_weight=0 1211 421 790 623 477 204 273 311 211
internal_count=1327 1211 421 790 623 477 204 273 311 211
is_linear=0
shrinkage=0.05


Tree=339
num_leaves=9
num_cat=0
split_feature=3 16 10 0 4 8 14 3
split_gain=244950 898286 537132 827421 710798 488653 348946 274331
threshold=0.54408441855635126 0.3056555655565561 6016.4576250000009 6.5942010867753451 14.500000000000002 0.82180249669437633 194.43887500000031 0.50578908294957048
decision_type=2 2 2 2 2 2 8 2
left_child=5 -2 4 -4 6 7 -3 -1
right_child=1 2 3 -5 -6 -7 -8 -9
leaf_value=-1.8489704259004154 -4.2198446187169054 2.2029421636373692 -3.8999220098987699 1.1950385617773707 3.9518131496888751 2.9493516503320056 -1.4727649615463598 1.4109823311076446
leaf_weight=141 129 101 155 164 170 196 179 119
leaf_count=141 129 101 155 164 170 196 179 119
internal_value=0 -0.358776 0.288919 -1.28057 1.40151 1.0642 -0.146885 -0.356915
internal_weight=0 898 769 319 450 456 280 260
internal_count=1354 898 769 319 450 456 280 260
is_linear=0
shrinkage=0.05


Tree=340
num_leaves=11
num_cat=0
split_feature=4 8 13 14 0 12 12 12 3 12
split_gain=330158 738846 837924 615563 437548 345524 568879 494927 280992 268516
threshold=14.500000000000002 0.98841751246531528 6019.169925595239 -1270.5373749999994 5.5952386905357212 1243.7531250000002 2786.0127500000003 5088.5527500000007 0.53531788394287505 3961.9400000000005
decision_type=2 2 8 10 2 10 10 10 2 10
left_child=3 2 4 -1 -2 -5 -7 9 -9 -8
right_child=1 -3 -4 5 -6 6 7 8 -10 -11
leaf_value=-3.746519302930988 -2.2980948272873376 -2.6596063528060916 4.7506407294314723 -2.4742558352242821 2.2190388038095121 3.8224412778290837 -0.240040638202276 2.9633632922860293 -0.31161906146303275 -3.714298568131789
leaf_weight=122 102 100 173 110 113 110 117 130 132 106
leaf_count=122 102 100 173 110 113 110 117 130 132 106
internal_value=0 1.17264 2.16033 -0.467318 0.0760266 0.100147 0.576087 -0.1602 1.31337 -1.89148
internal_weight=0 488 388 827 215 705 595 485 262 223
internal_count=1315 488 388 827 215 705 595 485 262 223
is_linear=0
shrinkage=0.05


Tree=341
num_leaves=10
num_cat=0
split_feature=13 13 4 8 8 8 7 13 10
split_gain=356543 619657 334995 454788 430044 381875 670817 409651 327570
threshold=7384.4301934523819 6769.4835550595253 9.5000000000000018 0.79944320349352493 0.93503799598285231 0.81826136178216324 0.40182210823336123 4887.6527455357145 4873.2451250000013
decision_type=8 10 2 2 2 2 2 10 2
left_child=1 2 3 -1 -5 -4 7 -7 -2
right_child=8 -3 5 4 -6 6 -8 -9 -10
leaf_value=-1.0176299074965138 -0.099070719106873484 3.361606145645279 1.579017021518851 4.5167409784481176 0.16301679881113881 2.4407352571523635 -3.9298699882220145 -1.5922463424844679 -3.8490184147887443
leaf_weight=155 134 153 126 122 106 107 176 153 103
leaf_count=155 134 153 126 122 106 107 176 153 103
internal_value=0 0.409617 -0.0683243 1.07204 2.49264 -0.845473 -1.54613 0.0674807 -1.72879
internal_weight=0 1098 945 383 228 562 436 260 237
internal_count=1335 1098 945 383 228 562 436 260 237
is_linear=0
shrinkage=0.05


Tree=342
num_leaves=10
num_cat=0
split_feature=13 0 13 13 7 10 4 13 3
split_gain=516241 503320 484552 843544 380278 555554 685834 414756 607246
threshold=7384.4301934523819 5.5407290729072916 6759.6497321428587 5560.4712291666674 0.64427239800285052 2620.7030000000004 18.500000000000004 4625.3227596726201 0.55169279301514285
decision_type=10 2 8 10 2 2 2 10 2
left_child=1 4 3 -3 5 -1 7 -7 -9
right_child=-2 2 -4 -5 -6 6 -8 8 -10
leaf_value=1.707290574372081 -3.3888207360145155 2.8105832389605947 4.3924355235316659 -2.2867508299234842 1.7907553313683111 1.3683577368133948 -5.4698366270615502 -4.6231230933976368 0.18407691953875494
leaf_weight=140 109 186 112 144 141 133 104 123 141
leaf_count=140 109 186 112 144 141 133 104 123 141
internal_value=0 0.202112 1.55074 0.586292 -0.560158 -1.07729 -1.85541 -0.908558 -2.05564
internal_weight=0 1224 442 330 782 641 501 397 264
internal_count=1333 1224 442 330 782 641 501 397 264
is_linear=0
shrinkage=0.05


Tree=343
num_leaves=10
num_cat=0
split_feature=11 11 12 4 8 15 8 11 15
split_gain=428120 517382 750133 681241 924682 778650 504330 913639 437535
threshold=1901.4648750000003 9043.1762500000023 3107.7450000000003 8.5000000000000018 0.83244783351696239 4.9894614461446158 0.84607505236957092 5262.7250000000013 4.6242999299929997
decision_type=10 10 8 2 2 2 2 10 2
left_child=8 2 -2 4 -4 -5 -7 -8 -1
right_child=1 -3 3 5 -6 6 7 -9 -10
leaf_value=0.078424951040519872 -2.1555576439414703 -3.1447506406519672 0.68285615840926772 -3.0300454089676379 6.36004898593976 4.0962208454489204 3.405979883644433 -2.7191355179882413 -4.464528644309854
leaf_weight=106 196 101 160 137 130 117 113 132 106
leaf_count=106 196 101 160 137 130 117 113 132 106
internal_value=0 0.263394 0.612858 1.30058 3.2278 0.180544 1.3956 0.105918 -2.19305
internal_weight=0 1086 985 789 290 499 362 245 212
internal_count=1298 1086 985 789 290 499 362 245 212
is_linear=0
shrinkage=0.05


Tree=344
num_leaves=10
num_cat=0
split_feature=6 14 14 13 13 13 8 11 11
split_gain=295110 782031 673670 699901 647895 532588 440014 244228 430225
threshold=1.0000000180025095e-35 -172.87750000000025 -322.82487499999996 5071.9340029761916 5067.721941964287 5108.068815476191 0.89234174202065752 6565.8356250000006 4400.7466250000007
decision_type=2 10 8 8 10 10 2 10 10
left_child=2 -2 -1 6 -3 -5 -4 8 -7
right_child=1 4 3 5 -6 7 -8 -9 -10
leaf_value=3.8395495766091572 -4.1564599273873748 3.2250027131575809 -0.12551079321111369 3.5136760885962128 -1.9421025162651426 1.2901247276365757 -4.4086614566605267 1.4637702113070059 -2.7446956220938237
leaf_weight=129 139 117 117 145 126 120 123 177 147
leaf_count=129 139 117 117 145 126 120 123 177 147
internal_value=0 -1.16526 0.478358 -0.0446744 0.545763 0.882708 -2.32063 0.0234956 -0.931293
internal_weight=0 382 958 829 243 589 240 444 267
internal_count=1340 382 958 829 243 589 240 444 267
is_linear=0
shrinkage=0.05


Tree=345
num_leaves=10
num_cat=0
split_feature=14 12 12 4 4 11 12 7 7
split_gain=447088 564430 396120 618728 688219 594131 674588 271796 692481
threshold=-571.06599999999969 963.26200000000006 4182.9650000000011 18.500000000000004 3.5000000000000004 3630.2551250000006 5878.9408750000011 0.54028128582861801 0.38992284272245387
decision_type=10 10 8 2 2 10 8 2 2
left_child=1 -1 7 4 -4 -6 -7 8 -2
right_child=2 -3 3 -5 5 6 -8 -9 -10
leaf_value=-0.074642708518288345 2.7069023134594872 4.6012508310799332 -3.5853904782271968 -3.7164238187377574 -2.440708319566868 -1.2868544933865371 3.807820740274408 2.5745612405512457 -2.8640533271895237
leaf_weight=165 105 106 123 183 108 103 176 137 119
leaf_count=165 105 106 123 183 108 103 176 137 119
internal_value=0 1.7543 -0.52273 -1.22233 -0.32739 0.708098 1.92699 0.820269 -0.252668
internal_weight=0 271 1054 693 510 387 279 361 224
internal_count=1325 271 1054 693 510 387 279 361 224
is_linear=0
shrinkage=0.05


Tree=346
num_leaves=11
num_cat=0
split_feature=10 12 14 7 16 10 10 2 10 4
split_gain=437147 375163 461176 440090 579921 681000 352038 333396 576213 287708
threshold=2013.4711250000003 1171.4996250000002 -322.82487499999996 0.50156976368872941 0.91405390539053866 7778.3687500000005 5664.0371250000007 102.99784692490609 6016.4576250000009 10.500000000000002
decision_type=2 10 10 2 2 2 2 2 2 2
left_child=-1 9 -3 7 5 6 -5 -4 -9 -2
right_child=1 2 3 4 -6 -7 -8 8 -10 -11
leaf_value=2.7908003381155071 -0.62952235628057407 2.3073812879048865 -3.4356707591879165 -1.0362151058514912 3.8286218551397329 -3.9514848415851596 3.002430921417099 1.6831230844512133 -3.0734261715890678 -4.246423828601837
leaf_weight=103 108 156 177 105 100 100 111 132 123 112
leaf_count=103 108 156 177 105 100 100 111 132 123 112
internal_value=0 -0.60084 -0.191076 -0.650698 0.51005 -0.54013 1.0392 -1.76846 -0.611212 -2.47085
internal_weight=0 1224 1004 848 416 316 216 432 255 220
internal_count=1327 1224 1004 848 416 316 216 432 255 220
is_linear=0
shrinkage=0.05


Tree=347
num_leaves=10
num_cat=0
split_feature=10 15 3 0 14 14 12 15 3
split_gain=689114 500226 860028 674727 475079 492394 628288 563654 233677
threshold=5410.621000000001 5.3032636596993035 0.59089327169853456 6.5942010867753451 -898.29912499999989 -147.03600000000048 8026.7225000000008 3.8516726672667265 0.71517305858603708
decision_type=2 2 2 2 10 10 8 2 2
left_child=4 -2 -3 -4 -1 -6 7 -7 -9
right_child=1 2 3 -5 5 6 -8 8 -10
leaf_value=3.4357349918495794 -4.1882093994781888 2.260007099892023 -4.1298353874517817 0.33265447258949282 -2.5781223599325145 -2.8002174753053435 4.3215966577551006 3.2092974465233937 -0.15093023107916703
leaf_weight=161 116 178 180 160 114 116 113 105 102
leaf_count=161 116 178 180 160 114 116 113 105 102
internal_value=0 -1.22034 -0.555723 -2.02984 1.0469 0.347619 1.11261 -0.010043 1.55353
internal_weight=0 634 518 340 711 550 436 323 207
internal_count=1345 634 518 340 711 550 436 323 207
is_linear=0
shrinkage=0.05


Tree=348
num_leaves=10
num_cat=0
split_feature=5 13 0 15 14 13 12 12 0
split_gain=446599 536198 1.01561e+06 723457 740279 839978 431165 481619 423337
threshold=1.0000000180025095e-35 6965.8672224702395 6.6652540254025405 6.8843592692602593 -334.82537499999984 4931.5767633928581 3913.7600000000002 6220.841625 4.3291620828749551
decision_type=2 10 2 2 8 10 10 10 2
left_child=-1 2 3 4 -2 8 -7 -8 -6
right_child=1 -3 -4 -5 5 6 7 -9 -10
leaf_value=-2.301346304601914 4.683276893212958 -2.5405947523125523 5.130679398927934 -3.4356168231368067 4.1534741681041742 1.2413299060784855 -4.9120693699026319 -0.59961417204057665 0.36996749470263351
leaf_weight=185 103 141 117 120 136 104 119 142 162
leaf_count=185 103 141 117 120 136 104 119 142 162
internal_value=0 0.346498 0.75236 0.174185 0.739689 0.127035 -1.48105 -2.56583 2.09667
internal_weight=0 1144 1003 886 766 663 365 261 298
internal_count=1329 1144 1003 886 766 663 365 261 298
is_linear=0
shrinkage=0.05


Tree=349
num_leaves=11
num_cat=1
split_feature=4 13 9 10 15 15 14 0 12 7
split_gain=499601 375567 464071 621420 566756 726539 743069 439930 253241 101420
threshold=21.500000000000004 3808.4850163690476 0 5326.8267500000011 5.3032636596993035 6.685689402273562 49.79500000000008 3.9930243024302432 5705.7073750000009 0.37736830469716404
decision_type=2 10 9 2 2 2 10 2 10 2
left_child=1 -1 -3 7 -5 -6 -7 -4 -8 -9
right_child=-2 2 3 4 5 6 8 9 -10 -11
leaf_value=-2.0926727415184785 3.4337501265587065 -2.6762165153935804 0.31404333811754376 -3.8306218650341037 3.3596261069722417 -4.5547644317448137 2.485547677597197 4.8584841905855667 -1.0640140146613122 2.6697011016715657
leaf_weight=198 109 108 171 100 137 100 101 102 100 110
leaf_count=198 109 108 171 100 137 100 101 102 100 110
internal_value=0 -0.0984839 0.285238 0.654461 -0.434258 0.341167 -1.03268 2.20087 0.719597 3.72279
internal_weight=0 1227 1029 921 538 438 301 383 201 212
internal_count=1336 1227 1029 921 538 438 301 383 201 212
cat_boundaries=0 1
cat_threshold=160
is_linear=0
shrinkage=0.05


Tree=350
num_leaves=10
num_cat=0
split_feature=15 14 5 13 5 11 11 15 15
split_gain=323129 450382 334901 495891 279516 1.36216e+06 580497 484408 319100
threshold=3.0603060306030607 2213.7222499999993 1.0000000180025095e-35 4594.8602090773811 4.5000000000000009 5063.868625000001 5862.1117500000009 5.7981298129812986 6.0778202820282035
decision_type=2 8 2 10 2 10 10 2 2
left_child=-1 2 -2 -4 6 -6 7 -5 -8
right_child=1 -3 3 4 5 -7 8 -9 -10
leaf_value=-2.0690904982186651 -2.2113294248529476 3.2725400971203316 2.8579760013148192 0.41312595968799937 -5.9384794634161073 1.3811317901295352 0.80986764529376354 4.969478051543236 -2.9839524110406637
leaf_weight=148 139 123 170 140 103 166 103 100 120
leaf_count=148 139 123 170 140 103 166 103 100 120
internal_value=0 0.411285 0.0732115 0.425264 -0.13971 -1.42154 0.605027 2.31161 -1.23165
internal_weight=0 1164 1041 902 732 269 463 240 223
internal_count=1312 1164 1041 902 732 269 463 240 223
is_linear=0
shrinkage=0.05


Tree=351
num_leaves=10
num_cat=0
split_feature=10 13 3 13 13 11 3 11 7
split_gain=615500 403776 402220 536131 554300 630757 409326 639051 266161
threshold=8277.3393750000014 3808.4850163690476 0.73411673003791544 5469.2313831845249 5039.3636532738101 4978.982500000001 0.6542676155042868 6130.451250000001 0.47080999226463477
decision_type=2 10 2 10 10 10 2 10 2
left_child=1 8 3 4 5 -3 7 -5 -1
right_child=-2 2 -4 6 -6 -7 -8 -9 -10
leaf_value=-3.0313392811189823 -3.2791497331173698 3.3120902129062793 -2.0759471431229879 -1.1064421198584817 5.0196759400667847 -1.3120900834681217 -1.755996305170028 3.9027582534929603 0.42312824013186434
leaf_weight=123 122 164 103 132 143 134 190 123 102
leaf_count=123 122 164 103 132 143 134 190 123 102
internal_value=0 0.446464 0.881399 1.2252 2.46072 1.23276 0.000785635 1.30976 -1.46531
internal_weight=0 1214 989 886 441 298 445 255 225
internal_count=1336 1214 989 886 441 298 445 255 225
is_linear=0
shrinkage=0.05


Tree=352
num_leaves=10
num_cat=0
split_feature=10 15 3 12 8 12 11 3 14
split_gain=336678 482469 453195 825718 616261 942075 430248 776901 519783
threshold=2516.0477500000002 3.5891672500583396 0.6659910053267355 5919.9185000000007 0.80581389059787567 4472.4462500000009 3294.7815000000005 0.72409223046020899 470.48974999999933
decision_type=2 2 2 10 2 8 8 2 10
left_child=-1 -2 3 4 -3 -6 -4 8 -8
right_child=1 2 6 -5 5 -7 7 -9 -10
leaf_value=2.2831614102020206 -3.4900317513942718 -0.017316410258099751 1.6945231888975418 -1.6398948621951928 1.1646778697641487 7.7738901197910311 -5.6971714391594848 1.1732345675515545 -1.0482149406101393
leaf_weight=159 100 143 119 177 117 100 126 143 115
leaf_count=159 100 143 119 177 117 100 126 143 115
internal_value=0 -0.172853 0.146107 1.15627 2.53106 4.2104 -0.932341 -1.7464 -3.47879
internal_weight=0 1140 1040 537 360 217 503 384 241
internal_count=1299 1140 1040 537 360 217 503 384 241
is_linear=0
shrinkage=0.05


Tree=353
num_leaves=10
num_cat=0
split_feature=13 3 10 13 15 10 0 14 3
split_gain=409184 655364 919959 532857 394288 739195 400484 418055 443942
threshold=6769.4835550595253 0.7146963370156213 3020.5996250000003 7384.4301934523819 3.1296129612961296 3882.9592500000003 4.7868078474514126 701.22074999999961 0.61283695905605051
decision_type=10 2 2 10 2 2 2 10 2
left_child=1 4 -3 -2 -1 -6 -7 8 -8
right_child=3 2 -4 -5 5 6 7 -9 -10
leaf_value=-2.0433388902515666 3.9203267028947408 1.0593183459043505 -4.5911681004131548 -0.73773355686548847 4.9198951436923108 -1.802703288838833 2.002056889580563 3.9151711436151304 -1.8834671520134982
leaf_weight=122 152 125 170 103 104 158 160 103 136
leaf_count=122 152 125 170 103 104 158 160 103 136
internal_value=0 -0.188394 -2.19689 2.03884 0.56832 1.05035 0.327851 1.17153 0.216816
internal_weight=0 1078 295 255 783 661 557 399 296
internal_count=1333 1078 295 255 783 661 557 399 296
is_linear=0
shrinkage=0.05


Tree=354
num_leaves=10
num_cat=0
split_feature=13 14 12 15 5 10 7 16 14
split_gain=422510 464369 764204 750873 441599 662192 775762 375425 336912
threshold=3871.5821391369054 1269.8450000000005 3465.9887500000009 6.9803772043871062 5.5000000000000009 2674.9426250000006 0.47680605942895077 0.74419525285861943 606.31137500000034
decision_type=8 10 8 2 2 2 2 2 8
left_child=-1 2 7 4 5 -4 -7 -2 -8
right_child=1 -3 3 -5 -6 6 8 -9 -10
leaf_value=-2.9879893592596058 0.24528566262194218 -2.1852336277369582 3.2672760663070082 4.4849002885720912 3.4879771318756236 -3.1290065026100802 -0.77681946314654304 -3.5852646655082703 3.2479999048653108
leaf_weight=100 131 153 127 168 119 196 103 125 105
leaf_count=100 131 153 127 168 119 196 103 125 105
internal_value=0 0.391893 0.759025 1.50516 0.735009 0.118053 -0.871925 -1.6251 1.25494
internal_weight=0 1227 1074 818 650 531 404 256 208
internal_count=1327 1227 1074 818 650 531 404 256 208
is_linear=0
shrinkage=0.05


Tree=355
num_leaves=10
num_cat=1
split_feature=16 13 9 12 11 7 11 12 8
split_gain=272111 823435 387727 1.03958e+06 409659 450407 359083 268730 228472
threshold=0.62754192085875282 6769.4835550595253 0 1243.7531250000002 4092.9800000000005 0.44959166134209488 5147.9050000000016 5405.3876250000003 0.9493570948019121
decision_type=2 8 9 10 10 2 8 8 2
left_child=2 6 -1 -4 -5 -6 7 -2 -8
right_child=1 -3 3 4 5 -7 8 -9 -10
leaf_value=1.602378242687891 -0.67833745507523424 3.5352327566831669 -5.1830230413047413 2.3781316728138728 1.490056225118183 -2.6477936404333877 -3.5780200263628594 2.6368871251996766 -0.28708388565856724
leaf_weight=139 128 188 131 121 105 176 104 117 107
leaf_count=139 128 188 131 121 105 176 104 117 107
internal_value=0 0.750746 -0.687535 -1.29057 -0.0542334 -1.10162 -0.397244 0.904851 -1.90916
internal_weight=0 644 672 533 402 281 456 245 211
internal_count=1316 644 672 533 402 281 456 245 211
cat_boundaries=0 1
cat_threshold=130
is_linear=0
shrinkage=0.05


Tree=356
num_leaves=11
num_cat=0
split_feature=0 16 14 16 8 4 11 11 11 5
split_gain=372863 297360 576261 447467 420096 620076 518574 352024 480528 346498
threshold=6.8720747074707473 0.48443177651098429 -184.00262500000005 0.3056555655565561 0.95804486004604972 14.500000000000002 5397.5905000000012 4595.4400000000014 6096.9351250000009 2.5000000000000004
decision_type=2 2 8 2 2 2 8 8 10 2
left_child=1 3 -3 7 5 6 -4 -1 -9 -5
right_child=-2 2 4 9 -6 -7 -8 8 -10 -11
leaf_value=1.6522571828054347 2.6478311882644405 -3.6976227409387601 1.537709381602226 0.40219866738275245 -2.2688279107715821 3.4013091450972528 -3.3739510113338258 -4.186602883614027 0.66771167135238652 4.4262393742237451
leaf_weight=115 122 149 109 108 163 139 106 104 100 106
leaf_count=115 122 149 109 108 163 139 106 104 100 106
internal_value=0 -0.25356 -0.957975 0.626628 -0.168405 0.798739 -0.883853 -0.559956 -1.80704 2.39542
internal_weight=0 1199 666 533 517 354 215 319 204 214
internal_count=1321 1199 666 533 517 354 215 319 204 214
is_linear=0
shrinkage=0.05


Tree=357
num_leaves=10
num_cat=0
split_feature=13 13 15 10 10 3 3 16 16
split_gain=341419 448302 663062 715336 469591 438670 615075 368491 151892
threshold=3808.4850163690476 4931.5767633928581 4.4353810381038112 7732.1767500000005 6177.6658750000015 0.54602081577543038 0.69686325677078254 1.1033353335333536 0.51445561222788982
decision_type=10 10 2 2 2 2 2 2 2
left_child=8 4 -3 5 -2 -4 -7 -8 -1
right_child=1 2 3 -5 -6 6 7 -9 -10
leaf_value=-3.2007327384298501 3.3919769032013849 -2.9712190345253635 4.372179372672524 -2.072185860279248 -0.82970189267396932 -2.5494465594731488 0.32025052975607288 4.3065066691774589 -0.55479774619931377
leaf_weight=110 193 184 105 197 100 103 131 104 107
leaf_count=110 193 184 105 197 100 103 131 104 107
internal_value=0 0.271327 -0.325982 0.434523 1.95113 1.54924 0.672297 2.08438 -1.89606
internal_weight=0 1117 824 640 293 443 338 235 217
internal_count=1334 1117 824 640 293 443 338 235 217
is_linear=0
shrinkage=0.05


Tree=358
num_leaves=10
num_cat=0
split_feature=10 7 4 7 8 0 4 13 0
split_gain=386448 498076 782536 468178 625923 509902 563891 266338 429020
threshold=6655.4568750000008 0.53029708918218277 13.500000000000002 0.62401970584964539 0.8223668700195812 5.7498041470813748 6.5000000000000009 5503.4587425595246 4.6727297729772985
decision_type=2 2 2 2 2 2 2 8 2
left_child=3 -2 -3 4 -1 6 -6 -8 -9
right_child=1 2 -4 -5 5 -7 7 8 -10
leaf_value=-3.101980719228429 -3.5340488847870155 -2.5163438636748516 3.4022010131947051 3.1008660768627365 2.9347961019612572 3.944747338358026 0.48736403231718106 -4.3813659380902266 0.22739440929889679
leaf_weight=127 149 122 103 157 133 104 196 102 100
leaf_count=127 149 122 103 157 133 104 196 102 100
internal_value=0 -1.29182 0.193034 0.614613 0.102354 0.743221 0.11618 -0.82572 -2.0998
internal_weight=0 374 225 919 762 635 531 398 202
internal_count=1293 374 225 919 762 635 531 398 202
is_linear=0
shrinkage=0.05


Tree=359
num_leaves=10
num_cat=1
split_feature=10 9 12 0 14 12 10 3 13
split_gain=385457 608527 426914 563557 560473 1.35418e+06 729413 619396 498100
threshold=2516.0477500000002 0 8902.1287500000017 3.9930243024302432 1171.5847500000002 5077.3042500000001 5574.2093750000013 0.65891897830338608 5813.5779315476202
decision_type=2 9 8 2 10 10 2 2 10
left_child=-1 2 3 -2 5 6 -5 -8 -7
right_child=1 -3 -4 4 -6 8 7 -9 -10
leaf_value=2.1033811606749704 -2.9994380535366378 -3.6581720458547569 -2.2240543206121024 3.1866303072215243 -2.0029063690782469 7.2551886466470101 0.39646860526862165 -4.5247463623327873 2.462238181401522
leaf_weight=158 107 127 193 107 136 101 149 112 117
leaf_count=158 107 127 193 107 136 101 149 112 117
internal_value=0 -0.530565 -0.105087 0.386963 0.888826 1.55994 -0.290023 -1.71532 4.68283
internal_weight=0 1149 1022 829 722 586 368 261 218
internal_count=1307 1149 1022 829 722 586 368 261 218
cat_boundaries=0 1
cat_threshold=3
is_linear=0
shrinkage=0.05


Tree=360
num_leaves=9
num_cat=0
split_feature=10 12 13 14 11 14 15 3
split_gain=322797 706787 672548 401072 381196 293998 355230 376557
threshold=5410.621000000001 2213.5533750000004 6678.4709486607153 -898.29912499999989 6069.0785000000014 -155.75637499999945 3.8516726672667265 0.72033570458702323
decision_type=2 10 10 10 10 10 2 2
left_child=3 -2 4 -1 -3 -5 -7 -8
right_child=1 2 -4 5 -6 6 7 -9
leaf_value=2.6771295796671222 -4.8296197579285813 2.4544798069214697 -2.7709605586720025 -2.4758988266497588 -0.94693423248317155 -1.5033237745490258 3.0775005709973113 -0.6517063377534642
leaf_weight=155 107 189 187 113 146 158 157 119
leaf_count=155 107 189 187 113 146 158 157 119
internal_value=0 -1.12765 -0.368822 0.432006 0.972072 -0.204181 0.387303 1.46962
internal_weight=0 629 522 702 335 547 434 276
internal_count=1331 629 522 702 335 547 434 276
is_linear=0
shrinkage=0.05


Tree=361
num_leaves=9
num_cat=0
split_feature=0 3 16 5 7 7 10 4
split_gain=247471 752798 641605 271716 405840 564723 476183 1.04115e+06
threshold=5.7498041470813748 0.69967274380213218 0.67858452511917877 1.0000000180025095e-35 0.35454752074292278 0.049682476320794478 5741.0952500000012 5.5000000000000009
decision_type=2 2 2 2 2 2 2 2
left_child=3 2 -2 -1 5 -5 7 -6
right_child=1 -3 -4 4 6 -7 -8 -9
leaf_value=-2.0996499060307232 0.52044579816865733 -1.2594432106885043 5.4703552627741407 0.8966764236135143 -1.6691832438255976 -3.2029874804692393 -1.2791244962763404 4.5343072010780956
leaf_weight=140 128 165 134 182 103 156 124 197
leaf_count=140 128 165 134 182 103 156 124 197
internal_value=0 1.38603 3.05208 -0.0750562 0.296916 -0.995476 1.32717 2.40444
internal_weight=0 427 262 902 762 338 424 300
internal_count=1329 427 262 902 762 338 424 300
is_linear=0
shrinkage=0.05


Tree=362
num_leaves=10
num_cat=0
split_feature=13 13 1 10 7 10 15 4 12
split_gain=328074 302924 587007 571510 310685 375221 335954 563810 198708
threshold=3961.9151934523811 7384.4301934523819 43.483487975329645 6680.1892500000004 0.60712369235751851 2620.7030000000004 4.4545537887122046 11.500000000000002 6618.5193750000017
decision_type=8 10 2 2 2 2 2 2 8
left_child=-1 2 3 4 5 -2 -7 -8 -9
right_child=1 -3 -4 -5 -6 6 7 8 -10
leaf_value=-2.835110603173574 2.6652604579357875 -2.424048483696851 3.0976070341888384 -2.6184958458580869 2.4745077620242157 -2.4509825086343788 3.3040015498141075 0.45061129615420392 -2.5455565531539102
leaf_weight=105 105 110 163 188 153 167 106 105 117
leaf_count=105 105 110 163 188 153 167 106 105 117
internal_value=0 0.0781166 0.327427 -0.152424 0.463275 -0.0495892 -0.625466 0.303989 -1.12845
internal_weight=0 1214 1104 941 753 600 495 328 222
internal_count=1319 1214 1104 941 753 600 495 328 222
is_linear=0
shrinkage=0.05


Tree=363
num_leaves=11
num_cat=0
split_feature=15 16 13 13 15 11 14 11 13 16
split_gain=262991 350055 496921 1.17238e+06 489734 519976 403634 466331 312792 234527
threshold=2.6380721405473886 0.35606060606060602 6463.2768534226198 6006.3600818452387 4.2108002466913366 6274.1281250000002 300.1569999999993 6149.4768750000012 7044.6583288690481 0.84100910091009096
decision_type=2 2 10 8 2 10 10 10 10 2
left_child=-1 4 3 6 -2 -6 9 -8 -4 -3
right_child=1 2 8 -5 5 -7 7 -9 -10 -11
leaf_value=-2.3706199339628222 1.4902972652631647 0.60447669277171134 -2.4403416652327934 5.5064526241119598 -4.8464395334630943 0.065246586429262621 3.8835265527321745 -0.60844128673466358 0.97964036665920529 -2.4619117803729447
leaf_weight=100 119 119 156 146 113 103 130 104 117 131
leaf_count=100 119 119 156 146 113 103 130 104 117 131
internal_value=0 0.295063 0.807165 1.57928 -1.08532 -2.50429 0.394634 1.8871 -0.974635 -1.00231
internal_weight=0 1238 903 630 335 216 484 234 273 250
internal_count=1338 1238 903 630 335 216 484 234 273 250
is_linear=0
shrinkage=0.05


Tree=364
num_leaves=11
num_cat=0
split_feature=10 5 7 11 11 15 7 12 12 11
split_gain=350027 515755 1.0873e+06 572048 381323 345582 650200 531072 244507 230710
threshold=5326.8267500000011 4.5000000000000009 0.54656740767405787 5553.8325000000004 7461.3461250000009 2.7918000133346674 0.58058792135222348 2548.7687500000006 5323.2556250000007 3165.6062500000003
decision_type=2 2 2 10 10 2 2 10 10 8
left_child=5 3 -3 9 -5 -1 7 -7 -9 -2
right_child=1 2 -4 4 -6 6 -8 8 -10 -11
leaf_value=-1.7596738536186791 0.41851768354767738 0.8808792811219055 -6.3687442682261741 -3.7863073191524133 0.50575917793007996 2.5963901962586906 4.7831641911918465 -2.4315969826624944 0.48773042055778204 3.7650853376944093
leaf_weight=108 103 101 106 103 104 187 110 130 160 103
leaf_count=108 103 101 106 103 104 187 110 130 160 103
internal_value=0 -0.794512 -2.83149 0.226442 -1.62991 0.839651 1.31789 0.518772 -0.820934 2.0918
internal_weight=0 620 207 413 207 695 587 477 290 206
internal_count=1315 620 207 413 207 695 587 477 290 206
is_linear=0
shrinkage=0.05


Tree=365
num_leaves=10
num_cat=0
split_feature=11 7 10 5 7 5 7 13 5
split_gain=608475 450890 336026 472287 431631 370231 335769 460467 246608
threshold=10445.150000000001 -0.0329076365468483 6596.6015000000007 4.5000000000000009 0.62401970584964539 2.5000000000000004 0.37736830469716404 5202.2732953869054 3.5000000000000004
decision_type=8 2 2 2 2 2 2 10 2
left_child=1 -1 4 5 6 -4 8 -8 -3
right_child=-2 2 3 -5 -6 -7 7 -9 -10
leaf_value=-2.2014614264584251 -2.7631183786199274 0.7023993975263747 -0.78904482153745803 -2.6574474505611234 4.0601365472834843 3.2134039663351501 -3.0476913960541001 1.2837121412738579 3.8629620800503588
leaf_weight=144 173 136 130 143 130 104 102 154 113
leaf_count=144 173 136 130 143 130 104 102 154 113
internal_value=0 0.416331 0.788823 -0.393625 1.49084 0.989821 0.829442 -0.442081 2.13671
internal_weight=0 1156 1012 377 635 234 505 256 249
internal_count=1329 1156 1012 377 635 234 505 256 249
is_linear=0
shrinkage=0.05


Tree=366
num_leaves=10
num_cat=0
split_feature=7 5 11 12 15 11 3 12 13
split_gain=345523 982388 601429 303558 228114 455511 540992 407018 400437
threshold=0.057232266561983172 3.5000000000000004 9699.6237500000007 1171.4996250000002 4.021377137713773 3294.7815000000005 0.53531788394287505 3396.2362500000004 5599.2846904761909
decision_type=2 2 8 10 2 10 2 10 10
left_child=1 -1 3 -2 -5 -6 -7 -8 -9
right_child=2 -3 -4 4 5 6 7 8 -10
leaf_value=-0.95731451599172857 -2.0876863963551755 5.6455804274231198 -2.9337478241725279 -1.3658193107725176 3.5341306604657854 3.1582835285021709 -3.1457535790313376 2.7671585724417089 -0.96659661026170418
leaf_weight=129 117 100 171 121 140 130 110 113 197
leaf_count=129 117 100 171 121 140 130 110 113 197
internal_value=0 1.92605 -0.20892 0.293177 0.636655 0.987814 0.339661 -0.53277 0.394417
internal_weight=0 229 1099 928 811 690 550 420 310
internal_count=1328 229 1099 928 811 690 550 420 310
is_linear=0
shrinkage=0.05


Tree=367
num_leaves=10
num_cat=0
split_feature=3 11 11 8 5 5 7 12 12
split_gain=325833 232471 476555 373401 1.48943e+06 833993 497994 262081 180642
threshold=0.47803009012668873 9419.6427500000009 7711.1350000000011 0.92786569043675426 3.5000000000000004 4.5000000000000009 0.54656740767405787 4856.4187500000007 3507.5447500000005
decision_type=2 8 10 2 2 2 2 8 10
left_child=-1 2 3 5 -5 6 8 -8 -2
right_child=1 -3 -4 4 -6 -7 7 -9 -10
leaf_value=2.7284699135487624 -2.9576313586146745 -1.8906502920156087 2.9549654677808288 -1.5842021238433359 5.8565475268184022 -3.8776507883857181 3.6733419870194939 0.12352278869128921 -0.07237372540552682
leaf_weight=101 108 179 125 184 106 182 105 103 109
leaf_count=101 108 179 125 184 106 182 105 103 109
internal_value=0 -0.228457 0.0626712 -0.34038 1.13552 -1.04551 0.16732 1.9155 -1.50835
internal_weight=0 1201 1022 897 290 607 425 208 217
internal_count=1302 1201 1022 897 290 607 425 208 217
is_linear=0
shrinkage=0.05


Tree=368
num_leaves=10
num_cat=0
split_feature=7 13 13 13 10 15 15 15 3
split_gain=427102 727197 601710 390999 420707 612685 381109 271114 227867
threshold=0.049682476320794478 3808.4850163690476 4931.5767633928581 4594.8602090773811 7650.0631250000015 4.4353810381038112 6.4529577957795787 5.1871228789545638 0.62770809221165458
decision_type=2 10 10 10 2 2 2 2 2
left_child=2 -2 -1 -3 5 -5 7 -7 -6
right_child=1 3 -4 4 8 6 -8 -9 -10
leaf_value=4.4511539756733445 -3.3668583658337599 2.7808281404631483 -0.79716393059262869 -2.1251223886082342 -0.66605077390996825 0.72060536045894441 -0.39712758578103169 4.0242469004682588 -3.9078421808705475
leaf_weight=115 180 119 104 172 117 107 174 148 101
leaf_count=115 180 119 104 172 117 107 174 148 101
internal_value=0 -0.455871 1.9588 0.102741 -0.286383 0.396127 1.40698 2.63801 -2.16798
internal_weight=0 1118 219 938 819 601 429 255 218
internal_count=1337 1118 219 938 819 601 429 255 218
is_linear=0
shrinkage=0.05


Tree=369
num_leaves=10
num_cat=0
split_feature=15 13 7 13 7 11 7 14 3
split_gain=369691 558205 297217 258273 594844 568693 410532 328223 110100
threshold=6.971522152215222 5560.4712291666674 0.5501468614396513 4931.5767633928581 0.35454752074292278 6455.7137500000008 0.56716081431567045 416.14912499999951 0.56208053538588543
decision_type=2 10 2 10 2 8 2 10 2
left_child=3 -2 -3 5 -5 8 -6 -8 -1
right_child=1 2 -4 4 6 -7 7 -9 -10
leaf_value=3.2977764245544403 4.1317734385728837 -2.0028145574828957 1.7956072874439575 -3.4283626848191187 1.905829131750413 -1.5206499428460092 -3.4932841865142978 0.49910614645552071 1.1550500016281571
leaf_weight=106 125 103 103 189 162 198 101 105 138
leaf_count=106 125 103 103 189 162 198 101 105 138
internal_value=0 1.49586 -0.103604 -0.432191 -1.14835 0.4703 0.0226325 -1.45833 2.08591
internal_weight=0 331 206 999 557 442 368 206 244
internal_count=1330 331 206 999 557 442 368 206 244
is_linear=0
shrinkage=0.05


Tree=370
num_leaves=10
num_cat=0
split_feature=12 12 14 15 13 8 13 5 12
split_gain=385549 403183 360689 369709 801213 576020 699984 575073 466076
threshold=7350.0710000000008 6500.3456250000008 -1270.5373749999994 5.2119336933693381 5108.068815476191 0.93249594275446224 5202.2732953869054 2.5000000000000004 2426.6440000000007
decision_type=10 10 10 2 10 2 10 2 10
left_child=1 2 -1 4 8 6 -5 -8 -4
right_child=-2 -3 3 5 -6 -7 7 -9 -10
leaf_value=-2.3509586213591573 1.9080601302730411 -3.4770761251626983 -1.6081134303102216 -3.2473766074524271 -3.8049402105887205 3.8648677354349807 -0.88378731618493289 4.0737882222466428 2.9262070612301905
leaf_weight=167 190 105 103 111 151 136 118 116 126
leaf_count=167 190 105 103 111 151 136 118 116 126
internal_value=0 -0.525814 -0.224372 0.188102 -0.977578 1.10901 0.0226485 1.57381 0.886753
internal_weight=0 1133 1028 861 380 481 345 234 229
internal_count=1323 1133 1028 861 380 481 345 234 229
is_linear=0
shrinkage=0.05


Tree=371
num_leaves=10
num_cat=0
split_feature=3 11 10 11 3 7 8 12 14
split_gain=467374 281385 359504 425422 343112 590796 701457 813766 681708
threshold=0.4814229645429785 1506.7007500000002 7650.0631250000015 6149.4768750000012 0.50696179509160788 0.57515541720116825 0.84607505236957092 3379.0362500000006 621.8335000000003
decision_type=2 10 2 10 2 2 2 10 10
left_child=-1 -2 4 -4 -3 6 -6 -8 -9
right_child=1 2 3 -5 5 -7 7 8 -10
leaf_value=2.9880654949566416 -2.2138627362530134 -2.0984545724581829 -3.7940646961087086 0.56981657384668738 -3.6424748878479001 3.8169350598850396 3.8514909621351254 1.3387573745830981 -3.4799113211284083
leaf_weight=116 171 113 122 103 100 137 161 189 120
leaf_count=116 171 113 122 103 100 137 161 189 120
internal_value=0 -0.33362 -0.0259442 -1.79638 0.459845 0.868739 0.160137 0.969204 -0.53257
internal_weight=0 1216 1045 225 820 707 570 470 309
internal_count=1332 1216 1045 225 820 707 570 470 309
is_linear=0
shrinkage=0.05


Tree=372
num_leaves=10
num_cat=0
split_feature=10 15 11 15 15 11 14 11 12
split_gain=344576 628313 562623 525543 453043 541855 799134 697541 428075
threshold=4449.4368750000012 5.3032636596993035 5779.5482500000007 4.4545537887122046 8.1716629996332983 7811.7663750000002 -30.408374999999975 4384.8025000000007 7920.0148750000008
decision_type=2 2 8 2 2 10 8 10 8
left_child=3 2 -2 8 5 6 -3 -8 -1
right_child=1 4 -4 -5 -6 -7 7 -9 -10
leaf_value=-2.2776788835371695 -0.77328565772782021 2.855382230577709 -5.8808695542812348 2.9347152130400884 -2.5835249061837344 3.9774614862876363 1.1832863155825466 -4.312916604110173 1.4149048473521975
leaf_weight=155 117 139 100 188 132 101 102 133 159
leaf_count=155 117 139 100 188 132 101 102 133 159
internal_value=0 -0.817825 -3.12701 0.843936 0.00769975 0.727787 -0.149798 -1.92733 -0.407867
internal_weight=0 824 217 502 607 475 374 235 314
internal_count=1326 824 217 502 607 475 374 235 314
is_linear=0
shrinkage=0.05


Tree=373
num_leaves=10
num_cat=0
split_feature=13 11 13 11 14 10 16 5 7
split_gain=264975 722819 372285 583528 921282 488472 554938 371911 283545
threshold=4724.1026607142858 4532.3325000000013 4931.5767633928581 6487.3637500000004 1070.7481250000003 7833.4385000000011 0.99567456745674499 2.5000000000000004 0.39612017219152396
decision_type=8 8 10 10 10 2 2 2 2
left_child=1 -1 8 5 -5 6 7 -4 -2
right_child=2 -3 3 4 -6 -7 -8 -9 -10
leaf_value=1.1906989816818145 4.0018910589338352 -3.7826727580681125 2.702292094559505 3.9002578609204166 -1.7158738353673151 -4.0332211889674729 -3.3345296985827959 -0.93760438088108511 0.50475975454381083
leaf_weight=154 119 139 145 189 119 107 104 136 113
leaf_count=154 119 139 145 189 119 107 104 136 113
internal_value=0 -1.16868 0.535073 0.0236652 1.73039 -1.04477 -0.214215 0.940634 2.29855
internal_weight=0 293 1032 800 308 492 385 281 232
internal_count=1325 293 1032 800 308 492 385 281 232
is_linear=0
shrinkage=0.05


Tree=374
num_leaves=10
num_cat=0
split_feature=14 16 15 0 15 10 5 12 12
split_gain=347597 261035 419702 513266 362003 385739 540861 304825 294633
threshold=-1399.6804999999997 1.6196077941127449 7.1685001833516688 5.9381938193819392 5.2119336933693381 3662.8778750000006 3.5000000000000004 4856.4187500000007 6984.4762500000006
decision_type=10 2 2 2 2 2 2 10 8
left_child=-1 2 3 4 5 8 -7 -6 -2
right_child=1 -3 -4 -5 7 6 -8 -9 -10
leaf_value=-2.1559280496870361 -0.37533086128532889 -2.062968691045588 2.6722608226244571 -3.1053275386844064 0.57896388327049109 0.20671925116330386 -4.4664603940626177 4.0673543049910359 3.2468756242990495
leaf_weight=172 128 110 183 113 151 160 101 107 100
leaf_count=172 128 110 183 113 151 160 101 107 100
internal_value=0 0.253628 0.497948 0.0352747 0.510359 -0.289146 -1.60168 2.0257 1.21336
internal_weight=0 1153 1043 860 747 489 261 258 228
internal_count=1325 1153 1043 860 747 489 261 258 228
is_linear=0
shrinkage=0.05


Tree=375
num_leaves=11
num_cat=0
split_feature=13 11 13 13 5 13 16 13 14 4
split_gain=432278 484792 560417 392638 1.22675e+06 385921 595011 448194 200473 76907.6
threshold=4760.9137745535727 4875.6825000000008 3744.8374322916675 5469.2313831845249 2.5000000000000004 6734.5962790178583 1.0184185085175195 6970.2785245535724 448.07687500000026 10.500000000000002
decision_type=10 10 10 10 2 10 2 10 10 2
left_child=1 2 9 4 -2 6 8 -7 -5 -1
right_child=3 -3 -4 5 -6 7 -8 -9 -10 -11
leaf_value=-2.7338912760552305 5.8744754187459876 -3.9665434536479767 2.7683548021139486 -1.4626923053872352 -0.66498470694519751 3.8168648019725206 -4.5590631886720656 -0.36638501357547071 1.6282845499338927 -0.80634666281996425
leaf_weight=104 123 126 101 102 172 102 100 172 108 103
leaf_count=104 123 126 101 102 172 102 100 172 108 103
internal_value=0 -1.35382 -0.284982 0.574788 2.06164 -0.176274 -1.38467 1.19088 0.126953 -1.77477
internal_weight=0 434 308 879 295 584 310 274 210 207
internal_count=1313 434 308 879 295 584 310 274 210 207
is_linear=0
shrinkage=0.05


Tree=376
num_leaves=9
num_cat=0
split_feature=3 16 12 14 13 3 7 11
split_gain=423642 485629 361368 1.33122e+06 324352 537460 468042 446255
threshold=0.48224004766551337 0.14894822815614941 1243.7531250000002 435.84674999999976 6558.8215498511909 0.7146963370156213 0.4695937795261384 7022.1361250000009
decision_type=2 2 10 8 10 2 2 10
left_child=-1 -2 3 -3 5 6 -4 -6
right_child=1 2 4 -5 7 -7 -8 -9
leaf_value=2.8835801833424686 -3.1837119869407147 -5.7559366108658168 0.52670051638640503 1.6750583285870762 -2.5438622377480673 -0.91926149563059778 4.0504515659869016 1.4873339901204972
leaf_weight=121 124 107 179 138 157 183 199 122
leaf_count=121 124 107 179 138 157 183 199 122
internal_value=0 -0.219475 0.119295 -1.57031 0.612099 1.30498 2.3818 -0.781117
internal_weight=0 1209 1085 245 840 561 378 279
internal_count=1330 1209 1085 245 840 561 378 279
is_linear=0
shrinkage=0.05


Tree=377
num_leaves=10
num_cat=0
split_feature=8 14 12 14 15 7 5 16 11
split_gain=309957 645748 520847 369182 622991 316738 426383 578897 509594
threshold=0.85602498273017258 -308.21374999999983 8163.0357500000009 546.4607500000003 5.8145022835616906 0.53439777680698708 3.5000000000000004 0.48908224155748942 5198.880000000001
decision_type=2 8 8 10 2 2 2 2 10
left_child=5 -2 3 -3 -5 -1 7 -7 -8
right_child=1 2 -4 4 -6 6 8 -9 -10
leaf_value=-3.1803764683384341 4.6002681550979618 0.98290501317221257 2.3586047792921261 -4.7162557003268031 0.54619922433887513 -0.61941421331603674 -3.918866467428586 3.9196975159540517 0.59611595426836328
leaf_weight=103 100 167 196 114 111 183 126 114 124
leaf_count=103 100 167 196 114 111 183 126 114 124
internal_value=0 0.885804 0.254093 -0.798163 -2.12011 -0.636838 -0.15789 1.12287 -1.67944
internal_weight=0 688 588 392 225 650 547 297 250
internal_count=1338 688 588 392 225 650 547 297 250
is_linear=0
shrinkage=0.05


Tree=378
num_leaves=12
num_cat=0
split_feature=13 10 3 15 3 7 13 13 10 5 7
split_gain=271554 165987 309162 281254 501541 540207 590330 449201 329747 387836 37976.3
threshold=7044.6583288690481 1901.3547500000002 0.7297051653214679 5.9274135746908039 0.59089327169853456 0.51925957881181095 5108.068815476191 4666.4050074404777 3627.9993750000008 2.5000000000000004 0.503491075088072
decision_type=10 2 2 2 2 2 10 10 2 2 2
left_child=1 -1 3 7 -5 6 -6 10 -9 -10 -3
right_child=-2 2 -4 4 5 -7 -8 8 9 -11 -12
leaf_value=1.8606244284327671 2.3367770747851959 0.47166872823238376 -2.6749283752451509 4.0333975819708074 4.2853380464681301 -2.7634589748044984 -0.98620133495756568 0.4024512863584927 -0.90549875305870831 -5.0132877641091396 1.8496430276632312
leaf_weight=101 129 100 118 103 101 113 112 112 118 112 100
leaf_count=101 129 100 118 103 101 113 112 112 118 112 100
internal_value=0 -0.0784169 -0.258255 0.0354298 0.99192 0.0309624 1.51345 -0.721645 -1.82241 -2.90581 1.16066
internal_weight=0 1190 1089 971 429 326 213 542 342 230 200
internal_count=1319 1190 1089 971 429 326 213 542 342 230 200
is_linear=0
shrinkage=0.05


Tree=379
num_leaves=11
num_cat=0
split_feature=10 14 14 14 4 5 14 12 13 13
split_gain=356839 418192 545681 358420 635538 1.15364e+06 743363 406371 252096 233674
threshold=4592.5760000000009 -826.26949999999988 136.91737499999957 772.47450000000015 14.500000000000002 4.5000000000000009 125.20200000000001 5012.1907500000007 5560.4712291666674 5090.1668883928587
decision_type=2 10 10 10 2 2 8 10 8 10
left_child=1 -1 -3 4 5 6 -2 -5 -6 -4
right_child=3 2 9 7 8 -7 -8 -9 -10 -11
leaf_value=3.1189854884147645 2.2134803353548054 -2.5079671647051258 -0.171770930102491 3.1544799158206356 2.2744389247894286 -7.4183805673122407 -3.8385346121001014 -1.0108611849706566 -1.0802989292144776 2.8160660825393822
leaf_weight=150 100 139 127 104 105 100 103 134 120 135
leaf_count=150 100 139 127 104 105 100 103 134 120 135
internal_value=0 0.866777 0.0243057 -0.801656 -1.5278 -3.02264 -0.857246 0.809288 0.485245 1.36776
internal_weight=0 551 401 766 528 303 203 238 225 262
internal_count=1317 551 401 766 528 303 203 238 225 262
is_linear=0
shrinkage=0.05


Tree=380
num_leaves=9
num_cat=0
split_feature=16 13 13 4 5 13 5 12
split_gain=326004 321421 383893 591888 1.22589e+06 353278 446597 194964
threshold=0.17537170383705084 4760.9137745535727 6438.9044062500006 14.500000000000002 3.5000000000000004 5896.606912202381 2.5000000000000004 6699.5410000000002
decision_type=2 8 8 2 2 10 2 8
left_child=-1 7 5 4 -4 6 -3 -2
right_child=1 2 3 -5 -6 -7 -8 -9
leaf_value=1.7146624771818038 -0.61650275011372768 2.4452279784297217 0.12087279743962474 1.0944609445604412 -6.9888375291824349 3.548418160396464 -1.3179727431499597 -3.3403782982986869
leaf_weight=186 123 131 154 176 100 102 198 141
leaf_count=186 123 131 154 176 100 102 198 141
internal_value=0 -0.545033 -0.0770491 -1.13406 -2.67823 0.977506 0.180445 -2.0713
internal_weight=0 1125 861 430 254 431 329 264
internal_count=1311 1125 861 430 254 431 329 264
is_linear=0
shrinkage=0.05


Tree=381
num_leaves=10
num_cat=0
split_feature=10 14 0 14 0 14 11 12 10
split_gain=303689 418493 311185 373686 293384 320035 200508 380773 409822
threshold=4592.5760000000009 -658.70575000000019 6.1302588592192562 546.4607500000003 5.4532869953662049 292.0562500000006 6967.0636250000007 4605.6617500000002 3060.8093750000003
decision_type=2 10 2 10 2 10 8 8 2
left_child=6 -2 4 -4 5 -3 7 -1 -9
right_child=1 2 3 -5 -6 -7 -8 8 -10
leaf_value=3.0793044265034131 -3.3585999802180702 2.4451512698741524 3.0572878745137433 -0.65345641507042784 -2.3591079733225224 -1.2102331245356595 2.5755421149839717 1.2882336456775665 -2.5715240064568405
leaf_weight=103 105 102 147 126 179 145 164 150 127
leaf_count=103 105 102 147 126 179 145 164 150 127
internal_value=0 -0.415331 0.0267913 1.34464 -0.817743 0.299278 1.11435 0.483736 -0.481403
internal_weight=0 804 699 273 426 247 544 380 277
internal_count=1348 804 699 273 426 247 544 380 277
is_linear=0
shrinkage=0.05


Tree=382
num_leaves=10
num_cat=0
split_feature=13 10 13 7 11 10 13 10 13
split_gain=354922 659433 224005 450691 450303 513012 320824 774736 254299
threshold=4724.1026607142858 5528.589750000001 4947.8894270833343 0.46325998172195054 6414.5025000000014 6499.6767500000005 5059.3074590773813 4025.8915000000006 7384.4301934523819
decision_type=8 2 8 2 8 2 10 2 8
left_child=1 -1 -2 6 5 -5 -4 -8 -6
right_child=2 -3 3 4 8 -7 7 -9 -10
leaf_value=0.27835883073116607 2.6612271944296015 -4.586191617683931 -3.5210333416461945 2.0125498126584591 4.2758298578188407 -2.1814381836265917 3.3358800172805787 -2.0724690242689485 0.98724101770807204
leaf_weight=190 103 110 100 141 129 151 100 196 108
leaf_count=190 103 110 100 141 129 151 100 196 108
internal_value=0 -1.50531 0.449381 0.203089 1.15799 -0.156259 -1.07252 -0.245324 2.77723
internal_weight=0 300 1028 925 529 292 396 296 237
internal_count=1328 300 1028 925 529 292 396 296 237
is_linear=0
shrinkage=0.05


Tree=383
num_leaves=10
num_cat=0
split_feature=7 5 13 0 14 12 13 13 14
split_gain=173859 636376 489987 286701 330587 484294 569794 337480 334874
threshold=0.057232266561983172 3.5000000000000004 3808.4850163690476 3.9331599826649337 1201.3581250000004 5077.3042500000001 5670.4112946428577 5202.2732953869054 143.63124999999994
decision_type=2 2 10 2 10 8 10 10 10
left_child=1 -1 -2 -4 5 7 -7 -5 -9
right_child=2 -3 3 4 -6 6 -8 8 -10
leaf_value=-1.0089609180626116 -2.5509817677736284 4.1981248767603017 -1.8482180231679095 -2.0848488364820228 -1.5325248929960975 5.4975477191534914 0.82875969920608206 -0.85487688877119516 2.8000857399060179
leaf_weight=133 185 105 137 132 145 110 161 121 130
leaf_count=133 185 105 137 132 145 110 161 121 130
internal_value=0 1.28828 -0.199663 0.265074 0.627429 1.10632 2.72384 -0.0381958 1.03813
internal_weight=0 238 1121 936 799 654 271 383 251
internal_count=1359 238 1121 936 799 654 271 383 251
is_linear=0
shrinkage=0.05


Tree=384
num_leaves=9
num_cat=0
split_feature=14 14 5 4 12 11 14 7
split_gain=280296 418998 535340 368900 408971 539631 497118 314783
threshold=-744.34987500000034 -522.977125 5.5000000000000009 2.5000000000000004 7304.1262500000012 4928.6376250000012 990.88162500000055 0.54028128582861801
decision_type=8 10 2 2 10 10 10 2
left_child=-1 -2 3 -3 5 7 -7 -5
right_child=1 2 -4 4 -6 6 -8 -9
leaf_value=2.2069875105007273 -2.6157398911921876 -3.0399782303000702 3.0700217998609314 -0.23891710371387248 2.429841384117621 -3.6342640322696478 0.1701310456181184 3.1129293896736354
leaf_weight=111 184 119 123 196 137 191 156 109
leaf_count=111 184 119 123 196 137 191 156 109
internal_value=0 -0.41784 -0.0255857 -0.444925 -0.0535287 -0.575341 -1.92393 0.958956
internal_weight=0 1215 1031 908 789 652 347 305
internal_count=1326 1215 1031 908 789 652 347 305
is_linear=0
shrinkage=0.05


Tree=385
num_leaves=10
num_cat=0
split_feature=15 5 12 3 11 12 14 7 0
split_gain=257731 292311 431773 314607 491191 540768 325178 315276 60465.5
threshold=8.1716629996332983 5.5000000000000009 2786.0127500000003 0.69905258557106398 7993.7987500000008 3379.0362500000006 125.20200000000001 0.28833355956167422 4.5831583158315832
decision_type=2 2 8 2 8 10 10 2 2
left_child=1 2 -1 4 5 -4 -7 -5 -8
right_child=-2 -3 3 7 -6 6 8 -9 -10
leaf_value=2.1695076410969096 -2.4488586958314555 1.8325431300013255 -3.7324373042819881 -1.2084691596997752 -4.0304878453274702 -1.866570905942728 0.73945500659942631 1.9609636322823829 2.4739024059017107
leaf_weight=144 122 178 104 148 143 101 100 167 101
leaf_count=144 122 178 104 148 143 101 100 167 101
internal_value=0 -0.0354283 -0.365288 -0.787754 -1.51047 -0.622876 0.447967 0.471833 1.61099
internal_weight=0 1186 1008 864 549 406 302 315 201
internal_count=1308 1186 1008 864 549 406 302 315 201
is_linear=0
shrinkage=0.05


Tree=386
num_leaves=11
num_cat=0
split_feature=13 10 12 10 10 10 7 7 12 12
split_gain=286996 316957 354582 642345 398877 658618 411061 335644 210692 156057
threshold=3871.5821391369054 3020.5996250000003 7103.7228750000004 7906.507125000001 6145.0835000000015 5410.621000000001 0.19678047349839431 0.55134158760566632 5133.5242500000004 6788.9453750000002
decision_type=8 2 10 2 2 2 2 2 8 8
left_child=-1 9 3 4 5 6 -3 -6 -8 -2
right_child=1 2 -4 -5 7 -7 8 -9 -10 -11
leaf_value=-2.7299147107601165 0.485913533377416 -1.528015105439736 -2.2522515005814401 -3.2110432036587451 3.9840753046498785 -3.2542996153190376 0.83996525789374743 0.17991896653175354 3.8311703958965482 3.2518800532463752
leaf_weight=100 103 111 190 122 138 124 134 100 105 101
leaf_count=100 103 111 190 122 138 124 134 100 105 101
internal_value=0 0.0556137 -0.302925 0.141166 0.715561 -0.123027 0.986339 2.38569 2.15409 1.85534
internal_weight=0 1228 1024 834 712 474 350 238 239 204
internal_count=1328 1228 1024 834 712 474 350 238 239 204
is_linear=0
shrinkage=0.05


Tree=387
num_leaves=11
num_cat=0
split_feature=8 14 16 3 0 14 14 3 4 4
split_gain=309153 547070 554389 468620 323081 262726 245832 243424 438934 270618
threshold=0.8223668700195812 -449.02100000000013 0.24718305163849721 0.53157444943378251 4.8900431709837653 1525.505875000001 708.5100000000001 0.70826411557726321 16.500000000000004 13.500000000000002
decision_type=2 10 2 2 2 8 10 2 2 2
left_child=1 -1 -3 -2 -4 6 7 8 -5 -9
right_child=3 2 4 5 -6 -7 -8 9 -10 -11
leaf_value=-3.8425999843597411 2.878586337812203 -3.123358220039028 -0.63170460121972227 1.1187919725011164 2.954429386164013 2.0448342325668487 -2.455585487586696 -0.58420368094070285 -3.4538640406525256 2.983396859842915
leaf_weight=125 177 101 119 107 133 126 123 102 103 111
leaf_count=125 177 101 119 107 133 126 123 102 103 111
internal_value=0 -1.00004 0.00653564 0.589697 1.26098 -0.0131799 -0.488106 0.0839977 -1.12399 1.27497
internal_weight=0 478 353 849 252 672 546 423 210 213
internal_count=1327 478 353 849 252 672 546 423 210 213
is_linear=0
shrinkage=0.05


Tree=388
num_leaves=10
num_cat=0
split_feature=8 5 11 7 12 13 7 12 13
split_gain=230337 621281 301103 514984 345917 342741 281115 263563 252267
threshold=0.9787113738294807 3.5000000000000004 6816.0311250000004 0.55573735200576946 1243.7531250000002 4931.5767633928581 0.61031015949618561 7002.0775000000012 6024.8598586309536
decision_type=2 2 8 2 10 10 2 8 10
left_child=2 -2 4 7 -1 -6 8 -4 -7
right_child=1 -3 3 -5 5 6 -8 -9 -10
leaf_value=-3.5599864624642041 -1.2168409886907359 3.8189151221901421 1.0015435849428178 2.8801500897348666 1.6947543308249227 -1.6834752819285943 -3.077325407897725 -2.5300533757678103 1.1386587774593557
leaf_weight=111 122 123 100 162 135 169 136 112 149
leaf_count=111 122 123 100 162 135 169 136 112 149
internal_value=0 1.31131 -0.38767 0.757681 -0.999614 -0.517099 -1.17481 -0.864206 -0.361155
internal_weight=0 245 1074 374 700 589 454 212 318
internal_count=1319 245 1074 374 700 589 454 212 318
is_linear=0
shrinkage=0.05


Tree=389
num_leaves=9
num_cat=0
split_feature=15 13 8 8 13 13 16 8
split_gain=283372 557921 288371 753439 402812 539562 357273 673057
threshold=4.021377137713773 4931.5767633928581 0.95059616321645357 0.98841751246531528 4847.9220535714294 6903.0710788690494 0.51445561222788982 0.86477132743868357
decision_type=2 8 2 2 8 10 2 2
left_child=1 -1 4 -4 -2 6 -6 -8
right_child=2 -3 3 -5 5 -7 7 -9
leaf_value=1.2184717221760251 -2.3196652112210669 -3.0678409962129845 4.7809720693528659 -0.84867446771482147 -0.28432889008641843 -2.0516717620990561 4.6681585647069017 -0.4000034441027725
leaf_weight=126 164 191 115 123 199 159 154 114
leaf_count=126 164 191 115 123 199 159 154 114
internal_value=0 -1.36413 0.345816 1.87153 -0.113831 0.464056 1.32059 2.5123
internal_weight=0 317 1028 238 790 626 467 268
internal_count=1345 317 1028 238 790 626 467 268
is_linear=0
shrinkage=0.05


Tree=390
num_leaves=9
num_cat=0
split_feature=13 0 10 15 15 13 13 11
split_gain=291568 791377 408951 639098 708212 450545 611167 448486
threshold=7410.9377008928577 6.6703628696202957 5326.8267500000011 6.7978589525619224 5.3485140180684745 4910.2443452380967 3808.4850163690476 5702.8450000000012
decision_type=10 2 2 2 2 10 10 8
left_child=1 2 5 4 -4 6 -1 -7
right_child=-2 -3 3 -5 -6 7 -8 -9
leaf_value=0.077043535332290497 -2.4235262165985354 3.8021606476033387 -2.7971496725839282 -4.0918138833131108 2.18759978922402 -2.3044962798962829 4.3255690041804469 1.5277051154893773
leaf_weight=196 103 146 126 140 164 183 149 131
leaf_count=196 103 146 126 140 164 183 149 131
internal_value=0 0.345428 -0.118009 -1.31751 0.0218121 0.664669 1.91191 -0.705712
internal_weight=0 1235 1089 430 290 659 345 314
internal_count=1338 1235 1089 430 290 659 345 314
is_linear=0
shrinkage=0.05


Tree=391
num_leaves=11
num_cat=0
split_feature=13 7 11 6 12 12 11 3 11 13
split_gain=256143 617556 352171 328256 1.02368e+06 641903 614383 563942 290433 139588
threshold=5039.3636532738101 0.57600405732649362 5608.3720000000003 1.0000000180025095e-35 7350.0710000000008 2786.0127500000003 5746.4165000000012 0.66795208896578384 3165.6062500000003 5896.606912202381
decision_type=8 2 8 2 10 10 10 2 10 10
left_child=1 2 8 4 5 -2 9 -5 -1 -7
right_child=3 -3 -4 7 -6 6 -8 -9 -10 -11
leaf_value=-3.1261311050222704 2.083356508977559 1.8134460546948887 -4.9399463218801163 0.71541953716013174 5.289238270163537 -1.0077444801459441 -4.042825273419103 -4.2207285306233677 0.42954109332582968 1.5611076105939281
leaf_weight=119 196 111 102 126 100 111 141 107 111 101
leaf_count=119 196 111 102 126 100 111 141 107 111 101
internal_value=0 -1.41515 -2.49459 0.0584586 0.636418 -0.21109 -1.48506 -1.5514 -1.41013 0.216095
internal_weight=0 443 332 882 649 549 353 233 230 212
internal_count=1325 443 332 882 649 549 353 233 230 212
is_linear=0
shrinkage=0.05


Tree=392
num_leaves=10
num_cat=0
split_feature=7 13 13 7 10 12 5 15 4
split_gain=262506 565113 354587 738180 357271 359208 357106 574403 479309
threshold=0.6256666447669027 5365.2527046130963 5181.2097916666671 0.49590148129972983 4816.6130000000003 6005.8556250000011 2.5000000000000004 5.1871228789545638 10.500000000000002
decision_type=2 10 8 2 2 8 2 2 2
left_child=2 -2 3 4 5 -1 8 -8 -4
right_child=1 -3 6 -5 -6 -7 7 -9 -10
leaf_value=0.6815803259015083 3.9840681544594143 -0.73125171275206025 1.8092506592090314 -4.7173824506759647 1.7279682137125687 -3.3995430400356272 -0.85303381520805643 3.3983903818078094 -2.4587818299092397
leaf_weight=100 115 142 104 125 139 117 141 182 179
leaf_count=100 115 142 104 125 139 117 141 182 179
internal_value=0 1.37872 -0.398164 -1.4118 -0.251126 -1.51884 0.406385 1.54251 -0.890318
internal_weight=0 257 1087 481 356 217 606 323 283
internal_count=1344 257 1087 481 356 217 606 323 283
is_linear=0
shrinkage=0.05


Tree=393
num_leaves=12
num_cat=0
split_feature=5 8 16 3 16 15 10 7 4 13 8
split_gain=312429 339936 293273 570824 502763 455932 715881 502964 413581 233383 184631
threshold=1.0000000180025095e-35 0.8299725795842724 0.35606060606060602 0.54408441855635126 0.43946477981131477 3.8053597026369306 5060.5880000000006 0.25162638057143294 10.500000000000002 5927.6305461309539 0.80237246443051713
decision_type=2 2 2 2 2 2 2 2 2 8 2
left_child=1 -1 3 10 -4 -6 7 -7 -8 -10 -2
right_child=2 -3 4 -5 5 6 8 -9 9 -11 -12
leaf_value=0.30347919080517083 -0.73814538800716401 -3.8090205769538876 4.0613206152522237 -3.5261495182037352 -2.593636519719507 0.73772608661651617 2.4068344257410295 5.6372267768599773 -2.6893607651304503 0.15253822336663736 2.3002027614116671
leaf_weight=101 100 100 109 125 107 100 103 110 146 143 100
leaf_count=101 100 100 109 125 107 100 103 110 146 143 100
internal_value=0 -1.74254 0.395048 -0.875578 0.899881 0.413849 0.948402 3.30413 -0.313596 -1.28316 0.781029
internal_weight=0 201 1143 325 818 709 602 210 392 289 200
internal_count=1344 201 1143 325 818 709 602 210 392 289 200
is_linear=0
shrinkage=0.05


Tree=394
num_leaves=9
num_cat=0
split_feature=14 16 5 15 14 10 11 5
split_gain=470624 467125 678446 604213 383085 436167 385025 259970
threshold=2028.5828750000007 0.84100910091009096 4.5000000000000009 7.2277936126946036 -308.21374999999983 7308.1447500000013 6455.7137500000008 2.5000000000000004
decision_type=8 2 2 2 10 2 10 2
left_child=1 4 3 -3 -1 6 7 -6
right_child=-2 2 -4 -5 5 -7 -8 -9
leaf_value=2.7462703382267675 2.2709323557622638 -2.5178963486911261 -5.047064052570251 2.1451545861032275 2.426568921890901 -3.0996336918610794 -1.8491250552287717 -0.32802226814356716
leaf_weight=119 162 171 124 117 193 117 147 154
leaf_count=119 162 171 124 117 193 117 147 154
internal_value=0 -0.608821 -1.95489 -0.623532 0.150877 -0.354609 0.295528 1.20407
internal_weight=0 1142 412 288 730 611 494 347
internal_count=1304 1142 412 288 730 611 494 347
is_linear=0
shrinkage=0.05


Tree=395
num_leaves=9
num_cat=0
split_feature=3 3 3 4 4 10 11 12
split_gain=289664 417740 437930 935658 469743 368083 294936 433872
threshold=0.48224004766551337 0.50696179509160788 0.6659910053267355 17.500000000000004 14.500000000000002 4707.9080000000004 6939.0162500000015 5032.8700000000008
decision_type=2 2 2 2 2 2 8 10
left_child=-1 -2 6 4 5 -4 7 -3
right_child=1 2 3 -5 -6 -7 -8 -9
leaf_value=2.6472743343223226 -2.4519032691841698 2.2281876203900608 0.76633036841327951 -4.7747205835757871 2.5719966806597632 -2.6635408250671446 3.2708501262759619 -1.6974165005930537
leaf_weight=132 134 179 192 101 177 132 176 116
leaf_count=132 134 179 192 101 177 132 176 116
internal_value=0 0.180285 0.509002 -0.384477 0.500582 -0.631025 1.65099 0.68456
internal_weight=0 1207 1073 602 501 324 471 295
internal_count=1339 1207 1073 602 501 324 471 295
is_linear=0
shrinkage=0.05


Tree=396
num_leaves=11
num_cat=0
split_feature=15 14 14 10 15 8 10 10 16 15
split_gain=380236 270297 347869 498410 619657 279881 573417 493140 273900 92958.2
threshold=8.3010884421775533 265.89874999999989 990.88162500000055 4518.1601250000012 6.308822548921559 0.82501466908338139 5410.621000000001 5497.1775000000007 0.60339367270060362 5.8145022835616906
decision_type=2 8 10 2 2 2 2 2 2 2
left_child=1 5 3 8 -5 6 -1 -7 -3 -4
right_child=-2 2 9 4 -6 7 -8 -9 -10 -11
leaf_value=2.321666779270712 -2.824852588772774 1.6850344118832041 2.4046477866815588 -4.9809902060557825 0.20381269198656082 0.39327821811524832 -2.9168340113556503 4.6530186618710392 -1.6247475001418477 0.25934053635597232
leaf_weight=106 112 159 102 136 100 164 103 116 103 100
leaf_count=106 112 159 102 136 100 164 103 116 103 100
internal_value=0 0.222588 -0.407505 -1.11739 -2.78404 1.12456 -0.259987 2.15803 0.383861 1.34261
internal_weight=0 1189 700 498 236 489 209 280 262 202
internal_count=1301 1189 700 498 236 489 209 280 262 202
is_linear=0
shrinkage=0.05


Tree=397
num_leaves=10
num_cat=0
split_feature=10 14 13 13 3 16 14 16 3
split_gain=238420 312386 257966 345823 380094 528962 488229 397030 322838
threshold=1901.3547500000002 -1542.6836249999994 7384.4301934523819 6749.2609836309539 0.60311688419369769 0.9669008567523415 -30.408374999999975 1.3371378804547134 0.49782819803893258
decision_type=2 10 10 10 2 2 10 2 2
left_child=-1 -2 3 4 6 -6 -3 -7 -8
right_child=1 2 -4 -5 5 7 8 -9 -10
leaf_value=2.4219427263382638 -2.4039792476532362 3.977622555934631 -2.2038087183466324 2.6535274637799686 -2.9099334541008557 2.9579419997977277 -2.0410356465760655 -1.0057047631636442 1.3839059550459214
leaf_weight=101 132 111 104 147 197 102 111 166 181
leaf_count=101 132 111 104 147 197 102 111 166 181
internal_value=0 -0.103516 0.167852 0.41086 0.0310534 -0.942997 1.15496 0.502847 0.081959
internal_weight=0 1251 1119 1015 868 465 403 268 292
internal_count=1352 1251 1119 1015 868 465 403 268 292
is_linear=0
shrinkage=0.05


Tree=398
num_leaves=10
num_cat=0
split_feature=8 13 11 0 7 16 12 11 11
split_gain=263634 823776 323644 451780 506803 319020 291407 382251 266397
threshold=0.9493570948019121 4910.2443452380967 2548.7687500000006 6.3312581258125817 0.35454752074292278 0.72426826015934942 3107.7450000000003 7920.0148750000008 5173.7500000000009
decision_type=2 8 8 2 2 2 8 8 10
left_child=2 -2 -1 4 -4 -3 -6 8 -8
right_child=1 5 3 -5 6 -7 7 -9 -10
leaf_value=2.1618656917854593 4.4622695025147463 -2.4494015494554211 -3.2099779712415377 -2.8979025428859813 -1.6568789950106293 1.3740290094926522 0.92369145441938338 -1.0091200323294331 3.9924862363829021
leaf_weight=108 123 116 113 190 128 103 189 151 113
leaf_count=108 123 116 113 190 128 103 189 151 113
internal_value=0 1.18788 -0.421952 -0.737622 -0.146191 -0.651167 0.449692 1.04493 2.07195
internal_weight=0 342 992 884 694 219 581 453 302
internal_count=1334 342 992 884 694 219 581 453 302
is_linear=0
shrinkage=0.05


Tree=399
num_leaves=9
num_cat=0
split_feature=12 14 7 14 7 7 12 11
split_gain=258142 414989 606545 743440 386174 340994 327470 487288
threshold=3465.9887500000009 1269.8450000000005 0.28059707016960439 730.86725000000126 0.049682476320794478 0.4695937795261384 9419.6427500000009 4804.7018750000007
decision_type=8 10 2 10 2 2 8 10
left_child=5 2 4 6 -2 -1 7 -4
right_child=1 -3 3 -5 -6 -7 -8 -9
leaf_value=0.73840430461842077 0.27873679425547032 -2.4303188566333991 -0.24793739222840175 5.4855869593573559 -3.399195219694167 -2.7745103961773316 -0.78094237610848261 3.7080337376225216
leaf_weight=115 183 121 149 102 117 173 198 163
leaf_count=115 183 121 149 102 117 173 198 163
internal_value=0 0.321011 0.686045 1.58884 -1.15566 -1.37178 0.809491 1.8188
internal_weight=0 1033 912 612 300 288 510 312
internal_count=1321 1033 912 612 300 288 510 312
is_linear=0
shrinkage=0.05


Tree=400
num_leaves=11
num_cat=0
split_feature=5 3 4 12 13 7 16 4 15 13
split_gain=312358 232962 577167 371138 464241 716725 511070 426092 387456 361583
threshold=1.0000000180025095e-35 0.70826411557726321 14.500000000000002 8607.1571250000015 6871.5982961309537 0.53029708918218277 0.39616878354502078 9.5000000000000018 4.5716821682168227 5102.5891592261914
decision_type=2 2 2 8 10 2 2 2 2 10
left_child=-1 3 9 4 5 7 -7 -2 -5 -3
right_child=1 2 -4 8 -6 6 -8 -9 -10 -11
leaf_value=-2.1611352211519992 0.89464736597638739 -2.4174192198463107 3.6209205763230865 -0.17670131244901885 -2.6575948242747458 0.632441604966825 5.5308510013829881 -3.3415127012294299 -4.362708176328586 1.5305725935177925
leaf_weight=179 142 115 142 118 109 106 107 102 104 117
leaf_count=179 142 115 142 118 109 106 107 102 104 117
internal_value=0 0.0826504 1.11028 -0.405082 0.274501 0.973841 3.09314 -0.876206 -2.13771 -0.426406
internal_weight=0 1162 374 788 566 457 213 244 222 232
internal_count=1341 1162 374 788 566 457 213 244 222 232
is_linear=0
shrinkage=0.05


Tree=401
num_leaves=9
num_cat=0
split_feature=16 3 3 10 12 8 8 12
split_gain=444662 257466 486377 435632 439922 305084 751224 261530
threshold=0.17537170383705084 0.72506244392234087 0.73437671910732161 7130.8721250000008 5908.5311250000013 0.84786768035203297 0.78906252622864459 4144.0000000000009
decision_type=2 2 2 2 8 2 2 10
left_child=-1 3 -3 5 -5 6 -2 -7
right_child=1 2 -4 4 -6 7 -8 -9
leaf_value=1.7180587945037715 -1.1184417629614474 3.1027357808515141 -1.5417620079857963 2.2372038525301261 -1.8148998754365104 0.35760564509666332 -6.4436536999930327 -2.3567833273982006
leaf_weight=179 160 102 126 143 126 165 113 192
leaf_count=179 160 102 126 143 126 165 113 192
internal_value=0 -0.964615 0.53604 -1.3452 0.339192 -2.06441 -3.32265 -1.10223
internal_weight=0 1127 228 899 269 630 273 357
internal_count=1306 1127 228 899 269 630 273 357
is_linear=0
shrinkage=0.05


Tree=402
num_leaves=10
num_cat=0
split_feature=14 10 12 3 15 3 4 10 14
split_gain=383464 268436 194422 379896 549467 429995 375114 341715 255017
threshold=-771.53750000000002 8277.3393750000014 6801.9046250000001 0.7148812248969999 3.6367928459512622 0.60600690598563867 5.5000000000000009 3020.5996250000003 546.4607500000003
decision_type=8 2 10 2 2 2 2 2 8
left_child=-1 2 3 4 -2 6 -6 -5 -7
right_child=1 -3 -4 7 5 8 -8 -9 -10
leaf_value=2.9183125210079282 -1.7994679683381347 -2.5437787720450649 -1.4107575610440266 1.0523197598285503 2.1344525882494665 1.7082674932246116 -1.4396429833792548 -2.4676466714713601 5.1790403582833031
leaf_weight=110 135 108 186 111 167 102 131 182 110
leaf_count=110 135 108 186 111 167 102 131 182 110
internal_value=0 -0.162795 0.0659829 0.358812 1.03701 1.78784 0.56329 -1.13414 3.50914
internal_weight=0 1232 1124 938 645 510 298 293 212
internal_count=1342 1232 1124 938 645 510 298 293 212
is_linear=0
shrinkage=0.05


Tree=403
num_leaves=11
num_cat=0
split_feature=10 0 10 15 5 10 12 16 7 12
split_gain=210537 388861 423649 327884 317445 257195 223752 289770 511066 149413
threshold=1901.3547500000002 3.3945852918625206 3832.7250000000008 5.6292545921258794 3.5000000000000004 3109.2846250000007 3672.9137500000002 0.6984490115678238 0.4695937795261384 4115.7787500000013
decision_type=2 2 2 2 2 2 8 2 2 10
left_child=-1 -2 5 4 9 -3 -5 -8 -9 -4
right_child=1 2 3 6 -6 -7 7 8 -10 -11
leaf_value=2.0985983115718478 -3.159798491230378 0.30940790092945103 -1.789155773445964 -1.114426246133386 -3.7585225941771174 3.8778369254925673 -0.87314442495505018 -0.13971698304989955 4.2277678664714573 0.8560634220347686
leaf_weight=105 104 100 112 196 118 102 144 143 126 102
leaf_count=105 104 100 112 196 118 102 144 143 126 102
internal_value=0 -0.232681 0.0336539 -0.412342 -1.67642 2.11129 0.27678 0.937013 1.90602 -0.52835
internal_weight=0 1247 1143 941 332 202 609 413 269 214
internal_count=1352 1247 1143 941 332 202 609 413 269 214
is_linear=0
shrinkage=0.05


Tree=404
num_leaves=10
num_cat=0
split_feature=14 7 5 3 0 3 12 11 4
split_gain=335881 246077 712059 316522 514393 628593 451588 212628 167264
threshold=-744.34987500000034 0.27346672151381474 3.5000000000000004 0.6217273683266944 6.3186526986031941 0.71572968609114596 7680.4096250000011 6852.170000000001 5.5000000000000009
decision_type=8 2 2 2 2 2 8 10 2
left_child=-1 2 -2 6 5 -5 7 8 -3
right_child=1 3 -4 4 -6 -7 -8 -9 -10
leaf_value=2.7446026035717557 -3.2598342520089783 0.86614440651610503 1.1415581142109943 5.8329080746322877 -1.0742513391508985 0.70134280805249472 -2.8159993845589306 2.3589689063576031 -1.8334201114682054
leaf_weight=112 196 128 173 100 134 148 147 106 104
leaf_count=112 196 128 173 100 134 148 147 106 104
internal_value=0 -0.114894 -1.19631 0.345363 1.42183 2.77052 -0.502496 0.503673 -0.344005
internal_weight=0 1236 369 867 382 248 485 338 232
internal_count=1348 1236 369 867 382 248 485 338 232
is_linear=0
shrinkage=0.05


Tree=405
num_leaves=10
num_cat=0
split_feature=5 8 13 14 0 16 10 3 3
split_gain=368831 309618 543335 739638 373821 367104 287991 557853 224539
threshold=1.0000000180025095e-35 0.82360706126465255 4660.0974858630971 150.30862499999992 6.4754225422542264 0.44469863653032032 4592.5760000000009 0.70440677252801454 0.59089327169853456
decision_type=2 2 10 10 2 2 2 2 2
left_child=-1 2 -2 -4 5 8 -7 -8 -3
right_child=1 4 3 -5 -6 6 7 -9 -10
leaf_value=-1.6281354074055951 2.6502524184289382 3.6910365363871551 -4.9954270309805873 0.33178407403237042 4.0777947731942774 1.3451828136326787 -3.9789693308811565 1.2632724702358247 0.5980420832037926
leaf_weight=192 107 142 100 187 107 188 102 101 100
leaf_count=192 107 142 100 187 107 188 102 101 100
internal_value=0 0.74159 -0.390665 -1.52439 1.34444 0.882403 -0.0648849 -1.37076 2.41294
internal_weight=0 1134 394 287 740 633 391 203 242
internal_count=1326 1134 394 287 740 633 391 203 242
is_linear=0
shrinkage=0.05


Tree=406
num_leaves=9
num_cat=0
split_feature=3 10 14 5 8 14 0 12
split_gain=312739 447417 945754 383529 664747 376607 313672 259829
threshold=0.6659910053267355 2898.5950000000007 -347.47250000000003 4.5000000000000009 0.85164732870288484 964.03387500000019 4.8388922225555904 4236.7195000000002
decision_type=2 2 10 2 2 10 2 10
left_child=1 -1 -3 4 -2 7 -6 -4
right_child=3 2 5 -5 6 -7 -8 -9
leaf_value=-2.1873313242029919 3.0846063528742111 5.558646236084126 0.98244669979917798 -2.7813936830272339 0.93702026964337737 2.6607650526932307 -2.4128223489631306 -1.7209688654071407
leaf_weight=107 126 108 167 169 108 133 198 190
leaf_count=107 126 108 167 169 108 133 198 190
internal_value=0 0.790433 1.32324 -0.761956 0.028055 0.389727 -1.23052 -0.456346
internal_weight=0 705 598 601 432 490 306 357
internal_count=1306 705 598 601 432 490 306 357
is_linear=0
shrinkage=0.05


Tree=407
num_leaves=10
num_cat=0
split_feature=0 13 10 16 15 5 3 15 12
split_gain=151106 242575 376555 413677 674882 672167 285667 620800 758662
threshold=6.6965988265493221 7031.7957492559535 4612.8626250000007 0.48443177651098429 4.9716930026335975 4.5000000000000009 0.72845864319407949 3.0603060306030607 4683.9212500000003
decision_type=2 10 2 2 2 2 2 2 10
left_child=1 2 6 4 -4 -5 7 -1 -9
right_child=-2 -3 3 5 -6 -7 -8 8 -10
leaf_value=-1.3539932248306772 1.7941465065667506 2.3316923839705335 -2.5811053342158257 -0.57385602257954771 2.8228565571926261 -5.5830669633167638 -0.93237126927822844 5.6403249991759097 0.10056000143034845
leaf_weight=120 152 112 101 195 135 102 160 131 117
leaf_count=120 152 112 101 195 135 102 160 131 117
internal_value=0 0.118635 -0.114978 -1.0525 0.510144 -2.29419 0.83142 1.59829 3.02681
internal_weight=0 1173 1061 533 236 297 528 368 248
internal_count=1325 1173 1061 533 236 297 528 368 248
is_linear=0
shrinkage=0.05


Tree=408
num_leaves=9
num_cat=0
split_feature=16 11 13 16 4 4 5 13
split_gain=303622 324223 345944 335995 481183 334872 213265 381610
threshold=1.673329832983298 9866.3631250000017 6970.2785245535724 1.0682276560989437 11.500000000000002 20.500000000000004 3.5000000000000004 5108.068815476191
decision_type=2 8 10 2 2 2 2 10
left_child=1 2 3 4 6 -6 7 -1
right_child=-2 -3 -4 -5 5 -7 -8 -9
leaf_value=2.0777057191072887 -2.9433304759665071 -2.1137315712581026 -2.247922887466848 2.475160449776757 -2.8485445225238801 0.63367179994072231 2.357530819034825 -2.0063815827842233
leaf_weight=118 107 181 128 178 180 112 192 111
leaf_count=118 107 181 128 178 180 112 192 111
internal_value=0 -0.163667 0.182713 0.531895 0.0467603 -1.5129 1.12852 0.0980826
internal_weight=0 1200 1019 891 713 292 421 229
internal_count=1307 1200 1019 891 713 292 421 229
is_linear=0
shrinkage=0.05


Tree=409
num_leaves=11
num_cat=0
split_feature=10 15 4 13 10 15 3 12 16 13
split_gain=300512 356906 396737 461541 317367 696535 431231 370912 287449 193388
threshold=3020.5996250000003 5.9489698969896994 6.5000000000000009 5332.7113891369054 6217.5320000000002 6.7286645331199795 0.69967274380213218 5908.5311250000013 0.41252041870853789 4006.5344903273813
decision_type=2 2 2 10 2 2 2 8 2 10
left_child=9 2 3 -2 5 -3 7 -6 -4 -1
right_child=1 4 8 -5 6 -7 -8 -9 -10 -11
leaf_value=-0.25652499669740181 1.6928885700084546 -1.2194382433797799 -5.1738113472461702 -2.6702085616371853 2.2012865897325371 4.5956777263146185 -3.4724292519457132 -1.7534656489660982 -1.6941156237909241 2.513088936058443
leaf_weight=119 135 102 100 110 130 104 103 109 146 134
leaf_count=119 135 102 100 110 130 104 103 109 146 134
internal_value=0 -0.71122 -1.69023 -0.266053 0.165962 1.71635 -0.767897 0.397655 -3.10863 1.21039
internal_weight=0 1039 491 245 548 206 342 239 246 253
internal_count=1292 1039 491 245 548 206 342 239 246 253
is_linear=0
shrinkage=0.05


Tree=410
num_leaves=11
num_cat=0
split_feature=8 13 13 11 12 12 16 15 14 0
split_gain=325313 314084 481542 679223 490622 661833 506069 398602 263870 332897
threshold=0.70954988275035225 4137.0024069940482 5039.3636532738101 3655.6275000000005 7778.7822500000011 2786.0127500000003 1.1975280861419488 4.5716821682168227 292.0562500000006 5.4324599126579338
decision_type=2 10 10 10 10 10 2 2 10 2
left_child=-1 7 3 -3 5 -4 8 -2 -7 -10
right_child=1 2 4 -5 -6 6 -8 -9 9 -11
leaf_value=-2.1164477607393577 4.0359928458929062 -5.0855075700769152 3.5422635198733126 0.27194005426743051 3.7666598618609237 1.7163180217244269 -3.682480710431149 0.04177957363982699 -3.0083613372416727 0.95447654579287389
leaf_weight=153 117 103 109 139 103 153 114 134 105 107
leaf_count=153 117 103 109 139 103 153 114 134 105 107
internal_value=0 0.333547 -0.0888425 -2.0083 0.583383 0.0257681 -0.774437 1.90362 0.133829 -1.00825
internal_weight=0 1184 933 242 691 588 479 251 365 212
internal_count=1337 1184 933 242 691 588 479 251 365 212
is_linear=0
shrinkage=0.05


Tree=411
num_leaves=10
num_cat=1
split_feature=13 0 10 7 7 4 10 9 5
split_gain=303465 350769 296581 522088 704313 437714 403624 278159 423214
threshold=7410.9377008928577 6.5942010867753451 4180.3218750000005 0.6256666447669027 0.56520147139266441 17.500000000000004 5557.6150000000007 0 3.5000000000000004
decision_type=10 2 2 2 2 2 2 9 2
left_child=1 2 7 4 5 6 -4 8 -1
right_child=-2 -3 3 -5 -6 -7 -8 -9 -10
leaf_value=-0.17953962182378494 -2.6840440287590028 2.2957619822236914 -1.2713817233098794 2.1390310669767447 -5.3120634376412568 -3.2523711269408206 2.5613601364916372 -1.2752580933032498 3.3545105130961503
leaf_weight=173 100 169 154 116 101 113 124 114 166
leaf_count=173 100 169 154 116 101 113 124 114 166
internal_value=0 0.18012 -0.156868 -0.878442 -1.58988 -0.628394 0.438187 0.811604 1.50656
internal_weight=0 1230 1061 608 492 391 278 453 339
internal_count=1330 1230 1061 608 492 391 278 453 339
cat_boundaries=0 1
cat_threshold=129
is_linear=0
shrinkage=0.05


Tree=412
num_leaves=10
num_cat=0
split_feature=13 13 11 15 12 10 3 13 3
split_gain=214659 545351 477709 346850 806399 539748 696180 318203 214850
threshold=5047.1090840773822 5469.2313831845249 6096.9351250000009 4.7103877054372107 8026.7225000000008 7571.1913750000012 0.64262643635754146 4632.4860654761915 0.72165687301732362
decision_type=8 8 8 2 8 2 2 10 2
left_child=2 -2 7 4 -3 6 -5 -1 -8
right_child=1 3 -4 5 -6 -7 8 -9 -10
leaf_value=1.5983094085203975 3.3792044774947629 -4.5121794517551157 -3.7003426875695591 5.4372542797940451 1.5575056430335357 -1.5050076415703733 -1.1504681318510916 -1.443696814661573 2.0730597759485248
leaf_weight=190 155 112 100 103 107 159 107 157 100
leaf_count=190 155 112 100 103 107 159 107 157 100
internal_value=0 0.699896 -0.655517 0.0962731 -1.54663 0.863426 2.0782 0.221955 0.406792
internal_weight=0 843 447 688 219 469 310 347 207
internal_count=1290 843 447 688 219 469 310 347 207
is_linear=0
shrinkage=0.05


Tree=413
num_leaves=11
num_cat=0
split_feature=11 7 11 10 11 11 11 10 10 12
split_gain=196526 563345 336245 321627 234732 652693 272337 354092 322978 456554
threshold=1860.6670000000001 0.48426539122296303 2696.1723750000006 3060.8093750000003 7711.1350000000011 8906.1312500000022 6737.5735000000013 7778.3687500000005 4770.9222500000005 4564.6135000000004
decision_type=10 2 10 2 10 10 10 2 2 8
left_child=1 -1 -2 -4 6 -6 7 8 -5 -10
right_child=2 -3 3 4 5 -7 -8 -9 9 -11
leaf_value=-4.1307603099558614 2.9853249735832215 1.0875347659272969 2.0435269514528609 -1.4148002775160822 3.8351463481358117 -1.7010028020099359 -3.1518779808215118 -2.8932987000407846 -0.53861796507219073 3.6371796896902184
leaf_weight=101 100 106 156 182 105 108 110 116 147 118
leaf_count=101 100 106 156 182 105 108 110 116 147 118
internal_value=0 -1.45859 0.215843 -0.0499427 -0.418545 1.02808 -0.876393 -0.431805 0.206973 1.32079
internal_weight=0 207 1142 1042 886 213 673 563 447 265
internal_count=1349 207 1142 1042 886 213 673 563 447 265
is_linear=0
shrinkage=0.05


Tree=414
num_leaves=11
num_cat=0
split_feature=16 15 15 11 14 13 14 11 0 7
split_gain=321901 430660 561193 384150 542344 821574 345471 370919 678723 279580
threshold=0.5302321898856549 3.8425925925925939 5.1422600593392671 4224.8462500000014 91.372999999999607 6215.3105863095252 -233.80250000000044 7289.1581250000008 4.8986898689868985 0.35645640166361431
decision_type=2 2 2 8 8 8 8 10 2 2
left_child=6 -2 -3 -4 -5 -6 -1 8 9 -8
right_child=1 2 3 4 5 -7 7 -9 -10 -11
leaf_value=3.1323583169605422 -3.6273309299349785 3.0147075000318511 -3.0991559969882174 2.9989018535614016 -4.2887419017349799 1.3806315211425151 -1.0177859691473155 2.7917805736537513 -3.2647265336657534 2.3465921071407041
leaf_weight=115 120 103 156 100 123 133 104 102 149 152
leaf_count=115 120 103 156 100 123 133 104 102 149 152
internal_value=0 -0.887394 -0.352772 -1.03021 -0.123599 -1.34333 0.658152 0.0969421 -0.581758 0.979814
internal_weight=0 735 615 512 356 256 622 507 405 256
internal_count=1357 735 615 512 356 256 622 507 405 256
is_linear=0
shrinkage=0.05


Tree=415
num_leaves=11
num_cat=0
split_feature=14 16 16 15 8 15 12 12 14 10
split_gain=202328 255927 389252 512614 769690 432188 828084 408542 379982 307430
threshold=-469.30712500000021 1.5474505783911738 0.51445561222788982 3.9652423575690903 0.81826136178216324 3.6367928459512622 7680.4096250000011 2548.7687500000006 491.34200000000016 6969.2492500000008
decision_type=8 2 2 2 2 2 8 10 10 2
left_child=-1 2 5 -4 -5 -2 9 -6 -9 -7
right_child=1 -3 3 4 7 6 -8 8 -10 -11
leaf_value=-1.7750882370430128 2.0901552004240722 -2.1911387581740862 -1.8977428870239095 5.7601250085376563 3.4494114229083062 1.1802911905552211 -5.0305072120407175 1.6188540115139702 -2.6071158432266088 -2.2447454313039783
leaf_weight=171 112 113 102 105 100 190 114 110 103 100
leaf_count=171 112 113 102 105 100 190 114 110 103 100
internal_value=0 0.0683439 0.314793 1.28024 2.05573 -0.658139 -1.42004 0.813042 -0.42469 -0.00075592
internal_weight=0 1149 1036 520 418 516 404 313 213 290
internal_count=1320 1149 1036 520 418 516 404 313 213 290
is_linear=0
shrinkage=0.05


Tree=416
num_leaves=10
num_cat=0
split_feature=13 11 13 5 8 8 3 16 16
split_gain=243362 534381 303425 988821 395678 225543 374454 486237 202939
threshold=4760.9137745535727 4928.6376250000012 5469.2313831845249 2.5000000000000004 0.7434746737393888 0.9616788968755523 0.53730933772889555 0.6984490115678238 1.1975280861419488
decision_type=8 8 8 2 2 2 2 2 2
left_child=1 -1 3 -2 -4 6 -6 -8 -9
right_child=2 -3 4 -5 5 -7 7 8 -10
leaf_value=0.41778482225503821 5.0994957807122683 -3.8782327206408391 -3.0914450593714449 -0.70548311622570392 2.8520610347390178 -1.6170162283900109 -2.7022730247276585 2.8866797583103181 -0.17485892186730595
leaf_weight=178 122 122 106 184 144 132 123 100 118
leaf_count=178 122 122 106 184 144 132 123 100 118
internal_value=0 -1.32926 0.289157 1.60892 -0.269416 0.215406 0.714127 -0.188695 1.22952
internal_weight=0 300 1029 306 723 617 485 341 218
internal_count=1329 300 1029 306 723 617 485 341 218
is_linear=0
shrinkage=0.05


Tree=417
num_leaves=11
num_cat=0
split_feature=11 15 3 16 13 11 15 5 8 11
split_gain=290623 394899 323896 422664 859703 515117 574029 397721 232724 205277
threshold=3630.2551250000006 5.2119336933693381 0.4814229645429785 0.91405390539053866 5104.3257462797619 10176.152500000002 6.5803163649698311 3.5000000000000004 0.90645503721055631 5553.8325000000004
decision_type=8 2 2 2 10 8 2 2 2 10
left_child=1 -1 -2 5 -5 6 7 9 -6 -4
right_child=2 -3 3 4 8 -7 -8 -9 -10 -11
leaf_value=-3.0463045871877052 3.1597235010665599 0.50066471353173259 1.1872466242201976 5.367709216276805 1.4802609108992526 -3.7761056641028041 -3.0759276630661709 2.9776651075908118 -1.7723148766460768 -1.9172030768304502
leaf_weight=154 103 160 107 105 111 105 110 154 109 106
leaf_count=154 103 160 107 105 111 105 110 154 109 106
internal_value=0 -1.23893 0.50269 0.200954 1.64534 -0.60562 0.0922856 1.04189 -0.131243 -0.357691
internal_weight=0 314 1010 907 325 582 477 367 220 213
internal_count=1324 314 1010 907 325 582 477 367 220 213
is_linear=0
shrinkage=0.05


Tree=418
num_leaves=10
num_cat=0
split_feature=14 14 15 12 10 12 7 10 13
split_gain=337966 342619 373729 432489 333845 329436 547118 322176 241624
threshold=2028.5828750000007 1269.8450000000005 7.0384288428842892 5280.3630000000012 6507.9031250000007 1506.7007500000002 0.5501468614396513 3416.5141250000001 5149.2331622023821
decision_type=8 10 2 8 2 10 2 2 10
left_child=1 2 4 -4 5 -1 7 -7 -9
right_child=-2 -3 3 -5 -6 6 -8 8 -10
leaf_value=-1.8920550099501374 2.3050218844274331 -2.4843732114056594 -0.27400148526757168 3.9942678815364836 -2.2928936513264975 1.7648645940111647 3.6143181810852227 0.45353465422545325 -2.8716638290581584
leaf_weight=141 171 131 113 125 165 134 131 101 119
leaf_count=141 171 131 113 125 165 134 131 101 119
internal_value=0 -0.0760278 0.230574 1.96774 -0.292112 0.23525 0.853704 -0.167879 -1.3451
internal_weight=0 1160 1029 238 791 626 485 354 220
internal_count=1331 1160 1029 238 791 626 485 354 220
is_linear=0
shrinkage=0.05


Tree=419
num_leaves=10
num_cat=0
split_feature=8 12 14 12 14 11 12 8 11
split_gain=615038 884102 495604 366800 385024 518932 232266 439504 263394
threshold=0.9493570948019121 4144.0000000000009 -658.70575000000019 9419.6427500000009 1314.2828749999996 6967.0636250000007 3107.7450000000003 0.78730618552203213 3945.3612500000004
decision_type=2 10 8 8 10 10 10 2 10
left_child=2 -2 -1 4 5 6 -4 -8 -9
right_child=1 -3 3 -5 -6 -7 7 8 -10
leaf_value=-3.9203792976140974 4.70544489867547 -0.4195582517009368 -1.8460709207936337 -2.2122865803414884 -2.4025814559724594 3.9206284462868632 -1.5576491882617121 0.37557750608561175 3.8840246959968852
leaf_weight=100 153 187 114 179 108 111 128 106 108
leaf_count=100 153 187 114 179 108 111 128 106 108
internal_value=0 1.88669 -0.590012 -0.200039 0.333579 0.854752 0.108453 0.759961 2.1462
internal_weight=0 340 954 854 675 567 456 342 214
internal_count=1294 340 954 854 675 567 456 342 214
is_linear=0
shrinkage=0.05


Tree=420
num_leaves=9
num_cat=0
split_feature=5 13 12 13 13 15 3 3
split_gain=202573 250673 255418 319633 404990 377348 533712 429494
threshold=1.0000000180025095e-35 4137.0024069940482 1506.7007500000002 4887.6527455357145 5094.1165543154775 6.2019285261859531 0.51531811291377971 0.70930376381088489
decision_type=2 8 10 10 10 2 2 2
left_child=-1 -2 -3 -4 -5 6 -6 -7
right_child=1 2 3 4 5 7 -8 -9
leaf_value=-1.4063729678266612 2.3369981515056946 -1.6563932056393889 2.5805104045800764 -2.7320095883245052 -1.0350262979865075 -2.1243984472751616 3.5634090888918495 1.9238813754618169
leaf_weight=199 136 180 142 115 100 190 171 100
leaf_count=199 136 180 142 115 100 190 171 100
internal_value=0 0.323214 0.0487909 0.424015 -0.0289768 0.525121 1.86657 -0.72844
internal_weight=0 1134 998 818 676 561 271 290
internal_count=1333 1134 998 818 676 561 271 290
is_linear=0
shrinkage=0.05


Tree=421
num_leaves=10
num_cat=0
split_feature=3 16 16 12 11 14 14 7 12
split_gain=140439 188341 416234 365022 361368 372688 344815 455229 225122
threshold=0.73593130476935964 0.47918125145847951 0.25430459712637959 3913.7600000000002 4240.6452500000005 -63.073124999999884 182.42412500000026 0.37017503158362491 5298.5196250000008
decision_type=2 2 2 10 10 8 10 2 8
left_child=1 2 8 -4 5 -3 -6 -8 -1
right_child=-2 4 3 -5 6 -7 7 -9 -10
leaf_value=0.77952290081977849 1.4763268242197589 -4.6726520108580587 3.9192296653731256 0.033352137506008149 2.2215919601098273 -0.86938703937754447 -3.0531066616072913 0.92188013941049585 -2.3312673731673534
leaf_weight=100 121 100 117 125 131 181 131 160 139
leaf_count=100 121 100 117 125 131 181 131 160 139
internal_value=0 -0.312016 0.450364 1.91206 -0.833644 -2.22286 0.0914038 -0.867547 -1.02968
internal_weight=0 1184 481 242 703 281 422 291 239
internal_count=1305 1184 481 242 703 281 422 291 239
is_linear=0
shrinkage=0.05


Tree=422
num_leaves=10
num_cat=0
split_feature=8 0 5 11 0 0 8 4 11
split_gain=319252 452049 397755 300433 297569 434885 265781 210348 98377.2
threshold=0.9493570948019121 3.9930243024302432 3.5000000000000004 2153.2641250000006 6.2921667166716677 4.8388922225555904 0.8299725795842724 7.5000000000000009 5318.0386250000001
decision_type=2 2 2 10 2 2 2 2 10
left_child=3 -2 -3 -1 5 8 -6 -7 -5
right_child=1 2 -4 4 6 7 -8 -9 -10
leaf_value=1.4018543942521016 -1.4892910291842365 0.42424579967151993 4.5590423030911813 -1.116210056857059 -0.9343926417200189 -0.70614123578931465 -4.4567903386189212 1.9741577409655671 -3.0291328150492447
leaf_weight=156 109 121 112 190 114 122 101 183 104
leaf_count=156 109 121 112 190 114 122 101 183 104
internal_value=0 1.16846 2.41179 -0.608201 -0.993421 -0.420681 -2.5891 0.902038 -1.79289
internal_weight=0 342 233 970 814 599 215 305 294
internal_count=1312 342 233 970 814 599 215 305 294
is_linear=0
shrinkage=0.05


Tree=423
num_leaves=11
num_cat=0
split_feature=12 12 5 4 11 1 1 15 1 14
split_gain=386268 380943 348738 309864 281046 267855 308932 149293 127557 337547
threshold=1171.4996250000002 2548.7687500000006 5.5000000000000009 13.500000000000002 8546.1325000000015 44.493740844516218 26.67395200150801 6.2751566823349014 20.214050171261814 510.0025
decision_type=10 10 2 2 10 2 2 2 2 10
left_child=3 -2 4 -1 5 6 8 -8 9 -3
right_child=1 2 -4 -5 -6 -7 7 -9 -10 -11
leaf_value=-2.9658163343112509 2.9824458430553307 1.6481390676578553 2.3479903139809308 0.41553379467555457 -2.8917236348957691 2.2071912593930683 -0.44589944267735898 -2.9654132018205677 1.9328622907978819 -2.2125465913503262
leaf_weight=191 116 119 129 105 103 107 103 137 103 108
leaf_count=191 116 119 129 105 103 107 103 137 103 108
internal_value=0 0.284142 -0.0601961 -1.76635 -0.458473 -0.0882739 -0.519177 -1.88412 0.47351 -0.188663
internal_weight=0 1025 909 296 780 677 570 240 330 227
internal_count=1321 1025 909 296 780 677 570 240 330 227
is_linear=0
shrinkage=0.05


Tree=424
num_leaves=10
num_cat=0
split_feature=7 13 13 12 11 11 13 5 15
split_gain=243618 297172 469035 338396 770926 677407 590380 275456 191501
threshold=0.049682476320794478 3808.4850163690476 4594.8602090773811 3465.9887500000009 8377.5663750000022 5952.9287500000009 6640.0596130952381 3.5000000000000004 4.5150640064006407
decision_type=2 10 10 10 10 10 10 2 2
left_child=8 -2 -3 6 5 7 -4 -5 -1
right_child=1 2 3 4 -6 -7 -8 -9 -10
leaf_value=2.9282592891610189 -2.1556247578141439 3.077901051740731 -4.1342225431512905 1.0710744141215121 -3.6346628061615598 3.8815351401029101 0.72959091786680563 -1.9807688650131228 -0.055565171666664651
leaf_weight=115 181 113 135 181 101 155 116 125 101
leaf_count=115 181 113 135 181 101 155 116 125 101
internal_value=0 -0.302663 0.0595256 -0.360003 0.321718 1.18852 -1.8864 -0.175594 1.53305
internal_weight=0 1107 926 813 562 461 251 306 216
internal_count=1323 1107 926 813 562 461 251 306 216
is_linear=0
shrinkage=0.05


Tree=425
num_leaves=10
num_cat=0
split_feature=13 11 10 16 3 0 0 0 15
split_gain=245290 515406 398964 323289 496350 552321 451457 299364 222115
threshold=6463.2768534226198 7768.8608750000012 6534.5297500000006 0.9669008567523415 0.59456095832965727 4.8233531686501996 5.3728206153948737 4.7565631563156332 3.6520985431876527
decision_type=10 10 2 2 2 2 2 2 2
left_child=3 2 -2 4 7 -6 -5 8 -1
right_child=1 -3 -4 6 5 -7 -8 -9 -10
leaf_value=1.402409128014368 -0.52224406877609153 1.9682344016627731 -4.6217152370214469 -0.033108631078747737 0.33844171836972237 -4.1278839198048001 3.9423827010634782 2.6900636789473622 -1.6018892439274954
leaf_weight=131 146 107 100 138 160 122 148 176 116
leaf_count=131 146 107 100 138 160 122 148 176 116
internal_value=0 -0.928663 -2.1887 0.606256 0.0310588 -1.5938 2.02414 1.1143 -0.00851642
internal_weight=0 353 246 991 705 282 286 423 247
internal_count=1344 353 246 991 705 282 286 423 247
is_linear=0
shrinkage=0.05


Tree=426
num_leaves=9
num_cat=0
split_feature=11 4 10 7 14 0 11 15
split_gain=367751 309390 532426 649829 479657 477909 241614 390314
threshold=8113.5491250000005 4.5000000000000009 5842.5996250000007 0.59902731443063295 -26.41499999999996 6.5942010867753451 4023.7812500000005 5.3485140180684745
decision_type=10 2 2 2 10 2 8 2
left_child=1 4 3 6 -1 -4 -3 -8
right_child=-2 2 5 -5 -6 -7 7 -9
leaf_value=3.8113164746645589 2.0524403330716456 0.81489539832376234 -4.1272726278525687 3.7236609980171802 -0.67051562507387619 -0.19648270279720981 -0.0063594109553066812 -3.5496382593212275
leaf_weight=103 182 179 181 102 142 135 187 133
leaf_count=103 182 179 181 102 142 135 187 133
internal_value=0 -0.364734 -0.786448 0.0871691 1.21368 -2.44798 -0.656162 -1.47903
internal_weight=0 1162 917 601 245 316 499 320
internal_count=1344 1162 917 601 245 316 499 320
is_linear=0
shrinkage=0.05


Tree=427
num_leaves=10
num_cat=0
split_feature=11 15 13 11 11 13 13 3 7
split_gain=259057 682594 365642 416635 589132 356385 779021 420123 128095
threshold=5663.0625000000009 7.0384288428842892 5003.3553720238106 6939.0162500000015 8704.0047500000019 4910.2443452380967 6024.8598586309536 0.53531788394287505 0.35645640166361431
decision_type=10 2 10 10 10 8 8 2 2
left_child=1 5 -2 -4 -5 8 -7 -8 -1
right_child=2 -3 3 4 -6 6 7 -9 -10
leaf_value=0.39943519964300356 -3.2855806334813438 3.658448334752697 -2.1798800095242838 3.2536294165655231 -1.6410402347735311 -3.6432349429791233 3.2418874616132065 -0.85451306759575274 2.8413680507540704
leaf_weight=116 120 146 155 141 109 166 102 162 100
leaf_count=116 120 146 155 141 109 166 102 162 100
internal_value=0 0.570794 -0.861453 -0.143193 1.11955 -0.127035 -0.959385 0.728187 1.52996
internal_weight=0 792 525 405 250 646 430 264 216
internal_count=1317 792 525 405 250 646 430 264 216
is_linear=0
shrinkage=0.05


Tree=428
num_leaves=10
num_cat=0
split_feature=3 12 4 14 11 13 13 11 5
split_gain=202269 254711 606155 204388 491208 422047 336810 425484 338706
threshold=0.48224004766551337 1243.7531250000002 12.500000000000002 1201.3581250000004 7022.1361250000009 4931.5767633928581 5166.851205357144 3846.0587500000006 2.5000000000000004
decision_type=2 10 2 10 10 10 10 10 2
left_child=-1 2 -2 4 5 -3 -7 -8 -9
right_child=1 3 -4 -5 -6 6 7 8 -10
leaf_value=2.0287188506707916 -3.6399730490495084 2.4157481537972179 1.0935517070785401 -1.3159327103597362 3.1257652827508888 -3.064101147858993 2.2973007285057157 -3.4296510675165912 0.39265672406729535
leaf_weight=123 146 140 126 164 157 115 133 101 136
leaf_count=123 146 140 126 164 157 115 133 101 136
internal_value=0 -0.0987978 -1.44724 0.288914 0.625481 -0.00259094 -0.700668 0.0339123 -1.23626
internal_weight=0 1218 272 946 782 625 485 370 237
internal_count=1341 1218 272 946 782 625 485 370 237
is_linear=0
shrinkage=0.05


Tree=429
num_leaves=11
num_cat=0
split_feature=4 14 11 8 8 13 8 0 12 10
split_gain=213077 494677 367865 331662 253747 274263 510501 305405 255193 156767
threshold=17.500000000000004 964.03387500000019 1506.7007500000002 0.86477132743868357 0.74254372571742899 5094.1165543154775 0.94296523222232753 5.4086491982531602 4824.5128750000013 4469.8098750000008
decision_type=2 8 10 2 2 10 2 2 10 2
left_child=2 3 -1 -2 -4 6 -6 9 -9 -7
right_child=1 -3 4 -5 5 7 -8 8 -10 -11
leaf_value=-1.330905867507381 -0.10508983715160475 1.988235740192601 -0.50224905756212057 -4.0446216027713522 -1.5498022704686918 2.6491111583709719 2.942733982675954 2.1069242456171771 5.6272466026317502 -0.063279295385929579
leaf_weight=155 111 122 155 103 142 100 114 101 105 114
leaf_count=155 111 122 155 103 142 100 114 101 105 114
internal_value=0 -0.552667 0.905292 -2.00122 1.32239 1.74077 0.45078 2.52704 3.90126 1.20419
internal_weight=0 336 986 214 831 676 256 420 206 214
internal_count=1322 336 986 214 831 676 256 420 206 214
is_linear=0
shrinkage=0.05


Tree=430
num_leaves=10
num_cat=0
split_feature=10 11 12 6 12 13 12 11 7
split_gain=336175 261087 241202 782202 948068 388289 640840 931107 176776
threshold=2013.4711250000003 1901.4648750000003 3107.7450000000003 1.0000000180025095e-35 4605.6617500000002 5039.3636532738101 7350.0710000000008 5779.5482500000007 0.52941811022664742
decision_type=2 10 8 2 10 10 10 10 2
left_child=-1 -2 8 5 -5 -4 7 -7 -3
right_child=1 2 3 4 -6 6 -8 -9 -10
leaf_value=2.8253194720895443 -1.8722980822728585 0.11038516759872437 -2.372295068128961 6.6314284563941115 0.56029825094102448 1.8335743093683288 3.878749927043915 -4.1909597403070205 -2.7818980572819711
leaf_weight=111 169 112 179 102 174 145 100 115 100
leaf_count=111 169 112 179 102 174 145 100 115 100
internal_value=0 -0.0511751 0.248503 0.639312 2.80398 -0.469124 0.477175 -0.831123 -1.2539
internal_weight=0 1196 1027 815 276 539 360 260 212
internal_count=1307 1196 1027 815 276 539 360 260 212
is_linear=0
shrinkage=0.05


Tree=431
num_leaves=11
num_cat=0
split_feature=14 10 1 5 14 13 13 12 16 10
split_gain=420621 412980 556974 477545 393830 344092 280440 257416 256429 168307
threshold=-771.53750000000002 8344.1490000000031 36.940608575677111 1.0000000180025095e-35 -147.03600000000048 4584.3394575892862 5838.3660863095247 4502.1175000000012 0.64116411641164073 4145.9725000000008
decision_type=8 2 2 2 8 8 8 10 2 2
left_child=-1 2 3 -2 -5 -6 8 9 -7 -8
right_child=1 -3 -4 4 5 6 7 -9 -10 -11
leaf_value=3.4154030530476103 -2.865151046238084 -2.9563903622835586 2.8265241319067265 -2.4832564005145321 3.4140563341251653 0.35771259749439399 1.5961427830848374 3.2628799656652059 -2.9476359964609147 -1.1043626794350401
leaf_weight=102 138 103 189 108 104 142 119 106 100 112
leaf_count=102 138 103 189 108 104 142 119 106 100 112
internal_value=0 0.0731641 0.352273 -0.1511 0.322401 0.766048 0.290413 1.2229 -1.00813 0.286807
internal_weight=0 1221 1118 929 791 683 579 337 242 231
internal_count=1323 1221 1118 929 791 683 579 337 242 231
is_linear=0
shrinkage=0.05


Tree=432
num_leaves=10
num_cat=0
split_feature=14 3 10 3 10 0 4 13 15
split_gain=466523 308906 288410 275369 745757 282738 195957 142190 235305
threshold=964.03387500000019 0.49782819803893258 5574.2093750000013 0.58363707331222281 6559.1576250000007 4.9981039770643738 10.500000000000002 5400.4191666666675 5.2380279694636149
decision_type=8 2 2 2 2 2 2 10 2
left_child=1 -1 6 5 7 -3 -2 8 -5
right_child=2 3 -4 4 -6 -7 -8 -9 -10
leaf_value=-2.8654178893771665 -1.3337431903155346 -0.88232182009980598 3.0981754461924238 -0.52341605800351032 -3.7479699015792676 2.4145658143468807 1.5941178777525504 -0.92567724667343443 2.7412407453833412
leaf_weight=145 106 116 144 114 170 148 124 153 107
leaf_count=145 106 116 144 114 170 148 124 153 107
internal_value=0 -0.740419 1.3434 -0.359076 -1.0021 0.965933 0.244756 0.246029 1.05721
internal_weight=0 953 374 808 544 264 230 374 221
internal_count=1327 953 374 808 544 264 230 374 221
is_linear=0
shrinkage=0.05


Tree=433
num_leaves=9
num_cat=0
split_feature=14 7 8 13 10 13 13 7
split_gain=280755 224503 288104 533131 970814 554056 523430 165009
threshold=2028.5828750000007 0.65219476551774391 0.94757558117211926 5202.2732953869054 5528.589750000001 6558.8215498511909 4910.2443452380967 0.54656740767405787
decision_type=8 2 2 10 2 10 10 2
left_child=1 2 3 4 -1 -5 -4 -7
right_child=-2 -3 6 5 -6 7 -8 -9
leaf_value=-0.12298156732887577 1.9457697106313103 1.2620004374282967 2.9854667349773294 2.2222668478841938 -5.8107296376777207 -0.17770264890958679 -1.1984156941793052 -2.9240409104170002
leaf_weight=163 158 193 136 168 139 106 166 113
leaf_count=163 158 193 136 168 139 106 166 113
internal_value=0 -0.298139 -0.601981 -1.1664 -2.74085 0.0622422 0.685717 -1.59476
internal_weight=0 1184 991 689 302 387 302 219
internal_count=1342 1184 991 689 302 387 302 219
is_linear=0
shrinkage=0.05


Tree=434
num_leaves=9
num_cat=0
split_feature=14 5 7 8 10 10 13 12
split_gain=232867 315005 738772 496650 435794 413115 349839 121512
threshold=-744.34987500000034 3.5000000000000004 0.19678047349839431 0.92786569043675426 6909.1327500000007 5829.0020000000013 5124.4507886904767 4605.6617500000002
decision_type=8 2 2 2 2 2 10 10
left_child=-1 2 -2 5 6 -3 -4 -7
right_child=1 3 4 -5 -6 7 -8 -9
leaf_value=2.3775908987801357 -3.8470922723009782 -2.4368758159321411 2.5150863251819904 3.0423173707290734 -2.1608443972204818 2.4119046119180059 -0.5206125607633072 -0.046861875221133234
leaf_weight=111 148 129 196 179 147 101 184 100
leaf_count=111 148 129 196 179 147 101 184 100
internal_value=0 -0.0174963 -0.725703 0.921678 0.150892 -0.228608 1.04517 1.18864
internal_weight=0 1184 675 509 527 330 380 201
internal_count=1295 1184 675 509 527 330 380 201
is_linear=0
shrinkage=0.05


Tree=435
num_leaves=11
num_cat=0
split_feature=10 4 0 12 11 11 11 11 11 16
split_gain=200449 425368 711689 336797 625266 494877 421967 386954 370165 331613
threshold=6596.6015000000007 5.5000000000000009 6.5942010867753451 5878.9408750000011 4023.7812500000005 7289.1581250000008 2945.4400000000005 5702.8450000000012 5467.5017500000013 0.51445561222788982
decision_type=2 2 2 10 8 8 10 10 10 2
left_child=3 -2 -3 4 6 8 -1 -5 -6 -7
right_child=1 2 -4 7 5 9 -8 -9 -10 -11
leaf_value=0.20820072218775751 1.925821275804557 -4.3033503463415252 0.60051885919272907 -0.16886069577874491 -0.6972196296590274 -1.2813806677135555 4.3878226122496509 3.9270788211403911 -4.553650712884787 2.6764502875872105
leaf_weight=144 102 146 150 103 122 110 104 131 127 102
leaf_count=144 102 146 150 103 122 110 104 131 127 102
internal_value=0 -0.858738 -1.81828 0.479365 -0.0634893 -1.15256 1.96095 2.12417 -2.66415 0.622859
internal_weight=0 398 296 943 709 461 248 234 249 212
internal_count=1341 398 296 943 709 461 248 234 249 212
is_linear=0
shrinkage=0.05


Tree=436
num_leaves=11
num_cat=0
split_feature=12 4 14 11 12 15 12 11 12 12
split_gain=486388 570148 312087 301697 294963 421572 273289 383084 174874 157382
threshold=8858.6746250000015 9.5000000000000018 671.32400000000064 2471.5736250000004 7367.3225000000011 7.5533261659499287 4890.243625000001 6852.170000000001 6304.9237500000008 3090.8956250000006
decision_type=8 2 8 10 10 2 10 10 10 10
left_child=3 -2 -3 -1 5 6 7 9 -8 -5
right_child=1 2 -4 4 -6 -7 8 -9 -10 -11
leaf_value=3.1750491677692128 0.95655277180062104 -5.1965011626482012 -1.275139073431492 -2.9334149625471664 2.6398964079254768 -2.4869182552728391 2.6288369581524265 2.1518324326437255 0.090260294255885221 -0.41969183878181804
leaf_weight=102 132 103 100 105 118 144 177 104 110 153
leaf_count=102 132 103 100 105 118 144 177 104 110 153
internal_value=0 -1.60146 -3.2648 0.596297 0.307567 -0.0394884 0.503547 -0.41003 1.65586 -1.44272
internal_weight=0 335 203 1013 911 793 649 362 287 258
internal_count=1348 335 203 1013 911 793 649 362 287 258
is_linear=0
shrinkage=0.05


Tree=437
num_leaves=10
num_cat=0
split_feature=8 14 13 13 5 15 14 14 12
split_gain=221239 728960 389257 342272 318179 393006 279952 350541 204940
threshold=0.85471994470811852 -571.06599999999969 6713.0132916666671 5538.2587946428584 3.5000000000000004 6.5803163649698311 665.87012500000003 -26.41499999999996 4182.9650000000011
decision_type=2 10 10 10 2 2 8 10 10
left_child=4 -2 3 8 6 -6 7 -1 -3
right_child=1 2 -4 -5 5 -7 -8 -9 -10
leaf_value=1.4516316772706934 4.1305059625248193 1.4685270937937727 2.7633934277119021 -2.8903506304740905 -0.29714650376787727 -4.2617777129400123 2.2700770015969423 -2.241874240898917 -1.1118595532178881
leaf_weight=118 131 158 101 125 159 103 132 141 150
leaf_count=118 131 158 101 125 159 103 132 141 150
internal_value=0 0.788201 -0.031728 -0.683708 -0.507459 -1.85576 0.396006 -0.559119 0.211845
internal_weight=0 665 534 433 653 262 391 259 308
internal_count=1318 665 534 433 653 262 391 259 308
is_linear=0
shrinkage=0.05


Tree=438
num_leaves=11
num_cat=0
split_feature=15 10 11 0 11 4 11 10 0 4
split_gain=208703 317038 802180 355281 382758 208861 438653 323315 719372 256291
threshold=2.7918000133346674 3882.9592500000003 6149.4768750000012 4.8233531686501996 5862.1117500000009 20.500000000000004 7768.8608750000012 7924.3781250000011 6.1302588592192562 11.500000000000002
decision_type=2 2 8 2 8 2 10 2 2 2
left_child=-1 2 -2 4 -3 6 7 8 9 -5
right_child=1 3 -4 5 -6 -7 -8 -9 -10 -11
leaf_value=-2.0182887566198997 -0.32270572550889465 0.040606486825590843 5.1936101562636239 -0.0076934515075250112 -4.1177459039006914 2.4757599500146243 2.7165763324048342 -2.9458368358470626 3.4867876567990983 -3.3447030053419229
leaf_weight=109 177 117 105 132 105 101 119 118 107 102
leaf_count=109 177 117 105 132 105 101 119 118 107 102
internal_value=0 0.268153 1.73124 -0.189773 -1.92618 0.377948 0.0113752 -0.689973 0.0906482 -1.46229
internal_weight=0 1183 282 901 222 679 578 459 341 234
internal_count=1292 1183 282 901 222 679 578 459 341 234
is_linear=0
shrinkage=0.05


Tree=439
num_leaves=9
num_cat=0
split_feature=14 15 11 3 11 14 8 10
split_gain=424785 380804 349596 330578 620854 341690 196541 219163
threshold=-744.34987500000034 6.6260126012601264 5690.4673750000011 0.48224004766551337 9699.6237500000007 730.86725000000126 0.79944320349352493 5093.2242500000002
decision_type=8 2 10 2 8 10 2 2
left_child=-1 3 -3 -2 5 6 -5 -8
right_child=1 2 -4 4 -6 -7 7 -9
leaf_value=3.4456578446818251 2.0896264952421189 3.3987254121860904 0.20439962476028681 -2.1278073067675876 -3.860606165514648 1.9605252298484406 -0.99910112529993056 1.9203169491291048
leaf_weight=112 120 154 193 166 131 155 180 100
leaf_count=112 120 154 193 166 131 155 180 100
internal_value=0 0.225794 1.62205 -0.34287 -0.74164 -0.0617989 -0.764624 0.0435482
internal_weight=0 1199 347 852 732 601 446 280
internal_count=1311 1199 347 852 732 601 446 280
is_linear=0
shrinkage=0.05


Tree=440
num_leaves=9
num_cat=0
split_feature=8 0 12 11 14 10 0 10
split_gain=260219 379736 371786 400463 536248 346374 461493 280356
threshold=0.94814634012660448 4.6049438277161059 3465.9887500000009 7993.7987500000008 271.33187499999968 6617.6420000000007 6.7154215421542167 5032.0805000000009
decision_type=2 2 10 8 10 2 2 2
left_child=2 -2 3 4 -1 7 -7 -4
right_child=1 -3 5 -5 -6 6 -8 -9
leaf_value=-0.70120788941016565 -0.3385061449633387 3.0039770795430751 0.58965864672765622 1.04473551417154 -5.0061506996984066 -2.4336820272668716 1.9098795569769227 3.7779765599080037
leaf_weight=195 167 173 182 126 115 155 101 111
leaf_count=195 167 173 182 126 115 155 101 111
internal_value=0 1.36223 -0.242087 -1.33212 -2.2982 0.623589 -0.720011 1.79752
internal_weight=0 340 985 436 310 549 256 293
internal_count=1325 340 985 436 310 549 256 293
is_linear=0
shrinkage=0.05


Tree=441
num_leaves=10
num_cat=0
split_feature=7 10 14 13 14 7 11 12 10
split_gain=174242 391157 191004 269093 264649 289991 205863 547559 349184
threshold=0.6256666447669027 6177.6658750000015 -868.66987499999993 5039.3636532738101 -30.408374999999975 0.31931342526718215 8377.5663750000022 4502.1175000000012 6016.4576250000009
decision_type=2 2 10 10 10 2 10 10 2
left_child=2 -2 -1 4 -4 -6 7 -5 -9
right_child=1 -3 3 6 5 -7 -8 8 -10
leaf_value=0.902711720019579 2.4136051897619724 -1.5015435637714707 -4.1635340711176401 -1.6904857826860327 0.49880010769917416 -2.9808683822502022 -2.0735272191978735 0.23949125655611658 4.1390759411424698
leaf_weight=176 158 107 100 190 130 111 116 133 101
leaf_count=176 158 107 100 190 130 111 116 133 101
internal_value=0 0.832772 -0.60107 -0.901485 -2.00113 -1.10387 -0.207079 0.303554 1.92265
internal_weight=0 265 1057 881 341 241 540 424 234
internal_count=1322 265 1057 881 341 241 540 424 234
is_linear=0
shrinkage=0.05


Tree=442
num_leaves=10
num_cat=0
split_feature=4 16 5 14 10 12 3 16 11
split_gain=290623 431484 387184 305576 250057 572256 227984 430085 126463
threshold=14.500000000000002 0.62754192085875282 3.5000000000000004 -1270.5373749999994 3020.5996250000003 7002.0775000000012 0.71517305858603708 0.5665774910824416 5467.5017500000013
decision_type=2 2 2 10 2 8 2 2 10
left_child=3 -2 -3 -1 -5 6 7 8 -6
right_child=1 2 -4 4 5 -7 -8 -9 -10
leaf_value=-2.9123309145109695 -0.81911703864323726 0.58237606365996675 4.180771093114334 1.6457938958437017 -1.7861065177077595 -3.9275639106642526 -1.8895939169627316 3.0295939775823637 0.5852570258016172
leaf_weight=114 194 166 136 156 110 106 106 131 115
leaf_count=114 194 166 136 156 110 106 106 131 115
internal_value=0 1.02087 2.20285 -0.506171 -0.1273 -0.614277 0.145915 0.751993 -0.574076
internal_weight=0 496 302 838 724 568 462 356 225
internal_count=1334 496 302 838 724 568 462 356 225
is_linear=0
shrinkage=0.05


Tree=443
num_leaves=11
num_cat=0
split_feature=7 13 8 4 13 4 13 14 14 7
split_gain=207756 615486 316376 282296 482315 566930 470330 396630 393878 188159
threshold=0.62401970584964539 5365.2527046130963 0.80388277991483414 9.5000000000000018 6759.6497321428587 14.500000000000002 5538.2587946428584 592.78225000000009 536.9752500000003 0.42139776581807226
decision_type=2 10 2 2 10 2 10 8 10 2
left_child=2 -2 -1 8 5 -5 7 -7 9 -4
right_child=1 -3 3 4 -6 6 -8 -9 -10 -11
leaf_value=-2.6860330921908222 3.7371875187929939 -1.0642207188041588 0.85054937541484843 -3.5875591082083442 2.0461365897147381 3.4895161804556851 -2.9296691596508029 -0.85200861483006873 -1.3743170666917464 3.9177878755331039
leaf_weight=144 119 152 100 193 122 100 102 111 107 100
leaf_count=144 119 152 100 193 122 100 102 111 107 100
internal_value=0 1.04415 -0.504379 -0.168381 -0.775825 -1.45622 -0.142005 1.20559 1.07421 2.38417
internal_weight=0 271 1079 935 628 506 313 211 307 200
internal_count=1350 271 1079 935 628 506 313 211 307 200
is_linear=0
shrinkage=0.05


Tree=444
num_leaves=10
num_cat=1
split_feature=15 15 4 16 13 9 5 16 4
split_gain=167557 379876 289285 439216 332727 259939 450387 259412 213473
threshold=4.4545537887122046 4.8701661832849963 5.5000000000000009 0.91405390539053866 5218.2141592261914 0 2.5000000000000004 1.5474505783911738 14.500000000000002
decision_type=2 2 2 2 10 9 2 2 2
left_child=5 -2 -3 4 -4 -1 -7 8 -5
right_child=1 2 3 7 -6 6 -8 -9 -10
leaf_value=0.64683766751347682 3.0713165617481408 2.3707412718612457 -3.4663499729306091 0.10260751849353905 -0.19505354969561856 0.4152195291015609 -3.7909892686715363 -0.96875642517098681 3.2046818828195094
leaf_weight=174 112 107 153 101 158 116 141 135 123
leaf_count=174 112 107 153 101 158 116 141 135 123
internal_value=0 0.348981 -0.043428 -0.428974 -1.80441 -0.852311 -1.82159 0.762555 1.80598
internal_weight=0 889 777 670 311 431 257 359 224
internal_count=1320 889 777 670 311 431 257 359 224
cat_boundaries=0 1
cat_threshold=194
is_linear=0
shrinkage=0.05


Tree=445
num_leaves=11
num_cat=0
split_feature=11 4 12 11 8 12 8 3 12 3
split_gain=292204 365631 378582 218658 391565 483503 354137 501516 283933 166378
threshold=1901.4648750000003 17.500000000000004 5856.0325000000012 7393.6912500000008 0.92579332517791857 2213.5533750000004 0.74254372571742899 0.69967274380213218 5432.0000000000009 0.68101852293917131
decision_type=10 2 10 10 2 10 2 2 8 2
left_child=9 3 -3 4 5 -2 -7 -8 -6 -1
right_child=1 2 -4 -5 8 6 7 -9 -10 -11
leaf_value=-3.3280845528434626 -2.9386699048327465 0.28880094419184482 -3.2700094935034407 -1.2327003294186627 0.86079466653906778 -1.5186136714463094 3.7031735396460643 -0.82156529957056046 4.3667490888322744 -0.57176021293762636
leaf_weight=110 102 152 147 139 115 103 158 100 116 109
leaf_count=110 102 152 147 139 115 103 158 100 116 109
internal_value=0 0.0390271 -1.46085 0.577398 0.939939 0.101044 0.95991 1.9494 2.62136 -1.95622
internal_weight=0 1132 299 833 694 463 361 258 231 219
internal_count=1351 1132 299 833 694 463 361 258 231 219
is_linear=0
shrinkage=0.05


Tree=446
num_leaves=10
num_cat=0
split_feature=10 7 12 11 3 11 12 12 13
split_gain=229903 352812 977495 535858 346222 331326 285324 196640 619874
threshold=2013.4711250000003 0.1531571999651887 6553.411000000001 2153.2641250000006 0.53531788394287505 4224.8462500000014 5077.3042500000001 3396.2362500000004 5670.4112946428577
decision_type=2 2 8 10 2 10 8 10 10
left_child=-1 2 -2 -3 6 -6 -5 -7 -9
right_child=1 3 -4 4 5 7 -8 8 -10
leaf_value=2.1347620914618557 1.1012416050547646 2.7803834538671035 -5.1647389401022989 -0.62841295884812576 -3.1483375207689788 -2.2005241589289959 2.5544495215562928 3.407276181804324 -1.4612917757567081
leaf_weight=104 126 158 123 136 149 107 146 103 179
leaf_count=104 126 158 123 136 149 107 146 103 179
internal_value=0 -0.313692 -1.994 0.114116 -0.399628 -1.14346 1.01945 -0.375522 0.316944
internal_weight=0 1227 249 978 820 538 282 389 282
internal_count=1331 1227 249 978 820 538 282 389 282
is_linear=0
shrinkage=0.05


Tree=447
num_leaves=10
num_cat=0
split_feature=10 1 16 3 10 13 13 16 10
split_gain=585758 254652 389748 439707 495950 643312 409884 328766 178994
threshold=8277.3393750000014 13.107145800102456 0.23266910024335855 0.63783185062438064 6046.5910000000013 6019.169925595239 6410.8930498511918 0.58572940627396075 5093.2242500000002
decision_type=2 2 2 2 2 8 10 2 2
left_child=1 7 -3 6 5 -5 8 -1 -4
right_child=-2 2 3 4 -6 -7 -8 -9 -10
leaf_value=0.28786873437130633 -3.5598408055101709 -1.6861436544778106 5.0730349056709274 -0.82186836422195109 -2.2089858283659063 3.8771897421218458 -0.29616025499999526 -3.5006466428041456 2.2602941140051813
leaf_weight=134 117 167 104 169 166 128 100 100 124
leaf_count=134 117 167 104 169 166 128 100 100 124
internal_value=0 0.147544 0.50873 0.972123 -0.0201018 1.20331 2.37273 -1.33115 3.5433
internal_weight=0 1192 958 791 463 297 328 234 228
internal_count=1309 1192 958 791 463 297 328 234 228
is_linear=0
shrinkage=0.05


Tree=448
num_leaves=11
num_cat=0
split_feature=15 11 3 12 7 10 4 10 0 15
split_gain=263909 233533 177224 228512 221610 240214 221017 199505 224990 178948
threshold=8.1716629996332983 1400.9818750000002 0.50578908294957048 5405.3876250000003 0.57515541720116825 7038.9791250000007 18.500000000000004 5792.9618750000009 5.1646831349801658 4.4545537887122046
decision_type=2 10 2 8 2 2 2 2 2 2
left_child=1 -1 3 -3 6 -6 7 8 9 -4
right_child=-2 2 4 -5 5 -7 -8 -9 -10 -11
leaf_value=-1.7719770996952837 -2.5926184201240541 -2.8100956942005655 -0.66737678979350401 0.46707566979256543 3.5123274468461219 0.135152536925703 -1.7604206393746769 2.3798600768183804 -2.0136348363843939 2.0678828386692554
leaf_weight=184 120 103 113 110 110 101 136 111 103 127
leaf_count=184 120 103 113 110 110 101 136 111 103 127
internal_value=0 -0.133179 0.164197 -1.11766 0.505065 1.89577 0.00771257 0.537374 -0.0588829 0.780031
internal_weight=0 1198 1014 213 801 211 590 454 343 240
internal_count=1318 1198 1014 213 801 211 590 454 343 240
is_linear=0
shrinkage=0.05


Tree=449
num_leaves=10
num_cat=0
split_feature=15 13 14 0 3 10 8 13 10
split_gain=192248 210812 225302 189626 419319 409316 279949 384307 139521
threshold=2.7918000133346674 7911.3470982142862 1111.1872500000006 5.7986923692369237 0.62770809221165458 6094.9231250000012 0.80237246443051713 4884.1589776785722 4180.3218750000005
decision_type=2 8 8 2 2 2 2 10 2
left_child=-1 2 3 5 -5 6 -2 -8 -9
right_child=1 -3 -4 4 -6 -7 7 8 -10
leaf_value=-2.0619377307593822 2.2485617993021374 1.9177700281143188 -1.7440540495369099 3.7670021887582084 -0.16087625075359735 -3.0335657722594447 1.8548381759570196 -0.44406819816108228 -2.9624783220641113
leaf_weight=114 133 139 184 104 196 114 117 111 109
leaf_count=114 133 139 184 104 196 114 117 111 109
internal_value=0 0.0861203 -0.152269 0.179053 1.20079 -0.345811 0.306113 -0.460492 -1.69183
internal_weight=0 1207 1068 884 300 584 470 337 220
internal_count=1321 1207 1068 884 300 584 470 337 220
is_linear=0
shrinkage=0.05


Tree=450
num_leaves=10
num_cat=0
split_feature=8 4 0 14 3 10 0 4 4
split_gain=210024 234025 450442 410026 344991 776603 282162 241816 135753
threshold=0.7434746737393888 5.5000000000000009 4.8769335266860034 -184.00262500000005 0.71517305858603708 6878.3922500000017 4.7565631563156332 13.500000000000002 5.5000000000000009
decision_type=2 2 2 8 2 2 2 2 2
left_child=8 2 -2 -3 5 6 -5 -6 -1
right_child=1 3 -4 4 7 -7 -8 -9 -10
leaf_value=-2.3482359886169433 -0.11821970099057906 -1.8800870762206614 4.4396752112572733 1.3277412079514996 -2.3938808881935953 -1.2099762498596569 4.4968249933955109 0.74906546402545215 0.060723535754099611
leaf_weight=115 117 192 101 124 119 162 162 126 119
leaf_count=115 117 192 101 124 119 162 162 126 119
internal_value=0 0.526037 1.99347 0.164568 0.731053 1.55605 3.12282 -0.777508 -1.12317
internal_weight=0 1103 218 885 693 448 286 245 234
internal_count=1337 1103 218 885 693 448 286 245 234
is_linear=0
shrinkage=0.05


Tree=451
num_leaves=10
num_cat=0
split_feature=10 1 7 12 3 6 3 16 16
split_gain=389265 319029 318227 664445 319238 328944 385733 220527 257958
threshold=4707.9080000000004 21.972797203080702 0.31931342526718215 1777.1300000000003 0.53531788394287505 1.0000000180025095e-35 0.69762488976588954 0.82561589492282528 0.42752608594192748
decision_type=2 2 2 10 2 2 2 2 2
left_child=1 7 -2 -4 -5 6 -6 8 -1
right_child=2 -3 3 4 5 -7 -8 -9 -10
leaf_value=0.066368950111052358 1.6715250521982299 3.4674112929403784 -4.7590237891674043 1.5181675238693817 -1.7567432360800161 -3.2838451626896856 2.2279093853806935 -1.2688969351351262 2.9599599362107423
leaf_weight=189 133 120 100 164 146 120 104 120 130
leaf_count=189 133 120 100 164 146 120 104 120 130
internal_value=0 1.18276 -0.552091 -1.01856 -0.318097 -1.13201 -0.0991277 0.558248 1.24558
internal_weight=0 559 767 634 534 370 250 439 319
internal_count=1326 559 767 634 534 370 250 439 319
is_linear=0
shrinkage=0.05


Tree=452
num_leaves=10
num_cat=0
split_feature=5 10 7 3 14 16 5 14 8
split_gain=238039 363963 485792 485823 387079 232762 307574 486724 212076
threshold=5.5000000000000009 3060.8093750000003 0.41517506856597353 0.69859414623421678 -112.80199999999989 0.92866369970330276 3.5000000000000004 554.39212499999996 0.91778398954494167
decision_type=2 2 2 2 8 2 2 8 2
left_child=1 8 3 -3 -4 6 7 -6 -1
right_child=-2 2 4 -5 5 -7 -8 -9 -10
leaf_value=-0.30014232285320763 1.3270295183501009 -4.5614158590312588 2.4149412296647612 -0.65889027542288203 -3.045515775680542 1.2126394846893493 -3.7281689314828039 1.5764023891137553 2.6320084398534118
leaf_weight=128 191 160 115 159 102 105 105 129 119
leaf_count=128 191 160 115 159 102 105 105 129 119
internal_value=0 -0.582441 -1.0609 -2.61627 -0.168523 -0.842216 -1.48436 -0.464445 1.11251
internal_weight=0 1122 875 319 556 441 336 231 247
internal_count=1313 1122 875 319 556 441 336 231 247
is_linear=0
shrinkage=0.05


Tree=453
num_leaves=10
num_cat=0
split_feature=0 10 12 11 13 10 10 14 12
split_gain=166087 295075 239133 564723 514244 459090 684655 570217 375521
threshold=3.9930243024302432 3060.8093750000003 8075.4127500000013 7711.1350000000011 6581.18222247024 3714.2328750000006 5032.0805000000009 -30.408374999999975 3426.6762500000009
decision_type=2 2 10 10 10 2 2 8 10
left_child=1 -1 3 4 5 -2 -7 -8 -9
right_child=2 -3 -4 -5 -6 6 7 8 -10
leaf_value=0.13292406649612215 -2.1304299761763716 -3.1312761438859478 -1.9951954870572632 3.3634608558187744 -2.2615789729078819 4.8872292658057788 3.2876492213923485 -3.3712246842384341 0.65873584438414479
leaf_weight=184 113 111 106 146 193 109 112 100 137
leaf_count=184 113 111 106 146 193 109 112 100 137
internal_value=0 -1.0953 0.252362 0.514166 -0.0303328 0.723836 1.42805 0.347682 -1.04167
internal_weight=0 295 1016 910 764 571 458 349 237
internal_count=1311 295 1016 910 764 571 458 349 237
is_linear=0
shrinkage=0.05


Tree=454
num_leaves=9
num_cat=0
split_feature=13 11 13 11 11 11 10 16
split_gain=260666 556252 668680 566107 305922 688060 438540 425282
threshold=5050.7033965773817 6324.1136250000009 4931.5767633928581 3271.0261250000003 6487.3637500000004 8481.3856250000008 6655.4568750000008 0.66655415541554153
decision_type=10 10 8 10 10 10 2 2
left_child=1 2 3 -1 6 -6 7 -2
right_child=4 -3 -4 -5 5 -7 -8 -9
leaf_value=-1.0755478514866395 2.6568550515474763 -4.2400994855165477 -2.4689809122618209 3.341712843446258 3.910936644407256 -1.0224779976195977 -2.37214590726491 -1.1080071430810741
leaf_weight=132 159 100 188 161 168 122 158 142
leaf_count=132 159 100 188 161 168 122 158 142
internal_value=0 -0.847048 -0.141632 1.35168 0.564218 1.8355 -0.238989 0.880741
internal_weight=0 581 481 293 749 290 459 301
internal_count=1330 581 481 293 749 290 459 301
is_linear=0
shrinkage=0.05


Tree=455
num_leaves=10
num_cat=0
split_feature=4 12 14 7 4 0 13 13 5
split_gain=245901 239244 475083 464948 775835 361779 555802 324345 302148
threshold=1.5000000000000002 4089.0537500000005 630.75624999999911 0.41517506856597353 16.500000000000004 4.8233531686501996 5166.851205357144 6052.3133430059534 3.5000000000000004
decision_type=2 10 10 2 2 2 10 8 2
left_child=-1 2 5 4 -3 7 -7 -2 -5
right_child=1 3 -4 8 -6 6 -8 -9 -10
leaf_value=-2.4057674162652134 -1.6173192635431128 1.6065567105049976 2.1986550086639762 3.6989131238100663 -3.5641476098034119 -4.5380467226505283 0.027318799737840894 2.1656455112159798 0.53141147671853539
leaf_weight=106 118 171 123 159 126 150 120 109 143
leaf_count=106 118 171 123 159 126 150 120 109 143
internal_value=0 0.104984 -0.58352 0.817625 -0.587075 -1.27207 -2.509 0.19917 2.19907
internal_weight=0 1219 620 599 297 497 270 227 302
internal_count=1325 1219 620 599 297 497 270 227 302
is_linear=0
shrinkage=0.05


Tree=456
num_leaves=10
num_cat=0
split_feature=12 4 14 5 12 13 11 7 12
split_gain=190297 334251 251045 305844 336342 284279 520016 233688 403667
threshold=7367.3225000000011 19.500000000000004 -1719.8325000000002 5.5000000000000009 2512.9453750000007 5108.068815476191 3165.6062500000003 0.58058792135222348 4913.8135000000011
decision_type=10 2 10 2 8 10 10 2 10
left_child=1 2 -1 4 -4 6 -6 8 -7
right_child=-2 -3 3 -5 5 7 -8 -9 -10
leaf_value=-2.519449773745146 1.5947958375688116 1.9966838551892174 1.9702710177166307 2.2420606810471106 -2.5792419425795012 -4.7976022960918563 1.8131375300483061 -0.1251254453873023 -0.56248868636569938
leaf_weight=128 191 162 115 116 107 124 182 117 103
leaf_count=128 191 162 115 116 107 124 182 117 103
internal_value=0 -0.109041 -0.452919 -0.146767 -0.517226 -0.969141 0.186893 -1.94035 -2.87594
internal_weight=0 1154 992 864 748 633 289 344 227
internal_count=1345 1154 992 864 748 633 289 344 227
is_linear=0
shrinkage=0.05


Tree=457
num_leaves=10
num_cat=0
split_feature=10 4 14 7 10 14 10 11 5
split_gain=244574 351104 795262 396581 531864 590234 334883 236948 170356
threshold=2516.0477500000002 5.5000000000000009 7.3048750000000391 0.25162638057143294 5758.8316250000016 -7.85050000000001 3559.0332500000004 7022.1361250000009 1.5000000000000002
decision_type=2 2 10 2 2 8 2 8 2
left_child=-1 2 -2 6 8 -6 -3 -7 -5
right_child=1 3 -4 4 5 7 -8 -9 -10
leaf_value=1.9201000740130743 4.9056154500946256 -4.6008443160206083 -0.5113640002530031 0.07653928345972949 -4.1698276706867743 -1.4049133926375301 -0.71887073888778685 1.7840742324960646 2.6838172620354279
leaf_weight=168 103 100 198 101 117 117 125 116 165
leaf_count=168 103 100 198 101 117 117 125 116 165
internal_value=0 -0.123158 1.34229 -0.647652 0.00855231 -1.27226 -2.44419 0.182737 1.69384
internal_weight=0 1142 301 841 616 350 225 233 266
internal_count=1310 1142 301 841 616 350 225 233 266
is_linear=0
shrinkage=0.05


Tree=458
num_leaves=10
num_cat=0
split_feature=11 11 13 16 12 14 11 12 10
split_gain=244310 357387 234346 427552 334419 368280 371065 506722 342283
threshold=8546.1325000000015 7461.3461250000009 4706.3317857142865 0.48908224155748942 7367.3225000000011 546.4607500000003 3271.0261250000003 3553.2800000000002 3743.7526250000005
decision_type=10 10 8 2 10 10 8 8 2
left_child=1 2 3 -1 5 6 -4 -8 -9
right_child=-2 -3 4 -5 -6 -7 7 8 -10
leaf_value=0.64447813472747806 -2.1001350552263394 2.8941997029173834 2.7263592301206532 -3.3924205596032353 2.7671111536236994 -2.1387266834576923 -3.3431363626281816 -1.0464013550298434 2.3325057229399682
leaf_weight=125 142 104 138 138 113 177 101 141 160
leaf_count=125 142 104 138 138 113 177 101 141 160
internal_value=0 0.0933756 -0.173126 -1.47374 0.238998 -0.159436 0.489332 -0.278603 0.749695
internal_weight=0 1197 1093 263 830 717 540 402 301
internal_count=1339 1197 1093 263 830 717 540 402 301
is_linear=0
shrinkage=0.05


Tree=459
num_leaves=11
num_cat=0
split_feature=14 14 10 5 10 7 0 3 12 7
split_gain=317337 296539 215972 725011 448339 253248 238563 343287 163227 158851
threshold=-1542.6836249999994 -674.54962499999976 6617.6420000000007 2.5000000000000004 5792.9618750000009 0.59902731443063295 4.9695219521952199 0.55169279301514285 4052.0387500000006 0.55734971372363584
decision_type=10 10 2 2 2 2 2 2 10 2
left_child=-1 -2 4 -4 5 6 7 -3 -9 -5
right_child=1 2 3 9 -6 -7 -8 8 -10 -11
leaf_value=-2.2719670002219043 2.6640258013629001 -1.8768602523014701 -4.3783875969463386 -0.89178743350964318 3.1994958590330751 2.0239499130057843 -2.3421505833232166 2.7883018119931222 -0.0089170256339081936 1.816149988585869
leaf_weight=158 104 139 116 104 116 106 149 100 109 113
leaf_count=158 104 139 116 104 116 106 149 100 109 113
internal_value=0 0.117058 -0.134733 -1.18743 0.352816 -0.194804 -0.66802 0.0487777 1.32947 0.518337
internal_weight=0 1156 1052 333 719 603 497 348 209 217
internal_count=1314 1156 1052 333 719 603 497 348 209 217
is_linear=0
shrinkage=0.05


Tree=460
num_leaves=11
num_cat=0
split_feature=10 11 12 13 13 13 11 11 14 16
split_gain=348830 396175 628866 206593 281890 474445 311995 489718 222747 218990
threshold=6655.4568750000008 4224.8462500000014 6055.8247500000007 7020.3951063988106 5400.4191666666675 5071.9340029761916 2786.0127500000003 4240.6452500000005 448.07687500000026 0.51445561222788982
decision_type=2 8 10 8 10 10 10 10 10 2
left_child=3 -2 -3 4 5 6 -1 -8 -6 -5
right_child=1 2 -4 9 8 -7 7 -9 -10 -11
leaf_value=-2.5998983594179155 -3.8099212596974064 1.8896414997921864 -2.96310037616936 0.090022035667655667 -3.0205994991256913 3.6224914740590215 3.3979334313495486 -1.0092027180122607 -0.053359883935363207 3.2818198902427032
leaf_weight=100 124 142 126 109 119 103 102 165 135 106
leaf_count=100 124 142 126 109 119 103 102 165 135 106
internal_value=0 -1.47309 -0.391871 0.302692 -0.10146 0.623825 -0.217763 0.674422 -1.44352 1.66365
internal_weight=0 392 268 939 724 470 367 267 254 215
internal_count=1331 392 268 939 724 470 367 267 254 215
is_linear=0
shrinkage=0.05


Tree=461
num_leaves=11
num_cat=0
split_feature=10 0 11 11 10 11 13 3 16 7
split_gain=155744 286145 171813 283647 366335 222688 303046 550311 684667 139711
threshold=1901.3547500000002 3.3945852918625206 1947.6683750000004 3846.0587500000006 5829.0020000000013 7711.1350000000011 6438.9044062500006 0.70440677252801454 0.39115994932826587 0.50911042721485689
decision_type=2 2 10 8 2 10 10 2 2 2
left_child=-1 -2 -3 4 -4 6 7 8 -5 -7
right_child=1 2 3 5 -6 9 -8 -9 -10 -11
leaf_value=2.2348637057739555 -2.2857571254883493 -1.1043724606114049 4.1505513333472885 -1.1802817539941699 0.1664267223328352 0.34080899400063436 -1.9574566892997638 -2.3208961400778398 4.1608588272971767 2.9582905116081242
leaf_weight=103 105 155 119 105 112 104 185 115 140 100
leaf_count=103 105 155 119 105 112 104 185 115 140 100
internal_value=0 0.211455 0.442475 0.687129 2.21885 0.214728 -0.312737 0.532466 1.8718 1.62389
internal_weight=0 1240 1135 980 231 749 545 360 245 204
internal_count=1343 1240 1135 980 231 749 545 360 245 204
is_linear=0
shrinkage=0.05


Tree=462
num_leaves=10
num_cat=0
split_feature=3 4 5 11 0 0 11 0 13
split_gain=232788 460426 584170 460558 364900 287080 198629 265369 260605
threshold=0.58363707331222281 18.500000000000004 4.5000000000000009 2153.2641250000006 5.8818715204853822 5.3589483948394845 3165.6062500000003 4.8233531686501996 5332.7113891369054
decision_type=2 2 2 10 2 2 10 2 10
left_child=4 2 3 -2 6 -5 -1 8 -8
right_child=1 -3 -4 5 -6 -7 7 -9 -10
leaf_value=-1.4824355445049229 3.7896552981070757 -3.1350281713803612 -2.555333471467752 -1.3624532633952882 3.3889378727358932 1.5909971958379341 1.2324424737884154 2.5342624312639241 -2.1887812497592209
leaf_weight=141 106 150 167 178 102 153 124 130 101
leaf_count=141 106 150 167 178 102 153 124 130 101
internal_value=0 -0.655684 -0.0399525 0.921303 0.665315 0.00273683 0.105215 0.735803 -0.303307
internal_weight=0 754 604 437 598 331 496 355 225
internal_count=1352 754 604 437 598 331 496 355 225
is_linear=0
shrinkage=0.05


Tree=463
num_leaves=10
num_cat=0
split_feature=5 4 12 12 5 12 7 7 5
split_gain=244278 224735 585476 353933 266670 390409 207602 198204 133058
threshold=1.0000000180025095e-35 18.500000000000004 5154.9900000000007 5088.5527500000007 4.5000000000000009 2816.6125000000006 0.20383343823612579 0.56317591713563586 2.5000000000000004
decision_type=2 2 10 10 2 10 2 2 2
left_child=-1 3 -3 4 5 8 -5 -8 -2
right_child=1 2 -4 6 -6 -7 7 -9 -10
leaf_value=-1.7183938970732002 0.6248990591396304 1.4626369671199635 -3.4262206496173193 0.050804451942443853 -1.6874040681946401 -1.2529829848896374 4.3563568244661601 1.2914301912739594 3.0765060905582651
leaf_weight=195 102 115 131 100 192 165 105 106 121
leaf_count=195 102 115 131 100 192 165 105 106 121
internal_value=0 0.197037 -1.14078 0.5664 -0.163322 0.590863 1.9273 2.81663 1.95514
internal_weight=0 1137 246 891 580 388 311 211 223
internal_count=1332 1137 246 891 580 388 311 211 223
is_linear=0
shrinkage=0.05


Tree=464
num_leaves=10
num_cat=0
split_feature=12 11 12 13 14 0 11 5 5
split_gain=283234 535231 845204 577279 576259 437057 322845 423570 149068
threshold=5432.0000000000009 4092.9800000000005 4368.1068750000004 6640.0596130952381 223.68625000000023 4.3291620828749551 4532.3325000000013 4.5000000000000009 1.5000000000000002
decision_type=10 10 8 10 10 2 8 2 2
left_child=1 4 3 -3 5 -1 -2 8 -8
right_child=6 2 -4 -5 -6 -7 7 -9 -10
leaf_value=1.4691994559925956 -1.5575818958147518 -2.4399605818642867 -5.2737375664755817 2.2754848926222841 3.4614545523126923 -2.1506579934302428 1.5901137900035993 -0.74733604316711433 4.1527267592517951
leaf_weight=148 106 149 133 115 120 191 113 125 114
leaf_count=148 106 149 133 115 120 191 113 125 114
internal_value=0 -0.679019 -2.02338 -0.385884 0.483748 -0.570307 0.861513 1.58999 2.87706
internal_weight=0 856 397 264 459 339 458 352 227
internal_count=1314 856 397 264 459 339 458 352 227
is_linear=0
shrinkage=0.05


Tree=465
num_leaves=10
num_cat=0
split_feature=12 4 16 11 11 8 8 11 11
split_gain=185563 288051 451275 437128 431509 301784 295812 278566 204226
threshold=3701.6082500000002 2.5000000000000004 1.296012934626795 3703.4207500000007 6506.0815000000011 0.83877843560320542 0.88237131207441599 3343.8312500000006 5839.4301250000008
decision_type=8 2 2 10 10 2 2 10 10
left_child=7 -2 3 6 5 -5 -3 -1 -9
right_child=1 2 -4 4 -6 -7 -8 8 -10
leaf_value=3.065675646236965 -2.6226319402914786 0.71172667164355519 -2.2846543536959469 1.1591424187424326 -0.38767610969925359 4.7504785295190484 -2.5864243235670288 -1.7325117769512801 1.2263439602070099
leaf_weight=105 130 128 185 118 167 116 145 101 138
leaf_count=105 130 128 185 118 167 116 145 101 138
internal_value=0 -0.429162 -0.0972051 0.503208 1.55385 2.93946 -1.04004 0.919034 -0.0240511
internal_weight=0 989 859 674 401 234 273 344 239
internal_count=1333 989 859 674 401 234 273 344 239
is_linear=0
shrinkage=0.05


Tree=466
num_leaves=9
num_cat=0
split_feature=13 8 15 16 3 14 15 14
split_gain=248485 321784 292395 541765 326165 281844 313348 198745
threshold=6558.8215498511909 0.83741510066076874 7.0092592592592604 0.72426826015934942 0.7161118900209239 -308.21374999999983 3.5507175717571759 576.58362500000044
decision_type=10 2 2 2 2 10 2 10
left_child=2 -2 3 5 -5 -1 -7 -8
right_child=1 -3 -4 4 -6 6 7 -9
leaf_value=2.5577698836010465 -2.4885780881224453 0.57865659978779616 2.2408752499458688 -3.6288124385755509 -0.00037987430890401206 2.5269349246922106 -1.7863536376219529 1.0171180684967795
leaf_weight=181 185 159 192 128 120 101 169 101
leaf_count=181 185 159 192 128 120 101 169 101
internal_value=0 -1.07087 0.488635 0.0680979 -1.87312 0.940239 0.151093 -0.737648
internal_weight=0 344 992 800 248 552 371 270
internal_count=1336 344 992 800 248 552 371 270
is_linear=0
shrinkage=0.05


Tree=467
num_leaves=11
num_cat=0
split_feature=8 1 15 5 13 3 3 13 8 13
split_gain=179340 377828 535856 346246 484852 346696 258964 251484 184291 174485
threshold=0.91882012342626518 39.925372627111983 6.4289428942894284 3.5000000000000004 4858.4337797619055 0.71192169451302145 0.68456686673085865 5296.0675505952386 0.8223668700195812 4771.129851190477
decision_type=2 2 2 2 10 2 2 8 2 10
left_child=1 2 7 5 -5 -2 -3 9 -9 -1
right_child=3 6 -4 4 -6 -7 -8 8 -10 -11
leaf_value=-0.22539477736861621 -2.0362906189635397 -0.2913021445274353 3.7590667543932796 4.8752965814882412 0.15906942931088536 1.7639287593568456 -3.8719787693917755 -2.0908788746693316 0.42838084669462567 2.4375914406987422
leaf_weight=135 128 102 101 108 110 113 100 194 116 113
leaf_count=135 128 102 101 108 110 113 100 194 116 113
internal_value=0 -0.172083 0.40781 1.05165 2.49555 -0.254445 -2.06391 -0.198779 -1.14819 0.987982
internal_weight=0 861 659 459 218 241 202 558 310 248
internal_count=1320 861 659 459 218 241 202 558 310 248
is_linear=0
shrinkage=0.05


Tree=468
num_leaves=10
num_cat=0
split_feature=0 0 12 10 13 13 8 13 16
split_gain=220201 255300 322189 610748 291811 224752 342125 269133 45880.4
threshold=6.7154215421542167 6.3186526986031941 6801.9046250000001 4025.8915000000006 5039.3636532738101 5108.068815476191 0.84607505236957092 6024.8598586309536 0.50953428676200974
decision_type=2 2 8 2 8 10 2 10 2
left_child=1 2 5 4 -4 6 -1 -7 -9
right_child=-2 -3 3 -5 -6 7 -8 8 -10
leaf_value=4.0239808684901188 1.8718568252772094 -2.5086184154642694 -1.1391862410047782 -2.980396469554516 2.2655357558521434 -1.911339893861979 0.41553317631444631 1.7470196219465952 0.36438282799878807
leaf_weight=114 160 101 115 198 139 119 155 110 132
leaf_count=114 160 101 115 198 139 119 155 110 132
internal_value=0 -0.1045 0.119914 -0.898707 0.724028 0.850734 1.94476 0.0355159 0.992854
internal_weight=0 1183 1082 452 254 630 269 361 242
internal_count=1343 1183 1082 452 254 630 269 361 242
is_linear=0
shrinkage=0.05


Tree=469
num_leaves=11
num_cat=0
split_feature=0 10 3 3 16 14 7 15 10 7
split_gain=129576 205999 414749 176592 323254 289865 220269 210731 127102 98039.3
threshold=6.5942010867753451 6655.4568750000008 0.5573730537124989 0.69905258557106398 0.50568390172350564 265.89874999999989 0.28833355956167422 4.4545537887122046 3627.9993750000008 0.35149737211704762
decision_type=2 2 2 2 2 8 2 2 2 2
left_child=1 3 -3 4 7 -5 -7 8 -1 -6
right_child=-2 2 -4 5 9 6 -8 -9 -10 -11
leaf_value=0.81470267549157149 1.21711695762781 0.49657355459374292 -3.9035904252883236 2.5906142145581548 -0.9170456123352051 -1.789371555881067 1.3677009966459361 2.2059419171148988 -1.6999790068900233 -3.1310835878849033
leaf_weight=100 195 114 101 160 100 110 111 119 101 100
leaf_count=100 195 114 101 160 100 110 111 119 101 100
internal_value=0 -0.179843 -1.57048 0.151996 -0.44718 0.96977 -0.203693 0.538373 -0.448894 -2.02406
internal_weight=0 1116 215 901 520 381 221 320 201 200
internal_count=1311 1116 215 901 520 381 221 320 201 200
is_linear=0
shrinkage=0.05


Tree=470
num_leaves=10
num_cat=0
split_feature=13 11 13 11 13 10 10 3 14
split_gain=210020 385832 266402 344414 393138 444011 1.24242e+06 660284 257140
threshold=4760.9137745535727 4532.3325000000013 7384.4301934523819 4875.6825000000008 5132.1188556547631 6217.5320000000002 4707.9080000000004 0.61721193925806295 59.139999999999652
decision_type=8 8 10 8 8 2 2 2 10
left_child=1 -1 3 8 -5 6 7 -6 -2
right_child=2 -3 -4 4 5 -7 -8 -9 -10
leaf_value=0.51515621629151165 -2.3546093990884978 -3.0260619339126871 -2.1483105774563138 4.0259819684120322 4.5698987403005926 2.7029844270335079 -4.8592672174779059 -0.68573639009990828 0.58863978597678634
leaf_weight=159 145 149 101 104 106 177 107 137 152
leaf_count=159 145 149 101 104 106 177 107 137 152
internal_value=0 -1.19797 0.290309 0.555719 1.21656 0.662144 -0.369938 1.60685 -0.8483
internal_weight=0 308 1029 928 631 527 350 243 297
internal_count=1337 308 1029 928 631 527 350 243 297
is_linear=0
shrinkage=0.05


Tree=471
num_leaves=9
num_cat=0
split_feature=4 14 7 8 4 15 10 4
split_gain=311599 383678 278146 314183 183475 251467 163934 109271
threshold=14.500000000000002 -1270.5373749999994 0.55734971372363584 0.9313381437260061 11.500000000000002 5.9905490549054905 4760.8765000000012 5.5000000000000009
decision_type=2 10 2 2 2 2 2 2
left_child=1 -1 3 -2 5 6 7 -3
right_child=2 4 -4 -5 -6 -7 -8 -9
leaf_value=-2.8329292426343824 -0.74026974496088538 -0.3440930307479132 3.4861345005446469 2.1665670562535526 -1.4506167013198139 2.5557052868792391 -1.035444390653965 1.7708039704250966
leaf_weight=122 190 105 116 182 136 127 199 146
leaf_count=122 190 105 116 182 136 127 199 146
internal_value=0 -0.241883 1.34847 0.681892 0.201465 0.590864 0.0363426 0.886086
internal_weight=0 835 488 372 713 577 450 251
internal_count=1323 835 488 372 713 577 450 251
is_linear=0
shrinkage=0.05


Tree=472
num_leaves=11
num_cat=0
split_feature=14 16 3 7 15 10 12 11 15 16
split_gain=189463 218213 276044 342772 235300 393843 223171 203371 199585 204475
threshold=-1542.6836249999994 1.0682276560989437 0.59089327169853456 0.46325998172195054 5.9489698969896994 3627.9993750000008 5552.4262500000004 6414.5025000000014 6.6596117945127853 1.5277986131946519
decision_type=10 2 2 2 2 2 8 10 2 2
left_child=-1 2 4 6 5 -2 -4 -7 -3 -10
right_child=1 8 3 -5 -6 7 -8 -9 9 -11
leaf_value=-1.787298422664791 2.4437878730205393 -0.62063244112794946 1.3966819553161569 -3.5125041600494158 2.4704461618706031 -0.13751166538260448 -1.8961496962904931 -2.9670467720627784 3.6759679736442936 0.56209480194719852
leaf_weight=154 104 101 106 126 108 174 100 100 103 108
leaf_count=154 104 101 106 126 108 174 100 100 103 108
internal_value=0 0.0821551 -0.346958 -1.45826 0.412203 -0.175867 -0.20178 -1.17019 1.2072 2.08214
internal_weight=0 1130 818 332 486 378 206 274 312 211
internal_count=1284 1130 818 332 486 378 206 274 312 211
is_linear=0
shrinkage=0.05


Tree=473
num_leaves=10
num_cat=0
split_feature=7 13 13 7 13 7 4 15 12
split_gain=355994 351162 574208 236661 403076 770563 503345 380858 167160
threshold=0.049682476320794478 3744.8374322916675 4594.8602090773811 0.66737583708927928 5202.2732953869054 0.39394771017932095 17.500000000000004 5.9675300863419682 7367.3225000000011
decision_type=2 10 10 2 10 2 2 2 8
left_child=8 -2 -3 4 5 -4 7 -6 -1
right_child=1 2 3 -5 6 -7 -8 -9 -10
leaf_value=0.47857625867639275 -2.4658015484304241 3.4040257872822135 1.3544221486860109 -2.4470226500584533 -0.0082532944327051005 -4.486319300210476 -2.1754058699858816 3.2672844888361476 3.2910946740955112
leaf_weight=112 178 107 103 130 176 125 114 179 100
leaf_count=112 178 107 103 130 176 125 114 179 100
internal_value=0 -0.430471 -0.042582 -0.488515 -0.123227 -1.84774 0.715128 1.64336 1.80524
internal_weight=0 1112 934 827 697 228 469 355 212
internal_count=1324 1112 934 827 697 228 469 355 212
is_linear=0
shrinkage=0.05


Tree=474
num_leaves=10
num_cat=0
split_feature=13 0 15 10 10 13 13 15 15
split_gain=298934 325299 351617 217375 373023 398518 375722 269280 346142
threshold=4075.4957916666672 6.3186526986031941 8.0128054472113899 2750.8580000000006 3743.7526250000005 5104.3257462797619 5039.3636532738101 5.0665233189985663 6.2751566823349014
decision_type=8 2 2 2 2 10 8 2 2
left_child=-1 3 -3 -2 -5 6 -6 -7 -9
right_child=1 2 -4 4 5 7 -8 8 -10
leaf_value=-2.2157010439757641 2.3805331153934506 -3.6367638701429734 0.18416380373748031 -1.7961465689557543 0.74684745055392276 -2.0165177315238894 4.8033818848133087 2.7045676331846948 -0.94168299573616387
leaf_weight=145 147 104 143 169 133 127 100 124 137
leaf_count=145 147 104 143 169 133 127 100 124 137
internal_value=0 0.189551 -1.42465 0.615066 0.286555 0.853345 2.48785 -0.128201 0.790635
internal_weight=0 1184 247 937 790 621 233 388 261
internal_count=1329 1184 247 937 790 621 233 388 261
is_linear=0
shrinkage=0.05


Tree=475
num_leaves=11
num_cat=0
split_feature=13 14 5 3 5 13 13 3 14 12
split_gain=153376 140791 367493 921534 365476 311982 336921 307931 508782 441812
threshold=7384.4301934523819 448.07687500000026 4.5000000000000009 0.6659910053267355 4.5000000000000009 5083.5082946428583 6438.9044062500006 0.69035421281577503 -135.21750000000017 8715.9210000000003
decision_type=10 10 2 2 2 10 10 2 10 8
left_child=1 2 7 -4 5 -3 -7 9 -9 -1
right_child=-2 4 3 -5 -6 6 -8 8 -10 -11
leaf_value=1.0134376379923944 -1.7142886125124417 -2.0091927497773558 1.1240356340523689 -5.2252626249812693 3.4621803455054763 3.2114610443244112 -0.56653404410869357 4.2234313994646078 -0.46233118623495106 -2.8730379988622463
leaf_weight=195 104 111 124 106 112 111 126 120 112 117
leaf_count=195 104 111 124 106 112 111 126 120 112 117
internal_value=0 0.285122 -0.126604 -1.80216 0.977897 0.178358 1.20291 0.581812 1.96134 -0.443991
internal_weight=0 1234 774 230 460 348 237 544 232 312
internal_count=1338 1234 774 230 460 348 237 544 232 312
is_linear=0
shrinkage=0.05


Tree=476
num_leaves=11
num_cat=0
split_feature=11 14 12 12 7 14 14 8 8 15
split_gain=211949 234030 326291 397514 297579 427933 249626 273477 553301 147399
threshold=1901.4648750000003 346.18474999999995 8133.3738750000011 6304.9237500000008 0.55573735200576946 1026.5863750000003 49.79500000000008 0.76906524810456867 0.88237131207441599 4.5586558655865597
decision_type=10 10 8 10 2 10 10 2 2 2
left_child=9 6 3 4 5 -3 7 -2 -9 -1
right_child=1 2 -4 -5 -6 -7 -8 8 -10 -11
leaf_value=-0.32190651327076525 2.1550104707479476 -3.2022746559764657 1.7637601066053961 -3.6410526493072513 1.6054373911619189 1.020346862758909 2.2826693404893406 -3.484636092079537 1.4528472073181815 -2.9560402984065668
leaf_weight=101 100 140 114 125 125 105 183 112 115 112
leaf_count=101 100 140 114 125 125 105 183 112 115 112
internal_value=0 0.0138181 -0.64789 -1.2033 -0.379736 -1.39258 0.803976 -0.0235497 -0.983268 -1.70699
internal_weight=0 1119 609 495 370 245 510 327 227 213
internal_count=1332 1119 609 495 370 245 510 327 227 213
is_linear=0
shrinkage=0.05


Tree=477
num_leaves=10
num_cat=1
split_feature=4 8 13 13 11 9 12 14 14
split_gain=201259 213645 241483 308848 196234 318866 390089 322599 193833
threshold=21.500000000000004 0.99513103117397117 3808.4850163690476 4594.8602090773811 7419.4412500000008 0 5088.5527500000007 284.47750000000002 136.91737499999957
decision_type=2 2 10 10 10 9 10 10 10
left_child=1 2 -1 -4 5 -5 8 -8 -7
right_child=-2 -3 3 4 -6 6 7 -9 -10
leaf_value=-2.0068139516645007 2.1525981055115753 1.9423208898096753 2.3388204073319669 -2.2831811189651492 -1.7556992830708624 -1.8024836586939323 4.3454174401164058 0.32920611357688906 0.71568777002865758
leaf_weight=180 106 114 122 107 192 148 100 100 158
leaf_count=180 106 114 122 107 192 148 100 100 158
internal_value=0 -0.118689 -0.330934 -0.00551987 -0.360811 0.0760869 0.608088 2.33731 -0.502251
internal_weight=0 1221 1107 927 805 613 506 200 306
internal_count=1327 1221 1107 927 805 613 506 200 306
cat_boundaries=0 1
cat_threshold=162
is_linear=0
shrinkage=0.05


Tree=478
num_leaves=10
num_cat=0
split_feature=11 3 3 12 8 4 13 0 0
split_gain=188897 264875 204879 353887 525773 285979 246111 241261 41061.8
threshold=1506.7007500000002 0.49782819803893258 0.54408441855635126 4683.9212500000003 0.95059616321645357 16.500000000000004 5218.2141592261914 4.9554080408040813 4.6379512951295139
decision_type=10 2 2 10 2 2 10 2 2
left_child=8 -2 7 4 6 -5 -4 -3 -1
right_child=1 2 3 5 -6 -7 -8 -9 -10
leaf_value=-0.74663481807708743 -1.6264142128842822 0.21610966032626583 -1.3136143188602878 0.3278086230462911 4.2693405580286887 -2.465822118936583 1.5136882640658671 3.6635846212358758 -2.1794951480627058
leaf_weight=100 169 102 151 196 102 172 157 101 100
leaf_count=100 169 102 151 196 102 172 157 101 100
internal_value=0 0.201823 0.516779 0.14768 1.15797 -0.97791 0.127576 1.93136 -1.46306
internal_weight=0 1150 981 778 410 368 308 203 200
internal_count=1350 1150 981 778 410 368 308 203 200
is_linear=0
shrinkage=0.05


Tree=479
num_leaves=10
num_cat=0
split_feature=10 7 12 10 12 13 16 10 10
split_gain=179588 234060 415061 757049 463492 397042 428586 469424 544443
threshold=2013.4711250000003 0.45873957474687205 6572.5612500000016 3714.2328750000006 4960.7100000000009 6965.8672224702395 0.215475714238091 7130.8721250000008 5115.1527500000002
decision_type=2 2 10 2 8 10 2 2 2
left_child=-1 2 3 -2 -5 6 -3 8 -8
right_child=1 5 -4 4 -6 -7 7 -9 -10
leaf_value=1.8299097752267564 -3.0422770753120769 -2.0178064268414335 -3.4767449080054442 -0.32465657077220661 3.9703251504203649 -2.3213846096785171 2.8151768688328009 3.7090725091899319 -1.6929118086496988
leaf_weight=108 156 101 134 161 103 115 121 164 150
leaf_count=108 156 101 134 161 103 115 121 164 150
internal_value=0 -0.298403 -1.0538 -0.280765 1.35104 0.344439 0.916398 1.59767 0.319925
internal_weight=0 1205 554 420 264 651 536 435 271
internal_count=1313 1205 554 420 264 651 536 435 271
is_linear=0
shrinkage=0.05


Tree=480
num_leaves=10
num_cat=0
split_feature=14 14 5 12 5 4 15 8 14
split_gain=287735 236968 439909 299797 341770 295866 317201 379189 287989
threshold=-1719.8325000000002 -694.41374999999982 5.5000000000000009 8133.3738750000011 1.0000000180025095e-35 3.5000000000000004 6.1164491449144922 0.93249594275446224 990.88162500000055
decision_type=10 10 2 10 2 2 2 2 10
left_child=-1 -2 3 4 -3 -6 7 -7 -8
right_child=1 2 -4 -5 5 6 8 -9 -10
leaf_value=-2.1973164125027198 2.3736116125033453 -3.0197017132002735 2.6566655822895466 2.0833796005249026 -2.6725734777617873 2.7211848636636629 -2.3252244137355258 -0.97629055600417292 0.99696661033309431
leaf_weight=155 104 145 125 100 114 177 175 114 104
leaf_count=155 104 145 125 100 114 177 175 114 104
internal_value=0 0.0966058 -0.12807 -0.502766 -0.814725 -0.347296 0.117759 1.27269 -1.08684
internal_weight=0 1158 1054 929 829 684 570 291 279
internal_count=1313 1158 1054 929 829 684 570 291 279
is_linear=0
shrinkage=0.05


Tree=481
num_leaves=10
num_cat=0
split_feature=13 4 10 14 3 3 13 13 14
split_gain=247555 336258 333741 243692 358532 763210 347101 431918 420341
threshold=3871.5821391369054 12.500000000000002 2750.8580000000006 136.91737499999957 0.70826411557726321 0.54408441855635126 4887.6527455357145 6052.3133430059534 1097.9547500000008
decision_type=10 2 2 10 2 2 10 10 10
left_child=1 -1 -2 4 5 -4 -5 -8 -9
right_child=2 -3 3 6 -6 -7 7 8 -10
leaf_value=-3.194660424216976 3.0580508978861687 0.64787916001283907 0.85510686565847971 2.7928276820977533 1.4492703134538951 -4.7393554983139046 -1.8254752221876982 2.6577938399416339 -1.2796330188805203
leaf_weight=123 106 106 119 150 108 125 189 188 106
leaf_count=123 106 106 119 150 108 125 189 188 106
internal_value=0 -1.41602 0.392251 0.105374 -0.949263 -2.01091 0.691838 0.0393568 1.23818
internal_weight=0 229 1091 985 352 244 633 483 294
internal_count=1320 229 1091 985 352 244 633 483 294
is_linear=0
shrinkage=0.05


Tree=482
num_leaves=11
num_cat=0
split_feature=4 13 13 10 4 7 7 11 1 13
split_gain=223342 537228 363817 254300 246276 283608 689444 292859 245380 418046
threshold=14.500000000000002 3993.7879761904774 3346.6369174107149 3020.5996250000003 11.500000000000002 0.37017503158362491 0.56520147139266441 5397.5905000000012 43.483487975329645 5047.1090840773822
decision_type=2 10 10 2 2 2 2 10 2 10
left_child=2 -2 -1 -4 5 -5 -7 -8 9 -3
right_child=1 8 3 4 -6 6 7 -9 -10 -11
leaf_value=-3.6378525488516864 3.7562698546022477 -3.7147487075328827 1.5351564501722654 -2.7124740293710539 -2.9900466123513416 3.2343120603110851 -3.3017480484644572 0.33562816941840024 1.6699345115127913 0.32947784634464883
leaf_weight=102 101 100 132 101 113 127 105 117 109 177
leaf_count=102 101 100 132 101 113 127 105 117 109 177
internal_value=0 0.509751 -0.849326 -0.440075 -0.903184 -0.37915 0.296111 -1.38475 -0.339727 -1.13053
internal_weight=0 487 797 695 563 450 349 222 386 277
internal_count=1284 487 797 695 563 450 349 222 386 277
is_linear=0
shrinkage=0.05


Tree=483
num_leaves=9
num_cat=0
split_feature=7 0 12 4 12 0 13 13
split_gain=282669 204869 319076 448929 363211 824635 200410 187702
threshold=0.049682476320794478 6.7154215421542167 6686.0662500000008 14.500000000000002 4645.4502500000008 4.5831583158315832 6062.9620312500019 5047.1090840773822
decision_type=2 2 10 2 8 2 10 8
left_child=7 2 3 4 6 -6 -2 -1
right_child=1 -3 -4 -5 5 -7 -8 -9
leaf_value=0.013096545611397696 -1.2030724154669663 1.0800422418490052 -2.9118602810391958 1.642009186091804 -0.26114386821335017 -5.7493686241762987 1.4257447243970018 2.9192668433132627
leaf_weight=118 145 160 157 194 176 112 145 105
leaf_count=118 145 160 157 194 176 112 145 105
internal_value=0 -0.57246 -0.857067 -0.439188 -1.13772 -2.39545 0.111336 1.38147
internal_weight=0 1089 929 772 578 288 290 223
internal_count=1312 1089 929 772 578 288 290 223
is_linear=0
shrinkage=0.05


Tree=484
num_leaves=10
num_cat=0
split_feature=0 13 10 8 14 11 14 10 11
split_gain=233326 266406 243182 225993 257877 283116 408370 203503 176423
threshold=4.0258567523419018 5365.2527046130963 7571.1913750000012 0.78160041427692273 1835.9037499999997 4092.9800000000005 182.42412500000026 5225.0711250000013 6149.4768750000012
decision_type=2 8 2 2 8 10 10 2 10
left_child=1 -1 3 -2 5 -5 -7 -8 -4
right_child=2 -3 8 4 -6 6 7 -9 -10
leaf_value=-0.10955593905278616 2.6424997964433135 -3.1086893224916539 -2.2886131422468146 1.5066753396571009 2.6145034063537169 1.7774379569292069 -0.3853629661809414 -3.2665937145692965 0.42479878921027581
leaf_weight=196 131 119 133 183 106 100 109 140 109
leaf_count=196 131 119 133 183 106 100 109 140 109
internal_value=0 -1.24256 0.315885 0.750901 0.3625 -0.0862073 -0.921444 -2.00533 -1.06646
internal_weight=0 315 1011 769 638 532 349 249 242
internal_count=1326 315 1011 769 638 532 349 249 242
is_linear=0
shrinkage=0.05


Tree=485
num_leaves=10
num_cat=0
split_feature=4 8 1 10 8 11 11 16 10
split_gain=201174 527669 331431 264297 621882 401359 662820 432868 218926
threshold=6.5000000000000009 0.8223668700195812 24.095737531548938 2768.0963750000005 0.98841751246531528 2602.2405000000003 4612.4537500000015 1.0265068173484024 5909.6556250000012
decision_type=2 2 2 2 2 10 10 2 2
left_child=1 2 -1 -2 5 -5 -7 8 -8
right_child=3 -3 -4 4 -6 6 7 -9 -10
leaf_value=-2.5004880834433991 1.4215288723831054 3.066245996363369 1.3710685632934867 2.2973084269031401 -4.3268052716959611 -3.7148345823190656 0.3172019469265891 2.0552536669102586 -2.9668195699359856
leaf_weight=118 154 162 104 124 110 147 101 176 102
leaf_count=118 154 162 104 124 110 147 101 176 102
internal_value=0 0.896524 -0.686786 -0.467288 -0.850022 -0.261643 -0.864894 0.240492 -1.3329
internal_weight=0 384 222 914 760 650 526 379 203
internal_count=1298 384 222 914 760 650 526 379 203
is_linear=0
shrinkage=0.05


Tree=486
num_leaves=9
num_cat=0
split_feature=11 11 16 15 12 14 5 8
split_gain=273743 230213 207971 746878 305202 191042 409832 269828
threshold=8546.1325000000015 7022.1361250000009 0.29694636130279634 4.6242999299929997 6925.1222500000013 964.03387500000019 4.5000000000000009 0.84208960644230291
decision_type=10 10 2 2 10 8 2 2
left_child=1 2 3 -1 5 6 7 -4
right_child=-2 -3 4 -5 -6 -7 -8 -9
leaf_value=0.91578579174055086 -2.2575921261488503 1.9164036569687035 1.8024068928739561 -4.6844959362464795 2.8186868053851746 1.2652687543630601 -2.9044392038346598 -0.98254360333085067
leaf_weight=143 134 156 159 102 101 180 142 192
leaf_count=143 134 156 159 102 101 180 142 192
internal_value=0 0.127691 -0.146145 -1.41576 0.255736 -0.128897 -0.637923 0.279015
internal_weight=0 1175 1019 245 774 673 493 351
internal_count=1309 1175 1019 245 774 673 493 351
is_linear=0
shrinkage=0.05


Tree=487
num_leaves=11
num_cat=0
split_feature=14 15 12 7 1 13 1 14 1 1
split_gain=354172 255128 370257 404807 336639 402681 276218 412717 399111 473842
threshold=-744.34987500000034 2.8275577557755778 3701.6082500000002 0.58058792135222348 23.414880044429534 4660.0974858630971 45.096896204383036 1.0000000180025095e-35 33.404304198185486 23.784480692634002
decision_type=8 2 10 2 2 10 2 10 2 2
left_child=-1 -2 3 4 -3 -6 7 -4 9 -9
right_child=1 2 6 -5 5 -7 -8 8 -10 -11
leaf_value=2.8483710686365766 -2.4357853282581678 2.2630368033373678 -4.0383018976276359 3.8695772250111293 -3.0318772670325886 0.99637059416208007 1.6632847106456758 -1.2174077725017465 -3.2048388194804098 2.7903436944489517
leaf_weight=108 110 148 103 104 109 144 100 182 102 124
leaf_count=108 110 148 103 104 109 144 100 182 102 124
internal_value=0 -0.138372 0.0880757 1.08984 0.368908 -0.73912 -0.739895 -1.21018 -0.496223 0.406648
internal_weight=0 1226 1116 505 401 253 611 511 408 306
internal_count=1334 1226 1116 505 401 253 611 511 408 306
is_linear=0
shrinkage=0.05


Tree=488
num_leaves=9
num_cat=0
split_feature=12 14 13 10 14 11 16 14
split_gain=279872 292095 193563 333453 574654 327644 309678 265015
threshold=1171.4996250000002 443.05387499999966 6463.2768534226198 5609.1810000000014 346.18474999999995 6149.4768750000012 0.86492815948261426 176.37475000000009
decision_type=10 8 10 2 10 10 2 10
left_child=1 -1 3 6 -5 -4 7 -2
right_child=2 -3 5 4 -6 -7 -8 -9
leaf_value=-2.9411789635518439 -0.96460268700122842 0.20358177717909753 -2.1658097751685328 4.2676239816153929 -0.16448170409509633 0.97300849096195119 -1.9620084812175336 2.3205589788796019
leaf_weight=133 100 166 151 164 132 185 127 159
leaf_count=133 100 166 151 164 132 185 127 159
internal_value=0 -1.19526 0.544677 1.02861 2.29114 -0.437591 0.0604496 1.05216
internal_weight=0 299 1018 682 296 336 386 259
internal_count=1317 299 1018 682 296 336 386 259
is_linear=0
shrinkage=0.05


Tree=489
num_leaves=9
num_cat=0
split_feature=12 12 4 10 4 10 0 13
split_gain=184243 441806 229462 315220 262645 216840 263478 1.02416e+06
threshold=7367.3225000000011 6500.3456250000008 19.500000000000004 7755.1312500000013 15.500000000000002 2371.7575000000006 4.3150148348168154 5181.2097916666671
decision_type=10 10 2 2 2 2 2 10
left_child=1 2 3 4 5 -1 -7 -8
right_child=-2 -3 -4 -5 -6 6 7 -9
leaf_value=-2.3625765180848708 1.3848011863562797 -3.3630209990460944 1.8663165844764027 -2.9262901434127024 2.2816702002877589 1.6412089522676856 -3.4593653770332988 1.8145378966096768
leaf_weight=111 180 109 140 102 111 178 176 193
leaf_count=111 180 109 140 102 111 178 176 193
internal_value=0 -0.33862 -0.0125472 -0.314546 0.0318753 -0.347649 0.0612298 -0.700928
internal_weight=0 1120 1011 871 769 658 547 369
internal_count=1300 1120 1011 871 769 658 547 369
is_linear=0
shrinkage=0.05


Tree=490
num_leaves=11
num_cat=0
split_feature=13 1 1 3 5 8 7 3 11 3
split_gain=212488 541160 225983 466555 277707 258033 237099 175821 368984 178895
threshold=7384.4301934523819 23.414880044429534 36.656280095463224 0.68617063110629728 1.0000000180025095e-35 0.98637069461207649 0.22465929178292951 0.54304768861896924 5262.7250000000013 0.50318742702092234
decision_type=8 2 2 2 2 2 2 2 10 2
left_child=2 -2 4 -4 -1 6 -6 9 -9 -8
right_child=1 -3 3 -5 5 -7 7 8 -10 -11
leaf_value=-2.0194191286087038 1.3934298029822163 -3.3289156375068525 3.8397597508227572 -0.15346779236079833 -2.1200407039885429 2.466783718754062 0.20614496464175835 1.3342081423961756 -2.6923202190399174 3.1006002886987787
leaf_weight=125 117 126 141 152 102 139 112 132 100 102
leaf_count=125 117 126 141 152 102 139 112 132 100 102
internal_value=0 -1.05519 0.577849 1.76819 0.14833 0.542754 0.054724 0.552092 -0.401364 1.58575
internal_weight=0 243 1105 293 812 687 548 446 232 214
internal_count=1348 243 1105 293 812 687 548 446 232 214
is_linear=0
shrinkage=0.05


Tree=491
num_leaves=9
num_cat=0
split_feature=13 13 12 0 4 4 12 10
split_gain=222601 227157 295875 307599 283167 304499 471050 196390
threshold=6558.8215498511909 6024.8598586309536 6645.0793750000012 2.9911032769943664 4.5000000000000009 15.500000000000002 3830.1075000000005 6572.4263750000009
decision_type=10 10 10 2 2 2 10 2
left_child=1 2 3 -1 -5 6 -6 -2
right_child=7 -3 -4 4 5 -7 -8 -9
leaf_value=-1.616406409103762 0.18619237899780275 2.7575772533118723 -1.6195942781692327 3.4273226892625965 -1.9751150925515106 2.1678095641184827 2.0646548899014792 -2.2505315304542921
leaf_weight=121 170 100 172 111 181 196 120 161
leaf_count=121 170 100 172 111 181 196 120 161
internal_value=0 0.496692 0.245761 0.685873 1.14406 0.634112 -0.364576 -0.999042
internal_weight=0 1001 901 729 608 497 301 331
internal_count=1332 1001 901 729 608 497 301 331
is_linear=0
shrinkage=0.05


Tree=492
num_leaves=9
num_cat=0
split_feature=16 13 16 11 4 7 4 7
split_gain=248163 483720 437016 333060 329411 162797 367260 335129
threshold=0.62754192085875282 5560.4712291666674 1.1975280861419488 9419.6427500000009 13.500000000000002 0.6590982081662754 6.5000000000000009 0.31931342526718215
decision_type=2 10 2 8 2 2 2 2
left_child=3 4 -3 5 -2 6 -1 -8
right_child=1 2 -4 -5 -6 -7 7 -9
leaf_value=0.84819759786798721 0.02104232103593888 0.8310820908773513 -3.0940936652413251 -3.52013096007017 3.1344900922889405 1.1035777030491363 -0.16464201310449397 -3.7515855948553019
leaf_weight=178 155 147 137 104 188 131 121 141
leaf_count=178 155 147 137 104 188 131 121 141
internal_value=0 0.463834 -1.0624 -0.91769 1.72754 -0.443691 -0.904355 -2.09502
internal_weight=0 627 284 675 343 571 440 262
internal_count=1302 627 284 675 343 571 440 262
is_linear=0
shrinkage=0.05


Tree=493
num_leaves=12
num_cat=0
split_feature=13 7 11 7 7 5 4 12 14 7 7
split_gain=172760 241370 304803 265740 320061 305262 413437 419561 368838 484284 287550
threshold=7410.9377008928577 0.64427239800285052 5173.7500000000009 0.59478165732139754 0.55273902951891174 3.5000000000000004 15.500000000000002 3118.5862500000007 335.57862500000061 0.31754424582369595 0.35645640166361431
decision_type=10 2 8 2 2 2 2 10 8 2 2
left_child=1 3 -3 4 5 8 7 -7 9 -1 -10
right_child=-2 2 -4 -5 -6 6 -8 -9 10 -11 -12
leaf_value=2.7366481350404079 -2.0713273001652137 -0.38884070391702186 3.3990681251244887 -2.3051431994227802 2.5804853308308235 -2.6784100615763453 3.0326038486126699 1.6496256659516193 -4.1052279074986782 -1.9670695362346515 -0.58115290687197729
leaf_weight=107 102 101 112 136 111 111 132 113 129 112 105
leaf_count=107 102 101 112 136 111 111 132 113 129 112 105
internal_value=0 0.067517 1.60292 -0.242181 0.0627781 -0.282667 0.812944 -0.495071 -1.14368 0.331094 -2.52391
internal_weight=0 1269 213 1056 920 809 356 224 453 219 234
internal_count=1371 1269 213 1056 920 809 356 224 453 219 234
is_linear=0
shrinkage=0.05


Tree=494
num_leaves=11
num_cat=0
split_feature=14 3 12 15 11 0 14 12 15 3
split_gain=212792 185446 160540 169052 301236 219345 322542 231280 311868 269014
threshold=-868.66987499999993 0.65891897830338608 1171.4996250000002 6.7286645331199795 5690.4673750000011 5.5706653998733211 -52.435124999999964 7035.4321250000003 3.9398314831483154 0.53999487351298781
decision_type=10 2 10 2 10 2 10 10 2 2
left_child=1 -1 -2 5 -5 6 -4 8 -8 -10
right_child=2 -3 3 4 -6 -7 7 -9 9 -11
leaf_value=2.9565596788308839 -1.820382929849091 0.072555744015010068 -2.5797559627211921 2.9348088729972681 -0.23483987713828305 -2.504622352847429 -2.4217742817401886 2.6403463091920405 2.6363460030535175 -0.69430685963217664
leaf_weight=110 134 113 101 121 197 107 100 102 116 127
leaf_count=110 134 113 101 121 197 107 100 102 116 127
internal_value=0 1.49516 -0.19806 0.0258244 0.971221 -0.434568 -0.028898 0.550061 -0.0715401 0.895634
internal_weight=0 223 1105 971 318 653 546 445 343 243
internal_count=1328 223 1105 971 318 653 546 445 343 243
is_linear=0
shrinkage=0.05


Tree=495
num_leaves=10
num_cat=0
split_feature=16 10 5 11 15 11 11 12 0
split_gain=158614 279771 306988 481801 294021 275370 181049 171861 78244.8
threshold=0.39115994932826587 5410.621000000001 4.5000000000000009 6028.5643750000008 4.6016810014334775 4992.4027500000011 5485.9666250000009 7680.4096250000011 5.4421733840050672
decision_type=2 2 2 10 2 10 8 8 2
left_child=7 4 3 -3 6 -6 -2 8 -1
right_child=1 2 -4 -5 5 -7 -8 -9 -10
leaf_value=-0.66678316377650548 -1.4445644341133259 2.1970620603230646 -2.215635239361208 -1.9678027428429701 4.239168483670019 0.76879509216005149 1.5003222762948216 -2.1582173914137019 1.0560408828939711
leaf_weight=177 108 173 158 116 119 110 101 142 105
leaf_count=177 108 173 158 116 119 110 101 142 105
internal_value=0 0.436502 -0.443498 0.525352 1.33458 2.57218 -0.0214374 -0.73963 -0.0253061
internal_weight=0 885 447 289 438 229 209 424 282
internal_count=1309 885 447 289 438 229 209 424 282
is_linear=0
shrinkage=0.05


Tree=496
num_leaves=10
num_cat=0
split_feature=16 1 4 12 3 14 4 13 14
split_gain=156075 225616 324638 430662 444158 473151 367544 125305 116194
threshold=0.19256508984231793 13.107145800102456 3.5000000000000004 3913.7600000000002 0.60600690598563867 215.29899999999955 17.500000000000004 5079.3613028273821 340.52199999999999
decision_type=2 2 2 10 2 8 2 10 10
left_child=7 -2 -3 4 -4 -6 8 -1 -5
right_child=1 2 3 6 5 -7 -8 -9 -10
leaf_value=2.6125233441591265 -1.7408335883987143 2.6133138869778585 -3.8679053812730508 3.5079063568629474 -2.6155708833438598 1.4814808127193739 -0.7771274552506916 0.10947515296936035 1.2719168450214244
leaf_weight=100 187 118 122 102 123 165 177 100 135
leaf_count=100 187 118 122 102 123 165 177 100 135
internal_value=0 -0.154434 0.160488 -0.190767 -1.3394 -0.268302 0.946772 1.361 2.23424
internal_weight=0 1129 942 824 410 288 414 200 237
internal_count=1329 1129 942 824 410 288 414 200 237
is_linear=0
shrinkage=0.05


Tree=497
num_leaves=10
num_cat=0
split_feature=10 3 3 12 14 4 14 12 1
split_gain=224504 168430 403664 379536 454406 549109 362249 364246 264141
threshold=2013.4711250000003 0.66795208896578384 0.70826411557726321 3379.0362500000006 -365.02162500000003 2.5000000000000004 -43.455874999999644 3987.1552500000003 27.663887344614761
decision_type=2 2 2 8 10 2 8 10 2
left_child=-1 3 -3 -2 -5 -6 -4 -8 -7
right_child=1 2 6 4 5 8 7 -9 -10
leaf_value=2.3474901084806405 -2.1356839204743756 -2.8030819913709024 2.6184675810771569 3.9834906012109181 -2.9236070509780858 0.035167554785043763 -2.496039208326791 1.1540268484063037 2.8207747803618579
leaf_weight=102 118 166 107 103 102 195 148 127 151
leaf_count=102 118 166 107 103 102 195 148 127 151
internal_value=0 -0.094587 -0.744504 0.437781 0.988904 0.300417 0.150062 -0.810372 1.25085
internal_weight=0 1217 548 669 551 448 382 275 346
internal_count=1319 1217 548 669 551 448 382 275 346
is_linear=0
shrinkage=0.05


Tree=498
num_leaves=9
num_cat=0
split_feature=13 4 5 5 13 15 11 13
split_gain=307333 232988 464230 438442 255941 470693 296018 225530
threshold=7044.6583288690481 6.5000000000000009 5.5000000000000009 3.5000000000000004 4713.9948400297626 6.7286645331199795 4568.880000000001 7410.9377008928577
decision_type=8 2 2 2 10 2 10 10
left_child=1 3 4 -1 -3 6 -6 -2
right_child=7 2 -4 -5 5 -7 -8 -9
leaf_value=-0.87219834497746307 2.6181423169071394 -1.9307631627838504 -3.8551546873333304 2.9212793197752775 -3.1174065223106973 2.21253407439217 0.2807164549827576 -0.31560041984686488
leaf_weight=170 177 174 107 138 104 192 167 104
leaf_count=170 177 174 107 138 104 192 167 104
internal_value=0 -0.329007 -0.807767 0.827477 -0.295882 0.318522 -1.02336 1.53234
internal_weight=0 1052 744 308 637 463 271 281
internal_count=1333 1052 744 308 637 463 271 281
is_linear=0
shrinkage=0.05


Tree=499
num_leaves=10
num_cat=0
split_feature=12 13 13 11 11 16 11 11 7
split_gain=317984 349627 507913 470405 821652 515953 286706 218194 97379
threshold=2548.7687500000006 4931.5767633928581 4314.8293452380958 6149.4768750000012 8546.1325000000015 0.25430459712637959 4875.6825000000008 3343.8312500000006 0.4695937795261384
decision_type=8 8 10 10 10 2 8 10 2
left_child=-1 2 -2 5 -5 -3 7 -7 -8
right_child=1 3 -4 4 -6 6 8 -9 -10
leaf_value=2.1495194371541344 -0.61738665093322709 -4.7149503698474486 3.2588482519460693 2.7014927052582305 -2.766236606769473 -0.46472098936885597 -0.67493499390129907 -3.6331175436492731 1.4992624826801633
leaf_weight=150 197 114 148 192 107 100 103 119 103
leaf_count=150 197 114 148 192 107 100 103 119 103
internal_value=0 -0.294191 1.04546 -0.845719 0.744814 -1.72804 -0.926841 -2.18636 0.412164
internal_weight=0 1183 345 838 299 539 425 219 206
internal_count=1333 1183 345 838 299 539 425 219 206
is_linear=0
shrinkage=0.05


Tree=500
num_leaves=10
num_cat=0
split_feature=16 4 1 4 4 7 7 4 3
split_gain=259210 402038 475356 213555 250053 219503 226689 360520 420026
threshold=0.35606060606060602 7.5000000000000009 19.782174215945059 7.5000000000000009 3.5000000000000004 0.57515541720116825 0.057232266561983172 17.500000000000004 0.7148812248969999
decision_type=2 2 2 2 2 2 2 2 2
left_child=1 2 -1 4 -2 6 -5 8 -8
right_child=3 -3 -4 5 -6 -7 7 -9 -10
leaf_value=2.9865537547829129 0.96473097940737551 -2.9432421777190436 -1.6340548178841994 2.4303104644274192 -2.4465279858452935 2.8109530547180692 3.2739448070526125 -2.2233914780622919 -0.44633189048429939
leaf_weight=101 110 144 124 137 105 148 123 121 198
leaf_count=101 110 144 124 137 105 148 123 121 198
internal_value=0 -0.880238 0.440085 0.683121 -0.701233 1.09252 0.653271 0.102469 0.979195
internal_weight=0 369 225 942 215 727 579 442 321
internal_count=1311 369 225 942 215 727 579 442 321
is_linear=0
shrinkage=0.05


Tree=501
num_leaves=10
num_cat=0
split_feature=10 13 0 13 5 12 0 14 12
split_gain=202342 345939 344302 210065 219487 338186 714729 542146 274665
threshold=8254.4351250000018 7044.6583288690481 6.1981739840650745 6581.18222247024 1.0000000180025095e-35 8312.1225000000013 4.3291620828749551 292.0562500000006 5107.6905000000015
decision_type=2 10 2 10 2 8 2 10 10
left_child=1 2 3 4 -1 7 -7 -6 -9
right_child=-2 -3 -4 -5 5 6 -8 8 -10
leaf_value=-2.0969643572660597 -1.9830770309448242 2.6419699624301942 2.1581349681607254 -2.4626766645908358 3.0847859100981072 1.4872952616773547 -3.6733284207946024 -2.3525898734728496 1.2415893940364615
leaf_weight=130 125 123 139 120 182 128 141 111 102
leaf_count=130 125 123 139 120 182 128 141 111 102
internal_value=0 0.132812 -0.160281 -0.512863 -0.21818 0.149654 -1.21772 1.08085 -0.631434
internal_weight=0 1176 1053 914 794 664 269 395 213
internal_count=1301 1176 1053 914 794 664 269 395 213
is_linear=0
shrinkage=0.05


Tree=502
num_leaves=9
num_cat=0
split_feature=12 11 11 13 12 7 10 12
split_gain=166583 272148 499475 559952 460767 342533 569862 734592
threshold=8133.3738750000011 7711.1350000000011 6629.5200000000013 4952.0647619047631 1995.7810000000002 0.60380287999115401 3743.7526250000005 4745.1537500000013
decision_type=10 10 10 8 10 2 2 8
left_child=1 2 3 4 -1 6 -5 -8
right_child=-2 -3 -4 5 -6 -7 7 -9
leaf_value=-0.39438380118778776 1.6043163842421313 1.5618742610306242 -3.9260405458731231 -2.7888801050186158 3.2885101660815153 -3.1293182294140571 -1.5514062223477023 3.6476744651794437
leaf_weight=175 130 172 101 160 165 160 140 132
leaf_count=175 130 172 101 160 165 160 140 132
internal_value=0 -0.279599 -0.586214 -0.22428 1.3929 -1.15307 -0.421122 0.971677
internal_weight=0 1205 1033 932 340 592 432 272
internal_count=1335 1205 1033 932 340 592 432 272
is_linear=0
shrinkage=0.05


Tree=503
num_leaves=10
num_cat=0
split_feature=10 3 12 12 16 0 13 11 13
split_gain=225191 409030 463474 395631 381590 451080 398993 291557 132093
threshold=6572.4263750000009 0.69511764340340887 6098.4025000000011 7638.8025000000007 0.20633313331333139 4.0258567523419018 7011.8824836309532 4681.9312500000005 5086.3451391369063
decision_type=2 2 8 10 2 2 8 10 8
left_child=3 2 -2 4 -1 8 7 -7 -6
right_child=1 -3 -4 -5 5 6 -8 -9 -10
leaf_value=2.7894601767839386 1.8196327456169659 -3.2556919847288706 -2.2548062364783203 3.604592476268806 -0.9326932998606936 1.5571629391577011 2.906014826324665 -1.4758601625659029 -3.3580357942581176
leaf_weight=129 180 117 114 101 128 133 144 196 100
leaf_count=129 180 117 114 101 128 133 144 196 100
internal_value=0 -0.755304 0.239748 0.649856 0.290304 -0.169598 0.710994 -0.249744 -1.99644
internal_weight=0 411 294 931 830 701 473 329 228
internal_count=1342 411 294 931 830 701 473 329 228
is_linear=0
shrinkage=0.05


Tree=504
num_leaves=11
num_cat=0
split_feature=7 13 8 12 3 11 12 7 12 0
split_gain=157508 316508 234345 498322 397308 320756 366402 655558 133597 112648
threshold=0.6256666447669027 5365.2527046130963 0.8223668700195812 4089.0537500000005 0.50918737280841453 1860.6670000000001 4023.7812500000005 0.33685756060131122 7367.3225000000011 5.176363469680302
decision_type=2 10 2 10 2 10 10 2 10 2
left_child=2 -2 3 -1 -4 -6 7 -7 9 -8
right_child=1 -3 4 -5 5 6 8 -9 -10 -11
leaf_value=-4.1350273368705031 2.8464391977847128 -0.572519487303913 2.7050998037895271 0.55255077956752341 -2.7863463913440705 4.5583604490402898 -3.0320749146060328 -0.59277616266934385 0.28780021968095199 -0.76324104458346209
leaf_weight=117 119 157 113 110 125 101 102 159 115 118
leaf_count=117 119 157 113 110 125 101 102 159 115 118
internal_value=0 0.901597 -0.439367 -1.86351 -0.0512738 -0.483871 -0.00015809 1.40824 -1.09324 -1.81515
internal_weight=0 276 1060 227 833 720 595 260 335 220
internal_count=1336 276 1060 227 833 720 595 260 335 220
is_linear=0
shrinkage=0.05


Tree=505
num_leaves=10
num_cat=0
split_feature=10 4 15 8 8 8 12 8 15
split_gain=258615 238526 454672 240205 215825 394581 214630 143064 157124
threshold=2278.2195000000006 11.500000000000002 5.009371770510386 0.95059616321645357 0.93503799598285231 0.82501466908338139 5107.6905000000015 0.8299725795842724 7.2665016501650168
decision_type=2 2 2 2 2 2 8 2 2
left_child=-1 4 -3 7 5 6 -2 -4 -9
right_child=1 2 3 -5 -6 -7 -8 8 -10
leaf_value=2.0989144853093253 -1.5413303248211743 -3.9070602870223547 0.41134514322647686 1.4703693389993946 -1.2460476227760315 3.001281989608291 1.2948854687440134 -0.46468894043937325 -3.0478273433829668
leaf_weight=142 130 101 130 147 125 169 137 128 109
leaf_count=142 130 101 130 147 125 169 137 128 109
internal_value=0 -0.160034 -0.840142 -0.237498 0.585538 1.11065 -0.0860436 -0.921576 -1.65271
internal_weight=0 1176 615 514 561 436 267 367 237
internal_count=1318 1176 615 514 561 436 267 367 237
is_linear=0
shrinkage=0.05


Tree=506
num_leaves=12
num_cat=0
split_feature=0 10 12 7 12 0 7 8 14 14 8
split_gain=201518 175465 243089 171536 448988 451153 428661 230155 207481 135060 77674.1
threshold=6.5942010867753451 6655.4568750000008 4274.2133750000003 0.28833355956167422 3107.7450000000003 5.2596467980131338 0.049682476320794478 0.98534203236091911 461.6936250000004 554.39212499999996 0.8223668700195812
decision_type=2 2 10 2 8 2 2 2 10 10 2
left_child=1 3 -3 6 -5 8 7 -1 10 -2 -6
right_child=9 2 -4 4 5 -7 -8 -9 -10 -11 -12
leaf_value=-1.2356627987880335 2.6637162989318961 0.068665979703267419 -3.3176985837031752 -2.1298404440864922 0.3299741885757872 4.1606314013449888 -2.9430082731246952 1.9886728661742894 -1.415126348854205 0.07796351891933101 2.2092853550557741
leaf_weight=102 101 105 107 125 112 103 150 121 109 101 108
leaf_count=102 101 105 107 125 112 103 150 121 109 101 108
internal_value=0 -0.342397 -1.64049 -0.0464874 0.509203 1.27282 -0.876299 0.513865 0.368727 1.37084 1.25255
internal_weight=0 1142 212 930 557 432 373 223 329 202 220
internal_count=1344 1142 212 930 557 432 373 223 329 202 220
is_linear=0
shrinkage=0.05


Tree=507
num_leaves=11
num_cat=0
split_feature=7 7 4 12 4 16 3 3 16 12
split_gain=207196 362273 349998 421076 339487 277576 220027 431129 170721 168240
threshold=0.049682476320794478 0.19678047349839431 14.500000000000002 7367.3225000000011 11.500000000000002 0.9182501583491699 0.60600690598563867 0.52835722719724842 0.25430459712637959 3864.9356250000005
decision_type=2 2 2 8 2 2 2 2 2 10
left_child=9 -2 4 5 6 -4 7 8 -3 -1
right_child=1 2 3 -5 -6 -7 -8 -9 -10 -11
leaf_value=2.8907916731173451 -2.9844306305050852 -1.2603582014024786 1.8090531128495932 3.6033992564584327 -3.1307107867901784 -1.8891460285603423 1.435091030909299 -3.5091273938332286 1.2501108595429089 0.14192171702461859
leaf_weight=101 112 113 100 127 114 103 159 105 169 124
leaf_count=101 112 113 100 127 114 103 159 105 169 124
internal_value=0 -0.289141 0.0157811 1.34532 -0.648987 -0.0673731 -0.130825 -0.774186 0.244143 1.37586
internal_weight=0 1102 990 330 660 203 546 387 282 225
internal_count=1327 1102 990 330 660 203 546 387 282 225
is_linear=0
shrinkage=0.05


Tree=508
num_leaves=10
num_cat=0
split_feature=3 0 13 3 4 13 11 11 13
split_gain=248224 394792 369837 302815 253104 286964 213907 323396 196961
threshold=0.6659910053267355 3.7810989432276565 3993.7879761904774 0.70826411557726321 15.500000000000002 5332.7113891369054 6967.0636250000007 5746.4165000000012 5850.6047738095249
decision_type=2 2 10 2 2 10 10 10 10
left_child=1 -1 -3 -2 5 -5 7 8 -4
right_child=3 2 6 4 -6 -7 -8 -9 -10
leaf_value=-1.628738939827429 -2.5012479638372151 3.9524267925935632 -0.54251473259692096 -2.1621769192606908 1.8825457048609975 0.89269033833373368 2.0831981060196116 -2.3974044848623732 2.5571774238810958
leaf_weight=154 175 102 102 172 123 139 166 105 103
leaf_count=154 175 102 102 172 123 139 166 105 103
internal_value=0 0.620844 1.22021 -0.745445 -0.0374593 -0.796818 0.63474 -0.140886 1.01489
internal_weight=0 732 578 609 434 311 476 310 205
internal_count=1341 732 578 609 434 311 476 310 205
is_linear=0
shrinkage=0.05


Tree=509
num_leaves=11
num_cat=0
split_feature=10 5 14 7 10 13 13 0 4 14
split_gain=286345 259993 598618 229126 634760 348117 345777 260456 122743 79620.6
threshold=8318.8691250000029 4.5000000000000009 260.38362500000022 0.45873957474687205 2674.9426250000006 5438.4689360119055 4724.1026607142858 4.5627479414608141 14.500000000000002 435.84674999999976
decision_type=2 2 10 2 2 10 10 2 2 10
left_child=1 3 -3 4 -1 7 -6 -5 -8 -7
right_child=-2 2 -4 5 6 9 8 -9 -10 -11
leaf_value=3.4943657550357639 -2.275256421085861 -2.5976234468602644 1.5127800579817017 1.341558577636681 -3.4060470612332376 -0.74898760053515445 1.2207864416747534 4.8736990074316662 -1.0549830905335436 1.2462648683190345
leaf_weight=105 108 194 163 101 101 100 119 108 118 100
leaf_count=105 108 194 163 101 101 100 119 108 118 100
internal_value=0 0.411838 -0.720885 0.886465 0.0986077 1.73982 -0.956287 3.16678 0.0877029 0.248639
internal_weight=0 1209 357 852 443 409 338 209 237 200
internal_count=1317 1209 357 852 443 409 338 209 237 200
is_linear=0
shrinkage=0.05


Tree=510
num_leaves=10
num_cat=0
split_feature=14 3 7 8 4 12 11 3 16
split_gain=129134 178150 212560 327150 436942 273233 224247 253527 179394
threshold=-1542.6836249999994 0.49159940915965861 0.57515541720116825 0.92645437384249874 11.500000000000002 3465.9887500000009 6998.8377500000006 0.69859414623421678 0.43495599559956039
decision_type=10 2 2 2 2 10 10 2 2
left_child=-1 -2 3 4 -3 -6 7 -5 -4
right_child=1 2 8 6 5 -7 -8 -9 -10
leaf_value=-1.2319981681129146 -1.3298993569810558 1.2207665886912313 0.4792460590031497 -1.5663896939918107 -4.1532552831640874 -0.78132228720797237 3.1151316643929952 1.7525806800885633 2.9800865925622713
leaf_weight=173 158 143 157 102 107 137 102 132 132
leaf_count=173 158 143 157 102 107 137 102 132 132
internal_value=0 0.231565 0.475351 0.0172095 -0.973824 -2.26 1.15867 0.30585 1.6215
internal_weight=0 1170 1012 723 387 244 336 234 289
internal_count=1343 1170 1012 723 387 244 336 234 289
is_linear=0
shrinkage=0.05


Tree=511
num_leaves=10
num_cat=0
split_feature=10 8 8 14 12 13 13 12 10
split_gain=270557 352179 236989 499123 321594 245557 190814 424560 157880
threshold=2013.4711250000003 0.98841751246531528 0.83741510066076874 -322.82487499999996 8660.7182500000017 6871.5982961309537 6724.7786071428582 6159.1568750000015 5590.8848750000006
decision_type=2 2 2 10 8 10 10 8 2
left_child=-1 2 4 -4 5 8 7 -5 -2
right_child=1 -3 3 6 -6 -7 -8 -9 -10
leaf_value=2.1476743085830061 -0.97692936538556308 -2.5062448352405005 3.4859492513537407 -2.1908712463762292 -3.3899414553500642 -2.2984004118329007 1.6128285614219875 1.6466512118820598 1.4342706328630448
leaf_weight=111 109 175 120 199 101 105 111 113 180
leaf_count=111 109 175 120 199 101 105 111 113 180
internal_value=0 -0.431327 -0.0815093 0.639827 -0.872793 -0.227535 -0.167584 -0.800999 0.524856
internal_weight=0 1213 1038 543 495 394 423 312 289
internal_count=1324 1213 1038 543 495 394 423 312 289
is_linear=0
shrinkage=0.05


Tree=512
num_leaves=11
num_cat=0
split_feature=14 16 12 16 0 4 14 13 8 5
split_gain=147730 165222 365205 349772 297566 249868 249083 248041 302777 274550
threshold=-744.34987500000034 0.51445561222788982 3830.1075000000005 0.19946994699469858 3.5962096209620964 9.5000000000000018 499.81450000000046 5670.4112946428577 0.92645437384249874 2.5000000000000004
decision_type=8 2 8 2 2 2 8 10 2 2
left_child=-1 2 -2 -4 -3 -6 -5 8 -7 -9
right_child=1 4 3 6 5 7 -8 9 -10 -11
leaf_value=2.0558168867848958 1.8834973260639161 -1.8745957224369052 0.72655852733094717 -4.0209478054195644 3.1876713807603956 0.060208284278877644 -1.0085157872310706 -2.4695057732718335 3.7824876129037079 0.96216999268770675
leaf_weight=106 123 100 153 116 113 119 168 105 101 131
leaf_count=106 123 100 153 116 113 119 168 105 101 131
internal_value=0 0.110384 -0.523262 -1.20068 0.640791 1.08286 -2.23895 0.561277 1.76907 -0.564635
internal_weight=0 1229 560 437 669 569 284 456 220 236
internal_count=1335 1229 560 437 669 569 284 456 220 236
is_linear=0
shrinkage=0.05


Tree=513
num_leaves=10
num_cat=0
split_feature=14 12 12 4 3 14 13 16 4
split_gain=210203 324390 597130 283741 423155 223006 196083 244997 419174
threshold=292.0562500000006 8133.3738750000011 6304.9237500000008 7.5000000000000009 0.71091573717930412 136.91737499999957 5729.8759375000018 0.43946477981131477 13.500000000000002
decision_type=10 8 10 2 2 10 10 2 2
left_child=5 2 3 -2 -5 6 7 -1 -9
right_child=1 -3 -4 4 -6 -7 -8 8 -10
leaf_value=2.3756863731869386 -2.0359189523256007 1.7858284317381015 -4.0989083061295171 2.6631590480362619 -1.3109743063825938 2.888758773663465 -1.0804492239063308 -1.9668592058402254 2.2370659157494521
leaf_weight=173 131 123 124 143 126 102 169 133 107
leaf_count=173 131 123 124 143 126 102 169 133 107
internal_value=0 -0.524983 -1.06741 -0.127641 0.801669 0.7322 0.354247 0.941326 -0.0926093
internal_weight=0 647 524 400 269 684 582 413 240
internal_count=1331 647 524 400 269 684 582 413 240
is_linear=0
shrinkage=0.05


Tree=514
num_leaves=10
num_cat=0
split_feature=8 14 7 14 5 14 16 10 0
split_gain=215719 455709 442460 300492 472908 276292 167012 238588 150457
threshold=0.85471994470811852 -308.21374999999983 0.55273902951891174 125.20200000000001 3.5000000000000004 -639.16212499999972 0.3309539287262056 6940.2165000000014 5.1646831349801658
decision_type=2 8 2 10 2 10 2 2 2
left_child=2 -2 -1 -3 8 -4 -7 -8 -5
right_child=1 3 5 4 -6 6 7 -9 -10
leaf_value=-2.8358416793056023 3.8737661099433902 -1.4876694575701348 -1.9382445320352777 0.71911595221608882 2.9432002633299148 -0.46677146731703378 0.15919298363470399 3.4457378634700073 -1.7670932741000733
leaf_weight=156 100 179 111 128 175 135 113 108 116
leaf_count=156 100 179 111 128 175 135 113 108 116
internal_value=0 0.749581 -0.530373 0.227143 0.959723 0.239763 0.918861 1.76529 -0.462852
internal_weight=0 698 623 598 419 467 356 221 244
internal_count=1321 698 623 598 419 467 356 221 244
is_linear=0
shrinkage=0.05


Tree=515
num_leaves=9
num_cat=0
split_feature=10 5 13 12 12 0 15 13
split_gain=154582 221105 316604 272561 341724 273921 177652 164666
threshold=2556.1753750000007 1.0000000180025095e-35 4137.0024069940482 8420.6155000000017 6873.0156250000009 6.1070940427376081 4.5586558655865597 6589.8850959821439
decision_type=2 2 8 8 10 2 2 10
left_child=-1 -2 -3 4 5 6 -4 -8
right_child=1 2 3 -5 -6 -7 7 -9
leaf_value=1.5929491610980473 -1.8495325599340786 2.7854198471408029 -0.87562183612710121 -1.9349377574262823 2.9457000827170767 -1.686167229829145 2.2988678507861637 -0.086890519064242444
leaf_weight=163 149 107 143 164 106 194 168 127
leaf_count=163 149 107 143 164 106 194 168 127
internal_value=0 -0.0516249 0.213874 -0.0911765 0.318548 -0.122082 0.570687 1.27178
internal_weight=0 1158 1009 902 738 632 438 295
internal_count=1321 1158 1009 902 738 632 438 295
is_linear=0
shrinkage=0.05


Tree=516
num_leaves=11
num_cat=0
split_feature=12 12 11 10 15 10 7 0 3 3
split_gain=185111 264562 227936 565292 209088 422924 482420 381044 322712 102168
threshold=5088.5527500000007 5824.2361250000004 4992.4027500000011 6680.1892500000004 3.1296129612961296 4849.3181250000007 0.19678047349839431 5.7114419775310878 0.69608463293826184 0.51654907486115043
decision_type=10 10 10 2 2 2 2 2 2 2
left_child=4 -2 -3 -4 -1 6 -6 9 -9 -7
right_child=1 2 3 -5 5 7 -8 8 -10 -11
leaf_value=-2.4369678730368616 3.079583498775154 -1.6044276351327296 2.9213042288131659 -1.6168779773958797 -1.0183461130580358 -1.440568997859955 3.1856759302756368 2.3208394473152505 -1.4919991976564582 -3.6951487476282781
leaf_weight=100 111 111 168 116 114 100 170 112 110 101
leaf_count=100 111 111 168 116 114 100 170 112 110 101
internal_value=0 0.922853 0.316784 1.06768 -0.296996 0.00568689 1.49815 -0.996342 0.431595 -2.57347
internal_weight=0 506 395 284 807 707 284 423 222 201
internal_count=1313 506 395 284 807 707 284 423 222 201
is_linear=0
shrinkage=0.05


Tree=517
num_leaves=9
num_cat=0
split_feature=1 10 11 15 11 15 16 10
split_gain=163419 337394 498669 322154 350499 282824 369796 203511
threshold=28.026572137842411 4145.9725000000008 6683.4167500000012 8.1716629996332983 8113.5491250000005 3.8425925925925939 0.49579541287462187 7038.9791250000007
decision_type=2 2 8 2 8 2 2 2
left_child=1 5 -3 4 7 6 -1 -2
right_child=3 2 -4 -5 -6 -7 -8 -9
leaf_value=1.121580070393686 -0.50811736468421786 -0.1680642377452802 -4.4212202171109762 -1.4953986261367798 3.812129164010555 1.9301227740293894 -2.8717272802614251 1.9695499386917168
leaf_weight=131 190 197 106 125 111 195 104 147
leaf_count=131 190 197 106 125 111 195 104 147
internal_value=0 -0.378058 -1.65597 0.749045 1.37529 0.522422 -0.645671 0.572646
internal_weight=0 733 303 573 448 430 235 337
internal_count=1306 733 303 573 448 430 235 337
is_linear=0
shrinkage=0.05


Tree=518
num_leaves=11
num_cat=0
split_feature=10 12 12 15 10 3 4 0 12 12
split_gain=147356 135557 439789 347071 225926 377810 223018 219337 152259 97430.1
threshold=8277.3393750000014 6686.0662500000008 5432.0000000000009 3.8053597026369306 4612.8626250000007 0.72089803719135859 15.500000000000002 5.7114419775310878 3846.0587500000006 3169.8525000000004
decision_type=2 10 10 2 2 2 2 2 8 10
left_child=1 2 3 -1 5 -5 -3 8 -6 -9
right_child=-2 6 -4 4 7 -7 -8 9 -10 -11
leaf_value=-2.1517968155356018 -1.7163580263458837 0.49678512459451502 2.7484591832586158 3.741550716918868 -0.07852221661806108 -0.44231092396236599 -2.7407500882750577 2.0478222797412684 -2.5994640535893652 -0.15385626125335694
leaf_weight=170 127 110 157 111 125 105 103 101 115 100
leaf_count=170 127 110 157 111 125 105 103 101 115 100
internal_value=0 0.0748638 0.322422 -0.138144 0.382892 1.70773 -1.06878 -0.266007 -1.28647 0.95246
internal_weight=0 1197 984 827 657 216 213 441 240 201
internal_count=1324 1197 984 827 657 216 213 441 240 201
is_linear=0
shrinkage=0.05


Tree=519
num_leaves=9
num_cat=0
split_feature=11 7 8 13 4 5 4 5
split_gain=177716 282594 428615 275434 346920 880492 298022 353670
threshold=2584.7607500000008 0.049682476320794478 0.97373460641480614 6019.169925595239 14.500000000000002 3.5000000000000004 5.5000000000000009 2.5000000000000004
decision_type=8 2 2 8 2 2 2 2
left_child=-1 -2 3 6 5 -5 -3 -8
right_child=1 2 -4 4 -6 -7 7 -9
leaf_value=1.4258507159968903 1.2872223702419285 0.66666566836337249 -3.8515195079878271 1.5624619008450027 2.1986805758055517 -4.0506992509572397 -0.10343794290707492 -3.8122230290626149
leaf_weight=145 198 120 102 178 170 115 107 161
leaf_count=145 198 120 102 178 170 115 107 161
internal_value=0 -0.431588 -0.788696 -0.421589 0.401865 -0.640656 -1.40422 -2.33148
internal_weight=0 1151 953 851 463 293 388 268
internal_count=1296 1151 953 851 463 293 388 268
is_linear=0
shrinkage=0.05


Tree=520
num_leaves=11
num_cat=0
split_feature=11 4 7 12 12 11 12 15 5 10
split_gain=204573 206167 182263 483638 467176 232547 369059 398716 209677 177131
threshold=1901.4648750000003 10.500000000000002 0.31754424582369595 4144.0000000000009 8660.7182500000017 7711.1350000000011 2650.2000000000003 6.2751566823349014 1.5000000000000002 4145.9725000000008
decision_type=10 2 2 10 8 10 10 2 2 2
left_child=1 -1 3 -2 5 6 -4 8 -8 -5
right_child=2 -3 4 9 -6 -7 7 -9 -10 -11
leaf_value=0.20743282724309853 3.6844714623509036 -2.8892361881576969 -2.6645427940635509 1.2951393673053155 -3.2272774392483279 2.2422901352826696 0.28151822421861733 -1.2001754261635162 3.1629102570669994 -1.6025413570002975
leaf_weight=108 132 107 109 104 102 137 115 182 140 107
leaf_count=108 132 107 109 104 102 137 115 182 140 107
internal_value=0 -1.3337 0.349201 1.31071 -0.0709218 0.400452 -0.0616942 0.587529 1.86346 -0.174301
internal_weight=0 215 1128 343 785 683 546 437 255 211
internal_count=1343 215 1128 343 785 683 546 437 255 211
is_linear=0
shrinkage=0.05


Tree=521
num_leaves=8
num_cat=0
split_feature=11 4 4 12 8 3 10
split_gain=164950 769054 286026 383900 244918 696936 218232
threshold=7711.1350000000011 13.500000000000002 17.500000000000004 3334.4725000000003 0.83353278333831826 0.71517305858603708 5477.6962500000009
decision_type=8 2 2 10 2 2 2
left_child=2 -2 3 6 -5 -6 -1
right_child=1 -3 -4 4 5 -7 -8
leaf_value=0.066420943606858962 -1.3924824481268965 3.2602904492023725 -1.8603195182563086 -0.22015547507166208 4.6252275896158155 -0.43788629160787829 -2.6354763083785548
leaf_weight=174 166 191 197 182 139 133 131
leaf_count=174 166 191 197 182 139 133 131
internal_value=0 1.09682 -0.162734 0.277878 1.19956 2.14951 -1.09407
internal_weight=0 357 956 759 454 272 305
internal_count=1313 357 956 759 454 272 305
is_linear=0
shrinkage=0.05


Tree=522
num_leaves=11
num_cat=0
split_feature=13 13 16 11 7 13 12 15 11 12
split_gain=225700 385509 351599 282915 266148 216192 274723 203851 203500 264312
threshold=3744.8374322916675 4594.8602090773811 0.47390989098909936 4875.6825000000008 0.56520147139266441 6463.2768534226198 4368.1068750000004 4.8953645364536458 7393.6912500000008 5432.0000000000009
decision_type=10 10 2 10 2 10 10 2 10 10
left_child=2 -2 -1 4 7 8 -7 -3 9 -5
right_child=1 3 -4 5 -6 6 -8 -9 -10 -11
leaf_value=0.74965979085110213 2.7757557198510949 -1.7553481057957487 -3.2615106768968731 0.61783166533318645 -2.9670057485087051 1.378646666983254 -1.8883080473521372 1.109197159016386 -0.22522486725023816 4.0927917518253834
leaf_weight=101 141 111 119 107 126 117 143 141 112 112
leaf_count=101 141 111 119 107 126 117 143 141 112 112
internal_value=0 0.33301 -1.42002 -0.022436 -1.09071 0.660828 -0.418178 -0.152567 1.50839 2.39498
internal_weight=0 1110 220 969 378 591 260 252 331 219
internal_count=1330 1110 220 969 378 591 260 252 331 219
is_linear=0
shrinkage=0.05


Tree=523
num_leaves=9
num_cat=0
split_feature=15 12 13 13 13 13 4 16
split_gain=160165 250811 409276 317701 291020 407432 282850 191579
threshold=4.021377137713773 5908.5311250000013 5181.2097916666671 5538.2587946428584 6463.2768534226198 7020.3951063988106 14.500000000000002 0.3764209754308761
decision_type=2 10 8 10 8 8 2 2
left_child=7 2 6 -3 -4 -6 -2 -1
right_child=1 3 4 -5 5 -7 -8 -9
leaf_value=0.65708928811464384 -1.5780862353784217 1.6021904686556281 4.2085019527855563 -1.8693168354490415 -0.74899442947429162 2.8408312918688803 1.668836498922772 -1.8994007114873779
leaf_weight=139 177 103 118 183 138 185 108 155
leaf_count=139 177 103 118 183 138 185 108 155
internal_value=0 0.635029 1.12908 -0.619089 2.08344 1.3071 -0.347673 -0.69072
internal_weight=0 1012 726 286 441 323 285 294
internal_count=1306 1012 726 286 441 323 285 294
is_linear=0
shrinkage=0.05


Tree=524
num_leaves=10
num_cat=0
split_feature=15 15 12 0 11 15 15 14 12
split_gain=202809 272344 133701 167824 523789 304241 366376 201866 151834
threshold=8.1716629996332983 6.9803772043871062 2548.7687500000006 4.3291620828749551 1995.7810000000002 5.0276152615261536 6.0778202820282035 -694.41374999999982 5963.4620000000014
decision_type=2 2 8 2 10 2 2 10 10
left_child=1 2 -1 7 -5 -6 -7 -4 -9
right_child=-2 -3 3 4 5 6 -8 8 -10
leaf_value=1.5935223823344267 -1.8583274188101293 2.0051762568189746 2.4469797309637071 -3.9582036889537622 -2.2389595012579644 2.726417409402353 -0.86398598361015333 -1.0279832239060298 1.340661673011067
leaf_weight=108 125 188 100 108 112 135 150 184 107
leaf_count=108 125 188 100 108 112 135 150 184 107
internal_value=0 0.258635 -0.0684071 -0.268729 -0.870853 -0.0309698 0.836731 0.508951 -0.157038
internal_weight=0 1192 1004 896 505 397 285 391 291
internal_count=1317 1192 1004 896 505 397 285 391 291
is_linear=0
shrinkage=0.05


Tree=525
num_leaves=10
num_cat=0
split_feature=10 11 12 0 10 13 12 10 3
split_gain=172257 356407 303297 244504 378390 324658 289785 284479 23404.8
threshold=3020.5996250000003 3630.2551250000006 8242.3378750000029 4.5088050471713848 5115.1527500000002 6890.220126488096 6159.1568750000015 6680.1892500000004 0.52564942958067284
decision_type=2 10 10 2 2 8 10 2 2
left_child=1 -1 3 8 -5 6 7 -6 -2
right_child=2 -3 -4 4 5 -7 -8 -9 -10
leaf_value=-0.30551299120755804 -0.93137324339151384 3.5086016897971817 -2.7958320536530845 2.5953882270230508 -1.7610333736251 -2.0405878866020637 2.9080724022422846 1.1751285204227935 -2.0131491022109986
leaf_weight=149 100 104 101 167 147 158 104 188 100
leaf_count=149 100 104 101 167 147 158 104 188 100
internal_value=0 1.26234 -0.189035 0.0840835 0.491504 -0.0970203 0.602487 -0.113277 -1.47226
internal_weight=0 253 1065 964 764 597 439 335 200
internal_count=1318 253 1065 964 764 597 439 335 200
is_linear=0
shrinkage=0.05


Tree=526
num_leaves=10
num_cat=0
split_feature=11 16 11 10 0 3 12 7 13
split_gain=183240 140439 123782 206923 286709 420485 323722 389242 109328
threshold=1461.8552500000003 1.5277986131946519 2719.2775000000006 3020.5996250000003 4.8233531686501996 0.53531788394287505 6842.4882500000012 0.54656740767405787 5332.7113891369054
decision_type=10 2 10 2 2 2 8 2 10
left_child=-1 2 -2 -4 8 -6 7 -7 -5
right_child=1 -3 3 4 5 6 -8 -9 -10
leaf_value=-1.6639624341275241 1.7418538878679521 -1.4699812745346743 1.8142578939451788 -0.80353679445054793 2.9578026788185041 0.22863603345809447 1.9651911849975587 -3.6813908857327924 -2.9785603903307774
leaf_weight=185 121 136 137 135 120 155 100 108 101
leaf_count=185 121 136 137 135 120 155 100 108 101
internal_value=0 0.0353926 0.244943 0.033347 -0.305992 0.391933 -0.456288 -1.377 -1.73437
internal_weight=0 1113 977 856 719 483 363 263 236
internal_count=1298 1113 977 856 719 483 363 263 236
is_linear=0
shrinkage=0.05


Tree=527
num_leaves=10
num_cat=0
split_feature=15 10 0 3 4 4 14 12 16
split_gain=117011 273420 349320 313015 174816 269867 210066 201080 201485
threshold=3.0603060306030607 4025.8915000000006 4.7868078474514126 0.7087758156957924 5.5000000000000009 14.500000000000002 223.68625000000023 7367.3225000000011 0.9182501583491699
decision_type=2 2 2 2 2 2 10 8 2
left_child=-1 3 -3 -2 -4 6 -6 8 -7
right_child=1 2 4 -5 5 7 -8 -9 -10
leaf_value=-1.5519717836055626 3.3225689957016393 -2.3638200874181137 1.5201603517903912 -0.048142926035256224 -3.3538294903512273 1.2773336395763217 -0.25513888186058115 2.2073457655153779 -1.6674895179271698
leaf_weight=147 114 194 154 174 106 105 113 114 130
leaf_count=147 114 194 154 174 106 105 113 114 130
internal_value=0 -0.0576688 -0.480163 1.2861 0.0259721 -0.379142 -1.75496 0.484194 -0.351717
internal_weight=0 1204 916 288 722 568 219 349 235
internal_count=1351 1204 916 288 722 568 219 349 235
is_linear=0
shrinkage=0.05


Tree=528
num_leaves=10
num_cat=0
split_feature=15 11 8 11 14 11 3 16 16
split_gain=226642 268082 229541 233918 273129 161222 160033 206414 141612
threshold=6.9803772043871062 5690.4673750000011 0.99513103117397117 2719.2775000000006 697.50350000000003 6629.5200000000013 0.7032609760001588 0.45515801580157961 0.51445561222788982
decision_type=2 10 2 8 8 8 2 2 2
left_child=2 -2 3 -1 6 -6 7 -5 -7
right_child=1 -3 -4 4 5 8 -8 -9 -10
leaf_value=1.5241063509475101 2.8738165494250625 -0.04524929912223772 2.1013175852298738 -1.2592538173215426 1.8298381822005565 -1.5776309330632368 -0.14439223221878508 -3.9980631939926243 0.9309348717774496
leaf_weight=132 152 163 100 196 115 127 134 106 101
leaf_count=132 152 163 100 196 115 127 134 106 101
internal_value=0 1.36332 -0.172647 -0.422259 -0.752067 0.303489 -1.58247 -2.22056 -0.46638
internal_weight=0 315 1011 911 779 343 436 302 228
internal_count=1326 315 1011 911 779 343 436 302 228
is_linear=0
shrinkage=0.05


Tree=529
num_leaves=11
num_cat=0
split_feature=13 13 13 13 11 12 13 5 8 7
split_gain=187770 201744 452481 147671 385943 276473 226555 216206 182056 143686
threshold=7031.7957492559535 6438.9044062500006 5838.3660863095247 4910.2443452380967 4875.6825000000008 1243.7531250000002 5400.4191666666675 3.5000000000000004 0.8567755219836416 0.55273902951891174
decision_type=10 10 10 8 8 10 8 2 2 2
left_child=1 2 3 5 -5 -1 -6 -8 -7 -3
right_child=-2 9 -4 4 6 8 7 -9 -10 -11
leaf_value=-1.4511320613225303 1.5508912762561879 -3.1543808455467226 2.5388410029277 -3.2168153506678507 1.6116487252068219 2.856819938696348 -2.7655251208473657 0.50622360324859617 0.035452145291125683 -0.48067098304186717
leaf_weight=150 143 100 142 148 118 104 102 100 127 101
leaf_count=150 143 100 142 148 118 104 102 100 127 101
internal_value=0 -0.36653 -0.0735802 -0.510522 -1.1055 0.22032 -0.129021 -1.14585 1.30568 -1.81087
internal_weight=0 1192 991 849 468 381 320 202 231 201
internal_count=1335 1192 991 849 468 381 320 202 231 201
is_linear=0
shrinkage=0.05


Tree=530
num_leaves=10
num_cat=0
split_feature=10 14 7 12 8 12 13 12 16
split_gain=174610 261450 236456 284579 256245 280113 227669 279232 153238
threshold=7755.1312500000013 363.20212500000008 0.35454752074292278 4502.1175000000012 0.94487102690146085 4472.4462500000009 5785.1372313988113 8420.6155000000017 0.59480114678134488
decision_type=2 10 2 8 2 10 10 8 2
left_child=2 -2 4 8 -1 -6 7 -5 -4
right_child=1 -3 3 6 5 -7 -8 -9 -10
leaf_value=-2.5232836521863939 0.66168882131576545 -2.8340155178606512 -1.090641677699633 5.0096805524080992 1.8062545987981311 -1.0398107473459621 0.24633416533470154 1.6164862405170095 1.2174246234859494
leaf_weight=100 115 100 149 100 169 177 112 154 139
leaf_count=100 115 100 149 100 169 177 112 154 139
internal_value=0 -0.96422 0.593723 1.1991 -0.293986 0.350319 2.12431 2.95239 0.0233209
internal_weight=0 215 1100 654 446 346 366 254 288
internal_count=1315 215 1100 654 446 346 366 254 288
is_linear=0
shrinkage=0.05


Tree=531
num_leaves=10
num_cat=0
split_feature=0 15 7 5 12 7 11 0 13
split_gain=117361 257836 189227 189312 169618 234560 202817 189749 133365
threshold=5.7114419775310878 6.7589300596726343 0.6256666447669027 1.0000000180025095e-35 4605.6617500000002 0.14247731031291108 4698.8862500000005 4.8233531686501996 5638.7290669642871
decision_type=2 2 2 2 10 2 8 2 10
left_child=2 -2 3 -1 6 -6 -5 -8 -3
right_child=1 8 -4 4 5 -7 7 -9 -10
leaf_value=-2.9263383686468005 2.6422295723970119 1.0275878097598008 0.89788079491028427 1.6427014252874585 0.050555526888048333 -3.1196772832938326 0.56686082183018971 -2.3955202559045716 -1.0652787276396627
leaf_weight=100 104 127 182 135 111 123 115 102 190
leaf_count=100 104 127 182 135 111 123 115 102 190
internal_value=0 0.48193 -0.535389 -0.915644 -0.572522 -1.61585 0.121053 -0.825595 -0.226812
internal_weight=0 421 868 686 586 234 352 217 317
internal_count=1289 421 868 686 586 234 352 217 317
is_linear=0
shrinkage=0.05


Tree=532
num_leaves=10
num_cat=0
split_feature=7 7 3 5 7 15 4 12 11
split_gain=161750 216161 208210 188369 203652 532617 280940 182672 151990
threshold=0.6256666447669027 0.59377886442550765 0.50918737280841453 1.0000000180025095e-35 0.049682476320794478 4.6242999299929997 17.500000000000004 3880.9443750000005 5243.4551250000013
decision_type=2 2 2 2 2 2 2 10 10
left_child=1 2 -1 -4 -5 -6 7 -7 -2
right_child=8 -3 3 4 5 6 -8 -9 -10
leaf_value=1.5499510124819169 -0.13329460646243804 -2.5868198169340002 -2.3188253580513645 1.3648992941051188 -3.9263382160663607 -0.041771573058723178 -1.9086257713596997 2.4337557144401489 2.2614209268569949
leaf_weight=151 141 101 118 167 100 194 123 121 125
leaf_count=151 141 101 118 167 100 194 123 121 125
internal_value=0 -0.385045 -0.15673 -0.469863 -0.160391 -0.633855 0.117853 0.909145 0.992042
internal_weight=0 1075 974 823 705 538 438 315 266
internal_count=1341 1075 974 823 705 538 438 315 266
is_linear=0
shrinkage=0.05


Tree=533
num_leaves=10
num_cat=0
split_feature=15 10 11 16 16 13 12 13 10
split_gain=176613 453980 320951 262529 178378 238378 408680 378876 151866
threshold=6.7286645331199795 6265.0037500000008 4612.4537500000015 0.73223572357235833 0.5665774910824416 5047.1090840773822 4798.2103750000006 4666.4050074404777 3367.3858750000004
decision_type=2 2 8 2 2 10 10 8 2
left_child=3 -2 -3 4 5 7 -7 -1 -5
right_child=1 2 -4 8 -6 6 -8 -9 -10
leaf_value=1.0352030773808185 3.9251154102244472 -2.186056019060314 1.3648306723343475 -0.025086179983268665 2.1711720182584684 -0.98354531743309725 2.8135515910348086 -2.5322074248593238 -2.5151488589924695
leaf_weight=133 106 100 175 103 115 132 153 169 151
leaf_count=133 106 100 175 103 115 132 153 169 151
internal_value=0 1.14515 0.0735991 -0.127931 0.370469 0.0176906 1.0549 -0.961129 -1.5054
internal_weight=0 381 275 956 702 587 285 302 254
internal_count=1337 381 275 956 702 587 285 302 254
is_linear=0
shrinkage=0.05


Tree=534
num_leaves=10
num_cat=0
split_feature=13 13 12 12 8 4 3 5 0
split_gain=247123 304392 319812 299777 392983 293895 237328 260218 135223
threshold=4760.9137745535727 4910.2443452380967 2786.0127500000003 7826.1928750000006 0.93335096351628588 11.500000000000002 0.52835722719724842 3.5000000000000004 4.3291620828749551
decision_type=8 10 10 10 2 2 2 2 2
left_child=5 8 -3 4 6 -1 -4 -8 -2
right_child=1 2 3 -5 -6 -7 7 -9 -10
leaf_value=0.18821304926447049 3.2004874910440364 2.195117922439132 1.5367493846324773 1.6383428548128549 -3.2497485292284463 -2.9747028722279314 0.210624182377668 -2.8531883398946536 0.70097750969303474
leaf_weight=157 114 129 130 131 146 138 170 117 103
leaf_count=157 114 129 130 131 146 138 170 117 103
internal_value=0 0.348218 -0.0910202 -0.515965 -1.01723 -1.29139 -0.235586 -1.03839 2.01408
internal_weight=0 1040 823 694 563 295 417 287 217
internal_count=1335 1040 823 694 563 295 417 287 217
is_linear=0
shrinkage=0.05


Tree=535
num_leaves=11
num_cat=0
split_feature=14 14 4 12 11 11 14 5 14 10
split_gain=209362 228705 471536 326404 475703 244884 310744 226920 204310 129654
threshold=-744.34987500000034 964.03387500000019 18.500000000000004 5627.0512500000013 4092.9800000000005 6629.5200000000013 1070.7481250000003 3.5000000000000004 401.67312500000031 4953.7521250000009
decision_type=8 8 2 10 10 8 10 2 10 2
left_child=-1 2 3 4 7 -3 -7 -2 -6 -5
right_child=1 5 -4 9 8 6 -8 -9 -10 -11
leaf_value=1.9852353759385921 -0.74431655820767595 2.7879752605569128 -3.4772991699330946 0.15971763337067529 -1.1808788971259045 1.4283820377033987 -1.8837643956029138 2.2758096528284759 -4.3075104767367955 2.6807513732527037
leaf_weight=108 157 102 136 102 104 157 129 103 105 102
leaf_count=108 157 102 136 102 104 157 129 103 105 102
internal_value=0 -0.313375 -0.792008 -0.249363 -0.975585 0.684598 -0.0655581 0.452118 -2.75167 1.42023
internal_weight=0 1197 809 673 469 388 286 260 209 204
internal_count=1305 1197 809 673 469 388 286 260 209 204
is_linear=0
shrinkage=0.05


Tree=536
num_leaves=11
num_cat=0
split_feature=4 15 13 5 12 12 13 7 15 7
split_gain=229957 269823 248265 221214 966827 712419 218031 142355 112651 54088.8
threshold=18.500000000000004 7.7167966796679668 6029.7177083333345 4.5000000000000009 3636.8562500000003 2512.9453750000007 5838.3660863095247 0.48426539122296303 4.9386063606360642 0.53710460592751441
decision_type=2 2 10 2 10 10 10 2 2 2
left_child=1 3 -2 5 -5 7 8 -1 -7 -8
right_child=2 -3 -4 4 -6 6 9 -9 -10 -11
leaf_value=1.149646267414093 -2.5636777007514664 2.2328530203050643 0.53442297160625463 -5.0785537677719486 1.2782285559949258 -0.93476829751720281 1.1274822854995727 3.6674310110509398 -3.1703006472725139 -0.51703547191619881
leaf_weight=100 183 134 100 105 139 123 100 128 104 100
leaf_count=100 183 134 100 105 139 123 100 128 104 100
internal_value=0 0.139768 -1.46894 -0.172215 -1.45727 0.306493 -0.898462 2.56314 -1.95898 0.305223
internal_weight=0 1033 283 899 244 655 427 228 227 200
internal_count=1316 1033 283 899 244 655 427 228 227 200
is_linear=0
shrinkage=0.05


Tree=537
num_leaves=11
num_cat=0
split_feature=14 15 12 7 4 11 12 8 14 7
split_gain=274872 209008 183554 157142 356058 255016 294775 181193 274217 110563
threshold=-744.34987500000034 6.7286645331199795 3719.3775000000005 -0.027300252005534729 17.500000000000004 5518.6168750000006 5088.5527500000007 0.93021783316291151 251.8466249999988 0.52251605550469604
decision_type=8 2 10 2 2 10 8 2 10 2
left_child=-1 3 -3 -2 5 7 -7 8 -5 -4
right_child=1 2 9 4 -6 6 -8 -9 -10 -11
leaf_value=2.5392473362938124 0.99869201620147663 2.4498693648985652 -1.1227005271350636 0.68004593575093419 -3.5226156475474535 -0.77129078086363068 2.9407631783258346 -2.9296573457717896 -2.371655459839757 1.2169524178169668
leaf_weight=108 146 129 102 193 103 109 105 100 119 100
leaf_count=108 146 129 102 193 103 109 105 100 119 100
internal_value=0 -0.0937329 0.976474 -0.498577 -0.798441 -0.350215 1.05004 -1.07753 -0.483904 0.0355435
internal_weight=0 1206 331 875 729 626 214 412 312 202
internal_count=1314 1206 331 875 729 626 214 412 312 202
is_linear=0
shrinkage=0.05


Tree=538
num_leaves=10
num_cat=0
split_feature=15 0 13 15 3 4 12 12 10
split_gain=119977 262225 185823 177932 179966 191006 266193 210086 249061
threshold=8.1716629996332983 6.1532653265326545 4075.4957916666672 6.6260126012601264 0.72702149054856724 2.5000000000000004 3334.4725000000003 8242.3378750000029 4122.1845000000012
decision_type=2 2 8 2 2 2 8 8 2
left_child=1 2 -1 4 5 -4 -7 8 -8
right_child=-2 -3 3 -5 -6 6 7 -9 -10
leaf_value=-2.0657445593292896 -1.5892051824574709 1.7944106695268838 -1.6422893364402584 1.7753949549080978 -1.8796065856946396 -1.7375642807684213 0.1729944136964173 -0.50718969195016794 3.2362289659579595
leaf_weight=130 131 175 133 117 149 107 119 140 150
leaf_count=130 131 175 133 117 149 107 119 140 150
internal_value=0 0.00311899 -0.296858 -0.0455409 -0.31252 0.0472577 0.482742 1.0636 1.88112
internal_weight=0 1220 1045 915 798 649 516 409 269
internal_count=1351 1220 1045 915 798 649 516 409 269
is_linear=0
shrinkage=0.05


Tree=539
num_leaves=10
num_cat=0
split_feature=8 3 14 16 8 11 8 14 7
split_gain=166351 508266 261624 262125 216608 447419 274796 140239 119721
threshold=0.8223668700195812 0.53157444943378251 -639.16212499999972 0.50568390172350564 0.94296523222232753 5608.3720000000003 0.98841751246531528 -216.33687499999971 0.64427239800285052
decision_type=2 2 10 2 2 10 2 10 2
left_child=2 -2 -1 8 5 7 -6 -3 -4
right_child=1 4 3 -5 6 -7 -8 -9 -10
leaf_value=-3.0650274917057585 2.8024158145528197 1.6441272837878431 -2.5849088900876276 1.347298548902784 2.3155400443502834 -3.2704494990973636 -0.80073665122052184 -0.8175603941534505 -0.28681140319695547
leaf_weight=105 164 103 103 154 140 145 143 132 126
leaf_count=105 164 103 103 154 140 145 143 132 126
internal_value=0 0.310131 -0.85395 -0.24778 -0.306362 -1.08628 0.740884 0.261392 -1.32045
internal_weight=0 827 488 383 663 380 283 235 229
internal_count=1315 827 488 383 663 380 283 235 229
is_linear=0
shrinkage=0.05


Tree=540
num_leaves=10
num_cat=0
split_feature=10 13 13 0 7 11 10 0 11
split_gain=155982 211284 320401 202019 302762 273668 277185 240585 93990.3
threshold=8254.4351250000018 7044.6583288690481 6463.2768534226198 6.1981739840650745 0.5242776901140308 3498.4912500000005 4002.453500000001 4.2821323799046578 3165.6062500000003
decision_type=2 8 10 2 2 10 2 2 10
left_child=1 2 3 4 5 -1 -7 -6 -3
right_child=-2 8 -4 -5 7 6 -8 -9 -10
leaf_value=-2.874441625819943 -1.7874473454109556 0.64302329128643254 -2.2084492135478793 2.1650196062648193 -0.37442682073093381 1.4868153584883519 -1.4214909429037637 2.9112180166443191 2.5994466292858127
leaf_weight=123 116 159 166 113 104 149 182 120 100
leaf_count=123 116 159 166 113 104 149 182 120 100
internal_value=0 0.1315 -0.211371 0.207738 -0.118476 -0.860644 -0.112314 1.38574 1.3984
internal_weight=0 1216 957 791 678 454 331 224 259
internal_count=1332 1216 957 791 678 454 331 224 259
is_linear=0
shrinkage=0.05


Tree=541
num_leaves=10
num_cat=0
split_feature=15 3 10 13 13 13 4 5 15
split_gain=209530 402640 193721 263115 480803 415397 191893 129308 255292
threshold=7.0384288428842892 0.68902174940751804 4290.2633750000014 4666.4050074404777 6037.4356845238099 5365.2527046130963 8.5000000000000018 3.5000000000000004 3.8053597026369306
decision_type=2 2 2 8 10 8 2 2 2
left_child=2 -2 7 -4 5 -5 -6 8 -1
right_child=1 -3 3 4 6 -7 -8 -9 -10
leaf_value=-2.1338613877990351 3.1073812854827429 -0.62595776343076248 0.95819650456446037 -1.4706010431539818 -1.5559838407195132 -5.8176868000030524 1.3859649433223444 1.1178767079145324 0.88352471164294666
leaf_weight=134 122 177 109 122 115 100 107 196 147
leaf_count=134 122 177 109 122 115 100 107 196 147
internal_value=0 0.897344 -0.606149 -1.243 -1.78338 -3.42875 -0.138018 0.132169 -0.555371
internal_weight=0 299 1030 553 444 222 222 477 281
internal_count=1329 299 1030 553 444 222 222 477 281
is_linear=0
shrinkage=0.05


Tree=542
num_leaves=9
num_cat=0
split_feature=7 11 13 13 7 12 13 4
split_gain=222662 203300 271157 387588 287848 270113 254257 145283
threshold=0.64427239800285052 7393.6912500000008 5181.2097916666671 6463.2768534226198 0.48701323694739107 6645.0793750000012 4858.4337797619055 5.5000000000000009
decision_type=2 8 10 10 2 8 10 2
left_child=1 2 4 -4 6 -3 -1 -2
right_child=7 5 3 -5 -6 -7 -8 -9
leaf_value=0.9523886548044781 0.036691431045532227 0.1500476973341372 2.5478486607968809 -0.79143849100385399 -3.1623812173689725 -2.7753859009670538 -1.9740206698494511 2.5796224856493524
leaf_weight=192 125 133 180 168 109 194 121 102
leaf_count=192 125 133 180 168 109 194 121 102
internal_value=0 -0.541035 -0.0974628 0.935779 -0.94952 -1.58553 -0.178907 1.17933
internal_weight=0 1097 770 348 422 327 313 227
internal_count=1324 1097 770 348 422 327 313 227
is_linear=0
shrinkage=0.05


Tree=543
num_leaves=10
num_cat=0
split_feature=14 13 15 14 1 13 14 5 3
split_gain=198391 262984 366302 510861 384568 441522 347655 607608 168387
threshold=-744.34987500000034 5039.3636532738101 6.7162049538287176 571.29187499999955 25.851509283931978 5296.0675505952386 -43.455874999999644 4.5000000000000009 0.55169279301514285
decision_type=8 8 2 10 2 10 10 2 2
left_child=-1 6 4 -4 5 -3 -2 -8 -7
right_child=1 2 3 -5 -6 8 7 -9 -10
leaf_value=2.0839127921306337 -3.7429993447065359 2.5058597499706661 3.8758474035327937 -0.55178501860708262 -2.2127973117699495 -2.2932756394147873 -2.0658973675966261 2.7493654113371395 0.47963897781361137
leaf_weight=111 100 166 147 117 185 110 180 103 109
leaf_count=111 100 166 147 117 185 110 180 103 109
internal_value=0 -0.124208 0.37388 1.9136 -0.339253 0.561021 -1.20882 -0.313346 -0.913149
internal_weight=0 1217 834 264 570 385 383 283 219
internal_count=1328 1217 834 264 570 385 383 283 219
is_linear=0
shrinkage=0.05


Tree=544
num_leaves=10
num_cat=0
split_feature=12 5 4 7 12 12 14 10 11
split_gain=172111 160996 626834 384754 832965 356136 247699 198902 158372
threshold=8242.3378750000029 3.5000000000000004 15.500000000000002 0.45873957474687205 6618.5193750000017 3334.4725000000003 -26.41499999999996 5609.1810000000014 5147.9050000000016
decision_type=10 2 2 2 8 10 10 2 10
left_child=1 3 5 4 8 -3 -5 -8 -1
right_child=-2 2 -4 6 -6 -7 7 -9 -10
leaf_value=1.5919288016259672 -1.9432063039743674 -1.9201642136292418 3.4047049450285645 2.3175985795772629 -5.3405694685730287 1.238298032935081 -1.9641436107158663 1.0119854975448106 -1.0872947691901913
leaf_weight=100 106 179 162 151 102 178 100 128 123
leaf_count=100 106 179 162 151 102 178 100 128 123
internal_value=0 0.157044 0.825183 -0.335519 -1.59779 -0.345357 0.746905 -0.293334 0.114151
internal_weight=0 1223 519 704 325 357 379 228 223
internal_count=1329 1223 519 704 325 357 379 228 223
is_linear=0
shrinkage=0.05


Tree=545
num_leaves=10
num_cat=0
split_feature=7 3 10 12 7 13 13 11 10
split_gain=212990 270008 178511 179009 280322 517464 205532 230355 115363
threshold=0.57515541720116825 0.53827398960315787 2278.2195000000006 5178.5242500000013 0.1531571999651887 5714.9520163690477 6640.0596130952381 4023.7812500000005 5741.0952500000012
decision_type=2 2 2 8 2 10 10 10 2
left_child=2 8 -1 6 -5 -6 7 -4 -2
right_child=1 -3 3 4 5 -7 -8 -9 -10
leaf_value=1.7221842570047752 0.98920104584178414 2.4535490940670073 1.3472057003786069 -2.7719054037193107 1.7291504799922308 -2.8474165750685194 1.9097003430359125 -1.6952823630637592 -1.3522368978261949
leaf_weight=102 111 197 101 171 150 105 129 162 100
leaf_count=102 111 197 101 171 150 105 129 162 100
internal_value=0 1.12237 -0.250169 -0.496111 -1.20564 -0.155318 0.274958 -0.526874 -0.120485
internal_weight=0 408 920 818 426 255 392 263 211
internal_count=1328 408 920 818 426 255 392 263 211
is_linear=0
shrinkage=0.05


Tree=546
num_leaves=11
num_cat=0
split_feature=10 8 13 16 7 12 14 13 10 13
split_gain=161657 165860 314965 186091 311969 516158 205896 181057 289175 333125
threshold=2013.4711250000003 0.99239559503648767 8136.630796130954 0.62754192085875282 0.65219476551774391 5824.2361250000004 296.75737499999997 6903.0710788690494 6782.5186250000015 5119.5339970238101
decision_type=2 2 8 2 2 10 10 10 2 10
left_child=-1 2 3 4 5 6 -2 8 9 -5
right_child=1 -3 -4 7 -6 -7 -8 -9 -10 -11
leaf_value=1.6050878975506224 0.76100034181230758 -2.1380286478707866 2.3821328675971842 1.4657141629665618 0.95596317835152156 -4.6532307282599632 -2.0982176052603299 -1.6461083620505512 2.4323151412042412 -2.1701126914648783
leaf_weight=109 129 124 106 126 128 117 123 106 148 126
leaf_count=109 129 124 106 126 128 117 123 106 148 126
internal_value=0 -0.403767 -0.209855 -0.483784 -1.17098 -1.90878 -0.63457 0.191188 0.678071 -0.352199
internal_weight=0 1233 1109 1003 497 369 252 506 400 252
internal_count=1342 1233 1109 1003 497 369 252 506 400 252
is_linear=0
shrinkage=0.05


Tree=547
num_leaves=11
num_cat=0
split_feature=13 5 13 13 13 11 4 7 13 4
split_gain=191643 230425 167453 292575 211541 280994 355060 554103 371168 168597
threshold=6801.7100691964288 2.5000000000000004 6558.8215498511909 6024.8598586309536 5560.4712291666674 6455.7137500000008 13.500000000000002 0.12308924394217334 3808.4850163690476 5.5000000000000009
decision_type=10 2 10 10 10 10 2 2 10 2
left_child=2 -2 3 4 5 6 8 -8 -1 -10
right_child=1 -3 -4 -5 -6 -7 7 -9 9 -11
leaf_value=-2.3950968151469882 0.020007810899705599 3.1341754434285343 -2.0559113250195402 2.6145956565838051 -2.0178985903961921 -1.7561401719695953 -0.44408781826496124 4.592327958189923 2.4123453709483149 -0.1559693591995428
leaf_weight=139 132 108 103 101 139 163 104 115 100 177
leaf_count=139 132 108 103 101 139 163 104 115 100 177
internal_value=0 1.42138 -0.133025 0.0577818 -0.217819 0.0957284 0.57109 2.20061 -0.286756 0.77122
internal_weight=0 240 1141 1038 937 798 635 219 416 277
internal_count=1381 240 1141 1038 937 798 635 219 416 277
is_linear=0
shrinkage=0.05


Tree=548
num_leaves=9
num_cat=0
split_feature=10 5 4 4 10 13 15 3
split_gain=199526 168409 224002 199649 307758 316654 315801 163845
threshold=2597.5260000000003 5.5000000000000009 18.500000000000004 14.500000000000002 4707.9080000000004 6062.9620312500019 4.2420617061706176 0.59089327169853456
decision_type=2 2 2 2 2 10 2 2
left_child=-1 2 3 4 6 -6 -2 -4
right_child=1 -3 7 -5 5 -7 -8 -9
leaf_value=1.3688632498128075 -1.2669211684046564 0.91154683823721394 -0.66122735545748768 1.1645216238232299 -3.1673170622964366 -0.18485756722908447 2.4115781884852465 -3.3764353366221416
leaf_weight=175 111 193 105 179 177 179 123 118
leaf_count=175 111 193 105 179 177 179 123 118
internal_value=0 -0.439814 -0.702729 -0.298127 -0.741879 -1.66771 0.666649 -2.09797
internal_weight=0 1185 992 769 590 356 234 223
internal_count=1360 1185 992 769 590 356 234 223
is_linear=0
shrinkage=0.05


Tree=549
num_leaves=10
num_cat=0
split_feature=8 10 7 0 12 16 12 11 14
split_gain=231083 227489 243830 195507 237327 231543 401296 299182 115642
threshold=0.68168467735427696 2516.0477500000002 1.0000000180025095e-35 6.5272027202720286 6801.9046250000001 0.51445561222788982 5432.0000000000009 6683.4167500000012 265.89874999999989
decision_type=2 2 2 2 10 2 8 8 10
left_child=-1 -2 -3 4 5 7 8 -4 -7
right_child=1 2 3 -5 -6 6 -8 -9 -10
leaf_value=-2.0347390540941492 2.4312615892007239 -2.1726136450109812 1.2113104582373344 -1.1556866186675687 -1.2744668573573017 -0.53222195895845592 4.2808013565137859 -2.0282086253693676 1.7619870169774483
leaf_weight=127 105 116 193 197 138 106 117 113 114
leaf_count=127 105 116 193 197 138 106 117 113 114
internal_value=0 0.208184 -0.00518261 0.251895 0.606945 1.01073 1.91485 0.0150175 0.656595
internal_weight=0 1199 1094 978 781 643 337 306 220
internal_count=1326 1199 1094 978 781 643 337 306 220
is_linear=0
shrinkage=0.05


Tree=550
num_leaves=11
num_cat=0
split_feature=13 10 4 12 13 5 13 13 10 10
split_gain=287432 138606 188420 447250 446891 302713 300182 485694 564123 305033
threshold=7384.4301934523819 2556.1753750000007 4.5000000000000009 4023.7812500000005 6024.8598586309536 2.5000000000000004 5560.4712291666674 5086.3451391369063 6265.0037500000008 4221.4631250000011
decision_type=10 2 2 10 10 2 8 10 2 2
left_child=1 -1 3 -3 6 -6 7 8 9 -4
right_child=-2 2 4 -5 5 -7 -8 -9 -10 -11
leaf_value=1.5558006123965047 -2.5376699238355518 3.7691317217350004 -1.8096522182521255 -0.75844808741162228 -0.42926526675621668 3.028212372091279 -2.9323573836466164 2.6264671664834025 -4.4432616728367194 2.0763039869837243
leaf_weight=166 103 100 101 120 120 134 164 100 101 101
leaf_count=166 103 100 101 120 120 134 164 100 101 101
internal_value=0 0.214029 6.7755e-05 1.29954 -0.348147 1.39476 -1.12892 -0.395015 -1.3922 0.133326
internal_weight=0 1207 1041 220 821 254 567 403 303 202
internal_count=1310 1207 1041 220 821 254 567 403 303 202
is_linear=0
shrinkage=0.05


Tree=551
num_leaves=11
num_cat=0
split_feature=13 0 10 7 0 5 0 14 14 13
split_gain=269270 432799 257496 179453 180456 340966 293888 277759 172966 147473
threshold=3808.4850163690476 4.3291620828749551 2750.8580000000006 0.02357880937502357 5.9249174917491763 4.5000000000000009 4.8769335266860034 546.4607500000003 416.14912499999951 5785.1372313988113
decision_type=10 2 2 2 2 2 2 10 10 10
left_child=1 -1 -2 -4 6 8 9 -8 -6 -5
right_child=2 -3 3 4 5 -7 7 -9 -10 -11
leaf_value=0.48500169505060242 2.5204353365243652 -3.8181754841784805 -2.0722911669526782 0.48513148234044912 1.9517087656751422 -2.7095444060754086 0.58335040313592235 3.7406469417616317 -0.93211494014376695 -1.9651838766444816
leaf_weight=113 102 121 105 139 103 138 193 109 105 110
leaf_count=113 102 121 105 139 103 138 193 109 105 110
internal_value=0 -1.74015 0.127093 -0.11654 0.112394 -0.782553 0.674374 1.7229 0.495932 -0.597337
internal_weight=0 234 1104 1002 897 346 551 302 208 249
internal_count=1338 234 1104 1002 897 346 551 302 208 249
is_linear=0
shrinkage=0.05


Tree=552
num_leaves=10
num_cat=0
split_feature=8 8 4 12 12 14 11 4 10
split_gain=167272 225325 152587 207517 327832 273637 496204 264695 224581
threshold=0.95506339853352273 0.98841751246531528 1.5000000000000002 3107.7450000000003 8660.7182500000017 1201.3581250000004 6069.0785000000014 9.5000000000000018 4025.8915000000006
decision_type=2 2 2 8 8 10 10 2 2
left_child=2 -2 -1 -4 5 6 7 -5 -6
right_child=1 -3 3 4 8 -7 -8 -9 -10
leaf_value=-1.9582376933333898 2.7513539266586307 0.070862110632466765 -1.3475744319813592 2.5342810201644901 0.41220506151145869 -1.1063351274115367 4.6392471954497427 -0.57535902353433466 -2.8835142019391062
leaf_weight=101 135 187 196 115 107 103 110 169 100
leaf_count=101 135 187 196 115 107 103 110 169 100
internal_value=0 1.19467 -0.115465 0.0913347 0.49194 1.18827 1.78813 0.683826 -1.17993
internal_weight=0 322 1001 900 704 497 394 284 207
internal_count=1323 322 1001 900 704 497 394 284 207
is_linear=0
shrinkage=0.05


Tree=553
num_leaves=10
num_cat=0
split_feature=8 13 5 4 13 7 7 12 13
split_gain=223118 470554 174940 392481 466265 210387 300704 230962 290492
threshold=0.97773030211340539 4910.2443452380967 3.5000000000000004 15.500000000000002 6029.7177083333345 0.54299686212340315 0.60712369235751851 4726.2925000000005 6769.4835550595253
decision_type=2 8 2 2 8 2 2 10 8
left_child=2 -2 5 4 -4 7 -7 8 -1
right_child=1 -3 3 -5 -6 6 -8 -9 -10
leaf_value=-3.6135708218812947 3.9651821093559265 -0.53908169474722689 -0.5548478811658839 1.0251232091538811 -4.5729924745983999 3.4248959892988204 -0.012162129078592574 0.95714031462490134 0.16968991918471255
leaf_weight=100 100 138 186 148 118 100 175 138 103
leaf_count=100 100 138 186 148 118 100 175 138 103
internal_value=0 1.35347 -0.339447 -1.0865 -2.11452 0.208714 1.23768 -0.621096 -1.69399
internal_weight=0 238 1068 452 304 616 275 341 203
internal_count=1306 238 1068 452 304 616 275 341 203
is_linear=0
shrinkage=0.05


Tree=554
num_leaves=11
num_cat=0
split_feature=14 7 11 13 11 8 11 12 12 16
split_gain=190543 191685 233083 152736 219086 131701 134227 285814 150618 112764
threshold=-1542.6836249999994 0.6256666447669027 5243.4551250000013 4735.2053571428578 4907.4777500000009 0.98534203236091911 7289.1581250000008 4502.1175000000012 5824.2361250000004 0.77163966396639616
decision_type=10 2 10 10 10 2 10 10 10 2
left_child=-1 3 -3 4 -2 6 7 9 -9 -5
right_child=1 2 -4 5 -6 -7 -8 8 -10 -11
leaf_value=-1.645963101106954 0.068943509409078091 -0.18351856421340595 3.0223746791864055 0.15346837532520297 -3.0286847531795504 1.7635190135694068 -1.3291894129987034 2.9697600569539859 0.44692037105560306 -2.2210160936713219
leaf_weight=166 133 110 117 100 100 115 159 103 139 100
leaf_count=166 133 110 117 100 100 115 159 103 139 100
internal_value=0 0.163646 1.46886 -0.14856 -1.26051 0.213291 -0.0833422 0.364825 1.52069 -1.03377
internal_weight=0 1176 227 949 233 716 601 442 242 200
internal_count=1342 1176 227 949 233 716 601 442 242 200
is_linear=0
shrinkage=0.05


Tree=555
num_leaves=10
num_cat=0
split_feature=10 0 12 10 5 16 4 16 16
split_gain=176774 222676 315906 296298 234783 266600 223162 243727 131973
threshold=8318.8691250000029 4.6875145847918134 6645.0793750000012 1901.3547500000002 2.5000000000000004 0.86492815948261426 10.500000000000002 0.50048338167150075 0.71024602460246056
decision_type=2 2 10 2 2 2 2 2 2
left_child=1 3 4 -1 8 -6 7 -5 -3
right_child=-2 2 -4 6 5 -7 -8 -9 -10
leaf_value=1.8698283550762895 -1.9329154053412445 -1.0421578355251797 -1.5730147588050973 0.83589843002597941 3.3614501958594043 0.49110392770716849 -2.7335706302972689 -2.0379478134806197 1.3837777373814348
leaf_weight=101 109 126 118 178 188 142 146 126 101
leaf_count=101 109 126 118 178 188 142 146 126 101
internal_value=0 0.168257 0.777072 -0.577568 1.27494 2.12633 -1.12687 -0.355235 0.0372232
internal_weight=0 1226 675 551 557 330 450 304 227
internal_count=1335 1226 675 551 557 330 450 304 227
is_linear=0
shrinkage=0.05


Tree=556
num_leaves=11
num_cat=0
split_feature=13 0 12 12 12 7 0 0 3 12
split_gain=246126 251075 149752 323942 323028 257265 242523 319565 246894 86072.2
threshold=3808.4850163690476 4.3291620828749551 7638.8025000000007 6659.2087500000007 8242.3378750000029 0.1531571999651887 6.3186526986031941 4.0933426676000941 0.57820832529708921 3818.5398750000004
decision_type=10 2 8 10 10 2 2 2 2 10
left_child=1 -1 3 5 -4 -2 7 -7 9 -9
right_child=2 -3 4 -5 -6 6 -8 8 -10 -11
leaf_value=0.28320519470121014 2.3421224884633669 -3.1063952140447473 3.4447531698998954 -2.5300513140790102 -0.46801049057042826 -2.0412641236782076 -1.7615585116976047 -1.0963906921804525 2.4046264424688459 0.94778508175821874
leaf_weight=101 135 119 105 111 106 100 158 104 193 102
leaf_count=101 135 119 105 111 106 100 158 104 193 102
internal_value=0 -1.55026 0.27983 -0.000398081 1.4791 0.354137 -0.0543536 0.486204 1.11966 -0.084226
internal_weight=0 220 1114 903 211 792 657 499 399 206
internal_count=1334 220 1114 903 211 792 657 499 399 206
is_linear=0
shrinkage=0.05


Tree=557
num_leaves=10
num_cat=0
split_feature=11 13 7 10 10 11 11 10 13
split_gain=217110 237725 203345 116923 280006 365902 227488 109649 104681
threshold=3404.8228750000003 5202.2732953869054 0.48426539122296303 8039.261375000001 6663.3981250000006 4240.6452500000005 5989.2871250000007 5326.8267500000011 5114.5384449404764
decision_type=10 8 2 2 2 10 10 2 10
left_child=1 -1 -3 4 5 -2 8 -8 -7
right_child=3 2 -4 -5 -6 6 7 -9 -10
leaf_value=-2.4094058891297667 3.2308125134908927 -1.6519565636962654 1.39516730663205 1.6563947890202204 -1.7492735840960176 -0.049566883009833258 1.947787502640528 -0.11793783105025857 -2.1842487122832224
leaf_weight=186 106 100 121 135 167 111 141 118 119
leaf_count=186 106 100 121 135 167 111 141 118 119
internal_value=0 -1.09221 0.0163782 0.300161 0.0598836 0.567664 -0.00962402 1.00665 -1.15403
internal_weight=0 407 221 897 762 595 489 259 230
internal_count=1304 407 221 897 762 595 489 259 230
is_linear=0
shrinkage=0.05


Tree=558
num_leaves=9
num_cat=0
split_feature=11 10 11 3 10 3 8 0
split_gain=157558 205670 181538 269476 165452 168817 147330 132634
threshold=2719.2775000000006 3510.0427500000005 7022.1361250000009 0.66795208896578384 6805.0721250000006 0.50696179509160788 0.81744682814459868 4.8016093275994276
decision_type=10 2 10 2 2 2 2 2
left_child=1 -1 4 -4 5 -2 -7 -8
right_child=2 -3 3 -5 -6 6 7 -9
leaf_value=-0.3870949630553906 -1.674054752536815 2.2352413036606529 2.0470793125584072 -1.0140629034931379 -1.9573219239108823 1.9060071991654959 0.99037608709491676 -1.1983000837406144
leaf_weight=130 139 176 184 118 173 110 122 160
leaf_count=130 139 176 184 118 173 110 122 160
internal_value=0 1.12118 -0.174501 0.851004 -0.61442 -0.176902 0.353976 -0.251426
internal_weight=0 306 1006 302 704 531 392 282
internal_count=1312 306 1006 302 704 531 392 282
is_linear=0
shrinkage=0.05


Tree=559
num_leaves=10
num_cat=0
split_feature=13 15 7 12 11 11 10 10 12
split_gain=128665 184873 173227 192000 199466 185512 352722 187946 351122
threshold=3808.4850163690476 4.4834483448344846 -0.01761221637189837 7304.1262500000012 7711.1350000000011 4092.9800000000005 6487.7246250000007 6295.386625000001 4890.243625000001
decision_type=10 2 2 8 10 10 2 2 10
left_child=1 -1 -2 4 5 6 -4 8 -7
right_child=2 -3 3 -5 -6 7 -8 -9 -10
leaf_value=0.62214214841196369 -1.0226549639689679 -2.2168508798704236 2.7896427862984794 2.2078338374393156 2.1375563181108901 -3.4558282085919174 -0.99387535593726428 0.79186915490828769 0.4602258791965721
leaf_weight=121 147 109 140 198 144 116 110 142 113
leaf_count=121 147 109 140 198 144 116 110 142 113
internal_value=0 -0.723294 0.576061 0.820102 0.460924 0.0721394 1.12489 -0.637264 -1.52345
internal_weight=0 230 1110 963 765 621 250 371 229
internal_count=1340 230 1110 963 765 621 250 371 229
is_linear=0
shrinkage=0.05


Tree=560
num_leaves=9
num_cat=0
split_feature=5 13 4 13 11 10 10 13
split_gain=101146 254536 582697 133792 279157 294623 208343 149349
threshold=1.0000000180025095e-35 4594.8602090773811 14.500000000000002 5838.3660863095247 6324.1136250000009 3743.7526250000005 4849.3181250000007 6903.0710788690494
decision_type=2 10 2 10 10 2 2 10
left_child=-1 2 -2 4 5 -3 -5 -8
right_child=1 3 -4 6 -6 -7 7 -9
leaf_value=-1.1270231947606923 -0.27877286540802998 -1.9763748585094107 4.2692946810241139 2.2377781456592039 -2.7417170354298186 1.4352720196465119 0.5313066314406617 -1.6488732758613136
leaf_weight=196 199 110 109 102 147 149 194 132
leaf_count=196 199 110 109 102 147 149 194 132
internal_value=0 0.10243 1.33077 -0.351202 -1.00142 -0.01369 0.265597 -0.351466
internal_weight=0 1142 308 834 406 259 428 326
internal_count=1338 1142 308 834 406 259 428 326
is_linear=0
shrinkage=0.05


Tree=561
num_leaves=11
num_cat=0
split_feature=13 8 5 16 0 0 16 3 12 12
split_gain=182351 159373 183548 154209 247301 275834 194814 158416 335148 49859.7
threshold=7384.4301934523819 0.68168467735427696 1.0000000180025095e-35 0.48443177651098429 6.7154215421542167 5.9381938193819392 0.35606060606060602 0.63078690125703829 3212.3787500000003 5224.5362500000001
decision_type=10 2 2 2 2 2 2 2 10 8
left_child=1 -1 -3 6 5 7 9 -5 -9 -4
right_child=-2 2 3 4 -6 -7 -8 8 -10 -11
leaf_value=-1.3470163465001201 -1.918156928420067 -1.2442484778569156 1.6153556925909862 -1.0438644297250355 2.3237717802325886 -2.5738276839548466 3.2306164250291634 3.3353598349392417 -0.43256437788820928 0.20963348256353337
leaf_weight=131 100 133 105 131 114 102 116 100 144 158
leaf_count=131 100 133 105 131 114 102 116 100 144 158
internal_value=0 0.3018 0.497626 0.73646 0.231607 -0.268407 1.52371 0.358668 1.11167 0.770853
internal_weight=0 1234 1103 970 591 477 379 375 244 263
internal_count=1334 1234 1103 970 591 477 379 375 244 263
is_linear=0
shrinkage=0.05


Tree=562
num_leaves=9
num_cat=0
split_feature=15 8 5 13 4 5 13 13
split_gain=142931 124962 282736 438786 286685 237472 299014 177130
threshold=8.1716629996332983 0.82501466908338139 3.5000000000000004 5114.5384449404764 17.500000000000004 3.5000000000000004 5119.5339970238101 6713.0132916666671
decision_type=2 2 2 8 2 2 8 8
left_child=1 5 4 -4 7 6 -1 -3
right_child=-2 2 3 -5 -6 -7 -8 -9
leaf_value=2.3134816568600489 -1.9373918518685458 -0.70208990034745566 -0.41699581327645679 3.2744659360151114 -2.8028010863349553 -2.2023582144185556 -1.0996962136960444 1.7364518008562699
leaf_weight=102 114 199 161 161 105 172 173 119
leaf_count=102 114 199 161 161 105 172 173 119
internal_value=0 -0.0842261 0.312323 1.42874 -0.537523 -0.745141 0.166282 0.210446
internal_weight=0 1192 745 322 423 447 275 318
internal_count=1306 1192 745 322 423 447 275 318
is_linear=0
shrinkage=0.05


Tree=563
num_leaves=11
num_cat=1
split_feature=14 11 14 0 9 12 5 0 14 15
split_gain=167849 197329 340033 353541 206386 317781 176964 219660 74369.5 2307.87
threshold=1425.20625 7711.1350000000011 571.29187499999955 4.9763934726806029 0 1243.7531250000002 4.5000000000000009 6.0413082974964167 130.00912500000007 4.4545537887122046
decision_type=10 10 10 2 9 10 2 2 10 2
left_child=1 2 4 -4 5 9 7 8 -7 -1
right_child=-2 -3 3 -5 -6 6 -8 -9 -10 -11
leaf_value=-1.4936145312786104 -1.7718631739876853 1.8880287044095678 -0.031374817957981027 -3.8753679337387994 1.8411536756247733 -0.39059453400281763 -0.78490987728982076 3.2796579685865668 1.4378177285194398 -1.8333106229733678
leaf_weight=100 119 151 139 105 189 117 137 102 106 100
leaf_count=100 119 151 139 105 189 117 137 102 106 100
internal_value=0 0.193592 -0.0400695 -1.68555 0.431726 0.00150158 0.722298 1.35764 0.478516 -1.66346
internal_weight=0 1246 1095 244 851 662 462 325 223 200
internal_count=1365 1246 1095 244 851 662 462 325 223 200
cat_boundaries=0 1
cat_threshold=37
is_linear=0
shrinkage=0.05


Tree=564
num_leaves=11
num_cat=0
split_feature=4 13 5 14 14 12 16 16 15 15
split_gain=107728 457250 599005 210401 205395 96781.3 126713 181403 187622 191419
threshold=14.500000000000002 6019.169925595239 2.5000000000000004 346.18474999999995 -1270.5373749999994 2548.7687500000006 0.83474597459745914 0.5201103443677707 3.8053597026369306 5.0665233189985663
decision_type=2 8 2 8 10 8 2 2 2 2
left_child=4 3 -3 -2 -1 -6 7 8 -7 -10
right_child=1 2 -4 -5 5 6 -8 -9 9 -11
leaf_value=-2.4638141784884713 0.43373756291537452 -0.52260734637578332 4.6518919301444086 -2.3253330088813198 1.1792106317998521 1.0982738093212918 -1.628310575884196 1.7604069520150667 -2.9993325049970667 0.0076701522957194936
leaf_weight=110 145 108 116 132 116 111 155 113 102 110
leaf_count=110 145 108 116 132 116 111 155 113 102 110
internal_value=0 0.477297 2.15704 -0.881054 -0.453945 -0.141236 -0.400409 0.0361151 -0.56712 -1.4391
internal_weight=0 501 224 277 817 707 591 436 323 212
internal_count=1318 501 224 277 817 707 591 436 323 212
is_linear=0
shrinkage=0.05


Tree=565
num_leaves=11
num_cat=0
split_feature=8 11 5 4 13 3 13 10 14 13
split_gain=205456 259630 707373 323483 208735 207031 224299 178246 189852 94368.3
threshold=0.8223668700195812 6274.1281250000002 3.5000000000000004 7.5000000000000009 6769.4835550595253 0.71192169451302145 5114.5384449404764 6295.386625000001 242.34887499999994 6837.7285796130955
decision_type=2 10 2 2 8 2 10 2 10 10
left_child=1 2 3 -1 5 7 -7 8 -2 -6
right_child=4 -3 -4 -5 9 6 -8 -9 -10 -11
leaf_value=-1.6112185850376037 -1.8131024546027186 1.0188206905978068 -4.6172712596733714 2.1869871345538541 2.8345296967939468 0.33166919868683148 -2.9619804958701135 2.0743021248149223 0.96407610617578043 0.72573812121152881
leaf_weight=123 100 140 121 103 113 107 100 147 160 100
leaf_count=123 100 140 121 103 113 107 100 147 160 100
internal_value=0 -0.798717 -1.53202 0.119822 0.495805 0.0279396 -1.25947 0.682713 -0.104069 1.84449
internal_weight=0 487 347 226 827 614 207 407 260 213
internal_count=1314 487 347 226 827 614 207 407 260 213
is_linear=0
shrinkage=0.05


Tree=566
num_leaves=9
num_cat=0
split_feature=14 13 14 11 11 12 10 11
split_gain=172069 239741 182109 154312 223821 276828 204235 113446
threshold=964.03387500000019 6589.8850959821439 1425.20625 1860.6670000000001 4023.7812500000005 5432.0000000000009 5641.2933750000011 6096.9351250000009
decision_type=10 10 10 10 10 10 2 10
left_child=1 3 -2 -1 6 -6 -5 -3
right_child=2 7 -4 4 5 -7 -8 -9
leaf_value=-0.96757402316648133 2.5748579438527428 -2.5305908442689824 -0.13917797793421829 2.9137017300495738 -1.4526392898085168 1.2081978236253446 0.069431206134130383 -0.29682419542038796
leaf_weight=196 135 130 114 156 196 195 106 101
leaf_count=196 135 130 114 156 196 195 106 101
internal_value=0 -0.125761 1.33229 0.26282 0.632126 -0.125623 1.76297 -1.55392
internal_weight=0 1080 249 849 653 391 262 231
internal_count=1329 1080 249 849 653 391 262 231
is_linear=0
shrinkage=0.05


Tree=567
num_leaves=9
num_cat=0
split_feature=14 14 0 10 13 13 7 3
split_gain=364638 195280 181437 285276 157232 309603 164507 95640.9
threshold=990.88162500000055 1131.2266250000005 6.1981739840650745 6120.6272500000005 5119.5339970238101 6024.8598586309536 0.19678047349839431 0.68902174940751804
decision_type=8 10 2 2 10 10 2 2
left_child=2 -2 3 4 6 -6 -1 -4
right_child=1 -3 7 -5 5 -7 -8 -9
leaf_value=-0.74089095712565689 2.6189595532899652 0.31400980888580787 1.9064751686671606 -2.6382549008145135 -3.1637023129167834 0.34676805815913458 1.6354051289799945 -0.23273629517782304
leaf_weight=139 173 196 104 169 112 143 153 105
leaf_count=139 173 196 104 169 112 143 153 105
internal_value=0 1.39465 -0.46437 -0.842708 -0.287959 -1.19509 0.504223 0.831752
internal_weight=0 369 925 716 547 255 292 209
internal_count=1294 369 925 716 547 255 292 209
is_linear=0
shrinkage=0.05


Tree=568
num_leaves=10
num_cat=0
split_feature=8 10 11 6 0 4 8 8 11
split_gain=222057 177341 339243 513296 234266 227861 252444 155489 156111
threshold=0.98841751246531528 5741.0952500000012 7022.1361250000009 1.0000000180025095e-35 6.116920025335868 15.500000000000002 0.93503799598285231 0.86477132743868357 4568.880000000001
decision_type=2 2 8 2 2 2 2 2 8
left_child=1 5 3 4 -3 6 7 8 -1
right_child=-2 2 -4 -5 -6 -7 -8 -9 -10
leaf_value=1.7546068826011407 -1.6722316617494102 -1.7635119843830183 1.262772495259521 -4.0779909148175495 1.462811872750641 2.7771779125572271 -1.7628893712801592 2.5224392245032572 -0.72515747806964781
leaf_weight=107 182 103 186 117 124 117 112 110 156
leaf_count=107 182 103 186 117 124 117 112 110 156
internal_value=0 0.209426 -0.457552 -1.38773 -0.00111481 0.796633 0.318852 0.943932 0.28372
internal_weight=0 1132 530 344 227 602 485 373 263
internal_count=1314 1132 530 344 227 602 485 373 263
is_linear=0
shrinkage=0.05


Tree=569
num_leaves=9
num_cat=0
split_feature=12 3 5 11 8 12 13 13
split_gain=267359 221495 316487 396161 402662 221062 160291 266440
threshold=7367.3225000000011 0.6542676155042868 4.5000000000000009 6455.7137500000008 0.79713361287935047 3349.5581250000005 6463.2768534226198 5094.1165543154775
decision_type=10 2 2 10 2 8 8 10
left_child=1 2 3 4 -1 -3 7 -7
right_child=-2 5 -4 -5 -6 6 -8 -9
leaf_value=-1.1961533378760021 1.9279560324227489 0.71688775751531497 2.4416030511722804 -2.763336977116559 2.3159389281239591 -2.1324336518714957 -2.9526547104593313 1.0810090185285688
leaf_weight=150 185 161 161 109 179 154 126 111
leaf_count=150 185 161 161 109 179 154 126 111
internal_value=0 -0.11989 0.545951 -0.150853 0.714681 -0.842425 -1.48449 -0.786426
internal_weight=0 1151 599 438 329 552 391 265
internal_count=1336 1151 599 438 329 552 391 265
is_linear=0
shrinkage=0.05


Tree=570
num_leaves=10
num_cat=0
split_feature=11 8 12 8 5 3 16 7 0
split_gain=181480 308456 321177 235094 386976 377778 293512 177437 92945.7
threshold=3498.4912500000005 0.87076137214023741 1243.7531250000002 0.92786569043675426 3.5000000000000004 0.687724846375529 0.5201103443677707 0.65219476551774391 4.3914641464146422
decision_type=10 2 10 2 2 2 2 2 2
left_child=1 2 -1 5 -5 6 7 -2 -3
right_child=3 8 -4 4 -6 -7 -8 -9 -10
leaf_value=-1.7369483387580626 -1.5197705970951385 -1.3080577012896537 1.9857117857933044 -0.15212786502697889 3.4959480244813004 -2.2441842561336549 2.2875206397683829 1.0720931343130162 -3.4379950634496552
leaf_weight=108 163 100 125 170 127 178 149 111 105
leaf_count=108 163 100 125 170 127 178 149 111 105
internal_value=0 -0.98441 0.260187 0.256992 1.40782 -0.311721 0.501466 -0.469782 -2.399
internal_weight=0 438 233 898 297 601 423 274 205
internal_count=1336 438 233 898 297 601 423 274 205
is_linear=0
shrinkage=0.05


Tree=571
num_leaves=10
num_cat=0
split_feature=13 12 7 4 12 13 0 14 12
split_gain=164161 200650 352312 411348 257305 283771 237445 160112 107153
threshold=4724.1026607142858 7367.3225000000011 0.66737583708927928 9.5000000000000018 6005.8556250000011 6749.2609836309539 4.2202386905357212 66.141624999999991 3913.7600000000002
decision_type=8 10 2 2 8 10 2 10 10
left_child=7 2 3 6 5 8 -2 -1 -5
right_child=1 -3 -4 4 -6 -7 -8 -9 -10
leaf_value=-2.5657623728116352 -0.0056130621477822286 1.9534403166526724 -2.5410619789621105 -1.9099908740474629 -2.3065230174459144 2.4455122471440074 2.9392202705458592 -0.13961457044967099 0.32365348081330997
leaf_weight=105 107 162 115 104 139 102 190 193 111
leaf_count=105 107 162 115 104 139 102 190 193 111
internal_value=0 0.338066 0.0365797 0.430243 -0.51289 0.273592 1.87829 -0.994465 -0.756807
internal_weight=0 1030 868 753 456 317 297 298 215
internal_count=1328 1030 868 753 456 317 297 298 215
is_linear=0
shrinkage=0.05


Tree=572
num_leaves=11
num_cat=0
split_feature=16 15 12 15 3 5 13 14 13 3
split_gain=203474 263336 395683 391398 406018 391304 228134 211809 210749 417631
threshold=0.23266910024335855 4.4353810381038112 5627.0512500000013 5.1167866786678671 0.66795208896578384 3.5000000000000004 4202.1016004464291 235.38075000000006 5094.1165543154775 0.70930376381088489
decision_type=2 2 10 2 2 2 10 8 10 2
left_child=7 2 6 -3 5 -5 -2 -1 -6 -10
right_child=1 3 -4 4 8 -7 -8 -9 9 -11
leaf_value=0.52757432499417556 -0.48552340347904804 3.3655492239467364 1.8250084184774078 0.13415839136701771 -1.9105587224662306 4.3737279668308444 -3.7042792433559306 -2.4060117077577363 -2.0988855751355491 1.9208580596815972
leaf_weight=108 121 136 101 113 160 105 101 143 105 168
leaf_count=108 121 136 101 113 160 105 101 143 105 168
internal_value=0 0.432606 -0.769519 0.925982 0.416333 2.17615 -1.94991 -1.14375 -0.469673 0.374803
internal_weight=0 1110 323 787 651 218 222 251 433 273
internal_count=1361 1110 323 787 651 218 222 251 433 273
is_linear=0
shrinkage=0.05


Tree=573
num_leaves=9
num_cat=0
split_feature=4 11 14 3 3 4 3 7
split_gain=167014 296986 355674 329582 343753 288036 238450 405388
threshold=14.500000000000002 1461.8552500000003 -105.46974999999973 0.7146963370156213 0.57193302536043833 2.5000000000000004 0.69762488976588954 0.55573735200576946
decision_type=2 10 10 2 2 2 2 2
left_child=1 -1 -3 4 5 -4 7 -2
right_child=6 2 3 -5 -6 -7 -8 -9
leaf_value=-2.7222683484240098 -1.6303823772229646 1.7926588548408759 -2.8974699443684218 -2.912867328702514 2.4410410728667258 0.31304590007483635 1.9974363788430178 2.2408122764173011
leaf_weight=129 190 182 113 134 103 183 196 105
leaf_count=129 190 182 113 134 103 183 196 105
internal_value=0 -0.514138 -0.115748 -0.767399 -0.0468658 -0.91259 0.645642 -0.2525
internal_weight=0 844 715 533 399 296 491 295
internal_count=1335 844 715 533 399 296 491 295
is_linear=0
shrinkage=0.05


Tree=574
num_leaves=10
num_cat=0
split_feature=14 12 5 11 11 3 14 11 0
split_gain=192752 489900 256321 447561 400447 197062 331317 187638 166799
threshold=448.07687500000026 7367.3225000000011 4.5000000000000009 5063.868625000001 5173.7500000000009 0.63274991177368201 -216.33687499999971 8113.5491250000005 5.4532869953662049
decision_type=10 8 2 10 10 2 10 10 2
left_child=2 7 4 -4 5 -1 -7 8 -2
right_child=1 -3 3 -5 -6 6 -8 -9 -10
leaf_value=-0.15653006493715951 0.28006170523759411 3.659330439439028 -3.4072632794842024 0.90539079117774968 -2.0334451791266321 3.9847049495121385 0.066722685496012374 1.6099600445059012 -2.181765057025729
leaf_weight=181 181 121 151 100 142 111 105 133 111
leaf_count=181 181 121 151 100 142 111 105 133 111
internal_value=0 0.852416 -0.369279 -1.68907 0.245319 1.06039 2.08013 0.0532704 -0.65577
internal_weight=0 546 790 251 539 397 216 425 292
internal_count=1336 546 790 251 539 397 216 425 292
is_linear=0
shrinkage=0.05


Tree=575
num_leaves=11
num_cat=0
split_feature=13 11 14 16 13 12 11 11 14 12
split_gain=160737 275683 187355 264995 223038 159729 234209 429315 416185 135822
threshold=7044.6583288690481 9360.8856250000026 834.88099999999952 1.4095659565956591 5083.5082946428583 1293.6387500000003 2972.1767500000005 4224.8462500000014 -30.408374999999975 5627.0512500000013
decision_type=10 8 10 2 10 10 10 10 10 10
left_child=1 2 3 5 -4 -1 -7 -8 -9 -10
right_child=-2 -3 4 -5 -6 6 7 8 9 -11
leaf_value=-1.3188548386096954 1.5736715183075933 -2.0113415100266425 -0.16951671163990814 -2.3419884732484819 3.0817522412148262 2.5389447757910037 -2.744642867106144 3.4859435331146673 -1.4646858268355329 0.94532889208772719
leaf_weight=146 144 178 106 125 105 116 107 106 120 114
leaf_count=146 144 178 106 125 105 116 107 106 120 114
internal_value=0 -0.192436 0.117387 -0.219359 1.44841 0.154871 0.537044 0.0175356 0.886809 -0.290576
internal_weight=0 1223 1045 834 211 709 563 447 340 234
internal_count=1367 1223 1045 834 211 709 563 447 340 234
is_linear=0
shrinkage=0.05


Tree=576
num_leaves=11
num_cat=0
split_feature=11 8 12 12 1 1 8 13 14 1
split_gain=272351 264545 199036 488140 273477 268919 259452 163126 127020 109540
threshold=2153.2641250000006 0.98279003497518691 8858.6746250000015 7367.3225000000011 37.747530436702327 26.104377152442279 0.79570118252359368 6614.0354598214299 519.93875000000037 21.510592216149814
decision_type=10 2 8 10 2 2 2 10 10 2
left_child=9 2 3 4 5 6 -2 -7 -6 -1
right_child=1 -3 -4 -5 8 7 -8 -9 -10 -11
leaf_value=2.8515923978480622 0.92189246109553746 1.6642684572547148 -2.3088652846251807 3.0756178366541866 -0.96182007312774653 2.5781601438315018 -2.2087725081257314 -0.15451779319689826 -3.4819426507949829 0.64511260400925374
leaf_weight=113 105 169 129 100 100 115 179 104 100 112
leaf_count=113 105 169 129 100 100 115 179 104 100 112
internal_value=0 -0.155813 -0.485849 -0.192986 -0.657936 -0.0360895 -1.05131 1.28045 -2.22188 1.75326
internal_weight=0 1101 932 803 703 503 284 219 200 225
internal_count=1326 1101 932 803 703 503 284 219 200 225
is_linear=0
shrinkage=0.05


Tree=577
num_leaves=10
num_cat=0
split_feature=13 13 15 16 0 15 13 0 10
split_gain=268792 283682 278605 148216 256190 156620 227398 139888 99661.6
threshold=4910.2443452380967 4416.6513690476195 4.5586558655865597 1.3745332866619999 5.8220405373870729 4.6016810014334775 6024.8598586309536 6.4892614261426154 3627.9993750000008
decision_type=10 10 2 2 2 2 10 2 2
left_child=1 2 -1 4 5 8 -7 -6 -2
right_child=3 -3 -4 -5 7 6 -8 -9 -10
leaf_value=1.5422207270250765 -0.030083826413521399 2.647743708765983 -1.3381482898098667 0.99407772439113562 -3.5825875480576315 -1.0254153987736379 2.0889832260854102 -1.0218355052239072 -2.2137974910509022
leaf_weight=172 104 169 164 138 101 103 136 113 105
leaf_count=172 104 169 164 138 101 103 136 113 105
internal_value=0 0.976781 0.136326 -0.496524 -0.807254 -0.127441 0.746795 -2.23041 -1.12716
internal_weight=0 505 336 800 662 448 239 214 209
internal_count=1305 505 336 800 662 448 239 214 209
is_linear=0
shrinkage=0.05


Tree=578
num_leaves=10
num_cat=0
split_feature=13 13 11 2 15 15 10 4 12
split_gain=234863 273802 221310 261228 383125 167068 178797 148260 72765.8
threshold=7410.9377008928577 7044.6583288690481 8377.5663750000022 296.10798446137613 6.7978589525619224 5.9675300863419682 3060.8093750000003 5.5000000000000009 4913.8135000000011
decision_type=10 8 8 2 2 2 2 2 10
left_child=1 2 3 4 5 6 -1 -8 -9
right_child=-2 -3 -4 -5 -6 -7 7 8 -10
leaf_value=1.0656211850504398 -2.4134369734525682 2.0205988573393339 -2.4254465608596805 2.1387159859487253 -2.6630254880019599 1.8142251506106544 0.33836310567628397 -0.78444328331711277 -2.6871468591392045
leaf_weight=189 100 162 100 129 140 131 152 101 100
leaf_count=189 100 162 100 129 140 131 152 101 100
internal_value=0 0.10832 -0.188983 0.0484336 -0.283235 0.211818 -0.175479 -0.839978 -1.73106
internal_weight=0 1204 1042 942 813 673 542 353 201
internal_count=1304 1204 1042 942 813 673 542 353 201
is_linear=0
shrinkage=0.05


Tree=579
num_leaves=10
num_cat=0
split_feature=16 16 16 10 12 0 7 13 13
split_gain=187674 249361 187479 272311 254637 264102 233838 155382 198954
threshold=1.4247966463312995 1.1799638297163064 0.93641447478081219 7856.3701250000004 1171.4996250000002 4.3291620828749551 0.60533611196290826 5039.3636532738101 5975.2409449404777
decision_type=2 2 2 2 10 2 2 10 10
left_child=1 2 3 4 5 -1 7 -6 -9
right_child=-2 -3 -4 -5 6 -7 -8 8 -10
leaf_value=0.30380201355136677 1.4118125929330525 -2.4316702011202977 1.8797895289303963 -2.5928339804614988 -1.281708103223564 -3.0924931671767109 2.2747639066789276 2.1405614380194593 -0.49281823023920879
leaf_weight=116 190 121 114 111 153 113 153 130 160
leaf_count=116 190 121 114 111 153 113 153 130 160
internal_value=0 -0.282316 -0.0346282 -0.267795 0.045029 -1.3721 0.58953 0.00749601 0.687662
internal_weight=0 1171 1050 936 825 229 596 443 290
internal_count=1361 1171 1050 936 825 229 596 443 290
is_linear=0
shrinkage=0.05


Tree=580
num_leaves=11
num_cat=1
split_feature=13 15 12 12 9 4 7 11 11 3
split_gain=376482 180742 193760 141001 217994 339926 252540 225984 274497 139365
threshold=7911.3470982142862 8.3010884421775533 2548.7687500000006 3465.9887500000009 0 2.5000000000000004 0.64427239800285052 6852.170000000001 3379.0362500000006 0.67964163543507938
decision_type=8 2 8 8 9 2 2 8 10 2
left_child=1 2 -1 -4 -5 -6 7 8 -7 -10
right_child=-2 -3 3 4 5 6 -8 -9 9 -11
leaf_value=1.7755598683918554 2.2450222729297167 -2.0119484727344816 -1.8200680711912733 -1.8763975972140376 -2.3053290557627584 -1.0376372686454229 3.0433640770259363 -1.5393282271424931 3.1986067339264115 0.7144676631689072
leaf_weight=133 178 126 126 122 102 112 105 120 116 110
leaf_count=133 178 126 126 122 102 112 105 120 116 110
internal_value=0 -0.222922 -0.00741766 -0.26715 -0.0185257 0.34534 0.831702 0.324662 0.986433 1.98951
internal_weight=0 1172 1046 913 787 665 563 458 338 226
internal_count=1350 1172 1046 913 787 665 563 458 338 226
cat_boundaries=0 1
cat_threshold=160
is_linear=0
shrinkage=0.05


Tree=581
num_leaves=11
num_cat=0
split_feature=13 8 11 13 13 5 11 12 4 14
split_gain=161098 325541 242652 461348 377268 197389 313593 290425 288589 147351
threshold=5108.068815476191 0.75909735069876749 4639.7763750000004 4724.1026607142858 4137.0024069940482 1.5000000000000002 7461.3461250000009 3846.0587500000006 11.500000000000002 378.28499999999946
decision_type=8 2 10 10 10 2 8 10 2 8
left_child=2 -2 4 -4 -1 9 8 -8 -7 -3
right_child=1 5 3 -5 -6 6 7 -9 -10 -11
leaf_value=1.8718429548809163 -2.8412160813913379 -2.8694272366017106 -0.27829325461026394 4.2240797852277758 -1.9186237758465028 3.3977427739363453 0.77836150513929236 -2.8313597310573684 -0.057428145980834969 -0.21172178524349811
leaf_weight=104 142 100 132 100 178 117 114 109 125 109
leaf_count=104 142 100 132 100 178 117 114 109 125 109
internal_value=0 -0.665442 0.46465 1.66238 -0.520721 -0.207045 0.366607 -0.986031 1.61305 -1.48335
internal_weight=0 816 514 232 282 674 465 223 242 209
internal_count=1330 816 514 232 282 674 465 223 242 209
is_linear=0
shrinkage=0.05


Tree=582
num_leaves=10
num_cat=0
split_feature=10 11 12 1 13 3 1 10 3
split_gain=214193 425699 579246 228792 360990 243774 262828 325395 114883
threshold=6364.8971250000004 4224.8462500000014 6055.8247500000007 29.253486150875879 5296.0675505952386 0.49059042288489968 14.690355489541572 3743.7526250000005 0.55169279301514285
decision_type=2 8 10 2 10 2 2 2 2
left_child=3 -2 -3 4 5 -1 -7 -8 -6
right_child=1 2 -4 -5 8 6 7 -9 -10
leaf_value=3.0563656288549446 -3.129224438755601 2.2296371533970039 -2.2235362574344371 2.2486440662226062 -2.5294473142209259 1.9684954893904807 -2.7494308696474352 1.1166424616775683 -0.37146368654150713
leaf_weight=109 135 165 131 163 115 151 105 113 133
leaf_count=109 135 165 131 163 115 151 105 113 133
internal_value=0 -0.802409 0.258807 0.55581 0.175738 0.978822 0.365131 -0.745457 -1.37214
internal_weight=0 431 296 889 726 478 369 218 248
internal_count=1320 431 296 889 726 478 369 218 248
is_linear=0
shrinkage=0.05


Tree=583
num_leaves=10
num_cat=0
split_feature=13 1 15 10 4 13 15 15 15
split_gain=246329 437411 201773 391406 278692 268263 227154 357639 231198
threshold=3744.8374322916675 19.143214355119436 5.3032636596993035 3416.5141250000001 6.5000000000000009 4858.4337797619055 6.2751566823349014 6.9803772043871062 8.1716629996332983
decision_type=10 2 2 2 2 8 2 2 2
left_child=1 -1 3 -2 -5 -4 -7 -8 -9
right_child=2 -3 5 4 -6 6 7 8 -10
leaf_value=0.71146833125282738 1.3737412132496059 -3.8967366583072223 2.906991301981483 -0.36478187649590632 -3.5089501637523455 2.151610645558685 -2.3098882200061412 2.270343023673036 -0.89390472722988512
leaf_weight=102 172 104 127 175 118 128 138 133 102
leaf_count=102 172 104 127 175 118 128 138 133 102
internal_value=0 -1.615 0.269897 -0.51959 -1.63103 0.854469 0.33417 -0.28951 0.896925
internal_weight=0 206 1093 465 293 628 501 373 235
internal_count=1299 206 1093 465 293 628 501 373 235
is_linear=0
shrinkage=0.05


Tree=584
num_leaves=11
num_cat=1
split_feature=12 10 11 10 0 9 8 10 10 0
split_gain=195106 276099 275967 291740 152646 121317 156464 141104 297750 93327.6
threshold=7367.3225000000011 7906.507125000001 6908.167625000001 4645.7676250000013 4.5088050471713848 0 0.79713361287935047 6295.386625000001 5326.8267500000011 4.3561147781444829
decision_type=8 2 8 2 2 9 2 2 2 2
left_child=1 5 4 -4 -2 -1 -7 8 9 -8
right_child=2 -3 3 -5 -6 6 7 -9 -10 -11
leaf_value=-1.6432758980149391 0.49595397130863089 -2.8589903144436031 0.82279847585563126 -2.7079516549110414 3.1241100320694124 1.5283064038276672 -1.0463395309448242 0.77247329290287625 -3.2278941705541793 1.0470894794497225
leaf_weight=139 111 131 141 100 110 125 105 156 106 108
leaf_count=139 111 131 141 100 110 125 105 156 106 108
internal_value=0 -0.743412 0.527971 -0.642243 1.80409 -0.368391 -0.044906 -0.459855 -1.0625 0.0151174
internal_weight=0 870 462 241 221 739 600 475 319 213
internal_count=1332 870 462 241 221 739 600 475 319 213
cat_boundaries=0 1
cat_threshold=162
is_linear=0
shrinkage=0.05


Tree=585
num_leaves=10
num_cat=0
split_feature=14 10 1 13 13 16 13 1 15
split_gain=151094 160926 235191 207345 220945 287064 232326 181484 123444
threshold=-744.34987500000034 8318.8691250000029 37.580073818581042 4267.431418898811 5104.3257462797619 0.59480114678134488 7088.926867559524 25.59716750871063 4.7103877054372107
decision_type=8 2 2 8 8 2 8 2 2
left_child=-1 2 3 -2 5 -5 7 -6 -8
right_child=1 -3 -4 4 6 -7 8 -9 -10
leaf_value=1.8992554824172925 -1.8182941345736765 -1.8929736144267597 1.823838414360025 -0.025721388797965841 -0.21752375606935065 3.4870594236850736 -0.28994078454517186 -2.6023112767804282 2.1404017376641815
leaf_weight=113 156 104 179 139 191 100 105 137 104
leaf_count=113 156 104 179 139 191 100 105 137 104
internal_value=0 -0.0122066 0.163851 -0.154967 0.179414 1.44406 -0.383437 -1.21361 0.919416
internal_weight=0 1215 1111 932 776 239 537 328 209
internal_count=1328 1215 1111 932 776 239 537 328 209
is_linear=0
shrinkage=0.05


Tree=586
num_leaves=10
num_cat=0
split_feature=15 16 12 10 3 14 14 3 4
split_gain=137580 222165 215785 210606 305904 229843 235735 227588 288403
threshold=3.8053597026369306 0.5468255158849219 8075.4127500000013 4612.8626250000007 0.72053170844946657 -658.70575000000019 -38.421624999999942 0.70724671603018396 7.5000000000000009
decision_type=2 2 10 2 2 10 10 2 2
left_child=1 -1 3 4 -2 -5 -7 8 -8
right_child=2 -3 -4 5 -6 6 7 -9 -10
leaf_value=0.083955509220054764 3.3913302764525781 -2.8776415478949455 -1.9275687947727385 -2.2174949138164521 0.017217314500602886 2.3746991542941434 -0.90834601055830722 -2.0596128110522809 1.8949466603233027
leaf_weight=167 130 102 105 100 139 118 184 115 183
leaf_count=167 130 102 105 100 139 118 184 115 183
internal_value=0 -1.03903 0.225438 0.458736 1.64783 0.00178444 0.371664 -0.118705 0.489481
internal_weight=0 269 1074 969 269 700 600 482 367
internal_count=1343 269 1074 969 269 700 600 482 367
is_linear=0
shrinkage=0.05


Tree=587
num_leaves=10
num_cat=1
split_feature=14 4 12 0 12 4 9 14 12
split_gain=124568 158052 253205 118687 274709 298376 120430 213031 140241
threshold=-851.14649999999926 18.500000000000004 7778.7822500000011 5.2940127346067953 5654.4018750000005 11.500000000000002 0 -553.73987499999987 3692.3112500000002
decision_type=8 2 8 2 8 2 9 10 10
left_child=-1 3 -3 6 5 -5 -2 -8 -9
right_child=1 2 -4 4 -6 -7 7 8 -10
leaf_value=1.6634676415920258 0.82266716340954393 0.091862284739812228 -3.0342913474952966 1.6864882908134817 2.5646142113081956 -1.9309219608541395 -2.6217447477791991 0.95089118626059566 -1.0473208845923188
leaf_weight=100 168 150 114 107 141 122 112 164 189
leaf_count=100 168 150 114 107 141 122 112 164 189
internal_value=0 -0.169562 -1.25807 0.116943 0.828358 -0.240691 -0.298891 -0.706596 -0.118973
internal_weight=0 1267 264 1003 370 229 633 465 353
internal_count=1367 1267 264 1003 370 229 633 465 353
cat_boundaries=0 1
cat_threshold=130
is_linear=0
shrinkage=0.05


Tree=588
num_leaves=10
num_cat=0
split_feature=8 10 3 13 13 13 0 12 14
split_gain=136114 234853 254712 422124 431530 443322 245608 210914 203971
threshold=0.68168467735427696 2516.0477500000002 0.66795208896578384 4416.6513690476195 5670.4112946428577 6759.6497321428587 5.5328532853285326 3961.9400000000005 387.85100000000006
decision_type=2 2 2 10 10 10 2 10 10
left_child=-1 -2 6 -4 -5 -6 7 -3 -8
right_child=1 2 3 4 5 -7 8 -9 -10
leaf_value=-1.5672904082706998 2.4006826919259381 1.1184734571425394 -3.8352193175107239 1.7896452453565894 -3.7221847877664085 0.67976216500675357 3.621751710176468 -1.2704496093812934 0.4515757438048576
leaf_weight=133 103 174 100 161 118 111 100 197 103
leaf_count=133 103 174 100 161 118 111 100 197 103
internal_value=0 0.120943 -0.0997462 -0.937047 -0.193926 -1.58849 0.615023 -0.150038 2.01324
internal_weight=0 1167 1064 490 390 229 574 371 203
internal_count=1300 1167 1064 490 390 229 574 371 203
is_linear=0
shrinkage=0.05


Tree=589
num_leaves=10
num_cat=0
split_feature=10 15 16 10 15 12 16 7 7
split_gain=155196 140714 405748 282032 183905 182322 146244 113045 80923.8
threshold=7650.0631250000015 4.957770777077708 0.48443177651098429 5130.5347500000007 4.021377137713773 6220.841625 0.78510767743441046 0.43829559122575595 0.59902731443063295
decision_type=2 2 2 2 2 8 2 2 2
left_child=1 3 -3 4 5 -1 -4 -8 -2
right_child=8 2 6 -5 -6 -7 7 -9 -10
leaf_value=-2.3729238878382315 -0.49442027863115073 3.0008527114771417 -1.7551262557506562 -2.8059059850374859 1.5012016991774242 0.23762562675307497 1.1121537643760893 -0.94169638345737272 -2.3721388484422978
leaf_weight=101 128 138 104 105 150 198 199 101 104
leaf_count=101 128 138 104 105 150 198 199 101 104
internal_value=0 0.0873508 0.660132 -0.473024 0.0725274 -0.644199 -0.13942 0.420691 -1.33616
internal_weight=0 1096 542 554 449 299 404 300 232
internal_count=1328 1096 542 554 449 299 404 300 232
is_linear=0
shrinkage=0.05


Tree=590
num_leaves=10
num_cat=0
split_feature=13 7 13 11 13 15 14 12 12
split_gain=188588 196767 363467 250732 112171 190428 199754 284284 278992
threshold=6037.4356845238099 0.46325998172195054 6581.18222247024 6487.3637500000004 5638.7290669642871 6.6260126012601264 292.0562500000006 4890.243625000001 4400.7466250000007
decision_type=8 2 10 10 10 2 8 10 10
left_child=4 -2 -3 -4 5 6 8 -8 -1
right_child=1 2 3 -5 -6 -7 7 -9 -10
leaf_value=1.4166465663554653 -0.73340170442131525 3.3998572813244317 -1.786067695828045 1.4985269855790668 -1.953574517895194 1.0605267974909613 -3.9273122481271332 -0.27073720941940943 -1.9883330068588259
leaf_weight=151 193 127 102 135 136 170 102 111 100
leaf_count=151 193 127 102 135 136 170 102 111 100
internal_value=0 0.557195 1.24149 0.084904 -0.65059 -0.371085 -0.895598 -2.02177 0.060081
internal_weight=0 557 364 237 770 634 464 213 251
internal_count=1327 557 364 237 770 634 464 213 251
is_linear=0
shrinkage=0.05


Tree=591
num_leaves=10
num_cat=0
split_feature=16 14 5 5 14 13 13 7 16
split_gain=186562 199990 144986 316635 228947 251673 142721 118168 173697
threshold=1.3745332866619999 470.48974999999933 4.5000000000000009 5.5000000000000009 265.89874999999989 5729.8759375000018 6713.0132916666671 0.35645640166361431 0.47390989098909936
decision_type=2 8 2 2 10 10 10 2 2
left_child=2 -2 4 -4 7 -6 -7 -1 -9
right_child=1 -3 3 -5 5 6 -8 8 -10
leaf_value=-0.41781880703626895 -0.034426263642722159 3.0167842986583713 -2.853798222829556 0.289688544716249 -2.1393270543727438 1.8007512015207572 -0.73107657693326478 2.897089650264153 0.3633062369434546
leaf_weight=102 116 100 145 179 171 101 124 130 141
leaf_count=102 116 100 145 179 171 101 124 130 141
internal_value=0 1.37817 -0.229935 -1.11712 0.143859 -0.693441 0.405433 1.03279 1.57877
internal_weight=0 216 1093 324 769 396 225 373 271
internal_count=1309 216 1093 324 769 396 225 373 271
is_linear=0
shrinkage=0.05


Tree=592
num_leaves=10
num_cat=0
split_feature=14 0 0 7 11 7 16 0 3
split_gain=142084 178698 160119 164732 272485 328957 201058 194483 241176
threshold=1269.8450000000005 6.7627012701270139 6.2521377137713783 0.45873957474687205 4992.4027500000011 0.60104666591302036 0.39616878354502078 4.8233531686501996 0.54683777954538104
decision_type=10 2 2 2 8 2 2 2 2
left_child=1 2 3 7 5 -5 -6 8 -1
right_child=-2 -3 -4 4 6 -7 -8 -9 -10
leaf_value=-1.6635855390608889 -1.4668768395980201 2.0111866069099178 -1.9575487633152766 1.4298245702610641 0.42972388687587926 -2.2973952936089557 3.4030515413130482 -1.73445908249039 1.3221114558011748
leaf_weight=103 156 115 101 122 105 115 124 194 197
leaf_count=103 156 115 101 122 105 115 124 194 197
internal_value=0 0.139059 -0.063858 0.135374 0.809737 -0.378742 2.03974 -0.500766 0.297022
internal_weight=0 1176 1061 960 466 237 229 494 300
internal_count=1332 1176 1061 960 466 237 229 494 300
is_linear=0
shrinkage=0.05


Tree=593
num_leaves=11
num_cat=0
split_feature=3 7 5 12 13 16 10 14 13 14
split_gain=185713 124870 335890 456041 280690 421687 417092 249113 221075 87725.9
threshold=0.48224004766551337 0.45873957474687205 3.5000000000000004 6618.5193750000017 6903.0710788690494 0.58572940627396075 6782.5186250000015 730.86725000000126 6019.169925595239 458.95112499999999
decision_type=2 2 2 8 10 2 2 8 8 10
left_child=-1 2 3 9 5 8 -7 -4 -3 -2
right_child=1 4 7 -5 -6 6 -8 -9 -10 -11
leaf_value=1.9349808533040305 0.78353241890379532 -1.5043489605188372 -0.52899937565694721 -4.1247403428960245 -1.7305439131670313 0.15815922427177431 4.5061234840532629 2.6688427354525595 1.4499712594291745 -1.2255359427306964
leaf_weight=126 103 167 149 119 122 100 123 103 102 115
leaf_count=126 103 167 149 119 122 100 123 103 102 115
internal_value=0 -0.0826213 -0.602728 -1.63524 0.416309 0.948658 2.55636 0.778055 -0.384123 -0.276297
internal_weight=0 1203 589 337 614 492 223 252 269 218
internal_count=1329 1203 589 337 614 492 223 252 269 218
is_linear=0
shrinkage=0.05


Tree=594
num_leaves=11
num_cat=0
split_feature=8 12 12 3 15 10 10 16 15 16
split_gain=202936 295990 238709 433015 461148 412207 355689 192842 185205 184914
threshold=0.9493570948019121 3379.0362500000006 8715.9210000000003 0.687724846375529 7.1003892055872262 6364.8971250000004 4180.3218750000005 0.48443177651098429 5.2380279694636149 0.215475714238091
decision_type=2 10 8 2 2 2 2 2 2 2
left_child=2 -2 3 4 7 -5 -4 9 -3 -1
right_child=1 8 6 5 -6 -7 -8 -9 -10 -11
leaf_value=-0.13158087712615282 3.158710587691905 -1.2175093773425671 0.37146639326344366 0.2529389206406682 4.2294076735430428 -3.7227173469180155 -3.6637048049614984 -1.2192158647805207 1.7152116205178054 2.4902959094941615
leaf_weight=134 134 114 115 172 101 105 104 121 102 135
leaf_count=134 134 114 115 172 101 105 104 121 102 135
internal_value=0 1.31264 -0.0886356 0.326593 1.21834 -1.25408 -1.54478 0.438546 0.167387 1.18423
internal_weight=0 350 987 768 491 277 219 390 216 269
internal_count=1337 350 987 768 491 277 219 390 216 269
is_linear=0
shrinkage=0.05


Tree=595
num_leaves=9
num_cat=0
split_feature=14 11 0 14 16 13 7 14
split_gain=285360 174939 275572 194796 288594 162726 188117 180758
threshold=2028.5828750000007 8377.5663750000022 6.8720747074707473 606.31137500000034 0.58572940627396075 6024.8598586309536 0.48701323694739107 136.91737499999957
decision_type=8 10 2 10 2 10 2 10
left_child=1 2 3 5 -5 6 7 -1
right_child=-2 -3 -4 4 -6 -7 -8 -9
leaf_value=-0.41235334590503153 2.0622474669728961 -1.9201715683235845 2.4578941336623186 0.11981480606410602 -3.2541333310306073 1.5103444273926712 -1.4548771573897989 2.1742287484895098
leaf_weight=175 175 119 111 146 112 190 187 110
leaf_count=175 175 119 111 146 112 190 187 110
internal_value=0 -0.104989 0.104523 -0.179417 -1.34484 0.274784 -0.222582 0.585977
internal_weight=0 1150 1031 920 258 662 472 285
internal_count=1325 1150 1031 920 258 662 472 285
is_linear=0
shrinkage=0.05


Tree=596
num_leaves=11
num_cat=0
split_feature=11 15 3 8 11 13 13 13 14 13
split_gain=102929 142279 235308 369048 315335 253895 293918 253441 216176 174665
threshold=8673.5856250000015 3.8516726672667265 0.6659910053267355 0.80462826933156106 5262.7250000000013 6734.5962790178583 5638.7290669642871 4706.3317857142865 554.39212499999996 6037.4356845238099
decision_type=10 2 2 2 10 10 10 8 8 10
left_child=1 8 3 9 -5 6 7 -4 -1 -3
right_child=-2 2 5 4 -6 -7 -8 -9 -10 -11
leaf_value=0.4037992959814285 -1.540608867387923 -2.0243106083869935 -2.2990639576911929 4.0764482820406558 0.58693135590043688 1.7486109367012981 -3.3253858790082753 0.79964550795014377 -2.3912759801724572 0.90930257271794446
leaf_weight=134 126 100 100 128 131 100 106 194 143 103
leaf_count=134 126 100 100 128 131 100 106 194 143 103
internal_value=0 -0.0406359 0.246877 1.06039 2.31148 -0.50481 -1.06817 -0.254337 -1.03915 -0.535827
internal_weight=0 1239 962 462 259 500 400 294 277 203
internal_count=1365 1239 962 462 259 500 400 294 277 203
is_linear=0
shrinkage=0.05


Tree=597
num_leaves=11
num_cat=0
split_feature=14 7 8 13 5 4 15 12 13 12
split_gain=180830 168869 232758 300227 401333 203723 170674 146482 139354 128709
threshold=-1719.8325000000002 0.6256666447669027 0.97773030211340539 5332.7113891369054 2.5000000000000004 17.500000000000004 6.0083550021668835 4856.4187500000007 4678.2947247023812 5863.6727500000006
decision_type=10 2 2 10 2 2 2 10 10 8
left_child=-1 2 3 4 -2 6 -5 -3 -6 -4
right_child=1 7 9 5 8 -7 -8 -9 -10 -11
leaf_value=-1.5306865259067819 0.64501281100092456 2.8169207049188794 0.17480700662675897 -0.19153958959504963 -1.5813153849969996 -1.4562978312969208 2.2648864730815346 0.32101048166437668 -4.1707721554230304 2.6273479011599665
leaf_weight=159 128 108 106 128 101 100 158 129 107 108
leaf_count=159 128 108 106 128 101 100 158 129 107 108
internal_value=0 0.266157 -0.0357217 -0.464984 -1.55781 0.486283 1.16551 1.45839 -2.91339 1.41254
internal_weight=0 1173 936 722 336 386 286 237 208 214
internal_count=1332 1173 936 722 336 386 286 237 208 214
is_linear=0
shrinkage=0.05


Tree=598
num_leaves=11
num_cat=0
split_feature=3 16 11 12 11 7 13 7 11 11
split_gain=77311.1 372983 306958 195990 182301 244211 150984 186185 285117 133451
threshold=0.6659910053267355 0.91405390539053866 6967.0636250000007 7103.7228750000004 5862.1117500000009 0.51635440253459819 4594.8602090773811 0.57039262626575848 5096.2043750000003 3498.4912500000005
decision_type=2 2 10 10 8 2 8 2 10 10
left_child=1 3 4 6 5 9 -1 -8 -9 -2
right_child=2 -3 -4 -5 -6 -7 7 8 -10 -11
leaf_value=1.946921253770038 -0.72521596819459078 3.108017273820364 -2.7267391776427248 -2.0312797768695936 1.7893285474156948 -2.3101688092080956 0.9572619225407385 -3.0851131852935345 0.60944563198799839 1.6890260772972274
leaf_weight=108 113 104 117 111 123 117 194 102 107 116
leaf_count=108 113 104 117 111 123 117 194 102 107 116
internal_value=0 0.336456 -0.435586 -0.126956 0.135981 -0.451769 0.286703 -0.158218 -1.19364 0.497719
internal_weight=0 726 586 622 469 346 511 403 209 229
internal_count=1312 726 586 622 469 346 511 403 209 229
is_linear=0
shrinkage=0.05


Tree=599
num_leaves=10
num_cat=0
split_feature=5 12 13 13 12 14 5 13 12
split_gain=134887 261867 244537 296059 237751 265824 188036 187657 121298
threshold=4.5000000000000009 2548.7687500000006 5076.30549107143 6759.6497321428587 7367.3225000000011 164.01737499999993 2.5000000000000004 5108.068815476191 5405.3876250000003
decision_type=2 8 8 8 10 10 2 10 8
left_child=1 -1 -2 -4 5 8 7 -7 -3
right_child=2 4 3 -5 -6 6 -8 -9 -10
leaf_value=2.6756723528385162 0.92134776269115004 -0.41494227053195831 -3.3576404824095256 0.32051036661746457 2.3326716185138938 1.4627352675566307 -2.4336107259655333 -1.3165261206765697 1.7056276897090166
leaf_weight=125 159 102 118 102 114 104 143 146 199
leaf_count=125 159 102 118 102 114 104 143 146 199
internal_value=0 0.545964 -0.5726 -1.65232 0.216492 -0.131122 -0.987518 -0.160353 0.987029
internal_weight=0 933 379 220 808 694 393 250 301
internal_count=1312 933 379 220 808 694 393 250 301
is_linear=0
shrinkage=0.05


Tree=600
num_leaves=10
num_cat=0
split_feature=14 3 8 16 14 8 12 14 11
split_gain=141725 130212 127056 152427 133107 318554 246873 253698 192278
threshold=904.50387500000022 0.57193302536043833 0.68168467735427696 1.5688152148548176 491.34200000000016 0.83617242061095853 2213.5533750000004 130.00912500000007 4224.8462500000014
decision_type=10 2 2 2 8 2 10 10 10
left_child=2 -2 -1 4 6 -6 -4 8 -8
right_child=1 -3 3 -5 5 -7 7 -9 -10
leaf_value=-1.7695757929484051 -0.2046782153217416 2.0469917971260694 -1.0598223657024151 -1.8646221013283175 1.4514859868650851 -1.866512895119496 -1.189150040366433 2.9753622161085107 1.7411340164510829
leaf_weight=120 114 147 147 102 115 195 110 147 114
leaf_count=120 114 147 147 102 115 195 110 147 114
internal_value=0 1.0635 -0.238402 -0.0408317 0.183838 -0.635642 0.674261 1.36135 0.302155
internal_weight=0 261 1050 930 828 310 518 371 224
internal_count=1311 261 1050 930 828 310 518 371 224
is_linear=0
shrinkage=0.05


Tree=601
num_leaves=10
num_cat=0
split_feature=10 16 13 13 13 10 4 13 15
split_gain=158679 160937 265535 353443 248957 214811 211348 383558 74943
threshold=2556.1753750000007 0.63280911424475816 4666.4050074404777 4975.3883854166679 6769.4835550595253 6663.3981250000006 10.500000000000002 5638.7290669642871 4.7726856018935235
decision_type=2 2 8 10 8 2 2 10 2
left_child=-1 2 -2 -4 6 8 -3 -8 -5
right_child=1 4 3 5 -6 -7 7 -9 -10
leaf_value=1.4958419981526168 1.4400932440886627 1.7078589065074923 -3.6449754523271225 -0.37855884248648231 2.0118095017582007 -2.1616939851006527 0.41114694714709055 -3.4032358740139936 1.4644833824317904
leaf_weight=164 111 100 118 123 173 122 183 103 100
leaf_count=164 111 100 118 123 173 122 183 103 100
internal_value=0 -0.168193 -0.756268 -1.28283 0.435663 -0.474902 -0.270745 -0.962564 0.447917
internal_weight=0 1133 574 463 559 345 386 286 223
internal_count=1297 1133 574 463 559 345 386 286 223
is_linear=0
shrinkage=0.05


Tree=602
num_leaves=10
num_cat=0
split_feature=15 14 5 10 12 10 11 15 15
split_gain=161730 271242 173013 168976 143837 244930 452197 204546 276412
threshold=8.1716629996332983 -744.34987500000034 5.5000000000000009 7274.9287500000009 6159.1568750000015 6145.0835000000015 5147.9050000000016 5.1167866786678671 3.999933326666
decision_type=2 8 2 2 10 2 10 2 2
left_child=1 -1 3 4 5 6 7 8 -3
right_child=-2 2 -4 -5 -6 -7 -8 -9 -10
leaf_value=2.5508738213372464 -1.739877892795362 -0.46707187124960864 1.5208526832469997 -2.0713164622624087 1.1601839204941478 1.6718798472945178 -2.9678618536493873 -1.5880371041343375 2.9646518169045453
leaf_weight=103 133 142 138 127 175 112 177 118 100
leaf_count=103 133 142 138 127 175 112 177 118 100
internal_value=0 0.0983928 -0.133568 -0.373642 -0.111986 -0.455021 -0.89862 0.118757 0.950996
internal_weight=0 1192 1089 951 824 649 537 360 242
internal_count=1325 1192 1089 951 824 649 537 360 242
is_linear=0
shrinkage=0.05


Tree=603
num_leaves=10
num_cat=0
split_feature=13 0 13 3 16 14 11 4 12
split_gain=189589 507573 176676 153476 222690 223436 203357 199663 195012
threshold=7410.9377008928577 4.8233531686501996 6801.7100691964288 0.7146963370156213 0.57994549454945565 527.25900000000013 4053.4950000000003 17.500000000000004 5878.9408750000011
decision_type=8 2 8 2 2 8 10 2 8
left_child=2 -2 3 4 5 6 -1 -6 -5
right_child=1 -3 -4 8 7 -7 -8 -9 -10
leaf_value=0.21339373511641668 0.99150949808267441 -3.6462559297305202 1.8811645091116 -2.2687743503753453 2.3466135965078139 1.0690393900399406 -2.7171684825238382 -0.27370568748213286 0.57244653562897618
leaf_weight=108 117 119 139 146 192 150 131 117 103
leaf_count=108 117 119 139 146 192 150 131 117 103
internal_value=0 -1.34702 0.216558 -0.0277713 0.352406 -0.443565 -1.3929 1.35445 -1.09349
internal_weight=0 236 1086 947 698 389 239 309 249
internal_count=1322 236 1086 947 698 389 239 309 249
is_linear=0
shrinkage=0.05


Tree=604
num_leaves=10
num_cat=1
split_feature=12 15 11 11 13 9 13 11 16
split_gain=200355 169610 256616 355930 181456 194392 143417 135873 294292
threshold=8366.1550000000007 2.7918000133346674 7711.1350000000011 8607.1571250000015 6933.9571517857157 0 4724.1026607142858 4224.8462500000014 0.47918125145847951
decision_type=10 2 8 10 10 9 10 10 2
left_child=1 -1 4 -4 5 -3 -7 -8 -9
right_child=-2 2 3 -5 -6 6 7 8 -10
leaf_value=-1.6884886384010316 -2.032814351794789 -1.6725031625140798 3.196037655345787 -0.45834890051321553 -1.9498141488490199 -0.49888051454745352 -0.11286897604177532 -0.068199337829673107 3.1450983406566992
leaf_weight=102 103 100 169 110 104 199 148 126 164
leaf_count=102 103 100 169 110 104 199 148 126 164
internal_value=0 0.263463 0.44123 1.75524 0.00530935 0.281202 0.60467 1.11986 1.74898
internal_weight=0 1222 1120 279 841 737 637 438 290
internal_count=1325 1222 1120 279 841 737 637 438 290
cat_boundaries=0 1
cat_threshold=160
is_linear=0
shrinkage=0.05


Tree=605
num_leaves=10
num_cat=0
split_feature=10 12 15 13 13 10 12 11 14
split_gain=138526 237836 334341 518083 359162 316725 188187 357266 165240
threshold=6655.4568750000008 7680.4096250000011 4.021377137713773 7020.3951063988106 5365.2527046130963 5225.0711250000013 6055.8247500000007 4842.3587500000012 235.38075000000006
decision_type=2 10 2 8 8 2 10 8 10
left_child=1 2 4 5 -1 8 7 -2 -4
right_child=6 -3 3 -5 -6 -7 -8 -9 -10
leaf_value=0.24893137159801665 -1.8515346539759006 2.7859778203368188 -0.30468840324878693 3.413411476912088 -3.4162971716743331 -1.5545877276069444 -2.1236036198510639 2.0132958277003974 2.394277511434701
leaf_weight=168 113 100 100 151 111 184 138 127 131
leaf_count=168 113 100 100 151 111 184 138 127 131
internal_value=0 0.480182 0.207306 0.905587 -1.20928 -0.0068979 -0.65236 0.193605 1.22589
internal_weight=0 945 845 566 279 415 378 240 231
internal_count=1323 945 845 566 279 415 378 240 231
is_linear=0
shrinkage=0.05


Tree=606
num_leaves=10
num_cat=1
split_feature=5 14 10 9 11 13 13 10 13
split_gain=117811 474680 331056 162601 129672 118350 157752 160755 103080
threshold=4.5000000000000009 964.03387500000019 6265.0037500000008 0 5147.9050000000016 5076.30549107143 6812.4214315476192 6295.386625000001 4771.129851190477
decision_type=2 8 2 9 10 10 10 2 8
left_child=3 2 -2 5 -5 8 7 -7 -1
right_child=1 -3 -4 4 -6 6 -8 -9 -10
leaf_value=0.95603189500386287 -0.21533562499913389 2.2186891132538471 -3.7413440075882698 0.38581838780687061 -1.9484423560833712 0.97843216798595489 0.099965138377681853 3.4084619330035317 -0.96277379131678387
leaf_weight=149 160 109 114 131 109 148 155 126 132
leaf_count=149 160 109 114 131 109 148 155 126 132
internal_value=0 -0.57214 -1.68236 0.466625 -0.647352 0.84046 1.37475 2.09589 0.0546712
internal_weight=0 383 274 950 240 710 429 274 281
internal_count=1333 383 274 950 240 710 429 274 281
cat_boundaries=0 1
cat_threshold=1
is_linear=0
shrinkage=0.05


Tree=607
num_leaves=10
num_cat=0
split_feature=3 15 16 14 12 10 15 14 10
split_gain=117685 182192 219579 249144 184138 179112 137680 125092 124882
threshold=0.6659910053267355 6.6260126012601264 0.48443177651098429 -245.04224999999994 6455.7137500000008 6069.7908750000015 5.6720880421375472 -83.292499999999777 5829.0020000000013
decision_type=2 2 2 10 8 2 2 10 2
left_child=1 2 3 -1 -4 6 7 -2 -5
right_child=5 -3 4 8 -6 -7 -8 -9 -10
leaf_value=2.8201276444471799 -2.1049538048187109 2.100355585721823 0.19573968263103231 0.795575149729848 -2.8310254089832307 -1.8111867382651881 1.0178132664180637 0.29697351649276216 -1.3401797531438726
leaf_weight=104 101 130 101 176 100 190 193 117 112
leaf_count=104 101 130 101 176 100 190 193 117 112
internal_value=0 0.405156 0.033527 0.722486 -1.31011 -0.541667 0.0452154 -0.815846 -0.0349962
internal_weight=0 723 593 392 201 601 411 218 288
internal_count=1324 723 593 392 201 601 411 218 288
is_linear=0
shrinkage=0.05


Tree=608
num_leaves=10
num_cat=1
split_feature=12 11 9 15 11 5 4 3 15
split_gain=218850 138856 210066 363264 270404 235747 241903 172871 328483
threshold=8133.3738750000011 5663.0625000000009 0 3.7827616094942829 4804.7018750000007 4.5000000000000009 11.500000000000002 0.66795208896578384 5.009371770510386
decision_type=10 10 9 2 10 2 2 2 2
left_child=1 2 -1 -4 5 6 -5 8 -3
right_child=-2 7 3 4 -6 -7 -8 -9 -10
leaf_value=2.1533779305780039 2.1023074795279588 -2.2412199117034395 -2.3010495861634515 1.9663957253192206 2.8219894433021544 -2.18906280385796 -0.81859575237324034 -2.2747841434259164 1.4109474268658408
leaf_weight=107 114 107 151 159 100 100 153 152 145
leaf_count=107 114 107 151 159 100 100 153 152 145
internal_value=0 -0.192333 0.201547 -0.143765 0.489657 -0.076443 0.600679 -0.943045 -0.139774
internal_weight=0 1174 770 663 512 412 312 404 252
internal_count=1288 1174 770 663 512 412 312 404 252
cat_boundaries=0 1
cat_threshold=192
is_linear=0
shrinkage=0.05


Tree=609
num_leaves=9
num_cat=0
split_feature=12 14 11 11 14 11 0 3
split_gain=91215.5 130355 519672 345315 410590 323102 291494 183089
threshold=8163.0357500000009 -30.408374999999975 4224.8462500000014 4193.2913750000016 974.67025000000001 3165.6062500000003 5.5706653998733211 0.60600690598563867
decision_type=10 8 10 8 8 10 2 2
left_child=1 2 -1 5 6 -3 -5 -6
right_child=-2 3 -4 4 7 -7 -8 -9
leaf_value=-1.3078131868004126 1.1754442482351144 -0.76663517731381214 2.7218868727553382 -1.3661717262618323 -1.2640100733634154 2.90876498433341 -4.509451069651532 1.0553851885742016
leaf_weight=177 107 127 146 194 163 113 119 178
leaf_count=177 107 127 146 194 163 113 119 178
internal_value=0 -0.347245 0.513661 -0.658288 -1.25357 0.963866 -2.56122 -0.0532994
internal_weight=0 1217 323 894 654 240 313 341
internal_count=1324 1217 323 894 654 240 313 341
is_linear=0
shrinkage=0.05


Tree=610
num_leaves=10
num_cat=0
split_feature=7 11 8 13 3 11 14 16 3
split_gain=204180 247926 255963 337202 236474 231571 233859 297708 292895
threshold=0.42139776581807226 2329.3800000000006 0.95315033644548508 5332.7113891369054 0.70789142160441121 2548.7687500000006 -294.30324999999988 0.79194586125279265 0.52835722719724842
decision_type=2 10 2 10 2 10 10 2 2
left_child=1 -1 4 -4 -3 -2 -7 8 -8
right_child=5 2 3 -5 -6 6 7 -9 -10
leaf_value=-2.9879468960182689 2.0691935389169624 -3.2473574424008711 2.1438404789344867 -1.4775663585027803 0.1194787813425064 -2.1868309474908392 1.043698179122456 2.3990663786656667 -1.8766620264270089
leaf_weight=107 168 109 161 107 100 104 179 137 165
leaf_count=107 168 109 161 107 100 104 179 137 165
internal_value=0 -0.812784 -0.324854 0.69798 -1.63643 0.432987 -0.0368984 0.427952 -0.357056
internal_weight=0 584 477 268 209 753 585 481 344
internal_count=1337 584 477 268 209 753 585 481 344
is_linear=0
shrinkage=0.05


Tree=611
num_leaves=10
num_cat=0
split_feature=10 13 15 7 3 0 10 12 12
split_gain=187915 171793 122808 79337.5 176879 216598 144577 211971 186542
threshold=7755.1312500000013 6527.5025967261909 7.0092592592592604 0.35454752074292278 0.60311688419369769 4.3150148348168154 3832.7250000000008 6686.0662500000008 3864.9356250000005
decision_type=2 10 2 2 2 2 2 8 10
left_child=2 -2 3 4 -1 -6 -5 8 -8
right_child=1 -3 -4 6 5 -7 7 -9 -10
leaf_value=0.77699826504915004 -0.082623078987266119 -2.9204133331185522 1.4593061805498309 1.711950340953206 0.22610936755719391 -2.7218098401475483 -0.3599855434476284 -1.8574993773562012 2.3417395838335451
leaf_weight=155 113 101 164 147 115 136 171 122 102
leaf_count=155 113 101 164 147 115 136 171 122 102
internal_value=0 -1.42195 0.195988 -0.0225603 -0.551056 -1.37117 0.373324 -0.124848 0.64945
internal_weight=0 214 1112 948 406 251 542 395 273
internal_count=1326 214 1112 948 406 251 542 395 273
is_linear=0
shrinkage=0.05


Tree=612
num_leaves=10
num_cat=0
split_feature=8 11 0 7 11 5 14 0 0
split_gain=177726 254759 196244 147664 170170 371723 281014 217553 232718
threshold=0.9493570948019121 10445.150000000001 4.5831583158315832 0.35454752074292278 4992.4027500000011 4.5000000000000009 -26.41499999999996 6.2521377137713783 5.1377971130446385
decision_type=2 8 2 2 10 2 10 2 2
left_child=1 3 -2 -1 5 6 -5 8 -6
right_child=2 -3 -4 4 7 -7 -8 -9 -10
leaf_value=-1.9531668678802605 -0.40991084912815429 -2.6819336257482833 2.0111132293269876 2.2392548483234451 0.20552925872865299 -3.2405287819001281 -1.0193990100758623 -0.86064128763973713 3.2403236911922209
leaf_weight=102 158 114 178 110 131 103 166 128 122
leaf_count=102 158 114 178 110 131 103 166 128 122
internal_value=0 -0.460613 0.872655 -0.166842 0.0729014 -0.677247 0.27934 0.819112 1.66895
internal_weight=0 976 336 862 760 379 276 381 253
internal_count=1312 976 336 862 760 379 276 381 253
is_linear=0
shrinkage=0.05


Tree=613
num_leaves=10
num_cat=0
split_feature=12 4 5 5 12 13 16 1 4
split_gain=135894 196736 450551 287703 287027 213826 204252 178228 139608
threshold=8312.1225000000013 14.500000000000002 3.5000000000000004 1.5000000000000002 2213.5533750000004 4370.9482217261912 0.23266910024335855 18.975749194421677 9.5000000000000018
decision_type=10 2 2 2 10 8 2 2 2
left_child=1 4 3 -3 5 -1 -6 -8 -9
right_child=-2 2 -4 -5 6 -7 7 8 -10
leaf_value=0.16887468814849854 -1.779265433839224 1.1804151748218676 2.9462586566202904 -2.2114103409777517 -1.4489434699377706 -2.7386306801161102 -0.43778927539879425 2.7065794209262424 0.29918202448238451
leaf_weight=100 103 137 173 115 124 172 159 145 103
leaf_count=100 103 137 173 115 124 172 159 145 103
internal_value=0 0.111517 0.981429 -0.367442 -0.348898 -1.66969 0.327669 0.868947 1.70673
internal_weight=0 1228 425 252 803 272 531 407 248
internal_count=1331 1228 425 252 803 272 531 407 248
is_linear=0
shrinkage=0.05


Tree=614
num_leaves=10
num_cat=0
split_feature=10 4 13 13 3 7 3 4 10
split_gain=84854.3 124479 264312 199924 188210 276376 186961 161824 108154
threshold=2237.0975000000003 9.5000000000000018 4216.0512321428578 4584.3394575892862 0.70826411557726321 0.53029708918218277 0.54925666096358772 14.500000000000002 5758.8316250000016
decision_type=2 2 10 10 2 2 2 2 2
left_child=-1 3 -3 -2 5 -4 8 -6 -5
right_child=1 2 4 6 7 -7 -8 -9 -10
leaf_value=1.2238760556009682 2.3744930069013077 -2.5567792024124754 -2.3055507434136939 -1.5839868304302109 -0.17750131769286048 0.77046109856824385 1.710783572864095 2.2918402617347655 0.41888907607545295
leaf_weight=132 110 132 165 159 155 131 109 116 117
leaf_count=132 110 132 165 159 155 131 109 116 117
internal_value=0 -0.112072 -0.541687 0.494597 -0.0725656 -0.944208 -0.0425155 0.879486 -0.734942
internal_weight=0 1194 699 495 567 296 385 271 276
internal_count=1326 1194 699 495 567 296 385 271 276
is_linear=0
shrinkage=0.05


Tree=615
num_leaves=11
num_cat=0
split_feature=10 11 5 11 8 10 3 14 14 14
split_gain=179235 296228 190128 148091 247952 186400 143970 137961 148194 53783.4
threshold=3882.9592500000003 1901.4648750000003 3.5000000000000004 5663.0625000000009 0.79310619317945363 5326.8267500000011 0.6542676155042868 -251.114 387.85100000000006 592.78225000000009
decision_type=2 10 2 10 2 2 2 8 10 10
left_child=2 -2 6 7 -5 -6 -1 -3 -9 -7
right_child=1 3 -4 4 5 9 -8 8 -10 -11
leaf_value=1.0415047489679778 -3.1213635960132771 -1.085886144437469 1.9350378729275297 1.0015054088605699 0.18722698225558385 -1.5156224960205602 -1.5590536199578453 2.1646365737904691 -0.13687508807462806 -3.054673414397985
leaf_weight=104 101 104 175 129 103 102 109 144 136 128
leaf_count=104 101 104 175 129 103 102 109 144 136 128
internal_value=0 -0.561996 0.713947 -0.256445 -0.859552 -1.5805 -0.289297 0.469168 1.04676 -2.37214
internal_weight=0 947 388 846 462 333 213 384 280 230
internal_count=1335 947 388 846 462 333 213 384 280 230
is_linear=0
shrinkage=0.05


Tree=616
num_leaves=11
num_cat=0
split_feature=12 10 10 8 4 7 7 13 3 7
split_gain=179529 346853 320066 251532 195738 316685 172524 203697 197140 79271.5
threshold=2584.7607500000008 2898.5950000000007 5115.1527500000002 0.81826136178216324 12.500000000000002 0.66737583708927928 0.51925957881181095 4858.4337797619055 0.6542676155042868 0.28059707016960439
decision_type=10 2 2 2 2 2 2 10 2 2
left_child=1 -1 -3 4 5 -2 7 -5 -9 -10
right_child=3 2 -4 6 -6 -7 -8 8 9 -11
leaf_value=-1.1836616909781168 1.8142327488015551 3.6351866410885543 0.22944962478735867 1.469172284603119 2.5455772015535945 -2.0333056633103461 -2.7214913497905475 0.41965316816380149 -3.0400041064795325 -1.113249944150448
leaf_weight=129 109 140 136 100 107 105 111 133 102 112
leaf_count=129 109 140 136 100 107 105 111 133 102 112
internal_value=0 0.956639 1.957 -0.315686 0.799474 -0.0735782 -0.957202 -0.51909 -1.09208 -2.03161
internal_weight=0 405 276 879 321 214 558 447 347 214
internal_count=1284 405 276 879 321 214 558 447 347 214
is_linear=0
shrinkage=0.05


Tree=617
num_leaves=11
num_cat=0
split_feature=7 10 12 15 10 0 4 15 7 5
split_gain=122468 203592 285372 230819 289716 203256 195763 187190 156453 92120.8
threshold=0.64427239800285052 2597.5260000000003 6699.5410000000002 6.6375512551255129 4025.8915000000006 6.3186526986031941 5.5000000000000009 5.872720605393873 0.41517506856597353 1.5000000000000002
decision_type=2 2 8 2 2 2 2 2 2 2
left_child=1 -1 5 4 -4 7 -2 9 -9 -3
right_child=6 2 3 -5 -6 -7 -8 8 -10 -11
leaf_value=1.6436977596728939 -0.17571800084114075 -1.2971623604250428 -0.73617813080812988 0.1691940708765908 -4.3492811171833532 -1.3593933983068718 2.7923308497667314 0.51179785051941873 3.3086981091499328 0.57333183039827318
leaf_weight=141 125 101 113 126 109 152 100 100 100 189
leaf_count=141 125 101 113 126 109 152 100 100 100 189
internal_value=0 -0.133874 -0.387044 -1.54006 -2.51018 0.237957 1.14341 0.733461 1.91025 -0.0781161
internal_weight=0 1131 990 348 222 642 225 490 200 290
internal_count=1356 1131 990 348 222 642 225 490 200 290
is_linear=0
shrinkage=0.05


Tree=618
num_leaves=10
num_cat=0
split_feature=4 13 4 12 13 10 16 14 12
split_gain=164238 197611 152326 706330 290951 196837 188946 113572 109886
threshold=18.500000000000004 5560.4712291666674 14.500000000000002 6984.4762500000006 3346.6369174107149 7755.1312500000013 0.66655415541554153 194.43887500000031 4726.2925000000005
decision_type=2 8 2 8 10 2 2 10 8
left_child=2 -2 4 -4 -1 6 8 -8 -6
right_child=1 -3 3 -5 5 -7 7 -9 -10
leaf_value=-2.5890367014942886 0.20234648849731102 -2.4449184365669887 -1.2443116296407171 4.4087757343112832 0.3654853197761247 -1.8508106561005115 0.64803944896492693 -1.5382743500173093 2.0777861310712371
leaf_weight=107 133 150 122 101 183 100 108 132 192
leaf_count=107 133 150 122 101 183 100 108 132 192
internal_value=0 -1.2008 0.157059 1.31606 -0.157364 0.206537 0.541065 -0.554433 1.24218
internal_weight=0 283 1045 223 822 715 615 240 375
internal_count=1328 283 1045 223 822 715 615 240 375
is_linear=0
shrinkage=0.05


Tree=619
num_leaves=9
num_cat=0
split_feature=3 14 14 5 14 12 12 1
split_gain=119298 369093 352481 265240 260293 223925 282878 94712.7
threshold=0.68902174940751804 964.03387500000019 1097.9547500000008 4.5000000000000009 -216.33687499999971 3379.0362500000006 6005.8556250000011 21.687019151682371
decision_type=2 8 10 2 10 10 10 2
left_child=1 5 -3 4 -2 -1 -7 -6
right_child=3 2 -4 -5 7 6 -8 -9
leaf_value=-1.6930243086782308 2.2039507533596683 4.1356092844158416 0.32857892960309987 -2.286588907083928 0.52189032463269813 1.7713432386517525 -1.0163307145324056 -1.3769902460934487
leaf_weight=183 113 112 133 151 107 192 173 170
leaf_count=183 113 112 133 151 107 192 173 170
internal_value=0 0.45566 2.06894 -0.507347 0.181539 -0.265604 0.450062 -0.643488
internal_weight=0 793 245 541 390 548 365 277
internal_count=1334 793 245 541 390 548 365 277
is_linear=0
shrinkage=0.05


Tree=620
num_leaves=10
num_cat=0
split_feature=8 4 0 0 11 7 3 4 11
split_gain=110383 107078 113950 159058 260976 193770 182088 228238 157966
threshold=0.68168467735427696 20.500000000000004 6.6291337467080043 4.7445744574457445 3379.0362500000006 0.25162638057143294 0.70276320857896202 5.5000000000000009 7609.636125
decision_type=2 2 2 2 8 2 2 2 8
left_child=-1 2 3 4 -2 -5 7 -7 -6
right_child=1 -3 -4 5 8 6 -8 -9 -10
leaf_value=-1.5843314874172212 -1.9380465376495135 1.132300730340136 0.9959927259327529 -2.9844228251775107 1.862233617187788 0.082753597680977953 0.86201984059642744 -2.9714935603788346 -0.5210263731846706
leaf_weight=135 101 159 154 105 192 127 142 118 109
leaf_count=135 101 159 154 105 192 127 142 118 109
internal_value=0 -0.0767615 -0.260197 -0.476588 0.26123 -1.07944 -0.562583 -1.38827 0.999193
internal_weight=0 1207 1048 894 402 492 387 245 301
internal_count=1342 1207 1048 894 402 492 387 245 301
is_linear=0
shrinkage=0.05


Tree=621
num_leaves=10
num_cat=0
split_feature=12 15 12 13 14 15 0 14 4
split_gain=245721 242295 290224 336191 327010 321952 337253 267814 155879
threshold=8133.3738750000011 4.021377137713773 5256.165750000001 5670.4112946428577 -429.63075000000021 4.915483214988166 6.0680193019301933 401.67312500000031 14.500000000000002
decision_type=10 2 10 10 8 2 2 8 2
left_child=1 7 4 -4 -3 -6 8 -1 -7
right_child=-2 2 3 -5 5 6 -8 -9 -10
leaf_value=0.38816535652629913 2.2056206171133721 -1.7460753058442977 0.96615438733184544 -2.6257885802341137 3.4206147261176789 -1.3353980123458138 2.6368113491552094 -2.6731326598109622 1.0982777792379397
leaf_weight=126 129 101 114 152 140 166 141 165 109
leaf_count=126 129 101 114 152 140 166 141 165 109
internal_value=0 -0.0896024 0.307021 -1.08638 0.871171 1.34661 0.648622 -1.34762 -0.370777
internal_weight=0 1214 923 266 657 556 416 291 275
internal_count=1343 1214 923 266 657 556 416 291 275
is_linear=0
shrinkage=0.05


Tree=622
num_leaves=10
num_cat=0
split_feature=16 4 4 13 3 11 3 16 5
split_gain=111662 167525 235413 196450 333997 163730 204948 109356 152653
threshold=0.62754192085875282 6.5000000000000009 2.5000000000000004 5166.851205357144 0.71091573717930412 2153.2641250000006 0.6659910053267355 1.5859419275260855 2.5000000000000004
decision_type=2 2 2 10 2 10 2 2 2
left_child=1 2 -1 4 -3 -2 -7 8 -8
right_child=5 3 -4 -5 -6 6 7 -9 -10
leaf_value=-1.0593886907185828 2.366996588877269 -3.6062698644802986 1.6613394762834777 0.36948977019511114 0.21839272165298462 1.6776330759726374 -1.2965996664923591 -1.7319860105757166 1.1259870469759983
leaf_weight=140 105 133 184 147 100 166 111 113 157
leaf_count=140 105 133 184 147 100 166 111 113 157
internal_value=0 -0.349585 0.485716 -1.06179 -1.96478 0.558535 0.21139 -0.427446 0.122602
internal_weight=0 704 324 380 233 652 547 381 268
internal_count=1356 704 324 380 233 652 547 381 268
is_linear=0
shrinkage=0.05


Tree=623
num_leaves=10
num_cat=0
split_feature=8 7 13 12 14 14 10 16 10
split_gain=141916 233125 188277 181872 120540 202227 185053 85459.4 79379.5
threshold=0.71332206117115671 -0.0057268974564504737 3744.8374322916675 2584.7607500000008 1239.0306250000006 685.78112500000009 6655.4568750000008 0.64116411641164073 8060.8230000000012
decision_type=2 2 10 10 10 10 2 2 2
left_child=-1 -2 -3 -4 5 6 7 -5 -8
right_child=1 2 3 4 -6 -7 8 -9 -10
leaf_value=-1.1711057466887387 2.2406427387467454 -1.5401181842434792 1.8515648645598715 1.6625210868092033 -1.3915823588221095 2.0913238746643068 -2.1519639292568491 -0.20232084879354273 -0.22696593893636574
leaf_weight=183 140 155 164 127 127 125 114 119 101
leaf_count=183 140 155 164 127 127 125 114 119 101
internal_value=0 0.326049 0.0663172 0.350237 0.00491034 0.307563 -0.176103 0.760423 -1.24766
internal_weight=0 1172 1032 877 713 586 461 246 215
internal_count=1355 1172 1032 877 713 586 461 246 215
is_linear=0
shrinkage=0.05


Tree=624
num_leaves=10
num_cat=0
split_feature=14 8 8 5 10 11 12 11 16
split_gain=107558 118017 139522 158713 159980 370616 313690 197429 230517
threshold=-744.34987500000034 0.68168467735427696 0.7525434133693446 1.0000000180025095e-35 4592.5760000000009 5779.5482500000007 8242.3378750000029 4092.9800000000005 0.91405390539053866
decision_type=8 2 2 2 2 8 8 10 2
left_child=-1 -2 -3 -4 5 -5 7 -6 -9
right_child=1 2 3 4 6 -7 -8 8 -10
leaf_value=1.6401069626764018 -1.4180521954189649 1.8975558641978674 -1.6620482758618893 -0.5762423842027784 1.9895248540112231 2.8431735532868441 -2.810231508792258 -1.5105069197634216 1.2215639980904984
leaf_weight=108 132 105 128 160 122 157 101 186 132
leaf_count=108 132 105 128 160 122 157 101 186 132
internal_value=0 -0.00598645 0.164859 -0.0196571 0.225362 1.11729 -0.297263 0.279578 -0.37644
internal_weight=0 1223 1091 986 858 317 541 440 318
internal_count=1331 1223 1091 986 858 317 541 440 318
is_linear=0
shrinkage=0.05


Tree=625
num_leaves=10
num_cat=0
split_feature=11 8 12 11 11 0 15 7 16
split_gain=136229 184515 200122 342704 225325 144059 125630 162700 133086
threshold=8546.1325000000015 0.98279003497518691 8902.1287500000017 7022.1361250000009 3462.0656250000006 4.8233531686501996 5.7067540087342072 0.53842091580009888 0.39616878354502078
decision_type=8 2 8 10 10 2 2 2 2
left_child=1 2 3 4 -1 -2 8 -8 -6
right_child=5 -3 -4 -5 6 -7 7 -9 -10
leaf_value=1.2143956865325121 0.1553744832212611 1.7280923037133977 -1.8088743447831701 2.9736153480261565 -1.2763359186649323 -2.1647203222453166 -0.38761854876642643 -3.1379254230178231 1.2439449084888805
leaf_weight=198 129 169 140 100 100 139 115 101 110
leaf_count=198 129 169 140 100 100 139 115 101 110
internal_value=0 0.217145 -0.0783991 0.256223 -0.179256 -1.04796 -0.82701 -1.67364 0.0438112
internal_weight=0 1033 864 724 624 268 426 216 210
internal_count=1301 1033 864 724 624 268 426 216 210
is_linear=0
shrinkage=0.05


Tree=626
num_leaves=11
num_cat=0
split_feature=14 4 3 8 12 3 3 3 0 15
split_gain=105323 387123 599206 159564 350206 189324 382117 299765 127129 105629
threshold=-199.04962500000008 6.5000000000000009 0.70978854299052452 0.94757558117211926 4425.3225000000011 0.69511764340340887 0.59666727089210203 0.52835722719724842 4.5627479414608141 6.4529577957795787
decision_type=10 2 2 2 10 2 2 2 2 2
left_child=1 -1 -3 5 -5 6 7 8 -2 -7
right_child=3 2 -4 4 -6 9 -8 -9 -10 -11
leaf_value=1.8868872362154503 -0.41796386291127691 -3.6354948624697601 0.82050731632349305 3.6106834276049748 -0.14296479030225262 -0.27268513135540368 3.1290459189673556 -2.197985234260559 1.9860014636640078 -2.5372180745882149
leaf_weight=108 109 165 139 102 159 104 102 135 111 102
leaf_count=108 109 165 139 102 159 104 102 135 111 102
internal_value=0 -0.68452 -1.59805 0.276759 1.32398 -0.135494 0.431779 -0.343211 0.794946 -1.39396
internal_weight=0 412 304 924 261 663 457 355 220 206
internal_count=1336 412 304 924 261 663 457 355 220 206
is_linear=0
shrinkage=0.05


Tree=627
num_leaves=10
num_cat=0
split_feature=13 11 10 16 0 7 12 15 11
split_gain=135314 192467 142654 139989 258012 255720 257088 357453 423077
threshold=3871.5821391369054 2471.5736250000004 2371.7575000000006 1.4247966463312995 6.2521377137713783 0.26754526964605363 2972.1767500000005 5.9274135746908039 5262.7250000000013
decision_type=8 8 2 2 2 2 8 2 10
left_child=-1 -2 -3 4 5 -4 -7 8 -8
right_child=1 2 3 -5 -6 6 7 -9 -10
leaf_value=-1.8522943926792519 2.0287301060315723 1.6096981714551266 -1.7849077749389997 0.98402940185651888 -2.4546308079186612 -1.8032548006413121 1.689438961182322 3.5062033307783818 -2.1016346992470147
leaf_weight=102 111 104 184 168 153 106 175 103 127
leaf_count=102 111 104 184 168 153 106 175 103 127
internal_value=0 0.0427873 -0.154034 -0.334573 -0.595806 -0.186597 0.38892 0.962674 0.0951795
internal_weight=0 1231 1120 1016 848 695 511 405 302
internal_count=1333 1231 1120 1016 848 695 511 405 302
is_linear=0
shrinkage=0.05


Tree=628
num_leaves=10
num_cat=0
split_feature=14 5 8 16 5 0 16 11 16
split_gain=128593 179754 129657 207001 557088 259932 233463 138038 218550
threshold=-720.7254999999999 5.5000000000000009 0.9955353292072241 1.0030086341967535 4.5000000000000009 5.3728206153948737 0.19256508984231793 6455.7137500000008 0.5302321898856549
decision_type=8 2 2 2 2 2 2 8 2
left_child=-1 2 3 4 6 -5 -2 8 -8
right_child=1 -3 -4 5 -6 -7 7 -9 -10
leaf_value=1.7795605066318474 2.1659978985786439 1.7354769836503565 -1.868538515874655 -0.68280241494638882 -3.6289088808971908 2.4142060842699635 -0.88073474500352988 -1.3823589878146714 1.9712579489493174
leaf_weight=119 118 141 101 114 115 167 151 185 121
leaf_count=119 118 141 101 114 115 167 151 185 121
internal_value=0 0.0571895 -0.163555 0.013791 -0.45209 1.15777 0.183274 -0.328676 0.387983
internal_weight=0 1213 1072 971 690 281 575 457 272
internal_count=1332 1213 1072 971 690 281 575 457 272
is_linear=0
shrinkage=0.05


Tree=629
num_leaves=10
num_cat=0
split_feature=0 8 4 12 4 13 13 3 13
split_gain=151819 115692 186895 268232 261854 159047 252133 137988 104191
threshold=4.0258567523419018 0.99196591617441532 14.500000000000002 7367.3225000000011 11.500000000000002 5218.2141592261914 6589.8850959821439 0.64262643635754146 4931.5767633928581
decision_type=2 2 2 8 2 8 10 2 10
left_child=8 2 4 7 5 -2 -7 -4 -1
right_child=1 -3 3 -5 -6 6 -8 -9 -10
leaf_value=-0.073625350257402272 -0.82379097987104355 -1.2039685224201166 1.7073081520795821 2.9770333995984037 -2.1225069118505817 3.2252552560731473 0.020136456017370349 -0.75907741744099688 -1.8953589102712229
leaf_weight=182 135 102 100 159 118 102 154 131 138
leaf_count=182 135 102 100 159 118 102 154 131 138
internal_value=0 0.391853 0.572914 1.39651 -0.0581347 0.564873 1.29718 0.308622 -0.859248
internal_weight=0 1001 899 390 509 391 256 231 320
internal_count=1321 1001 899 390 509 391 256 231 320
is_linear=0
shrinkage=0.05


Tree=630
num_leaves=10
num_cat=0
split_feature=14 12 15 14 12 10 12 15 16
split_gain=180379 404809 149002 173227 136515 220873 110409 111778 90712.2
threshold=-288.15675000000005 4089.0537500000005 6.7589300596726343 499.81450000000046 3846.0587500000006 5987.3358750000016 4236.7195000000002 4.0739657299063241 0.59480114678134488
decision_type=8 10 2 10 8 2 10 2 2
left_child=1 -1 4 -4 -2 6 7 -6 -8
right_child=2 -3 3 -5 5 -7 8 -9 -10
leaf_value=-3.0485049426071047 1.2644065146093015 1.2117333138105917 2.9120833726792501 0.3743645919050323 -1.8498940614291599 -2.3717587475593276 1.541847023977871 0.37964755976495668 -0.34217489428964321
leaf_weight=123 189 102 116 160 105 104 171 121 102
leaf_count=123 189 102 116 160 105 104 171 121 102
internal_value=0 -1.1172 0.440508 1.44094 0.0918717 -0.275639 0.161227 -0.656201 0.837927
internal_weight=0 225 1068 276 792 603 499 226 273
internal_count=1293 225 1068 276 792 603 499 226 273
is_linear=0
shrinkage=0.05


Tree=631
num_leaves=11
num_cat=1
split_feature=15 15 11 13 15 12 9 15 7 4
split_gain=230413 189187 126335 195349 256790 226423 217879 204082 170320 143954
threshold=8.1716629996332983 7.1685001833516688 7670.1621250000007 4910.2443452380967 6.3368461846184632 4605.6617500000002 0 5.2119336933693381 0.42139776581807226 5.5000000000000009
decision_type=2 2 10 10 2 8 9 2 2 2
left_child=1 2 3 5 7 -1 -7 9 -8 -5
right_child=-2 -3 -4 4 -6 6 8 -9 -10 -11
leaf_value=2.8477724477356556 -1.7915091038727369 2.1255695768765039 1.5745106976527674 0.62233246503770356 -2.8756222875358968 1.8868006792664529 -2.2117210088489214 1.7062807006646048 0.53195914472142858 -1.8203109329076188
leaf_weight=102 122 154 154 100 104 110 107 113 120 152
leaf_count=102 122 154 154 100 104 110 107 113 120 152
internal_value=0 0.487807 0.250316 0.0257278 -0.683815 0.783758 0.159042 -0.0592994 -0.729194 -0.851008
internal_weight=0 1216 1062 908 469 439 337 365 227 252
internal_count=1338 1216 1062 908 469 439 337 365 227 252
cat_boundaries=0 1
cat_threshold=194
is_linear=0
shrinkage=0.05


Tree=632
num_leaves=10
num_cat=0
split_feature=4 12 15 16 5 0 0 16 12
split_gain=122477 351534 134320 122187 153865 142367 165389 258418 202767
threshold=18.500000000000004 7778.7822500000011 7.7167966796679668 0.17537170383705084 1.0000000180025095e-35 3.4967580091342474 5.8500433376671008 0.57024035736907053 5088.5527500000007
decision_type=2 8 2 2 2 2 2 2 8
left_child=2 -2 3 -1 -5 -6 7 -7 -9
right_child=1 -3 -4 4 5 6 -8 8 -10
leaf_value=1.4609497649217742 0.75583434127844296 -2.8697672829414027 1.8568853300064803 -1.6988433611489111 -1.2694971375226036 -0.27595251407474281 -1.2072453360746405 0.80221501946844898 3.8933560555428266
leaf_weight=153 156 117 136 124 127 192 101 113 100
leaf_count=153 156 117 136 124 127 192 101 113 100
internal_value=0 -0.797995 0.391253 0.172213 -0.0882582 0.227243 0.602908 1.05433 2.25345
internal_weight=0 273 1046 910 757 633 506 405 213
internal_count=1319 273 1046 910 757 633 506 405 213
is_linear=0
shrinkage=0.05


Tree=633
num_leaves=10
num_cat=0
split_feature=15 10 11 16 5 7 7 13 12
split_gain=144291 279431 257203 86067 189896 148478 282161 187206 418376
threshold=6.6260126012601264 6016.4576250000009 4726.2925000000005 0.1810139347268063 1.0000000180025095e-35 0.37017503158362491 0.049682476320794478 6463.2768534226198 8312.1225000000013
decision_type=2 2 8 2 2 2 2 10 8
left_child=3 -2 -3 -1 -5 6 -6 8 -7
right_child=1 2 -4 4 5 7 -8 -9 -10
leaf_value=0.67100191299731915 3.0197921426823506 -2.025692040195652 1.0756744800769178 -2.400748320569595 0.40288893918196361 3.0607401284663118 -2.766753579653574 -1.3318176603492571 -1.1184775938497526
leaf_weight=169 104 102 194 120 150 136 132 102 107
leaf_count=169 104 102 194 120 150 136 132 102 107
internal_value=0 0.790297 0.00696034 -0.347959 -0.578487 -0.229729 -1.08077 0.465908 1.22051
internal_weight=0 400 296 916 747 627 282 345 243
internal_count=1316 400 296 916 747 627 282 345 243
is_linear=0
shrinkage=0.05


Tree=634
num_leaves=11
num_cat=0
split_feature=15 12 4 16 7 7 5 15 10 4
split_gain=96050.9 117961 330206 265146 150219 204773 209333 305588 199222 139614
threshold=8.1716629996332983 6553.411000000001 15.500000000000002 0.60339367270060362 0.62401970584964539 0.56860483422108121 2.5000000000000004 4.6016810014334775 4122.1845000000012 16.500000000000004
decision_type=2 10 2 2 2 2 2 2 2 2
left_child=1 2 4 -4 5 6 8 -8 -1 -3
right_child=-2 9 3 -5 -6 -7 7 -9 -10 -11
leaf_value=-0.3874678058951509 -1.2045384381050455 0.24279894991354511 0.25924080310832887 3.6612712103223046 1.3043787051605273 -2.4796982897390234 -2.9885319533749164 0.52387470047490126 2.7151533369223277 -2.0957105018676967
leaf_weight=102 133 154 105 126 158 101 107 147 105 109
leaf_count=102 133 154 105 126 158 101 107 147 105 109
internal_value=0 0.21083 0.47002 2.11489 -0.0577106 -0.440647 0.00608687 -0.955761 1.18633 -0.726393
internal_weight=0 1214 951 231 720 562 461 254 207 263
internal_count=1347 1214 951 231 720 562 461 254 207 263
is_linear=0
shrinkage=0.05


Tree=635
num_leaves=10
num_cat=0
split_feature=10 11 12 3 8 7 3 0 14
split_gain=232861 110511 161665 224059 313734 379492 306212 231215 67847.2
threshold=2556.1753750000007 2548.7687500000006 3379.0362500000006 0.66795208896578384 0.8223668700195812 0.66327044380634337 0.70789142160441121 4.7565631563156332 284.47750000000002
decision_type=2 8 8 2 2 2 2 2 10
left_child=-1 -2 8 4 5 -4 -5 -6 -3
right_child=1 2 3 6 7 -7 -8 -9 -10
leaf_value=1.880507144842184 1.3190468173916059 -2.454891730582013 -2.1253175547975576 -3.0873819060492935 0.40951900961724191 1.6775372736412906 0.16254922629675675 3.602536196382637 -0.6646671014482326
leaf_weight=165 118 102 151 114 110 116 199 117 110
leaf_count=165 118 102 151 114 110 116 199 117 110
internal_value=0 -0.12952 -0.297263 0.0255278 0.688695 -0.473141 -1.02113 2.05526 -1.526
internal_weight=0 1137 1019 807 494 267 313 227 212
internal_count=1302 1137 1019 807 494 267 313 227 212
is_linear=0
shrinkage=0.05


Tree=636
num_leaves=11
num_cat=0
split_feature=4 8 14 0 11 13 11 14 13 12
split_gain=135672 292562 252284 487628 363697 218625 298451 201787 174503 169895
threshold=5.5000000000000009 0.75581874729999154 49.79500000000008 4.8769335266860034 4023.7812500000005 5850.6047738095249 6455.7137500000008 215.29899999999955 6890.220126488096 5824.2361250000004
decision_type=2 2 10 2 10 10 10 10 10 8
left_child=1 -1 3 -2 -5 6 9 -3 -7 -4
right_child=2 7 5 4 -6 8 -8 -9 -10 -11
leaf_value=-1.2162587745415587 0.39804945380868095 3.4414825586711659 1.8956724487908998 -5.155649984557674 -0.9627810558470169 2.3765942208814308 -2.8082080220957417 0.3403894379734993 -0.18976833306379237 -0.93233636489271055
leaf_weight=124 190 102 101 106 101 151 109 108 118 112
leaf_count=124 190 102 101 106 101 151 109 108 118 112
internal_value=0 0.709513 -0.456165 -1.43101 -3.10985 0.19868 -0.68029 1.84663 1.25083 0.408644
internal_weight=0 334 988 397 207 591 322 210 269 213
internal_count=1322 334 988 397 207 591 322 210 269 213
is_linear=0
shrinkage=0.05


Tree=637
num_leaves=10
num_cat=0
split_feature=11 10 11 13 0 3 13 15 13
split_gain=176910 130759 237643 172123 158145 230334 246781 376170 192899
threshold=2153.2641250000006 3882.9592500000003 6274.1281250000002 4931.5767633928581 4.7868078474514126 0.5289835199166607 4910.2443452380967 6.9803772043871062 6759.6497321428587
decision_type=8 2 8 10 2 2 8 2 8
left_child=-1 2 3 -2 -3 -6 -7 -8 -9
right_child=1 4 -4 -5 5 6 7 8 -10
leaf_value=1.9750143140554428 0.92495330328526715 -1.8325515408679924 2.1740999835057999 -1.8289207001881942 1.9426899706417662 1.2994328549665999 -2.8367275142669679 -1.1692459318597439 1.8075901279355042
leaf_weight=100 115 189 142 112 106 129 190 118 101
leaf_count=100 115 189 142 112 106 129 190 118 101
internal_value=0 -0.213752 0.569791 -0.433786 -0.560844 -0.187625 -0.607353 -1.20876 0.203633
internal_weight=0 1202 369 227 833 644 538 409 219
internal_count=1302 1202 369 227 833 644 538 409 219
is_linear=0
shrinkage=0.05


Tree=638
num_leaves=10
num_cat=0
split_feature=10 10 11 7 5 4 11 14 0
split_gain=137927 293064 224558 268599 119912 149729 197643 220047 128270
threshold=2013.4711250000003 2898.5950000000007 7711.1350000000011 0.56860483422108121 1.0000000180025095e-35 4.5000000000000009 5553.8325000000004 -105.46974999999973 5.3728206153948737
decision_type=2 2 8 2 2 2 10 10 2
left_child=-1 -2 4 -4 -3 -6 7 -7 -9
right_child=1 2 3 -5 5 6 -8 8 -10
leaf_value=1.5948023908346602 -2.6553628344244018 -1.979201881336955 2.4447614767824315 -0.8055535341929464 1.1809574699941898 -1.4639498359536471 -2.0198878817786188 -0.20587964553699317 2.2044902184030466
leaf_weight=103 120 113 166 103 149 146 170 107 114
leaf_count=103 120 113 166 103 149 146 170 107 114
internal_value=0 -0.312548 -0.0493105 1.20022 -0.46999 -0.221388 -0.610493 0.0423599 1.03748
internal_weight=0 1188 1068 269 799 686 537 367 221
internal_count=1291 1188 1068 269 799 686 537 367 221
is_linear=0
shrinkage=0.05


Tree=639
num_leaves=10
num_cat=0
split_feature=11 8 13 12 3 16 14 12 7
split_gain=129405 229632 289933 210963 249586 215427 161755 305365 35482
threshold=3498.4912500000005 0.92786569043675426 5104.3257462797619 8312.1225000000013 0.687724846375529 0.46966363302997022 -502.71449999999999 5323.2556250000007 0.61418357898997533
decision_type=10 2 10 8 2 2 10 8 2
left_child=6 3 -3 4 5 8 -1 -8 -2
right_child=1 2 -4 -5 -6 -7 7 -9 -10
leaf_value=-1.9582384567460243 -0.89637761693820373 2.9528810629542446 -0.18430061433829514 -2.45017339610586 -1.6212378058824446 2.3460940086501925 1.4564281506897654 -2.0597556725840707 0.42584149924296782
leaf_weight=191 100 142 153 102 154 136 146 107 103
leaf_count=191 100 142 153 102 154 136 146 107 103
internal_value=0 0.185186 1.3258 -0.380329 0.047915 0.806173 -0.859862 -0.0306535 -0.225498
internal_weight=0 890 295 595 493 339 444 253 203
internal_count=1334 890 295 595 493 339 444 253 203
is_linear=0
shrinkage=0.05


Tree=640
num_leaves=10
num_cat=0
split_feature=15 14 7 10 15 5 11 11 12
split_gain=126531 134858 165151 219045 177131 158434 121438 105141 183720
threshold=7.7949586625329204 2028.5828750000007 0.62401970584964539 3020.5996250000003 5.2380279694636149 3.5000000000000004 5338.6625000000013 3846.0587500000006 4089.0537500000005
decision_type=2 8 2 2 2 2 10 10 10
left_child=1 2 3 -1 5 -5 -4 -6 -9
right_child=-2 -3 6 4 7 -7 -8 8 -10
leaf_value=1.0281226979764668 1.3076623565164107 1.2309690764221628 -0.24730863795343755 -0.9592584929325515 0.85521377661289311 -3.4191997629128554 2.1324235427613352 -2.3915338813265166 0.25328517338325235
leaf_weight=152 174 156 113 144 117 120 102 120 145
leaf_count=152 174 156 113 144 117 120 102 120 145
internal_value=0 -0.137526 -0.348271 -0.679649 -1.08148 -2.07741 0.881681 -0.393188 -0.944369
internal_weight=0 1169 1013 798 646 264 215 382 265
internal_count=1343 1169 1013 798 646 264 215 382 265
is_linear=0
shrinkage=0.05


Tree=641
num_leaves=10
num_cat=0
split_feature=10 15 7 7 16 13 8 12 15
split_gain=238199 210646 197245 233018 115108 160889 297701 175788 128426
threshold=6655.4568750000008 6.7286645331199795 0.5242776901140308 0.60104666591302036 0.66655415541554153 5071.9340029761916 0.89904989273677571 4726.2925000000005 4.5150640064006407
decision_type=2 2 2 2 2 10 2 10 2
left_child=1 4 -2 -4 5 6 -1 -7 -6
right_child=2 -3 3 -5 8 7 -8 -9 -10
leaf_value=1.2517877946477949 -2.7047839620150627 2.3015230309819024 1.5680892910957338 -1.5967817572166594 -2.024435664478101 0.035658808315501493 -1.8367946976745451 2.8698872118178063 0.15780870668815844
leaf_weight=165 128 124 100 139 114 102 148 118 165
leaf_count=165 128 124 100 139 114 102 148 118 165
internal_value=0 0.382078 -1.12086 -0.272568 0.0889606 0.519668 -0.208628 1.55584 -0.733861
internal_weight=0 936 367 239 812 533 313 220 279
internal_count=1303 936 367 239 812 533 313 220 279
is_linear=0
shrinkage=0.05


Tree=642
num_leaves=10
num_cat=0
split_feature=3 3 10 11 15 13 5 15 13
split_gain=151446 184744 195925 344267 247532 169683 140160 139153 78252
threshold=0.74102123939213527 0.7146963370156213 6878.3922500000017 4804.7018750000007 6.1662791279127926 3978.4661979166672 4.5000000000000009 5.7772235556889031 6463.2768534226198
decision_type=2 2 2 10 2 10 2 2 10
left_child=1 2 4 -4 5 -1 8 -3 -7
right_child=-2 7 3 -5 -6 6 -8 -9 -10
leaf_value=-1.4876801320614705 1.7245057041397189 -2.8570550693529793 -3.1546528878268498 0.27556061473759741 2.623215705567393 1.7866506994261848 -0.99142965460286558 -0.50012708223418689 0.077716771274242757
leaf_weight=131 101 107 116 198 116 182 103 151 106
leaf_count=131 101 107 116 198 116 182 103 151 106
internal_value=0 -0.29083 0.0307976 -0.991652 0.53401 0.0697415 0.591537 -1.47761 1.15767
internal_weight=0 1210 952 314 638 522 391 258 288
internal_count=1311 1210 952 314 638 522 391 258 288
is_linear=0
shrinkage=0.05


Tree=643
num_leaves=9
num_cat=0
split_feature=14 10 12 3 13 13 14 3
split_gain=297397 184202 198937 284555 365944 239154 225442 287970
threshold=-1233.7938749999998 2750.8580000000006 7070.5512500000013 0.7146963370156213 4202.1016004464291 5076.30549107143 546.4607500000003 0.54925666096358772
decision_type=10 2 10 2 10 10 10 2
left_child=-1 -2 3 4 -3 -6 7 -7
right_child=1 2 -4 -5 5 6 -8 -9
leaf_value=1.9673390598779315 1.4029262069045314 3.1567077404260639 -1.937045551582854 -1.7947672571022499 -1.9670102555360367 -0.38060840869894125 -0.82126635466958153 3.2783763294634611
leaf_weight=178 151 100 188 197 134 101 182 115
leaf_count=178 151 100 188 197 134 101 182 115
internal_value=0 -0.226626 -0.468575 -0.135557 0.381634 -0.139996 0.475129 1.56746
internal_weight=0 1168 1017 829 632 532 398 216
internal_count=1346 1168 1017 829 632 532 398 216
is_linear=0
shrinkage=0.05


Tree=644
num_leaves=9
num_cat=0
split_feature=13 11 11 11 13 15 15 15
split_gain=166610 266182 263984 411376 170294 295562 378352 143289
threshold=4760.9137745535727 4992.4027500000011 6939.0162500000015 8377.5663750000022 6581.18222247024 7.0092592592592604 4.915483214988166 4.021377137713773
decision_type=8 8 10 10 10 2 2 2
left_child=1 -1 4 -4 5 6 7 -2
right_child=2 -3 3 -5 -6 -7 -8 -9
leaf_value=0.20277906734010448 -0.061944388354998187 -2.7528051382188616 3.5904004251515427 -0.29167661718700244 -1.4855354196180113 2.6566383681188412 -2.2166981501290293 2.1991682738607579
leaf_weight=184 193 130 135 138 189 104 165 110
leaf_count=184 193 130 135 138 189 104 165 110
internal_value=0 -1.02087 0.294173 1.62803 -0.184333 0.245609 -0.290175 0.758922
internal_weight=0 314 1034 273 761 572 468 303
internal_count=1348 314 1034 273 761 572 468 303
is_linear=0
shrinkage=0.05


Tree=645
num_leaves=10
num_cat=0
split_feature=14 13 12 12 16 8 12 16 13
split_gain=187048 104400 323467 232808 107955 214762 166717 230259 192049
threshold=-1719.8325000000002 6052.3133430059534 3692.3112500000002 5737.547375000001 1.3987773777377737 0.98279003497518691 4115.7787500000013 0.46966363302997022 4594.8602090773811
decision_type=10 10 10 10 2 2 10 2 10
left_child=-1 4 -3 -4 5 6 8 -8 -2
right_child=1 2 3 -5 -6 -7 7 -9 -10
leaf_value=-1.8765766350886761 -0.016613473548545494 2.4696331575012849 -1.9321819550837533 1.0154979169368745 -1.7126216680984798 1.8936100746284834 -1.1213227464048654 1.6774956386664819 -2.879722036781811
leaf_weight=156 111 149 132 136 127 110 149 145 124
leaf_count=156 111 149 132 136 127 110 149 145 124
internal_value=0 -0.0346075 0.602002 -0.436344 -0.381169 -0.116546 -0.534537 0.259047 -1.52736
internal_weight=0 1183 417 268 766 639 529 294 235
internal_count=1339 1183 417 268 766 639 529 294 235
is_linear=0
shrinkage=0.05


Tree=646
num_leaves=10
num_cat=0
split_feature=8 7 5 14 16 15 13 3 12
split_gain=99169.7 124955 146360 86715.9 223312 334232 284557 191857 126350
threshold=0.71549053263302986 0.62401970584964539 1.0000000180025095e-35 -245.04224999999994 0.78510767743441046 5.6720880421375472 5039.3636532738101 0.71517305858603708 4698.8862500000005
decision_type=2 2 2 8 2 2 10 2 10
left_child=-1 2 -2 -4 5 6 -5 8 -6
right_child=1 -3 3 4 7 -7 -8 -9 -10
leaf_value=-0.90879356806305633 -1.4683186627987053 1.7775626608793684 1.5038230597167404 -1.0725173043558396 3.3447165113687518 -2.8249360761722597 2.0313993772169705 -0.51162834070824292 0.88904119545763194
leaf_weight=174 119 139 148 166 100 119 133 111 110
leaf_count=174 119 139 148 166 100 119 133 111 110
internal_value=0 0.37237 0.178213 0.399112 0.17787 -0.583802 0.308155 1.16971 2.05841
internal_weight=0 1145 1006 887 739 418 299 321 210
internal_count=1319 1145 1006 887 739 418 299 321 210
is_linear=0
shrinkage=0.05


Tree=647
num_leaves=10
num_cat=0
split_feature=13 0 10 15 13 0 16 3 8
split_gain=244843 221624 173920 160884 306619 137846 177770 169906 154203
threshold=3808.4850163690476 4.3914641464146422 2750.8580000000006 4.6880979764643138 5503.4587425595246 6.1070940427376081 1.1187452078541187 0.68617063110629728 0.85164732870288484
decision_type=10 2 2 2 10 2 2 2 2
left_child=1 -1 -2 4 -4 6 8 -7 -5
right_child=2 -3 3 5 -6 7 -8 -9 -10
leaf_value=-0.11783369094133378 2.0136891828578651 -3.3844502640819112 0.27259484692148761 1.2389628323316575 -3.2812457222280638 0.64974420054091353 2.3231649712064213 -1.7283337769235017 -1.0557900332070731
leaf_weight=100 103 108 142 150 106 144 133 157 143
leaf_count=100 103 108 142 150 106 144 133 157 143
internal_value=0 -1.81396 0.0597111 -0.146709 -1.24639 0.228421 0.807154 -0.590649 0.118998
internal_weight=0 208 1078 975 248 727 426 301 293
internal_count=1286 208 1078 975 248 727 426 301 293
is_linear=0
shrinkage=0.05


Tree=648
num_leaves=11
num_cat=0
split_feature=11 8 13 11 11 7 11 12 13 10
split_gain=193524 242435 237182 239573 353027 207427 178424 182912 173063 164634
threshold=1947.6683750000004 0.97773030211340539 5039.3636532738101 6939.0162500000015 8673.5856250000015 0.46086846476585114 3846.0587500000006 5737.547375000001 4952.0647619047631 4180.3218750000005
decision_type=10 2 10 10 10 2 10 10 10 2
left_child=5 2 9 6 -5 -1 -4 -8 -3 -2
right_child=1 8 3 4 -6 -7 7 -9 -10 -11
leaf_value=-2.9672242634436667 0.077348472703627102 3.3512493126392364 1.536740537042971 4.0105566394329077 -0.18038321762981982 0.088024112924200593 -1.9563585994083708 0.5287101431687673 0.42407959173707399 -2.4418274718854165
leaf_weight=102 118 100 108 100 101 122 164 135 102 144
leaf_count=102 118 100 108 100 101 122 164 135 102 144
internal_value=0 0.312708 -0.0496069 0.492332 1.90466 -1.30321 -0.205157 -0.834338 1.87317 -1.30724
internal_weight=0 1072 870 608 201 224 407 299 202 262
internal_count=1296 1072 870 608 201 224 407 299 202 262
is_linear=0
shrinkage=0.05


Tree=649
num_leaves=9
num_cat=0
split_feature=14 3 16 16 3 12 0 8
split_gain=313440 157433 128646 113296 398270 196499 98188.5 145179
threshold=-1719.8325000000002 0.48906938420757795 1.5277986131946519 0.87178717871787159 0.7032609760001588 9419.6427500000009 5.7796446311297798 0.83353278333831826
decision_type=10 2 2 2 2 8 2 2
left_child=-1 -2 3 5 -5 6 7 -3
right_child=1 2 -4 4 -6 -7 -8 -9
leaf_value=-2.2017487289889757 -1.3829019845463337 2.2513962056901717 -0.95123823423908194 3.6852568312216611 -0.18623129050982626 -1.7158398638072523 -0.30432615679812569 0.21896387040227033
leaf_weight=151 136 162 146 118 152 103 173 192
leaf_count=151 136 162 146 118 152 103 173 192
internal_value=0 0.217415 0.425487 0.648823 1.50575 0.281567 0.671952 1.14906
internal_weight=0 1182 1046 900 270 630 527 354
internal_count=1333 1182 1046 900 270 630 527 354
is_linear=0
shrinkage=0.05


Tree=650
num_leaves=11
num_cat=0
split_feature=12 13 11 11 8 8 14 14 8 5
split_gain=122426 183773 236916 327867 301988 313689 168790 297783 119902 63872.6
threshold=2548.7687500000006 5108.068815476191 7393.6912500000008 6149.4768750000012 0.78590770188538361 0.92645437384249874 -155.75637499999945 346.18474999999995 0.85602498273017258 3.5000000000000004
decision_type=8 8 10 10 2 2 10 10 2 2
left_child=-1 6 3 4 -3 8 -2 -8 -6 -9
right_child=1 2 -4 -5 5 -7 7 9 -10 -11
leaf_value=1.2183554177698883 -1.1505822014904792 -3.2160557620160213 -2.5601060637138175 2.1745608991789589 -0.22852623941320363 -2.5601003149151804 2.9650056857645999 -0.9879232255794177 2.0295111894607545 0.75211933771005046
leaf_weight=138 124 111 159 103 132 100 123 107 106 104
leaf_count=138 124 111 159 103 132 100 123 107 106 104
internal_value=0 -0.356348 -0.859503 -0.369655 -0.953295 -0.210199 0.424751 1.00961 0.777154 -0.130272
internal_weight=0 1169 711 552 449 338 458 334 238 211
internal_count=1307 1169 711 552 449 338 458 334 238 211
is_linear=0
shrinkage=0.05


Tree=651
num_leaves=10
num_cat=0
split_feature=14 5 10 12 10 11 12 15 3
split_gain=151583 180960 137110 151546 197869 208137 202046 130574 104330
threshold=-868.66987499999993 3.5000000000000004 8277.3393750000014 6801.9046250000001 6295.386625000001 4023.7812500000005 5352.1175000000012 4.4545537887122046 0.64262643635754146
decision_type=10 2 2 10 2 10 8 2 2
left_child=1 -1 3 4 5 7 -7 -2 -6
right_child=2 -3 -4 -5 8 6 -8 -9 -10
leaf_value=2.4372741527981678 -0.35770964747981027 -0.37511840280111847 -1.9741289595417353 -1.4789841435211046 2.1833227776658948 -2.1984265947828487 0.34373836755752563 2.0922381098453817 0.090184304265692683
leaf_weight=118 114 111 115 175 145 196 130 104 101
leaf_count=118 114 111 115 175 145 196 130 104 101
internal_value=0 1.07406 -0.342174 -0.147693 0.147213 -0.384911 -1.18468 0.811073 1.32394
internal_weight=0 229 1080 965 790 544 326 218 246
internal_count=1309 229 1080 965 790 544 326 218 246
is_linear=0
shrinkage=0.05


Tree=652
num_leaves=12
num_cat=0
split_feature=14 14 0 0 0 10 13 12 7 11 14
split_gain=182093 190331 209201 167388 128301 133331 253471 236060 120811 104332 83095.9
threshold=-1719.8325000000002 -720.7254999999999 6.4289428942894293 5.6339258925892599 5.2940127346067953 3687.0222500000004 5047.1090840773822 3282.6075000000005 0.4695937795261384 6007.3450000000003 546.4607500000003
decision_type=10 10 2 2 2 2 10 10 2 10 10
left_child=-1 -2 3 4 5 6 -3 -7 -5 -9 -4
right_child=1 2 10 8 -6 7 -8 9 -10 -11 -12
leaf_value=-1.5332113238359919 2.3977737578451634 -0.64303667391096797 2.5808757960501283 -2.6283404367837715 1.727604124329307 1.1136068874192471 2.6010880862291046 -0.70309098171956341 -0.21111720240116122 -2.9646824314452633 0.55266043912656238
leaf_weight=151 100 143 101 107 110 103 104 103 100 101 101
leaf_count=151 100 143 101 107 110 103 104 103 100 101 101
internal_value=0 0.31148 0.117044 -0.219172 0.16784 -0.141861 0.722911 -0.837621 -1.4606 -1.8228 1.56677
internal_weight=0 1173 1073 871 664 554 247 307 207 204 202
internal_count=1324 1173 1073 871 664 554 247 307 207 204 202
is_linear=0
shrinkage=0.05


Tree=653
num_leaves=11
num_cat=0
split_feature=13 10 13 11 7 3 14 5 12 3
split_gain=115651 222887 239843 88387.7 127376 117253 106662 226622 188833 76060.9
threshold=7384.4301934523819 7530.4365000000007 5960.3719270833344 3498.4912500000005 0.58258703235899267 0.70826411557726321 448.07687500000026 4.5000000000000009 6055.8247500000007 0.51121239038030974
decision_type=10 2 10 8 2 2 10 2 8 2
left_child=1 3 -3 5 6 -1 7 -5 -8 -6
right_child=-2 2 -4 4 9 -7 8 -9 -10 -11
leaf_value=-2.1656400514305183 -1.5647294064559558 -0.10895682024483633 3.2440941982564677 0.16298460633621603 0.22651208286146518 0.1698916591563315 -0.54470876851364192 -2.6077976768804811 2.1652797817026528 2.1388696644987379
leaf_weight=109 101 101 113 197 103 106 171 118 103 105
leaf_count=109 101 101 113 197 103 106 171 118 103 105
internal_value=0 0.195522 1.66158 -0.114494 0.128204 -1.01417 -0.247425 -0.874959 0.47401 1.19188
internal_weight=0 1226 214 1012 797 215 589 315 274 208
internal_count=1327 1226 214 1012 797 215 589 315 274 208
is_linear=0
shrinkage=0.05


Tree=654
num_leaves=11
num_cat=0
split_feature=13 1 15 1 13 11 10 10 14 3
split_gain=112648 265749 229445 215391 156205 247772 204924 196422 133493 240891
threshold=7384.4301934523819 44.493740844516218 7.1003892055872262 23.264753608525563 4666.4050074404777 6096.9351250000009 5410.621000000001 4364.6698750000005 426.55725000000035 0.70593708696177693
decision_type=8 2 2 2 10 10 2 2 10 2
left_child=1 2 4 -2 7 8 -7 -1 9 -6
right_child=3 -3 -4 -5 5 6 -8 -9 -10 -11
leaf_value=-0.42847998371081691 0.20080855278105569 1.9281863424607686 -2.4889730352779917 -2.8527895188331609 -3.273911036155662 2.4689741530418399 -0.66522616497967224 2.5743535737665195 0.07157321546831702 -0.1205518680868797
leaf_weight=112 116 140 116 115 147 100 109 106 117 103
leaf_count=112 116 140 116 115 147 100 109 106 117 103
internal_value=0 -0.0998124 -0.411812 -1.31938 -0.108348 -0.539792 0.834391 1.03161 -1.32236 -1.97473
internal_weight=0 1050 910 231 794 576 209 218 367 250
internal_count=1281 1050 910 231 794 576 209 218 367 250
is_linear=0
shrinkage=0.05


Tree=655
num_leaves=11
num_cat=0
split_feature=11 14 12 5 15 14 13 14 13 11
split_gain=184085 184592 364204 195925 182993 339274 160648 143413 109812 89790.9
threshold=4875.6825000000008 -469.30712500000021 5352.1175000000012 3.5000000000000004 4.4104660466046619 -571.06599999999969 5946.3511607142864 701.22074999999961 6029.7177083333345 7811.7663750000002
decision_type=8 10 10 2 2 10 8 10 10 10
left_child=1 -1 3 -3 6 -6 -2 8 -7 -9
right_child=4 2 -4 -5 5 7 -8 9 -10 -11
leaf_value=-2.4922622529236049 0.6256236787817695 -0.27126780023279878 -2.7598786764931909 2.3779784287881411 3.4634037411638667 -1.5377390139301619 -2.1020016520653129 0.19444932714800969 0.65991328888469281 2.1570109361317011
leaf_weight=111 110 194 103 109 112 120 106 107 108 128
leaf_count=111 110 194 103 109 112 120 106 107 108 128
internal_value=0 -0.685367 -0.191364 0.681761 0.52788 0.993994 -0.712933 0.396642 -0.496746 1.26342
internal_weight=0 517 406 303 791 575 216 463 228 235
internal_count=1308 517 406 303 791 575 216 463 228 235
is_linear=0
shrinkage=0.05


Tree=656
num_leaves=11
num_cat=0
split_feature=15 0 13 14 11 15 11 5 13 15
split_gain=257766 143203 273475 117587 234514 232595 179203 183055 115051 113490
threshold=8.1716629996332983 2.9911032769943664 7020.3951063988106 737.58000000000004 6629.5200000000013 7.0092592592592604 4224.8462500000014 4.5000000000000009 4931.5767633928581 5.2119336933693381
decision_type=2 2 8 8 8 2 10 2 10 2
left_child=1 -1 3 5 -5 6 8 -8 -3 -4
right_child=-2 2 9 4 -6 -7 7 -9 -10 -11
leaf_value=-1.5831629134462042 -2.3150508902311326 -0.16490751390702257 2.9069711464538912 0.4325160661987637 -2.804289910990164 2.2917281448294267 -0.35505158728120301 2.2275335050764542 -2.4575511726151622 0.6709826334387855
leaf_weight=118 125 107 114 115 109 109 198 105 112 113
leaf_count=118 125 107 114 115 109 109 198 105 112 113
internal_value=0 0.0708105 0.251188 -0.158398 -1.14254 0.190964 -0.247701 0.539904 -1.3374 1.7939
internal_weight=0 1200 1082 855 224 631 522 303 219 227
internal_count=1325 1200 1082 855 224 631 522 303 219 227
is_linear=0
shrinkage=0.05


Tree=657
num_leaves=9
num_cat=0
split_feature=7 14 10 10 0 12 8 10
split_gain=95527.2 165821 224829 224372 225722 157959 148105 189805
threshold=0.55573735200576946 -322.82487499999996 6940.2165000000014 5792.9618750000009 4.8388922225555904 8026.7225000000008 0.79944320349352493 5829.0020000000013
decision_type=2 8 2 2 2 8 2 2
left_child=1 -1 3 4 5 -3 7 -2
right_child=6 2 -4 -5 -6 -7 -8 -9
leaf_value=1.3738388434695683 1.2830054955449941 -0.64808360865019798 -2.5607236172245669 1.9235420275171962 -1.9629165842328022 1.6333606612391589 2.1271214050706475 -1.0840423180840233
leaf_weight=139 174 198 113 109 186 123 128 165
leaf_count=139 174 198 113 109 186 123 128 165
internal_value=0 -0.208815 -0.510583 -0.134503 -0.576962 0.226115 0.678046 0.130903
internal_weight=0 868 729 616 507 321 467 339
internal_count=1335 868 729 616 507 321 467 339
is_linear=0
shrinkage=0.05


Tree=658
num_leaves=10
num_cat=0
split_feature=10 14 14 15 13 14 13 8 13
split_gain=189022 183381 182701 139208 154999 138358 208356 128461 169180
threshold=5410.621000000001 -898.29912499999989 -147.03600000000048 8.1716629996332983 4760.9137745535727 26.902249999999643 6348.9505342261918 0.96895159827481836 5124.4507886904767
decision_type=2 10 10 2 10 10 10 2 10
left_child=1 -1 -3 4 -2 -6 -7 8 -4
right_child=3 2 7 -5 5 6 -8 -9 -10
leaf_value=1.9325292481783709 -1.9513023148148747 -1.8639459177851678 1.0590760645767054 -2.2494364085500358 1.4707667265351363 -2.3303714309334755 0.58967321777040038 1.7331294516142268 -1.4000082177274367
leaf_weight=163 118 104 144 122 127 100 157 137 136
leaf_count=163 118 104 144 122 127 100 157 137 136
internal_value=0 0.468854 0.0109294 -0.734545 -0.366384 0.120648 -0.546531 0.478524 -0.135336
internal_weight=0 684 521 624 502 384 257 417 280
internal_count=1308 684 521 624 502 384 257 417 280
is_linear=0
shrinkage=0.05


Tree=659
num_leaves=11
num_cat=0
split_feature=1 8 13 4 1 10 1 5 14 7
split_gain=143027 239608 290724 176315 154409 172427 261963 114163 86327.7 67372.4
threshold=42.60437945297182 0.99196591617441532 7031.7957492559535 10.500000000000002 36.656280095463224 4612.8626250000007 23.650180311366032 3.5000000000000004 288.2758750000001 0.5501468614396513
decision_type=2 2 8 2 2 2 2 2 10 2
left_child=1 2 4 -4 5 8 -7 -8 -1 -2
right_child=9 -3 3 -5 -6 6 7 -9 -10 -11
leaf_value=-0.20005246011796826 -0.26250568222999576 -1.6707303393890875 0.6733957408712461 3.5512895017042072 1.8305754443577358 -3.17816290127486 -1.179834980231065 1.0799720250557516 1.4440016375647653 -2.0635771983820534
leaf_weight=167 100 144 104 109 105 100 117 107 153 108
leaf_count=167 100 144 104 109 105 100 117 107 153 108
internal_value=0 0.23144 0.516172 2.14612 0.0526488 -0.237231 -1.05031 -0.100374 0.586011 -1.19768
internal_weight=0 1106 962 213 749 644 324 224 320 208
internal_count=1314 1106 962 213 749 644 324 224 320 208
is_linear=0
shrinkage=0.05


Tree=660
num_leaves=10
num_cat=0
split_feature=15 8 15 13 3 12 12 8 15
split_gain=244127 203585 200300 405503 159525 160585 145249 314062 129757
threshold=8.4814356435643585 0.99196591617441532 6.5982514918158488 5560.4712291666674 0.54408441855635126 4645.4502500000008 4798.2103750000006 0.8223668700195812 5.1167866786678671
decision_type=2 2 2 10 2 8 8 2 2
left_child=1 2 4 -4 6 -6 -1 -8 -7
right_child=-2 -3 3 -5 5 8 7 -9 -10
leaf_value=-0.37209257935655526 -2.1717287055651346 -1.4047719539022772 4.1678350120220546 0.20453483075806589 0.76144494013069508 -0.34101271552814022 0.03210559607556103 3.5613854159650056 -2.6455736153400862
leaf_weight=145 105 147 106 165 153 148 141 114 104
leaf_count=145 105 147 106 165 153 148 141 114 104
internal_value=0 0.340556 0.578998 1.75476 0.183184 -0.516317 0.891429 1.6099 -1.2921
internal_weight=0 1223 1076 271 805 405 400 255 252
internal_count=1328 1223 1076 271 805 405 400 255 252
is_linear=0
shrinkage=0.05


Tree=661
num_leaves=9
num_cat=0
split_feature=12 13 12 0 3 12 11 11
split_gain=123350 122009 264045 189135 155936 239664 195034 196439
threshold=7920.0148750000008 4910.2443452380967 2650.2000000000003 3.8116311631163122 0.50918737280841453 2816.6125000000006 6218.9250000000002 3870.4553750000005
decision_type=10 8 10 2 2 8 10 8
left_child=1 2 -1 -3 -5 -6 7 -7
right_child=-2 3 -4 4 5 6 -8 -9
leaf_value=-0.5487256963889362 1.5367380809590774 -2.0412155459324519 2.1440315767596752 1.5568301321998721 1.7616371549092809 0.096088188473540961 0.47216856728900569 -2.6378795020282269
leaf_weight=196 135 144 170 124 104 101 165 188
leaf_count=196 135 144 170 124 104 101 165 188
internal_value=0 -0.057929 0.702009 -0.394657 -0.0469962 -0.403402 -0.899358 -1.68241
internal_weight=0 1192 366 826 682 558 454 289
internal_count=1327 1192 366 826 682 558 454 289
is_linear=0
shrinkage=0.05


Tree=662
num_leaves=11
num_cat=0
split_feature=12 3 8 15 11 15 5 0 13 5
split_gain=248494 284571 196683 178228 166259 224245 205118 170908 84899.3 127163
threshold=1293.6387500000003 0.48906938420757795 0.80462826933156106 4.7259684301763514 3294.7815000000005 6.2981548154815501 3.5000000000000004 4.5831583158315832 6769.4835550595253 3.5000000000000004
decision_type=10 2 2 2 10 2 2 2 10 2
left_child=2 -2 -1 -4 -3 6 7 -6 9 -7
right_child=1 4 3 -5 5 8 -8 -9 -10 -11
leaf_value=-2.9940264552831652 -1.8985393363132812 2.1613049904037926 1.2143794407844544 -1.7708192994594574 -1.1600818056040085 0.18504149296827485 2.6725635498380051 1.6995670579160962 0.58361105993390083 -2.1375539061475974
leaf_weight=100 114 170 100 100 104 114 156 105 128 122
leaf_count=100 114 170 100 100 104 114 156 105 128 122
internal_value=0 0.454817 -1.18349 -0.27822 0.75324 0.424885 1.30062 0.276584 -0.453254 -1.01562
internal_weight=0 1013 300 200 899 729 365 209 364 236
internal_count=1313 1013 300 200 899 729 365 209 364 236
is_linear=0
shrinkage=0.05


Tree=663
num_leaves=10
num_cat=0
split_feature=14 10 14 4 15 0 13 10 10
split_gain=133109 169322 126514 169569 183643 276813 131070 146122 87900.3
threshold=964.03387500000019 5609.1810000000014 -851.14649999999926 18.500000000000004 7.1685001833516688 5.176363469680302 5332.7113891369054 3324.9048750000006 2898.5950000000007
decision_type=10 2 8 2 2 2 8 2 2
left_child=2 -2 -1 4 5 6 8 -8 -4
right_child=1 -3 3 -5 -6 -7 7 -9 -10
leaf_value=1.621674783706665 -0.17685787132589006 2.4101808261429825 0.094069702495442775 -1.6184462997594169 1.8126207453998058 -1.9332578904103508 0.98052416241497076 -1.4151005981794371 2.0474468085970452
leaf_weight=100 119 135 101 183 127 181 109 153 134
leaf_count=100 119 135 101 183 127 181 109 153 134
internal_value=0 1.19814 -0.0730693 -0.244602 0.0677128 -0.259136 0.350555 -0.418448 1.20791
internal_weight=0 254 1088 988 805 678 497 262 235
internal_count=1342 254 1088 988 805 678 497 262 235
is_linear=0
shrinkage=0.05


Tree=664
num_leaves=10
num_cat=0
split_feature=10 14 13 10 11 16 11 13 16
split_gain=168566 341552 175785 259829 250591 347780 128473 166823 130332
threshold=5410.621000000001 -898.29912499999989 6965.8672224702395 6295.386625000001 4224.8462500000014 0.67858452511917877 5952.9287500000009 5108.068815476191 0.3764209754308761
decision_type=2 10 10 2 8 2 10 10 2
left_child=1 -1 3 -2 -5 -6 7 8 -3
right_child=2 6 -4 4 5 -7 -8 -9 -10
leaf_value=2.42315882683266 -2.1125800136890676 1.4378992830216886 -2.495976060937191 -1.5227227981601443 -0.58926482002372327 3.290902276491297 0.96272586869471 -2.1873998630703904 -0.87736285078910103
leaf_weight=160 144 100 116 112 115 116 165 127 155
leaf_count=160 144 100 116 112 115 116 165 127 155
internal_value=0 0.391166 -0.746784 -0.330138 0.418176 1.35922 -0.203202 -0.706809 0.0305831
internal_weight=0 707 603 487 343 231 547 382 255
internal_count=1310 707 603 487 343 231 547 382 255
is_linear=0
shrinkage=0.05


Tree=665
num_leaves=11
num_cat=0
split_feature=8 11 7 8 5 4 16 14 13 5
split_gain=121432 267659 299951 345936 324209 283335 232390 186449 339575 128002
threshold=0.68168467735427696 3498.4912500000005 0.64427239800285052 0.83741510066076874 3.5000000000000004 15.500000000000002 0.55799329932993291 335.57862500000061 5746.8981250000006 3.5000000000000004
decision_type=2 8 2 2 2 2 2 8 10 2
left_child=-1 6 3 9 7 -6 -2 -5 -9 -3
right_child=1 2 -4 4 5 -7 -8 8 -10 -11
leaf_value=-1.5224763153204277 0.39683801901024002 -0.40604007367659878 2.8502677238706884 1.3988035513975912 0.69902241471546156 4.0623692690201523 -2.5887832523553405 -3.1279290665492971 0.86526994659787138 -2.8642228746877136
leaf_weight=134 113 109 116 107 153 106 154 108 105 103
leaf_count=134 113 109 116 107 153 106 154 108 105 103
internal_value=0 0.0662678 0.475886 0.127683 0.760398 2.07553 -1.32521 -0.304034 -1.15945 -1.60035
internal_weight=0 1174 907 791 579 259 267 320 213 212
internal_count=1308 1174 907 791 579 259 267 320 213 212
is_linear=0
shrinkage=0.05


Tree=666
num_leaves=11
num_cat=0
split_feature=13 13 12 11 11 12 10 1 5 13
split_gain=221895 120368 208822 167682 265381 421149 169504 242082 42301 41332.5
threshold=7940.8189732142873 4910.2443452380967 2650.2000000000003 6149.4768750000012 8481.3856250000008 5737.547375000001 7684.2328750000006 29.511620825159941 2.5000000000000004 3942.3561443452386
decision_type=8 10 10 10 10 10 2 2 2 10
left_child=1 2 9 6 5 -5 7 8 -3 -1
right_child=-2 3 -4 4 -6 -7 -8 -9 -10 -11
leaf_value=0.21330608468429718 1.8841761623395652 -0.78966302680435474 1.7989575783411664 -0.96396820092201241 -1.4985552857903874 3.4295099665721263 -2.8614331215912223 1.5181970508972018 -2.1062552147677969 -1.21720536839962
leaf_weight=102 164 134 195 100 119 120 102 101 112 100
leaf_count=102 164 134 195 100 119 120 102 101 112 100
internal_value=0 -0.0781384 0.631822 -0.435822 0.403588 1.43247 -1.06959 -0.542875 -1.38909 -0.494868
internal_weight=0 1185 397 788 339 220 449 347 246 202
internal_count=1349 1185 397 788 339 220 449 347 246 202
is_linear=0
shrinkage=0.05


Tree=667
num_leaves=9
num_cat=0
split_feature=0 16 10 12 11 0 12 0
split_gain=146282 205200 202855 235314 177978 131544 292250 121721
threshold=6.6965988265493221 1.3287912124545798 3832.7250000000008 6686.0662500000008 4786.8385000000007 6.0680193019301933 4745.1537500000013 5.2075582558255826
decision_type=2 2 2 10 8 2 10 2
left_child=1 2 4 5 -1 6 7 -4
right_child=-2 -3 3 -5 -6 -7 -8 -9
leaf_value=-0.0016352112886720692 1.4962488798158509 -1.7037058611562153 -0.26502970818317301 -2.4382888149918975 2.2318735702115982 1.6070441775617348 1.8470446256654605 -2.3288523974872772
leaf_weight=174 168 167 165 111 183 113 112 126
leaf_count=174 168 167 165 111 183 113 112 126
internal_value=0 -0.0831633 0.191868 -0.349841 1.14327 0.099418 -0.323316 -1.15864
internal_weight=0 1151 984 627 357 516 403 291
internal_count=1319 1151 984 627 357 516 403 291
is_linear=0
shrinkage=0.05


Tree=668
num_leaves=10
num_cat=0
split_feature=8 15 3 12 16 3 16 1 7
split_gain=139951 269821 197667 174895 225783 289974 102847 169059 89591.2
threshold=0.9313381437260061 6.5982514918158488 0.61283695905605051 3465.9887500000009 0.90891589158915875 0.63507953669153261 0.51445561222788982 34.223011930294838 0.63865141682987947
decision_type=2 2 2 10 2 2 2 2 2
left_child=3 2 -2 4 5 -1 8 -8 -5
right_child=1 -3 -4 6 -6 -7 7 -9 -10
leaf_value=-1.7558094714440449 1.2886330168355595 2.7335053933991329 -1.2740801457730788 -1.4631774185385025 -3.17854346441186 1.5949330525233014 2.1968719924107574 -0.39987367961141801 0.45351599863281955
leaf_weight=179 132 108 175 140 115 101 117 135 108
leaf_count=179 132 108 175 140 115 101 117 135 108
internal_value=0 0.583986 -0.172197 -0.526869 -1.31325 -0.547149 0.0943719 0.805758 -0.628488
internal_weight=0 415 307 895 395 280 500 252 248
internal_count=1310 415 307 895 395 280 500 252 248
is_linear=0
shrinkage=0.05


Tree=669
num_leaves=10
num_cat=1
split_feature=14 9 8 4 7 11 14 11 10
split_gain=93182.1 127430 161468 128754 168358 127490 266817 211426 156103
threshold=2028.5828750000007 0 0.98637069461207649 2.5000000000000004 0.65219476551774391 5504.8525000000009 834.88099999999952 4224.8462500000014 6596.6015000000007
decision_type=8 9 2 2 2 10 10 10 2
left_child=1 -1 3 -3 5 7 -7 8 -5
right_child=-2 2 -4 4 -6 6 -8 -9 -10
leaf_value=-1.5002141203137411 1.1895644560757421 -1.5969387127131951 1.9962155563160053 0.63810369062012651 1.8257055914878846 -2.1724910488909921 0.94589520565101093 2.0829795751720668 -1.9075491701514977
leaf_weight=128 167 123 103 145 125 177 112 128 103
leaf_count=128 167 123 103 145 125 177 112 128 103
internal_value=0 -0.0747827 0.1184 -0.092149 0.142141 -0.174318 -0.963981 0.43263 -0.419163
internal_weight=0 1144 1016 913 790 665 289 376 248
internal_count=1311 1144 1016 913 790 665 289 376 248
cat_boundaries=0 1
cat_threshold=160
is_linear=0
shrinkage=0.05


Tree=670
num_leaves=10
num_cat=0
split_feature=10 12 11 16 16 4 11 0 10
split_gain=179745 218180 131302 109908 151626 255002 80064.4 125031 205026
threshold=2620.7030000000004 8858.6746250000015 7393.6912500000008 1.3745332866619999 0.86492815948261426 13.500000000000002 4023.7812500000005 5.6339258925892599 4953.7521250000009
decision_type=2 8 8 2 2 2 8 2 2
left_child=-1 3 -3 4 6 -6 -2 8 -8
right_child=1 2 -4 -5 5 -7 7 -9 -10
leaf_value=1.534505655978645 1.3604525537737486 -0.23089609128378688 -2.620645543158524 1.3586081451471941 -3.0445445308685306 0.50008892642641534 -0.69899778287540115 -1.083466779308085 2.154170520285644
leaf_weight=179 145 105 127 162 100 103 129 163 123
leaf_count=179 145 105 127 162 100 103 129 163 123
internal_value=0 -0.168076 -1.53908 0.175786 -0.0753506 -1.24604 0.349023 -0.00436825 0.69362
internal_weight=0 1157 232 925 763 203 560 415 252
internal_count=1336 1157 232 925 763 203 560 415 252
is_linear=0
shrinkage=0.05


Tree=671
num_leaves=10
num_cat=0
split_feature=15 5 4 13 0 13 11 13 3
split_gain=133173 139733 132946 274956 253883 188634 124843 192130 171944
threshold=5.6292545921258794 1.0000000180025095e-35 2.5000000000000004 5850.6047738095249 4.3291620828749551 4584.3394575892862 3745.6841250000002 6791.7650372023818 0.70440677252801454
decision_type=2 2 2 10 2 10 10 10 2
left_child=1 -1 -3 4 5 -4 -2 8 -8
right_child=6 2 3 -5 -6 -7 7 -9 -10
leaf_value=-2.07891797130568 1.6719371161461529 -1.7161515744669096 1.8826631967435803 2.223163453513576 -2.4549918553285432 -0.93510406868111717 0.31792206077406249 1.5562660585041919 -2.0646887877607734
leaf_weight=114 172 112 114 124 114 124 197 153 123
leaf_count=114 172 112 114 124 114 124 197 153 123
internal_value=0 -0.476826 -0.166216 0.198475 -0.514768 0.414583 0.518381 0.0989062 -0.597894
internal_weight=0 702 588 476 352 238 645 473 320
internal_count=1347 702 588 476 352 238 645 473 320
is_linear=0
shrinkage=0.05


Tree=672
num_leaves=10
num_cat=0
split_feature=13 12 13 4 8 11 12 13 16
split_gain=135010 116387 128554 117902 236683 154122 186685 185095 184875
threshold=7940.8189732142873 8133.3738750000011 6871.5982961309537 16.500000000000004 0.90192047666263109 6629.5200000000013 1293.6387500000003 4947.8894270833343 0.54284595126179302
decision_type=8 10 10 2 2 10 10 10 2
left_child=1 2 3 5 -5 6 -1 -8 -9
right_child=-2 -3 -4 4 -6 -7 7 8 -10
leaf_value=-1.8766927740030122 1.4349373768970191 1.3377067404915579 -1.6937930670731209 2.2892440771173548 -0.89317001807458196 -2.1326059146450378 1.9341207425603095 -1.5348134818225125 0.82027880428918731
leaf_weight=114 166 128 136 135 103 106 136 153 183
leaf_count=114 166 128 136 135 103 106 136 153 183
internal_value=0 -0.0868946 -0.257954 -0.0479815 0.911981 -0.378142 -0.0607816 0.377807 -0.252129
internal_weight=0 1194 1066 930 238 692 586 472 336
internal_count=1360 1194 1066 930 238 692 586 472 336
is_linear=0
shrinkage=0.05


Tree=673
num_leaves=12
num_cat=1
split_feature=15 14 0 14 0 0 16 9 14 8 15
split_gain=101272 171585 81728.4 251245 245580 170031 145127 151388 232686 115919 98160.1
threshold=8.1716629996332983 -744.34987500000034 5.5843709370937109 621.8335000000003 6.1807264059739309 5.2940127346067953 1.1323465679901312 0 1473.9690000000003 0.79944320349352493 4.3715204853818719
decision_type=2 8 2 10 2 2 2 9 8 2 2
left_child=1 -1 5 4 -4 6 7 -3 9 -9 -11
right_child=-2 2 3 -5 -6 -7 -8 8 -10 10 -12
leaf_value=2.0664739438802893 -1.3749797061773448 1.5592751838789594 -1.4764271085262299 -2.6682620695659094 2.0104972701446684 2.0898129321780861 -1.7533173619694002 -1.0042462257777944 -2.3252320051193238 0.067479268923278685 2.1731828932668651
leaf_weight=101 130 145 100 112 102 102 111 102 104 121 102
leaf_count=101 130 145 100 112 102 102 111 102 104 121 102
internal_value=0 0.0940926 -0.0868434 -0.768845 0.284297 0.185264 -0.0983331 0.221707 -0.260655 0.391989 1.03063
internal_weight=0 1202 1101 314 202 787 685 574 429 325 223
internal_count=1332 1202 1101 314 202 787 685 574 429 325 223
cat_boundaries=0 1
cat_threshold=130
is_linear=0
shrinkage=0.05


Tree=674
num_leaves=11
num_cat=0
split_feature=13 11 12 11 13 12 8 4 4 0
split_gain=107307 318365 235460 243558 160173 179485 162594 267020 197362 133678
threshold=5050.7033965773817 6324.1136250000009 5012.1907500000007 3462.0656250000006 5469.2313831845249 2512.9453750000007 0.831234429112235 16.500000000000004 7.5000000000000009 4.6875145847918134
decision_type=8 8 8 10 8 10 2 2 2 2
left_child=1 2 -1 -4 -2 9 8 -8 -7 -6
right_child=4 -3 3 -5 5 6 7 -9 -10 -11
leaf_value=2.2935643850116558 2.025073969680816 -2.7957020139231266 -2.3710804021299476 0.88573110065513994 0.13915683137308252 -0.66208918289800667 0.18356212406101344 -3.015826081421888 2.3795610321630347 2.6271019314897472
leaf_weight=109 160 103 101 133 101 113 167 107 101 116
leaf_count=109 160 103 101 133 101 113 167 107 101 116
internal_value=0 -0.357928 0.374116 -0.519987 0.596869 0.272737 -0.25926 -1.06583 0.773456 1.46912
internal_weight=0 446 343 234 865 705 488 274 214 217
internal_count=1311 446 343 234 865 705 488 274 214 217
is_linear=0
shrinkage=0.05


Tree=675
num_leaves=8
num_cat=0
split_feature=11 4 4 7 13 7 3
split_gain=174020 290861 151374 192574 435139 238955 229820
threshold=7711.1350000000011 13.500000000000002 17.500000000000004 0.6657956772604019 5202.2732953869054 0.33685756060131122 0.7131308454776718
decision_type=8 2 2 2 10 2 2
left_child=2 -2 3 4 5 -1 -6
right_child=1 -3 -4 -5 6 -7 -8
leaf_value=0.38103667358872756 -0.58669402971863749 2.3319030069262605 -1.5690520353053683 -1.8177473961360873 2.9838969754009712 -2.186850460216232 0.2039720404674025
leaf_weight=189 160 183 199 126 164 174 136
leaf_count=189 160 183 199 126 164 174 136
internal_value=0 0.970458 -0.336715 -0.0258972 0.314635 -0.849851 1.72366
internal_weight=0 343 988 789 663 363 300
internal_count=1331 343 988 789 663 363 300
is_linear=0
shrinkage=0.05


Tree=676
num_leaves=9
num_cat=0
split_feature=8 8 13 11 13 5 10 11
split_gain=227098 138320 202765 185216 230086 339904 336421 97232.2
threshold=0.98841751246531528 0.94814634012660448 6890.220126488096 9638.7392500000024 5332.7113891369054 2.5000000000000004 5528.589750000001 4431.2650000000003
decision_type=2 2 10 8 10 2 2 10
left_child=1 2 3 4 6 -6 7 -1
right_child=-2 -3 -4 -5 5 -7 -8 -9
leaf_value=2.0377446235828103 -1.9232321591822659 1.3468580755422701 -1.8296693963205031 -1.8857936252768224 -0.28975020730571382 2.9748951089235001 -2.0506079397632582 -0.12116758899951199
leaf_weight=100 182 159 167 104 157 162 177 109
leaf_count=100 182 159 167 104 157 162 177 109
internal_value=0 -0.0206829 -0.243469 0.083967 0.374542 1.36816 -0.446607 0.911805
internal_weight=0 1135 976 809 705 319 386 209
internal_count=1317 1135 976 809 705 319 386 209
is_linear=0
shrinkage=0.05


Tree=677
num_leaves=9
num_cat=0
split_feature=14 16 14 16 13 15 11 16
split_gain=155624 141453 167836 250513 227728 152476 209813 128714
threshold=-1337.00325 1.5277986131946519 1314.2828749999996 1.0365911591159123 4137.0024069940482 6.5803163649698311 3165.6062500000003 0.35606060606060602
decision_type=10 2 10 2 10 2 10 2
left_child=-1 2 3 4 -2 6 -6 -8
right_child=1 -3 -4 -5 5 -7 7 -9
leaf_value=-1.4435839085719167 2.2955653817252775 -1.3331579716766582 -1.3754029123472566 2.456461359308912 -1.5935740400168856 -1.753823009058207 -0.089809457672403226 1.7755789859445539
leaf_weight=170 113 136 119 154 118 119 188 182
leaf_count=170 113 136 119 154 118 119 188 182
internal_value=0 0.179128 0.386249 0.626108 0.234616 -0.149054 0.242273 0.82776
internal_weight=0 1129 993 874 720 607 488 370
internal_count=1299 1129 993 874 720 607 488 370
is_linear=0
shrinkage=0.05


Tree=678
num_leaves=10
num_cat=0
split_feature=4 12 10 7 7 11 8 7 7
split_gain=148876 216498 190247 196555 131113 124181 82446.1 198388 66602.8
threshold=14.500000000000002 963.26200000000006 7530.4365000000007 0.60533611196290826 0.43829559122575595 4092.9800000000005 0.93591524330528808 0.50911042721485689 0.26754526964605363
decision_type=2 10 2 2 2 10 2 2 2
left_child=1 -1 3 4 8 -2 7 -7 -3
right_child=5 2 -4 -5 -6 6 -8 -9 -10
leaf_value=-1.9773440792825487 1.7989718558266761 -0.17196426982579591 -2.0075131242275237 2.0411654478672783 -1.3896048734585444 -2.075827830211789 1.1767468818302813 0.96581372473619675 1.4957540571099461
leaf_weight=180 160 147 100 132 144 102 116 113 101
leaf_count=180 160 147 100 132 144 102 116 113 101
internal_value=0 -0.449689 -0.00901949 0.372372 -0.189568 0.655276 0.102432 -0.477198 0.507227
internal_weight=0 804 624 524 392 491 331 215 248
internal_count=1295 804 624 524 392 491 331 215 248
is_linear=0
shrinkage=0.05


Tree=679
num_leaves=10
num_cat=1
split_feature=11 11 16 12 10 9 14 11 0
split_gain=327162 156060 192528 570195 269815 174005 131246 122236 223154
threshold=9770.4191250000022 7711.1350000000011 0.84100910091009096 5737.547375000001 5461.4481250000008 0 -63.073124999999884 3818.5398750000004 4.9554080408040813
decision_type=8 10 2 10 2 9 10 10 2
left_child=1 2 5 4 -4 6 -1 -8 -9
right_child=-2 -3 3 -5 -6 -7 7 8 -10
leaf_value=2.0435501860988725 -2.2115921426016061 1.438140029740167 -0.84859619221904059 1.7023667317325786 -4.1674057397150222 -1.1857921326397272 -1.2173288173014576 2.5616840245632027 -0.6411261606111861
leaf_weight=143 197 161 121 118 124 141 101 104 114
leaf_count=143 197 161 121 118 124 141 101 104 114
internal_value=0 -0.0030781 -0.243281 -1.15306 -2.52832 0.304394 0.768229 0.220616 0.88682
internal_weight=0 1127 966 363 245 603 462 319 218
internal_count=1324 1127 966 363 245 603 462 319 218
cat_boundaries=0 1
cat_threshold=65
is_linear=0
shrinkage=0.05


Tree=680
num_leaves=10
num_cat=0
split_feature=10 13 8 8 11 8 11 0 13
split_gain=172710 147039 149704 195485 237151 148546 112999 118595 92923
threshold=7906.507125000001 7044.6583288690481 0.99333147650972442 0.89234174202065752 4122.7937500000016 0.87076137214023741 6565.8356250000006 4.6379512951295139 5267.8024561011907
decision_type=2 8 2 2 10 2 10 2 10
left_child=1 2 3 4 -1 -3 7 -5 -6
right_child=-2 5 -4 6 8 -7 -8 -9 -10
leaf_value=1.7791877572469534 -1.3286737591028215 2.6097125687906821 1.6475602956350184 -0.67896049353155763 0.40381613233510188 0.11489380297453507 0.13726138625220927 -3.0844478282790919 -1.4312539437413216
leaf_weight=187 188 124 121 101 136 115 102 104 140
leaf_count=187 188 124 121 101 136 115 102 104 140
internal_value=0 0.308024 0.0126256 -0.244293 0.404431 1.40928 -1.22266 -1.89931 -0.527017
internal_weight=0 1130 891 770 463 239 307 205 276
internal_count=1318 1130 891 770 463 239 307 205 276
is_linear=0
shrinkage=0.05


Tree=681
num_leaves=10
num_cat=0
split_feature=3 12 7 8 12 15 14 7 11
split_gain=118846 170981 219483 276203 268733 162744 284462 165629 250258
threshold=0.48224004766551337 4683.9212500000003 0.33685756060131122 0.87076137214023741 3396.2362500000004 5.9489698969896994 346.18474999999995 0.049682476320794478 6654.7398750000011
decision_type=2 8 2 2 10 2 10 2 8
left_child=-1 2 -2 4 -4 7 -7 -3 -9
right_child=1 5 3 -5 -6 6 -8 8 -10
leaf_value=1.2399295889404642 2.1683452717898306 -0.078804381545499069 -0.76230222574869799 -2.493999059911014 2.5545537178956188 1.6702056913716452 -1.3205567732453347 -0.90382342753603195 -3.8180824111126221
leaf_weight=119 121 139 150 102 103 140 184 170 130
leaf_count=119 121 139 150 102 103 140 184 170 130
internal_value=0 -0.414328 0.329318 -0.297505 0.588038 -0.878254 -0.028252 -1.50559 -2.16667
internal_weight=0 1239 476 355 253 763 324 439 300
internal_count=1358 1239 476 355 253 763 324 439 300
is_linear=0
shrinkage=0.05


Tree=682
num_leaves=10
num_cat=0
split_feature=8 11 12 3 1 1 8 3 12
split_gain=108793 168456 140103 158831 206735 184471 146045 141455 70658
threshold=0.9948101388058963 2096.5808750000006 2945.4400000000005 0.66795208896578384 23.414880044429534 37.747530436702327 0.94757558117211926 0.71746202578883378 5323.2556250000007
decision_type=2 10 8 2 2 2 2 2 10
left_child=1 -1 -3 4 8 -6 7 -5 -4
right_child=-2 2 3 6 5 -7 -8 -9 -10
leaf_value=1.3131857904685935 -1.5909456963177588 -1.5165197866394164 -1.4898806363630754 -2.7667132866584652 2.6014625994087779 -0.11814828057890957 0.70522488329340438 -0.2438334134362993 0.25863743220384305
leaf_weight=197 122 188 104 118 158 103 102 105 130
leaf_count=197 122 188 104 118 158 103 102 105 130
internal_value=0 -0.024077 -0.285427 -0.00317639 0.560681 1.52821 -0.861975 -1.57881 -0.518482
internal_weight=0 1205 1008 820 495 261 325 223 234
internal_count=1327 1205 1008 820 495 261 325 223 234
is_linear=0
shrinkage=0.05


Tree=683
num_leaves=10
num_cat=0
split_feature=12 4 11 10 0 7 8 0 0
split_gain=166607 151320 193896 128335 285774 183281 136566 135673 101165
threshold=2548.7687500000006 21.500000000000004 1073.1666250000003 6596.6015000000007 6.6703628696202957 0.19678047349839431 0.9897130353121163 5.3728206153948737 4.4477156048938236
decision_type=8 2 10 2 2 2 2 2 2
left_child=-1 2 -2 5 -5 6 -4 8 -7
right_child=1 -3 3 4 -6 7 -8 -9 -10
leaf_value=1.687664305693225 1.4682800441355139 1.7882281929254533 -2.4237829679559018 -2.6326316892556596 0.54855868266179009 0.70704426938595055 -0.059492992823438132 2.0830133012522047 -1.2658857967649753
leaf_weight=152 143 100 116 178 117 179 129 107 102
leaf_count=152 143 100 116 178 117 179 129 107 102
internal_value=0 -0.0718622 -0.24554 -0.509631 -1.37094 -0.108231 -1.17891 0.567843 -0.00910828
internal_weight=0 1171 1071 928 295 633 245 388 281
internal_count=1323 1171 1071 928 295 633 245 388 281
is_linear=0
shrinkage=0.05


Tree=684
num_leaves=10
num_cat=0
split_feature=12 14 11 16 10 11 12 14 16
split_gain=140822 238466 299024 230949 202786 198032 149511 395618 68919.3
threshold=5432.0000000000009 -469.30712500000021 4842.3587500000012 0.41928359502616891 5842.5996250000007 8113.5491250000005 8242.3378750000029 340.52199999999999 0.5769160249358275
decision_type=10 8 8 2 2 8 10 10 2
left_child=1 -1 4 -4 -3 -5 7 -2 -9
right_child=6 2 3 5 -6 -7 -8 8 -10
leaf_value=-2.7346280307368893 3.1102989306273283 1.9658370530860312 -2.6133619957332375 -1.4673543437551231 -0.80567864132862477 1.127891824989439 -1.1722352119325434 0.54680086777323778 -1.2647929552623205
leaf_weight=113 135 187 158 156 102 139 103 105 105
leaf_count=113 135 187 158 156 102 139 103 105 105
internal_value=0 -0.59488 -0.269015 -1.07073 0.987655 -0.24451 0.499466 0.998554 -0.358996
internal_weight=0 855 742 453 289 295 448 345 210
internal_count=1303 855 742 453 289 295 448 345 210
is_linear=0
shrinkage=0.05


Tree=685
num_leaves=9
num_cat=0
split_feature=16 15 10 6 0 11 12 11
split_gain=111459 232963 255028 304123 225284 119133 171035 150131
threshold=0.48443177651098429 3.8425925925925939 4707.9080000000004 1.0000000180025095e-35 6.116920025335868 7342.3012500000013 5824.2361250000004 4366.2450000000008
decision_type=2 2 2 2 2 8 10 10
left_child=5 -2 -3 4 -4 6 7 -1
right_child=1 2 3 -5 -6 -7 -8 -9
leaf_value=1.8520566685615405 -2.4513253271579742 1.5490263517635565 -0.85626049510568214 -2.3335001581314816 1.9113390016925429 1.737242035754025 -1.4835055261340917 -0.48714799629449845
leaf_weight=152 112 192 171 166 129 160 117 125
leaf_count=152 112 192 171 166 129 160 117 125
internal_value=0 -0.343317 0.0154927 -0.616349 0.333807 0.586656 0.119414 0.796459
internal_weight=0 770 658 466 300 554 394 277
internal_count=1324 770 658 466 300 554 394 277
is_linear=0
shrinkage=0.05


Tree=686
num_leaves=10
num_cat=0
split_feature=8 8 11 12 12 1 11 1 14
split_gain=140536 199315 126302 166072 227583 331268 225554 203083 71860.2
threshold=0.98841751246531528 0.9493570948019121 2471.5736250000004 8660.7182500000017 6925.1222500000013 42.60437945297182 4992.4027500000011 26.540221729811805 187.91387499999976
decision_type=2 2 10 8 10 2 10 2 10
left_child=1 2 -1 4 5 6 8 -8 -4
right_child=-2 -3 3 -5 -6 -7 7 -9 -10
leaf_value=1.2877088459084431 -1.1076095846594958 2.0120220732462557 -1.7372343030415085 -1.9726759245803764 2.252490699404762 -2.8302740435187634 -0.23649203744503336 2.6898238957959872 0.094322703232859628
leaf_weight=180 189 158 114 111 105 104 109 130 101
leaf_count=180 189 158 114 111 105 104 109 130 101
internal_value=0 0.367144 0.0947222 -0.182717 0.11696 -0.284887 0.298197 1.35523 -0.876828
internal_weight=0 1112 954 774 663 558 454 239 215
internal_count=1301 1112 954 774 663 558 454 239 215
is_linear=0
shrinkage=0.05


Tree=687
num_leaves=11
num_cat=0
split_feature=15 10 11 4 13 4 7 7 16 5
split_gain=106192 175962 305268 181191 189953 162392 183296 213451 112612 53978
threshold=5.6292545921258794 3832.7250000000008 6683.4167500000012 13.500000000000002 4931.5767633928581 11.500000000000002 0.31754424582369595 0.55734971372363584 0.33783795046171333 2.5000000000000004
decision_type=2 2 8 2 8 2 2 2 2 2
left_child=1 3 8 4 -1 -2 -7 9 -3 -8
right_child=5 2 -4 -5 -6 6 7 -9 -10 -11
leaf_value=1.4264062034396026 1.8869494485855105 -1.1259441525030593 -3.104168701644928 2.2118820184586094 -1.28645321500652 1.6808167473290319 -2.2874475393339853 1.1279834719954944 1.2240124779939654 -0.69171628861200241
leaf_weight=104 170 104 126 102 170 129 107 122 100 105
leaf_count=104 170 104 126 102 170 129 107 122 100 105
internal_value=0 -0.326574 -1.16916 0.412929 -0.256755 0.565298 0.0800265 -0.538243 0.0259954 -1.49711
internal_weight=0 706 330 376 274 633 463 334 204 212
internal_count=1339 706 330 376 274 633 463 334 204 212
is_linear=0
shrinkage=0.05


Tree=688
num_leaves=9
num_cat=1
split_feature=9 13 14 5 11 12 15 13
split_gain=139602 264007 261325 221469 294087 442516 260914 91947.3
threshold=0 3808.4850163690476 416.14912499999951 1.0000000180025095e-35 7419.4412500000008 6590.9387500000003 6.2105752241890864 5149.2331622023821
decision_type=9 10 10 2 10 8 2 10
left_child=1 -1 -2 -3 5 6 7 -5
right_child=2 3 -4 4 -6 -7 -8 -9
leaf_value=-2.3680584394151256 1.9984567289731718 -2.2272371482645346 -1.0831068470568981 -0.075757430642843251 -1.5382509940233664 3.1923913899836718 -1.4433958437024934 1.9547681811206516
leaf_weight=168 165 117 118 100 199 135 194 126
leaf_count=168 165 117 118 100 199 135 194 126
internal_value=0 -0.548001 0.689211 -0.203237 0.110832 0.702124 -0.0983184 1.05631
internal_weight=0 1039 283 871 754 555 420 226
internal_count=1322 1039 283 871 754 555 420 226
cat_boundaries=0 1
cat_threshold=37
is_linear=0
shrinkage=0.05


Tree=689
num_leaves=10
num_cat=0
split_feature=16 16 16 13 4 3 3 7 16
split_gain=254336 97666.4 195900 219393 173712 243353 195656 131736 52687.2
threshold=1.3745332866619999 1.140251525152516 0.62754192085875282 6052.3133430059534 6.5000000000000009 0.55547728212251346 0.49248040914513952 0.43649572540610299 1.6953236990365703
decision_type=2 2 2 8 2 2 2 2 2
left_child=1 2 4 -4 6 -6 -1 -7 -2
right_child=8 -3 3 -5 5 7 -8 -9 -10
leaf_value=2.0500994407251234 2.6857970343828201 -1.4841168351129657 -0.086801845181201195 2.5829068425203294 -3.2229615050405265 -1.2125658262317831 -0.49299507482567029 1.0595960924258598 1.0627256753444672
leaf_weight=122 100 109 168 142 100 165 199 104 100
leaf_count=122 100 109 168 142 100 165 199 104 100
internal_value=0 -0.0628892 0.0920247 1.1361 -0.377051 -1.117 0.473539 -0.334109 1.87426
internal_weight=0 1109 1000 310 690 369 321 269 200
internal_count=1309 1109 1000 310 690 369 321 269 200
is_linear=0
shrinkage=0.05


Tree=690
num_leaves=9
num_cat=0
split_feature=16 13 16 13 12 5 10 7
split_gain=203474 276840 234854 135142 168644 147599 212386 290077
threshold=1.1799638297163064 5670.4112946428577 0.9669008567523415 4137.0024069940482 1995.7810000000002 5.5000000000000009 3627.9993750000008 0.55273902951891174
decision_type=2 8 2 8 10 2 2 2
left_child=2 -2 3 -1 -5 6 -6 -8
right_child=1 -3 -4 4 5 -7 7 -9
leaf_value=1.737854994050527 0.55768705943076735 -2.4971377827086538 2.652140834785643 -1.3900480875994434 1.7435338445007802 2.002683707692281 -1.9924605001695455 0.74541827978996134
leaf_weight=118 139 159 105 187 127 108 192 195
leaf_count=118 139 159 105 187 127 108 192 195
internal_value=0 -1.07224 0.410974 0.15712 -0.073444 0.322384 -0.0306752 -0.612909
internal_weight=0 298 1032 927 809 622 514 387
internal_count=1330 298 1032 927 809 622 514 387
is_linear=0
shrinkage=0.05


Tree=691
num_leaves=10
num_cat=0
split_feature=12 5 0 11 11 12 3 13 15
split_gain=130237 224615 231928 213911 349786 293962 209557 136853 68195
threshold=3465.9887500000009 1.5000000000000002 4.243753542020869 7993.7987500000008 6149.4768750000012 5671.5701250000011 0.57919538969318729 5181.2097916666671 5.8145022835616906
decision_type=8 2 2 8 10 10 2 10 2
left_child=7 2 -2 4 5 8 -5 -1 -3
right_child=1 3 -4 6 -6 -7 -8 -9 -10
leaf_value=-2.3893004926432551 -0.51424977098192481 1.2984333097493208 2.3379815333960008 -3.2904146355390553 2.5171834980910139 -2.3474883362922792 -0.25597675564614208 -0.18088810688740498 -0.39604119709077873
leaf_weight=113 112 135 196 100 129 137 132 185 106
leaf_count=113 112 135 196 100 129 137 132 185 106
internal_value=0 0.166415 1.30081 -0.306376 0.269071 -0.498142 -1.56392 -1.01831 0.553146
internal_weight=0 1047 308 739 507 378 232 298 241
internal_count=1345 1047 308 739 507 378 232 298 241
is_linear=0
shrinkage=0.05


Tree=692
num_leaves=10
num_cat=0
split_feature=8 4 3 14 4 13 14 14 12
split_gain=137542 187217 201870 178946 150873 465206 391312 271443 160948
threshold=0.70954988275035225 6.5000000000000009 0.54925666096358772 182.42412500000026 13.500000000000002 5560.4712291666674 200.49924999999988 368.53837500000014 6304.9237500000008
decision_type=2 2 2 10 2 10 10 10 10
left_child=-1 3 -3 -2 7 6 -6 -4 -7
right_child=1 2 4 -5 5 8 -8 -9 -10
leaf_value=-1.0850180366394684 2.9177450581152637 -1.901025021997365 -1.5642253463591764 0.46923530711847194 4.5263783569345959 0.61149021735680964 0.45425311484907427 1.5218180241885486 -2.1200905983264628
leaf_weight=161 133 110 199 170 119 112 117 111 104
leaf_count=161 133 110 199 170 119 112 117 111 104
internal_value=0 0.473313 0.101276 1.54399 0.390322 0.972974 2.50757 -0.459223 -0.703715
internal_weight=0 1175 872 303 762 452 236 310 216
internal_count=1336 1175 872 303 762 452 236 310 216
is_linear=0
shrinkage=0.05


Tree=693
num_leaves=10
num_cat=0
split_feature=4 11 14 0 3 8 14 11 12
split_gain=96331.2 149724 210111 237520 187405 185357 166479 163061 155299
threshold=1.5000000000000002 3165.6062500000003 -199.04962500000008 4.8631446477981148 0.7146963370156213 0.85413801467528705 1280.5077500000004 7022.1361250000009 4052.0387500000006
decision_type=2 8 10 2 2 2 10 10 10
left_child=-1 5 3 -3 6 -2 7 8 -4
right_child=1 2 4 -5 -6 -7 -8 -9 -10
leaf_value=-1.2840501779526996 0.73212585153430698 0.72320536179404682 2.7664456002544942 -2.2166174028848493 -0.36572622231302421 -2.1125324469893729 -0.3208246948695419 3.6101760619216492 0.39221183308239643
leaf_weight=114 100 147 114 129 187 134 101 108 174
leaf_count=114 100 147 114 129 187 134 101 108 174
internal_value=0 0.237207 0.513638 -0.650842 0.983515 -0.896867 1.49118 1.95333 1.33201
internal_weight=0 1194 960 276 684 234 497 396 288
internal_count=1308 1194 960 276 684 234 497 396 288
is_linear=0
shrinkage=0.05


Tree=694
num_leaves=12
num_cat=0
split_feature=13 16 5 13 13 15 11 11 13 11 12
split_gain=117640 132250 104302 601262 145865 237934 184652 342770 356893 150451 121400
threshold=4416.6513690476195 0.5468255158849219 1.5000000000000002 5104.3257462797619 5181.2097916666671 6.0778202820282035 8316.3065000000006 6149.4768750000012 6527.5025967261909 3594.7575000000002 4052.0387500000006
decision_type=8 2 2 10 10 2 10 10 10 10 10
left_child=1 -1 3 -2 5 9 7 8 -6 -4 -5
right_child=2 -3 4 10 6 -7 -8 -9 -10 -11 -12
leaf_value=0.077316067891346443 3.8185164303364965 -2.4103673886326913 -1.0966197337706884 -1.8956721200392797 1.7199847875804199 -2.8815176058490324 -1.2913075471873832 3.2606904223690862 -2.298394315933237 1.3443287912311905 0.52608184756584542
leaf_weight=111 115 103 150 104 122 106 113 115 101 109 103
leaf_count=111 115 103 150 104 122 106 113 115 101 109 103
internal_value=0 -1.12003 0.157756 0.91977 -0.142941 -0.886033 0.458452 1.04343 -0.0999986 -0.069348 -0.690645
internal_weight=0 214 1138 322 816 365 451 338 223 259 207
internal_count=1352 214 1138 322 816 365 451 338 223 259 207
is_linear=0
shrinkage=0.05


Tree=695
num_leaves=10
num_cat=0
split_feature=15 15 10 10 7 10 10 12 13
split_gain=148002 190364 130265 171753 148884 286062 251777 242634 137399
threshold=7.7949586625329204 6.7978589525619224 6940.2165000000014 2278.2195000000006 0.2466264544459548 3559.0332500000004 4290.2633750000014 4502.1175000000012 6110.2637946428576
decision_type=2 2 2 2 2 2 2 10 10
left_child=1 2 3 -1 5 -5 -6 8 -8
right_child=-2 -3 -4 4 6 -7 7 -9 -10
leaf_value=1.6498979542788768 1.4591590197647319 -1.5999275448258785 1.7543493139005339 -3.0852691727876667 1.7139612219290818 0.48833412068230769 -3.0325645322308823 1.0619914753317834 -0.43091290362990731
leaf_weight=126 170 183 113 120 167 105 102 125 101
leaf_count=126 170 183 113 120 167 105 102 125 101
internal_value=0 -0.122135 0.159862 -0.0531128 -0.35114 -1.41759 0.133609 -0.671021 -1.73815
internal_weight=0 1142 959 846 720 225 495 328 203
internal_count=1312 1142 959 846 720 225 495 328 203
is_linear=0
shrinkage=0.05


Tree=696
num_leaves=9
num_cat=0
split_feature=12 10 10 10 15 12 12 12
split_gain=112928 240950 174777 92929.8 146859 131691 182945 108922
threshold=2584.7607500000008 2898.5950000000007 4760.8765000000012 3627.9993750000008 5.3032636596993035 3880.9443750000005 6304.9237500000008 5012.1907500000007
decision_type=10 2 2 2 2 10 10 10
left_child=1 -1 -3 -2 7 -6 -7 -5
right_child=3 2 -4 4 5 6 -8 -9
leaf_value=-1.0779254169148558 0.67647220940991515 2.8962743234370025 0.43967057463081405 -0.48114376836098161 -1.3781848466479696 1.6208836012971617 -0.66186175397924485 -2.7141216728285604
leaf_weight=136 187 124 174 104 143 167 185 115
leaf_count=136 187 124 174 104 143 167 185 115
internal_value=0 0.665997 1.46188 -0.31576 -0.575631 -0.0986612 0.421145 -1.65371
internal_weight=0 434 298 901 714 495 352 219
internal_count=1335 434 298 901 714 495 352 219
is_linear=0
shrinkage=0.05


Tree=697
num_leaves=9
num_cat=0
split_feature=15 13 11 15 11 12 11 13
split_gain=141254 138487 166455 148301 145030 250412 144817 93238.1
threshold=7.7949586625329204 4931.5767633928581 4366.2450000000008 6.4529577957795787 4992.4027500000011 6055.8247500000007 2387.2200000000007 5838.3660863095247
decision_type=2 10 10 2 10 10 10 10
left_child=1 2 6 4 7 -6 -1 -3
right_child=-2 3 -4 -5 5 -7 -8 -9
leaf_value=0.28258481774497873 1.3229538186302399 -2.2484809521332529 -0.82148359502560986 -1.8516550615509564 -0.6807827019841417 2.439132856163714 2.4649590180172183 -0.12613241523504257
leaf_weight=199 179 103 169 187 159 108 123 104
leaf_count=199 179 103 169 187 159 108 123 104
internal_value=0 -0.186801 0.449274 -0.659287 -0.188881 0.581206 1.11622 -1.18218
internal_weight=0 1152 491 661 474 267 322 207
internal_count=1331 1152 491 661 474 267 322 207
is_linear=0
shrinkage=0.05


Tree=698
num_leaves=11
num_cat=0
split_feature=7 13 14 14 11 10 12 7 11 10
split_gain=142805 253467 133115 269026 272118 179713 279610 120870 117955 109349
threshold=0.28833355956167422 4724.1026607142858 2028.5828750000007 1070.7481250000003 7022.1361250000009 5497.1775000000007 3349.5581250000005 0.5501468614396513 4053.4950000000003 3662.8778750000006
decision_type=2 10 8 10 8 2 10 2 10 2
left_child=1 -1 3 4 5 8 -7 -8 -2 -3
right_child=2 9 -4 -5 -6 6 7 -9 -10 -11
leaf_value=-2.5562532419811044 2.1353931358456615 1.090225471487412 1.7768714085221291 -2.0833905449063761 2.7255536124662121 -2.7888360660688014 1.5429489238427418 -0.82280069423903679 -0.054993298886314268 -1.0570727201776768
leaf_weight=142 120 130 126 127 108 113 101 116 126 109
leaf_count=142 120 130 126 127 108 113 101 116 126 109
internal_value=0 -0.883148 0.264917 0.0300144 0.422416 -0.00942273 -0.771956 0.278309 1.01349 0.110914
internal_weight=0 381 937 811 684 576 330 217 246 239
internal_count=1318 381 937 811 684 576 330 217 246 239
is_linear=0
shrinkage=0.05


Tree=699
num_leaves=10
num_cat=0
split_feature=14 12 11 5 7 7 12 14 11
split_gain=143973 215806 167375 184966 173270 145209 145162 113175 138534
threshold=448.07687500000026 7888.0121250000002 5809.0732500000004 5.5000000000000009 0.57515541720116825 0.46325998172195054 4745.1537500000013 737.58000000000004 8113.5491250000005
decision_type=10 8 8 2 2 2 10 10 8
left_child=2 7 3 4 6 -4 -1 -2 -9
right_child=1 -3 5 -5 -6 -7 -8 8 -10
leaf_value=-0.86626535620008205 1.3587039611441023 2.7653301560878756 -2.3898607702030765 -1.7243983242918952 2.3470840051098985 -0.20412245335181556 1.4995498794375115 -1.1499541760259067 1.1117696035366793
leaf_weight=175 141 100 154 101 111 150 103 194 104
leaf_count=175 141 100 154 101 111 150 103 194 104
internal_value=0 0.669097 -0.38972 0.18208 0.677078 -1.31137 0.0102777 0.191595 -0.360628
internal_weight=0 539 794 490 389 304 278 439 298
internal_count=1333 539 794 490 389 304 278 439 298
is_linear=0
shrinkage=0.05


Tree=700
num_leaves=11
num_cat=0
split_feature=8 14 12 0 12 10 0 11 11 12
split_gain=154051 195889 189577 185547 209901 316617 358035 166603 202727 133346
threshold=0.80388277991483414 -308.21374999999983 4726.2925000000005 6.6965988265493221 3349.5581250000005 3714.2328750000006 5.3901890189018911 3532.5338750000005 7393.6912500000008 5405.3876250000003
decision_type=2 10 10 2 10 2 2 10 10 10
left_child=1 -1 -3 4 5 -2 -7 -6 9 -9
right_child=3 2 -4 -5 7 6 -8 8 -10 -11
leaf_value=-2.3770412178600537 -0.91020937586416972 1.6182258382047481 -1.0110044796106428 2.4145883839678124 -2.2500160480831184 4.0377884363134706 0.094679496367022678 -0.49070874386363567 -1.7379345739209975 1.8440279385299547
leaf_weight=119 122 114 172 111 102 126 106 108 111 141
leaf_count=119 122 114 172 111 102 126 106 108 111 141
internal_value=0 -0.672304 0.0370104 0.496624 0.235724 1.15184 2.2362 -0.466236 0.0391685 0.831371
internal_weight=0 405 286 927 816 354 232 462 360 249
internal_count=1332 405 286 927 816 354 232 462 360 249
is_linear=0
shrinkage=0.05


Tree=701
num_leaves=9
num_cat=0
split_feature=11 13 13 4 12 14 16 5
split_gain=115310 103236 152701 206804 298315 198706 278648 147441
threshold=2719.2775000000006 4267.431418898811 5108.068815476191 14.500000000000002 2096.5808750000006 964.03387500000019 1.1975280861419488 3.5000000000000004
decision_type=8 8 10 2 10 10 2 2
left_child=-1 -2 3 4 -3 6 7 -4
right_child=1 2 5 -5 -6 -7 -8 -9
leaf_value=1.4478330787881619 -1.238627816420613 -1.9464848200480145 -0.91734952344780885 2.3809726503160262 1.5331720843411132 1.292989657296763 -2.7728472664600283 1.2369004325057469
leaf_weight=177 132 105 189 162 149 154 127 137
leaf_count=177 132 105 189 162 149 154 127 137
internal_value=0 0.0773381 0.24714 0.985046 0.0947312 -0.258575 -0.786038 -0.0120359
internal_weight=0 1155 1023 416 254 607 453 326
internal_count=1332 1155 1023 416 254 607 453 326
is_linear=0
shrinkage=0.05


Tree=702
num_leaves=9
num_cat=1
split_feature=16 10 12 10 12 0 9 5
split_gain=96787.4 93559.5 179989 111230 151732 316173 195342 114474
threshold=1.5132054872153888 6680.1892500000004 6098.4025000000011 5687.9747500000003 3445.8260000000005 4.8233531686501996 0 1.5000000000000002
decision_type=2 2 10 2 8 2 9 2
left_child=1 3 -3 4 -1 6 -6 -8
right_child=-2 2 -4 -5 5 -7 7 -9
leaf_value=1.3768525094821538 1.097909141235611 -0.13520867698407046 -2.758285190343857 1.1909669363086328 1.4210601699370775 -2.8432286986420232 0.48941708059392425 -1.4986167365430219
leaf_weight=116 147 189 100 159 151 124 117 190
leaf_count=116 147 189 100 159 151 124 117 190
internal_value=0 -0.264877 -1.04285 -0.00252791 -0.274399 -0.603514 0.00287185 -0.717588
internal_weight=0 1146 289 857 698 582 458 307
internal_count=1293 1146 289 857 698 582 458 307
cat_boundaries=0 1
cat_threshold=130
is_linear=0
shrinkage=0.05


Tree=703
num_leaves=11
num_cat=0
split_feature=0 13 4 16 4 14 11 16 15 11
split_gain=206408 157283 239152 245712 258377 173708 127536 121209 195070 110565
threshold=4.1358219155248861 6965.8672224702395 20.500000000000004 1.1238790545721249 4.5000000000000009 -233.80250000000044 5430.5123750000012 0.5769160249358275 3.3521352135213522 5467.5017500000013
decision_type=2 10 2 2 2 10 10 2 2 10
left_child=7 2 3 4 -2 -6 -7 8 -1 -5
right_child=1 -3 -4 9 5 6 -8 -9 -10 -11
leaf_value=1.1305054861206969 1.4451587220318884 -0.9747139298808789 2.6926794764585793 2.8739830107915973 -2.7908234312849225 0.9754357795119285 -1.5497973098754885 -2.1129881375319477 -1.8492988930613388 0.62517254007490064
leaf_weight=119 139 167 128 105 106 100 100 143 102 114
leaf_count=119 139 167 128 105 106 100 100 143 102 114
internal_value=0 0.419747 0.713781 0.332306 -0.342441 -1.15446 -0.287181 -0.978724 -0.244789 1.70337
internal_weight=0 959 792 664 445 306 200 364 221 219
internal_count=1323 959 792 664 445 306 200 364 221 219
is_linear=0
shrinkage=0.05


Tree=704
num_leaves=9
num_cat=0
split_feature=13 14 16 3 12 0 5 5
split_gain=106666 138860 213182 251476 240976 198050 162708 161691
threshold=7410.9377008928577 448.07687500000026 1.1975280861419488 0.51121239038030974 8420.6155000000017 4.2015243190985769 3.5000000000000004 3.5000000000000004
decision_type=10 10 2 2 8 2 2 2
left_child=1 2 3 -1 6 -3 -5 -7
right_child=-2 5 -4 4 -6 7 -8 -9
leaf_value=-1.7430441133345767 -1.7381961051821708 -1.1144019086136778 -2.0861593685006792 0.44082863284092327 -0.86762787249239004 0.23994139152563224 2.9118298980391635 2.4441358921254519
leaf_weight=157 100 117 158 153 174 177 118 157
leaf_count=157 100 117 158 153 174 177 118 157
internal_value=0 -0.0391261 -0.451573 -0.0225622 0.584439 0.655907 1.51676 1.27604
internal_weight=0 1211 760 602 445 451 271 334
internal_count=1311 1211 760 602 445 451 271 334
is_linear=0
shrinkage=0.05


Tree=705
num_leaves=11
num_cat=0
split_feature=0 11 10 11 11 3 14 3 14 4
split_gain=133993 204150 185501 178395 172394 165591 164639 195211 123411 111540
threshold=5.2940127346067953 3703.4207500000007 3882.9592500000003 6629.5200000000013 7811.7663750000002 0.56296311721651027 592.78225000000009 0.66795208896578384 499.81450000000046 6.5000000000000009
decision_type=2 10 2 8 10 2 10 2 8 2
left_child=2 -2 5 9 6 -1 7 -3 -7 -4
right_child=1 4 3 -5 -6 8 -8 -9 -10 -11
leaf_value=1.6409488149664619 2.22345084228263 1.7365523822810673 0.80493134445357095 -2.8047023850224786 1.6491320545279136 0.64997612571153118 -2.1848706272302887 -1.2916265908771984 -1.5721191386381785 -1.4513050682524331
leaf_weight=154 151 109 103 118 127 127 102 104 123 117
leaf_count=154 151 109 103 118 127 127 102 104 123 117
internal_value=0 0.636221 -0.371923 -1.23624 0.0939774 0.351194 -0.533021 0.258005 -0.443295 -0.394976
internal_weight=0 593 742 338 442 404 315 213 250 220
internal_count=1335 593 742 338 442 404 315 213 250 220
is_linear=0
shrinkage=0.05


Tree=706
num_leaves=10
num_cat=0
split_feature=14 7 13 11 14 3 13 13 5
split_gain=145416 184458 317145 267045 319052 235057 199738 143433 122112
threshold=-720.7254999999999 0.55273902951891174 5076.30549107143 6683.4167500000012 223.68625000000023 0.57820832529708921 5560.4712291666674 5202.2732953869054 2.5000000000000004
decision_type=8 2 10 8 10 2 10 8 2
left_child=-1 2 3 4 -2 7 -4 -3 -8
right_child=1 5 6 -5 -6 -7 8 -9 -10
leaf_value=1.6274887389996473 -2.77007220855781 1.2067805580573507 2.1045294782694648 -3.5751970009838079 0.8841277599334717 2.198761688314895 -1.617681501246989 -1.1272217026620945 0.47836656648861742
leaf_weight=102 112 101 102 139 128 137 128 189 152
leaf_count=102 112 101 102 139 128 137 128 189 152
internal_value=0 -0.339774 -0.806467 -1.83122 -0.821166 0.491968 0.210237 -0.314345 -0.479827
internal_weight=0 1188 761 379 240 427 382 290 280
internal_count=1290 1188 761 379 240 427 382 290 280
is_linear=0
shrinkage=0.05


Tree=707
num_leaves=10
num_cat=0
split_feature=11 4 8 11 5 11 8 14 4
split_gain=80029.7 148355 209900 195837 216304 224483 216592 300745 132509
threshold=7711.1350000000011 5.5000000000000009 0.74254372571742899 6534.6750000000011 1.0000000180025095e-35 3498.4912500000005 0.84394112079570061 495.81787500000013 16.500000000000004
decision_type=10 2 2 10 2 8 2 8 2
left_child=1 2 -1 4 -3 -6 -7 -8 -2
right_child=8 3 -4 -5 5 6 7 -9 -10
leaf_value=-1.0085831986966534 -0.35054476548885477 -2.2152598033691273 1.7575698532905255 -2.5548768340973629 -1.2594178192317487 -0.68157483049233758 3.7102371834494452 0.20931202840637156 2.0551612126088776
leaf_weight=107 116 116 191 105 192 150 108 142 113
leaf_count=107 116 116 191 105 192 150 108 142 113
internal_value=0 -0.189983 0.764354 -0.539789 -0.240942 0.145918 0.820479 1.72171 0.83655
internal_weight=0 1111 298 813 708 592 400 250 229
internal_count=1340 1111 298 813 708 592 400 250 229
is_linear=0
shrinkage=0.05


Tree=708
num_leaves=11
num_cat=0
split_feature=15 15 12 8 11 12 0 15 0 11
split_gain=156891 150820 264890 206619 312141 170972 127915 111980 106730 118306
threshold=8.4814356435643585 4.021377137713773 7266.8135000000011 0.94757558117211926 2153.2641250000006 5963.4620000000014 6.2921667166716677 3.1296129612961296 5.1377971130446385 5198.880000000001
decision_type=2 2 10 2 10 8 2 2 2 10
left_child=1 5 3 4 -3 -1 8 -7 -6 -10
right_child=-2 2 -4 -5 6 7 -8 -9 9 -11
leaf_value=-2.3137811164061231 -1.7839872939884664 2.9560794355777595 -1.6078224447824188 2.3351128614493435 -0.53513317649705072 -0.96366847527956745 -1.5611854721199383 1.3355290961497039 -0.094180191993713386 2.2978543810755294
leaf_weight=105 100 104 118 197 175 109 110 103 100 107
leaf_count=105 100 104 118 197 175 109 110 103 100 107
internal_value=0 0.275548 0.602415 0.931303 0.467292 -0.663809 -0.0587933 0.153394 0.373833 1.14228
internal_weight=0 1228 911 793 596 317 492 212 382 207
internal_count=1328 1228 911 793 596 317 492 212 382 207
is_linear=0
shrinkage=0.05


Tree=709
num_leaves=10
num_cat=0
split_feature=13 12 14 13 12 0 10 13 12
split_gain=139185 240237 179783 203479 273105 244307 98888.1 232250 53540.5
threshold=6052.3133430059534 7213.3506250000009 -26.41499999999996 5108.068815476191 2650.2000000000003 4.8233531686501996 7308.1447500000013 7020.3951063988106 3379.0362500000006
decision_type=10 10 8 10 10 2 2 10 10
left_child=1 2 8 4 5 -4 7 -2 -1
right_child=6 -3 3 -5 -6 -7 -8 -9 -10
leaf_value=2.0980947727354891 -0.82473659998579341 -2.1405495377949308 0.36256700286994109 -2.2137375798545964 1.6403540755169734 -2.8177969542788528 1.9161131177863031 2.1806911287955866 0.57153266668319702
leaf_weight=107 171 140 148 119 175 102 146 103 124
leaf_count=107 171 140 148 119 175 102 146 103 124
internal_value=0 -0.234359 0.109985 -0.386265 0.125427 -0.935021 0.86508 0.305041 1.27864
internal_weight=0 915 775 544 425 250 420 274 231
internal_count=1335 915 775 544 425 250 420 274 231
is_linear=0
shrinkage=0.05


Tree=710
num_leaves=10
num_cat=0
split_feature=14 11 8 13 14 16 11 8 13
split_gain=398838 215166 220949 145686 192195 258495 179328 145367 77140.3
threshold=2028.5828750000007 3165.6062500000003 0.85164732870288484 5114.5384449404764 809.90887499999974 1.1975280861419488 6324.1136250000009 0.84394112079570061 6024.8598586309536
decision_type=8 10 2 10 10 2 10 2 10
left_child=1 2 -1 6 5 8 7 -3 -5
right_child=-2 3 -4 4 -6 -7 -8 -9 -10
leaf_value=0.10439937281831402 2.2825271319912139 0.31327596099699961 -2.8822401101086417 -1.352089875198546 0.99668037635125928 -3.0936276570885584 -0.80661854844572201 2.7554237817961074 0.34805825982914596
leaf_weight=107 166 118 147 105 157 113 117 126 183
leaf_count=107 166 118 147 105 157 113 117 126 183
internal_value=0 -0.335992 -1.62409 0.0200214 -0.486337 -1.06697 0.802702 1.57439 -0.271787
internal_weight=0 1173 254 919 558 401 361 244 288
internal_count=1339 1173 254 919 558 401 361 244 288
is_linear=0
shrinkage=0.05


Tree=711
num_leaves=11
num_cat=0
split_feature=8 11 14 4 8 5 5 10 10 0
split_gain=196062 250857 201882 254551 161648 141191 170086 139847 75003.2 115358
threshold=0.98279003497518691 6324.1136250000009 964.03387500000019 13.500000000000002 0.93503799598285231 4.5000000000000009 2.5000000000000004 6507.9031250000007 6596.6015000000007 3.9930243024302432
decision_type=2 8 8 2 2 2 2 2 2 2
left_child=2 -2 4 -4 5 6 8 -7 9 -1
right_child=1 -3 3 -5 -6 7 -8 -9 -10 -11
leaf_value=-1.3391342174888838 3.0816713632236827 -0.36950598884337021 -0.42955152020279297 2.412435512507046 -2.4217283490541823 -0.20850494918979218 1.437532267405552 -2.8091985809803011 -1.6949855973720549 0.89507177979857833
leaf_weight=101 110 101 177 142 111 107 159 100 100 135
leaf_count=101 110 101 177 142 111 107 159 100 100 135
internal_value=0 1.42969 -0.230438 0.835534 -0.648697 -0.368346 0.0902045 -1.46488 -0.54737 -0.0610927
internal_weight=0 211 1132 319 813 702 495 207 336 236
internal_count=1343 211 1132 319 813 702 495 207 336 236
is_linear=0
shrinkage=0.05


Tree=712
num_leaves=10
num_cat=0
split_feature=8 15 15 10 14 0 5 12 3
split_gain=152989 236857 201105 139212 212732 96277.2 110930 77789.4 73197
threshold=0.99239559503648767 8.4814356435643585 7.0384288428842892 4592.5760000000009 -1200.9513749999996 4.9087408740874094 2.5000000000000004 6572.5612500000016 0.71517305858603708
decision_type=2 2 2 2 10 2 2 8 2
left_child=1 2 3 4 -1 -5 -7 8 -6
right_child=-2 -3 -4 5 7 6 -8 -9 -10
leaf_value=2.5755630013617603 -1.5709554879201784 -2.1968513786208397 1.8866878504008917 -1.6687566029510912 1.5653326002756756 -1.1227763362278214 0.68857502580309915 -0.92767690236214551 -0.32482885456085209
leaf_weight=110 153 102 173 139 105 151 192 128 100
leaf_count=110 153 102 173 139 105 151 192 128 100
internal_value=0 0.107895 0.321998 0.0293582 0.669179 -0.558693 -0.108842 0.0394426 0.643303
internal_weight=0 1200 1098 925 443 482 343 333 205
internal_count=1353 1200 1098 925 443 482 343 333 205
is_linear=0
shrinkage=0.05


Tree=713
num_leaves=9
num_cat=0
split_feature=12 16 12 14 3 4 3 15
split_gain=110097 171518 249240 222272 139907 155075 112876 110784
threshold=2816.6125000000006 0.42885538553855468 7680.4096250000011 -340.19512499999922 0.6659910053267355 7.5000000000000009 0.7161118900209239 4.8953645364536458
decision_type=8 2 10 10 2 2 2 2
left_child=-1 3 4 -2 5 -3 -6 -5
right_child=1 2 -4 7 6 -7 -8 -9
leaf_value=0.99055981851702368 2.5795025168359285 -1.5384514829249887 1.3875621303131707 -0.99925849270907097 -2.8076582139274877 0.94293464098789903 -0.99150617712355682 0.90517300001212542
leaf_weight=199 100 123 114 168 157 129 188 140
leaf_count=199 100 123 114 168 157 129 188 140
internal_value=0 -0.285805 -0.754732 0.53137 -1.16381 -0.268218 -1.81799 -0.133608
internal_weight=0 1119 711 408 597 252 345 308
internal_count=1318 1119 711 408 597 252 345 308
is_linear=0
shrinkage=0.05


Tree=714
num_leaves=10
num_cat=0
split_feature=14 15 15 10 14 13 10 15 15
split_gain=232073 107292 258003 253272 225569 166094 203636 123426 97166.5
threshold=2028.5828750000007 5.2380279694636149 6.1164491449144922 3416.5141250000001 340.52199999999999 6791.7650372023818 6120.6272500000005 7.7167966796679668 3.4281053105310533
decision_type=8 2 2 2 10 10 2 2 2
left_child=1 3 -3 8 -5 6 -4 -8 -1
right_child=-2 2 5 4 -6 -7 7 -9 -10
leaf_value=-0.356840581503235 1.8701706719791105 2.1030714336194491 -2.4287155493976567 -3.2668865341602302 -0.42686412327083545 1.2550691294306109 1.2071397555285488 -1.1649943039967465 1.7575093532204631
leaf_weight=119 167 152 127 123 162 131 116 104 100
leaf_count=119 167 152 127 123 162 131 116 104 100
internal_value=0 -0.126269 0.308735 -0.670024 -1.65256 -0.261849 -0.834519 0.0857673 0.608616
internal_weight=0 1134 630 504 285 478 347 220 219
internal_count=1301 1134 630 504 285 478 347 220 219
is_linear=0
shrinkage=0.05


Tree=715
num_leaves=11
num_cat=0
split_feature=13 13 0 15 3 14 7 15 15 12
split_gain=209086 293910 179018 164044 196525 110599 218884 115464 230470 117712
threshold=3744.8374322916675 4594.8602090773811 4.5627479414608141 8.1716629996332983 0.49782819803893258 737.58000000000004 0.44281754242629928 7.0092592592592604 6.2981548154815501 3913.7600000000002
decision_type=10 10 2 2 2 10 2 2 2 10
left_child=2 -2 -1 4 -3 7 -7 8 9 -6
right_child=1 3 -4 -5 5 6 -8 -9 -10 -11
leaf_value=-0.18331408747812597 2.3281651701725705 -1.6091174631648593 -3.0163848575423748 -1.8217780175756237 2.5759858216389571 1.1791086246766667 -2.0588990467290085 2.2979304032282788 -1.5454545607933632 0.45363221880551929
leaf_weight=123 142 135 102 122 101 101 108 111 104 185
leaf_count=123 142 135 102 122 101 101 108 111 104 185
internal_value=0 0.20404 -1.46764 -0.107879 0.139571 0.472068 -0.49412 0.875129 0.470178 1.20313
internal_weight=0 1109 225 967 845 710 209 501 390 286
internal_count=1334 1109 225 967 845 710 209 501 390 286
is_linear=0
shrinkage=0.05


Tree=716
num_leaves=10
num_cat=0
split_feature=13 3 13 14 13 14 6 10 3
split_gain=187490 226140 163818 147493 116658 198896 243064 145337 156457
threshold=6581.18222247024 0.70593708696177693 6903.0710788690494 -868.66987499999993 5039.3636532738101 -135.21750000000017 1.0000000180025095e-35 7274.9287500000009 0.71390860848228954
decision_type=10 2 10 10 10 10 2 2 2
left_child=3 2 -2 -1 5 -5 -7 8 -6
right_child=1 -3 -4 4 7 6 -8 -9 -10
leaf_value=1.7098829829632636 -0.2026205619963089 1.0822938531564856 -2.8650542318241463 -2.3147091380521365 2.2023661114505884 -0.88607632527079605 1.9509968913370566 -0.77054598397678797 -0.23230393588542941
leaf_weight=198 101 103 135 102 194 193 124 108 100
leaf_count=198 101 103 135 102 194 193 124 108 100
internal_value=0 -0.87248 -1.72562 0.484963 0.18955 -0.394247 0.223694 0.798034 1.37425
internal_weight=0 339 236 1019 821 419 317 402 294
internal_count=1358 339 236 1019 821 419 317 402 294
is_linear=0
shrinkage=0.05


Tree=717
num_leaves=10
num_cat=0
split_feature=14 16 12 11 14 0 11 4 10
split_gain=191623 284197 175010 295667 146125 208617 77099.2 64950.6 63047.7
threshold=-522.977125 0.5302321898856549 3692.3112500000002 4053.4950000000003 59.139999999999652 5.7796446311297798 6069.0785000000014 14.500000000000002 4612.8626250000007
decision_type=10 2 10 10 10 2 10 2 2
left_child=1 -1 3 -2 -4 7 -5 8 -6
right_child=2 -3 4 6 5 -7 -8 -9 -10
leaf_value=0.22058687346322198 2.5432317825578017 -2.9219550606266069 -2.0261636186454255 0.7115942007708318 0.92483245014254722 -1.4715665475036321 -1.1718630518083988 1.6936942636966705 -0.68251901056085318
leaf_weight=140 161 148 118 103 134 178 115 102 112
leaf_count=140 161 148 118 103 134 178 115 102 112
internal_value=0 -1.39433 0.0656954 0.91818 -0.436 -0.0792711 -0.281973 0.63288 0.19303
internal_weight=0 288 1023 379 644 526 218 348 246
internal_count=1311 288 1023 379 644 526 218 348 246
is_linear=0
shrinkage=0.05


Tree=718
num_leaves=10
num_cat=0
split_feature=3 4 13 7 16 13 15 0 15
split_gain=72277.8 232089 227292 206160 342026 177654 159491 121419 103324
threshold=0.70826411557726321 14.500000000000002 6871.5982961309537 0.38992284272245387 0.6984490115678238 5149.2331622023821 5.7393572690602399 4.8233531686501996 4.4545537887122046
decision_type=2 2 10 2 2 10 2 2 2
left_child=2 5 3 7 6 -2 8 -1 -5
right_child=1 -3 -4 4 -6 -7 -8 -9 -10
leaf_value=-0.0077220335409238748 -1.5958920220534007 2.1402692427207906 -1.9580736938544683 -0.20068958017894692 2.9619771986764718 1.0540182159172269 -1.6494514884901983 -2.2127241781779698 1.8608931234589332
leaf_weight=154 126 166 140 139 137 127 102 105 108
leaf_count=154 126 166 140 139 137 127 102 105 108
internal_value=0 0.6875 -0.109636 0.237721 0.844912 -0.2657 0.0138583 -0.901642 0.700731
internal_weight=0 419 885 745 486 253 349 259 247
internal_count=1304 419 885 745 486 253 349 259 247
is_linear=0
shrinkage=0.05


Tree=719
num_leaves=10
num_cat=0
split_feature=10 4 15 15 12 3 11 0 11
split_gain=96008.8 289077 234880 226465 148643 208146 217216 153402 57757.7
threshold=6487.7246250000007 5.5000000000000009 6.7286645331199795 7.402694436110278 7035.4321250000003 0.48224004766551337 6455.7137500000008 4.2015243190985769 3945.3612500000004
decision_type=2 2 2 2 10 2 8 2 10
left_child=2 -2 4 -3 5 -1 7 -7 -9
right_child=1 3 -4 -5 -6 6 -8 8 -10
leaf_value=1.7478704521289239 1.610260591416989 -3.0508480673744565 2.3343406789443075 -0.31714165850689535 1.6879805932535188 -1.0124188200029403 -2.0329047813633374 1.8098048231389265 0.1146385705471039
leaf_weight=104 106 126 119 190 107 191 197 101 100
leaf_count=104 106 126 119 190 107 191 197 101 100
internal_value=0 -0.649233 0.261783 -1.40716 -0.0465096 -0.314317 -0.678438 0.00225038 0.966439
internal_weight=0 422 919 316 800 693 589 392 201
internal_count=1341 422 919 316 800 693 589 392 201
is_linear=0
shrinkage=0.05


Tree=720
num_leaves=11
num_cat=0
split_feature=14 16 16 10 0 0 7 12 14 16
split_gain=143893 181233 219422 122655 125163 142395 142221 122860 155167 79305.4
threshold=-868.66987499999993 1.5688152148548176 1.2294021068773542 8039.261375000001 4.8631446477981148 5.3457637430409717 0.51718968681761701 6159.1568750000015 387.85100000000006 0.53471180451378408
decision_type=10 2 2 2 2 2 2 10 10 2
left_child=9 2 3 4 7 -6 -7 8 -2 -1
right_child=1 -3 -4 -5 5 6 -8 -9 -10 -11
leaf_value=2.250354931086302 -0.203223143616342 -2.158265503622451 2.0030771477300613 -1.8988706716216439 2.0900396892376114 -1.0411358434606244 1.3451871249410843 0.63206076501875885 -2.5650661894945594 0.32894854113973421
leaf_weight=100 160 106 122 101 114 148 108 129 123 116
leaf_count=100 160 106 122 101 114 148 108 129 123 116
internal_value=0 -0.191911 0.0154857 -0.259131 -0.0473483 0.620153 -0.0344058 -0.646803 -1.22975 1.21849
internal_weight=0 1111 1005 883 782 370 256 412 283 216
internal_count=1327 1111 1005 883 782 370 256 412 283 216
is_linear=0
shrinkage=0.05


Tree=721
num_leaves=10
num_cat=0
split_feature=4 7 14 13 13 16 16 14 14
split_gain=134097 346603 235319 223022 119462 81474.2 71811.9 59343.1 55813.4
threshold=12.500000000000002 0.55573735200576946 -1270.5373749999994 4832.9830877976201 6253.1274136904767 0.14894822815614941 0.45292445911257811 368.53837500000014 251.8466249999988
decision_type=2 2 10 10 10 2 2 10 10
left_child=2 3 -1 -2 -5 -4 8 -8 -7
right_child=1 -3 5 4 -6 6 7 -9 -10
leaf_value=-2.6772369922995569 1.2989767488234683 2.8683684024443998 -1.3372273482241721 -1.8383018771559003 0.26388660547060844 1.7140380341273087 -0.99791484969453181 0.37047383148477686 0.12210200464623606
leaf_weight=100 183 130 106 160 117 104 156 161 117
leaf_count=100 183 130 106 160 117 104 156 161 117
internal_value=0 0.588724 -0.420635 -0.0555235 -0.950374 -0.0702308 0.1794 -0.302929 0.871248
internal_weight=0 590 744 460 277 644 538 317 221
internal_count=1334 590 744 460 277 644 538 317 221
is_linear=0
shrinkage=0.05


Tree=722
num_leaves=11
num_cat=0
split_feature=13 11 16 11 12 12 14 1 5 11
split_gain=149031 199593 215304 172790 413544 134973 151154 131543 245593 149232
threshold=4931.5767633928581 6130.451250000001 0.30056755675567609 8316.3065000000006 5701.7337500000012 5505.5550000000012 136.91737499999957 21.687019151682371 3.5000000000000004 5085.1936250000008
decision_type=10 10 2 10 10 10 10 2 2 8
left_child=7 2 -2 4 -3 6 -4 9 -9 -1
right_child=1 3 5 -5 -6 -7 -8 8 -10 -11
leaf_value=1.008352608842398 -3.104226201295853 -0.90885074365139007 -0.93999840738499063 -0.86032096307586736 3.5148899098592148 -1.703258565813303 1.7288884289264681 -0.14858829303221269 3.0671894753626154 -1.3581057635404297
leaf_weight=153 100 100 113 135 112 136 100 110 129 118
leaf_count=153 100 100 113 135 112 136 100 110 129 118
internal_value=0 -0.362761 -1.05879 0.537865 1.42822 -0.472705 0.313 0.732047 1.58712 -0.022061
internal_weight=0 796 449 347 212 349 213 510 239 271
internal_count=1306 796 449 347 212 349 213 510 239 271
is_linear=0
shrinkage=0.05


Tree=723
num_leaves=10
num_cat=0
split_feature=11 7 8 13 4 13 7 13 13
split_gain=117630 177380 307419 135942 256148 176597 174162 108112 203400
threshold=4224.8462500000014 -0.010209135854224604 0.9705417548182742 6890.220126488096 14.500000000000002 4660.0974858630971 0.5501468614396513 4137.0024069940482 5202.2732953869054
decision_type=8 2 2 10 2 10 2 10 10
left_child=7 -2 3 4 5 -3 -7 -1 -9
right_child=1 2 -4 -5 -6 6 -8 8 -10
leaf_value=0.90324545703311954 2.4321615298974866 -1.2662274458105602 -2.1506151445980732 -0.68070313788407688 2.5596720973427378 2.5843946794668837 -0.29018524000538654 -2.2512681024676224 0.24011535767972825
leaf_weight=101 103 126 116 151 178 102 109 159 169
leaf_count=101 103 126 116 151 178 102 109 159 169
internal_value=0 0.481706 0.224805 0.638542 1.02535 0.214936 1.09942 -0.527143 -0.967598
internal_weight=0 885 782 666 515 337 211 429 328
internal_count=1314 885 782 666 515 337 211 429 328
is_linear=0
shrinkage=0.05


Tree=724
num_leaves=11
num_cat=0
split_feature=12 15 8 3 0 4 12 14 3 16
split_gain=167539 198817 259017 171122 120503 138388 122471 158563 103519 66538.3
threshold=2548.7687500000006 6.3611111111111116 0.80462826933156106 0.48906938420757795 6.9801313464679806 17.500000000000004 6220.841625 571.29187499999955 0.69859414623421678 0.44469863653032032
decision_type=10 2 2 2 2 2 10 10 2 2
left_child=1 2 -1 -2 5 6 7 8 -5 -4
right_child=3 -3 9 4 -6 -7 -8 -9 -10 -11
leaf_value=-1.7010152366047813 -2.1760809197489706 2.8797000526487828 2.268285628065172 1.4233098055199376 1.5851589920497178 -1.3975426136832878 1.4185288263458602 -1.7379503739513753 -0.67717826928294045 0.44882307034730912
leaf_weight=105 105 100 101 127 101 194 142 127 109 100
leaf_count=105 105 100 101 127 101 194 142 127 109 100
internal_value=0 0.944193 0.311675 -0.278289 -0.0292036 -0.262466 0.173583 -0.313421 0.453169 1.36308
internal_weight=0 406 306 905 800 699 505 363 236 201
internal_count=1311 406 306 905 800 699 505 363 236 201
is_linear=0
shrinkage=0.05


Tree=725
num_leaves=11
num_cat=0
split_feature=3 14 7 0 4 0 3 7 16 16
split_gain=128055 148305 233854 95721.8 224218 214336 135988 171339 113526 42657.1
threshold=0.74048015621282537 -602.19012499999974 0.55410340908337807 4.6875145847918134 7.5000000000000009 5.4764893155982266 0.7087758156957924 0.4695937795261384 0.67858452511917877 0.52559422608927553
decision_type=2 10 2 2 2 2 2 2 2 2
left_child=1 2 -1 4 -3 9 7 -7 -9 -5
right_child=-2 3 -4 5 -6 6 -8 8 -10 -11
leaf_value=0.17602527548396399 1.7219673029347964 0.60661010935118331 -3.0358310942510958 1.1314580275416375 -1.9793534138600031 -2.3515921512268263 1.3269166612625123 -0.90997221300999331 1.358868172940086 2.59188755440712
leaf_weight=126 102 190 103 100 150 101 120 120 102 100
leaf_count=126 102 190 103 100 150 101 120 120 102 100
internal_value=0 -0.122687 -1.26861 0.144267 -0.534256 0.503051 -0.110323 -0.644281 0.132468 1.86167
internal_weight=0 1212 229 983 340 643 443 323 222 200
internal_count=1314 1212 229 983 340 643 443 323 222 200
is_linear=0
shrinkage=0.05


Tree=726
num_leaves=11
num_cat=0
split_feature=7 3 3 7 12 3 8 13 13 16
split_gain=140785 172920 129944 175979 128377 118817 137069 144606 114753 48733.4
threshold=0.57515541720116825 0.50578908294957048 0.504732895130103 0.53842091580009888 4856.4187500000007 0.70978854299052452 0.89556036427937691 5114.5384449404764 6749.2609836309539 1.0755533886722006
decision_type=2 2 2 2 8 2 2 8 8 2
left_child=2 -2 -1 5 -3 6 -4 -8 9 -7
right_child=1 4 3 -5 -6 8 7 -9 -10 -11
leaf_value=1.1423902453336501 -0.77121569958866631 2.8482465389733003 0.54735656909577479 -2.4960268438452542 0.66805311280195834 -0.87950525851476768 -0.41007480077327241 -2.867783318329276 1.7708689121986336 0.57524753921436822
leaf_weight=133 122 107 111 101 183 126 126 114 106 106
leaf_count=133 122 107 111 101 183 126 126 114 106 106
internal_value=0 0.808077 -0.3035 -0.546922 1.47247 -0.261204 -0.905527 -1.57749 0.407901 -0.214834
internal_weight=0 412 923 790 290 689 351 240 338 232
internal_count=1335 412 923 790 290 689 351 240 338 232
is_linear=0
shrinkage=0.05


Tree=727
num_leaves=10
num_cat=0
split_feature=4 10 14 15 3 13 4 14 8
split_gain=103579 197506 318269 211118 165965 117483 181171 114499 58958.7
threshold=6.5000000000000009 6364.8971250000004 230.89674999999991 3.8425925925925939 0.7297051653214679 5560.4712291666674 15.500000000000002 -105.46974999999973 0.78160041427692273
decision_type=2 2 8 2 2 10 2 10 2
left_child=7 3 -3 -2 5 6 -5 -1 -9
right_child=1 2 -4 4 -6 -7 -8 8 -10
leaf_value=1.9254123289394016 -1.5769584381103516 -3.2950801666577654 -0.022318478417702212 0.582421370312176 -0.78443742407692807 0.17517411600823371 3.4329905234683644 1.0358808469549519 -0.47468676801108151
leaf_weight=131 125 120 195 113 135 149 110 107 163
leaf_count=131 125 120 195 113 135 149 110 107 163
internal_value=0 -0.24629 -1.26908 0.263488 0.717247 1.26221 1.98853 0.712455 0.123946
internal_weight=0 947 315 632 507 372 223 401 270
internal_count=1348 947 315 632 507 372 223 401 270
is_linear=0
shrinkage=0.05


Tree=728
num_leaves=10
num_cat=0
split_feature=13 13 12 7 14 12 4 8 4
split_gain=151733 91997.4 182338 176116 180984 126573 156121 290977 59615.5
threshold=4075.4957916666672 4910.2443452380967 2816.6125000000006 0.35454752074292278 834.88099999999952 4144.0000000000009 18.500000000000004 0.81128789626136666 11.500000000000002
decision_type=8 8 8 2 8 8 2 2 2
left_child=-1 8 -3 4 -4 -5 7 -7 -2
right_child=1 2 3 5 -6 6 -8 -9 -10
leaf_value=-1.3744647151231766 2.0733835210402805 1.879341160964966 -2.5202811146775885 -1.1786273745350215 0.21880247341383488 -0.23427583393694343 -0.9122549938744513 2.6657298353955499 0.43054647899306986
leaf_weight=150 108 125 135 115 109 174 116 172 113
leaf_count=150 108 125 135 115 109 174 116 172 113
internal_value=0 0.314896 0.100324 -0.170537 -1.29667 0.305681 0.675151 1.20735 1.23338
internal_weight=0 1167 946 821 244 577 462 346 221
internal_count=1317 1167 946 821 244 577 462 346 221
is_linear=0
shrinkage=0.05


Tree=729
num_leaves=11
num_cat=0
split_feature=13 11 8 10 13 7 13 15 1 10
split_gain=131028 170010 158076 201634 175410 250640 156197 151829 288270 26201.7
threshold=6463.2768534226198 3630.2551250000006 0.92579332517791857 4592.5760000000009 5538.2587946428584 0.57515541720116825 7044.6583288690481 5.7201261792845957 18.741645142480106 6499.6767500000005
decision_type=10 10 2 2 10 2 10 2 2 2
left_child=1 7 4 -4 5 -3 9 8 -1 -2
right_child=6 2 3 -5 -6 -7 -8 -9 -10 -11
leaf_value=0.022181752700915283 -2.4070672362372281 -2.2840739693244299 3.3291035329529999 0.39758238079041008 1.7891844035983084 1.0782387335323593 0.31974205789894894 0.87642894008707628 -3.2952513840084983 -1.265314912899296
leaf_weight=174 100 120 109 127 100 103 145 124 105 101
leaf_count=174 100 120 109 127 100 103 145 124 105 101
internal_value=0 0.203523 0.767895 1.75155 0.0491893 -0.731078 -0.931043 -0.579317 -1.22631 -1.83335
internal_weight=0 962 559 236 323 223 346 403 279 201
internal_count=1308 962 559 236 323 223 346 403 279 201
is_linear=0
shrinkage=0.05


Tree=730
num_leaves=9
num_cat=0
split_feature=14 4 3 0 16 3 3 11
split_gain=173298 213476 303633 150849 181802 144870 78519.2 77534.5
threshold=-26.41499999999996 6.5000000000000009 0.70593708696177693 5.8122228889555645 0.79194586125279265 0.49782819803893258 0.71018370139750686 4907.4777500000009
decision_type=10 2 2 2 2 2 2 10
left_child=1 -1 -3 5 -5 -2 7 -7
right_child=3 2 -4 4 -6 6 -8 -9
leaf_value=2.3042727928470685 -1.5504678784930794 -1.6306422781199217 1.3629140389627881 -3.0929651264101268 -0.42679576157723498 1.9338159801868295 -0.4498599923879672 0.16208025519000857
leaf_weight=135 137 160 180 112 149 104 195 152
leaf_count=135 137 160 180 112 149 104 195 152
internal_value=0 0.622102 -0.0458183 -0.57054 -1.5709 -0.126503 0.306054 0.881848
internal_weight=0 475 340 849 261 588 451 256
internal_count=1324 475 340 849 261 588 451 256
is_linear=0
shrinkage=0.05


Tree=731
num_leaves=11
num_cat=0
split_feature=12 10 7 4 10 1 13 3 3 14
split_gain=132543 209532 266591 319444 377055 244622 202555 186872 102280 152507
threshold=5178.5242500000013 2597.5260000000003 0.66327044380634337 17.500000000000004 5632.1317500000014 18.619364361400862 5691.2441815476204 0.50696179509160788 0.71663449115950684 130.00912500000007
decision_type=8 2 2 2 2 2 8 2 2 10
left_child=7 -2 3 4 5 -3 -5 -1 9 -9
right_child=1 2 -4 6 -6 -7 -8 8 -10 -11
leaf_value=-1.5357189226268542 1.1730357570506686 0.13417764431705662 1.3609311907899146 -1.3992683736383915 2.0568685989753877 -3.2504846425993104 -4.5737918697961488 -0.022593469429211539 -0.16355865118947963 2.2358651513262737
leaf_weight=101 139 102 102 100 102 112 101 122 169 193
leaf_count=101 139 102 102 100 102 112 101 122 169 193
internal_value=0 -0.581241 -0.975174 -1.43607 -0.444834 -1.63723 -2.99443 0.420541 0.828769 1.36116
internal_weight=0 758 619 517 316 214 201 585 484 315
internal_count=1343 758 619 517 316 214 201 585 484 315
is_linear=0
shrinkage=0.05


Tree=732
num_leaves=9
num_cat=0
split_feature=16 8 8 8 14 10 11 0
split_gain=105034 87011.1 170323 165110 135261 256204 129099 111606
threshold=1.5132054872153888 0.83741510066076874 0.79449500498008963 0.87076137214023741 150.30862499999992 3743.7526250000005 4992.4027500000011 5.3457637430409717
decision_type=2 2 2 2 10 2 10 2
left_child=1 2 6 -3 5 -5 -1 -6
right_child=-2 3 -4 4 7 -7 -8 -9
leaf_value=-0.96320604769711571 1.2068337170228567 1.7904214794710864 -2.0178180375372072 -3.0169148079018195 1.1901756453208436 0.36919608711004259 0.91155749316825441 -0.79023797147508179
leaf_weight=197 146 127 166 101 195 125 172 112
leaf_count=197 146 127 166 101 195 125 172 112
internal_value=0 -0.213824 -0.687704 0.170306 -0.215725 -1.14407 -0.0893325 0.467679
internal_weight=0 1195 535 660 533 226 369 307
internal_count=1341 1195 535 660 533 226 369 307
is_linear=0
shrinkage=0.05


Tree=733
num_leaves=10
num_cat=0
split_feature=10 14 14 14 0 0 0 11 14
split_gain=88399.8 160376 140667 112354 117880 190783 169800 153827 107764
threshold=7571.1913750000012 383.63387500000005 1222.6207499999989 737.58000000000004 5.7498041470813748 4.927117711771178 4.5088050471713848 4023.7812500000005 458.95112499999999
decision_type=2 10 10 10 2 2 2 8 8
left_child=2 -2 3 4 5 6 7 -1 -9
right_child=1 -3 -4 -5 -6 -7 -8 8 -10
leaf_value=1.3782668645143659 0.43318343108350582 -2.1921952994970177 1.8542525982525615 -1.1020700219369706 1.7038236960007325 -1.239787186939679 2.4623959816396237 -1.9142066313624384 0.31246465710030891
leaf_weight=149 132 104 135 155 137 191 100 100 119
leaf_count=149 132 104 135 155 137 191 100 100 119
internal_value=0 -0.723763 0.343915 0.129514 0.369332 0.0919039 0.635393 0.138925 -0.70428
internal_weight=0 236 1086 951 796 659 468 368 219
internal_count=1322 236 1086 951 796 659 468 368 219
is_linear=0
shrinkage=0.05


Tree=734
num_leaves=11
num_cat=0
split_feature=4 3 12 4 7 4 12 16 3 14
split_gain=147722 294484 96591.1 388540 396210 276892 237551 181448 164593 107612
threshold=18.500000000000004 0.59983028027492724 5088.5527500000007 2.5000000000000004 0.16547824908185191 13.500000000000002 2548.7687500000006 0.89821065439877346 0.54683777954538104 326.48500000000018
decision_type=2 2 8 2 2 2 10 2 2 10
left_child=2 -2 6 -4 -5 8 -1 9 -6 -8
right_child=1 -3 3 4 5 -7 7 -9 -10 -11
leaf_value=1.6687930771406148 0.5575674292445183 -2.7269332978905751 -1.920390251957544 -0.79611186607004103 2.8022715326557814 4.624398572355509 1.2865525646965104 -2.2757192825898529 0.14441411161217196 -0.99946016723201392
leaf_weight=138 160 119 101 134 117 100 101 128 116 105
leaf_count=138 160 119 101 134 117 100 101 128 116 105
internal_value=0 -0.843349 0.452326 0.891583 1.49974 2.4236 -0.0762715 -0.797286 1.47905 0.121352
internal_weight=0 279 1040 568 467 333 472 334 233 206
internal_count=1319 279 1040 568 467 333 472 334 233 206
is_linear=0
shrinkage=0.05


Tree=735
num_leaves=10
num_cat=0
split_feature=14 14 3 4 3 15 5 15 13
split_gain=122852 111339 123253 314400 151925 271013 181024 124739 165045
threshold=-744.34987500000034 -294.30324999999988 0.71517305858603708 14.500000000000002 0.60600690598563867 5.7393572690602399 2.5000000000000004 4.021377137713773 6006.3600818452387
decision_type=8 8 2 2 2 2 2 2 8
left_child=-1 -2 4 -4 5 7 -6 -3 -9
right_child=1 2 3 -5 6 -7 -8 8 -10
leaf_value=1.5987242753091067 -1.6357400780424065 -0.44687007082956698 -2.1305766194894171 1.2216308293896809 -0.33462909788166711 -2.1819133816242218 2.2445670611291959 -0.035318337071616697 2.7964104955196381
leaf_weight=115 109 186 181 114 109 125 181 106 100
leaf_count=115 109 186 181 114 109 125 181 106 100
internal_value=0 -0.111339 0.0394409 -0.835147 0.359148 -0.154661 1.27515 0.491784 1.33931
internal_weight=0 1211 1102 295 807 517 290 392 206
internal_count=1326 1211 1102 295 807 517 290 392 206
is_linear=0
shrinkage=0.05


Tree=736
num_leaves=9
num_cat=0
split_feature=12 14 12 4 4 13 3 11
split_gain=102973 181768 218460 193681 252673 146093 153776 224735
threshold=8133.3738750000011 26.902249999999643 7213.3506250000009 5.5000000000000009 13.500000000000002 4910.2443452380967 0.52835722719724842 6816.0311250000004
decision_type=10 10 8 2 2 10 2 10
left_child=1 3 5 -1 -5 -3 -7 -8
right_child=-2 2 -4 4 -6 6 7 -9
leaf_value=2.2934758808583022 1.347574384428385 1.1112697169184684 -2.4923470247536899 -1.2601681237584577 1.3837648873356567 0.72521844160827731 -2.4502260880006688 0.30301784343189664
leaf_weight=125 127 149 132 188 174 132 180 126
leaf_count=125 127 149 132 188 174 132 180 126
internal_value=0 -0.149249 -0.65444 0.596608 0.0106726 -0.241146 -0.701214 -1.31654
internal_weight=0 1206 719 487 362 587 438 306
internal_count=1333 1206 719 487 362 587 438 306
is_linear=0
shrinkage=0.05


Tree=737
num_leaves=9
num_cat=0
split_feature=14 10 0 12 7 13 13 11
split_gain=174790 77745.6 163910 111684 109545 134999 157531 112756
threshold=1806.7502500000001 3416.5141250000001 4.5088050471713848 6842.4882500000012 0.31931342526718215 5181.2097916666671 6558.8215498511909 6218.9250000000002
decision_type=8 2 2 8 2 10 10 10
left_child=1 3 -3 -1 -4 -6 -7 -8
right_child=-2 2 4 -5 5 6 7 -9
leaf_value=-0.36186494081691434 1.3964899818934695 -1.800113688796265 1.1558584264377607 1.7915564410961591 -1.5273907330551664 1.4825753375011332 -1.8874398058423631 0.29273295458676157
leaf_weight=143 191 181 137 104 185 136 104 138
leaf_count=143 191 181 137 104 185 136 104 138
internal_value=0 -0.239119 -0.458912 0.544839 -0.112116 -0.420664 0.120989 -0.644201
internal_weight=0 1128 881 247 700 563 378 242
internal_count=1319 1128 881 247 700 563 378 242
is_linear=0
shrinkage=0.05


Tree=738
num_leaves=10
num_cat=0
split_feature=11 12 12 3 8 11 3 10 5
split_gain=105754 131508 177435 146216 210382 298758 195361 140394 167211
threshold=1506.7007500000002 6455.7137500000008 7304.1262500000012 0.69967274380213218 0.94296523222232753 3870.4553750000005 0.61004507583348733 6217.5320000000002 2.5000000000000004
decision_type=10 10 10 2 2 10 2 2 2
left_child=-1 3 -3 6 5 -5 7 8 -2
right_child=1 2 -4 4 -6 -7 -8 -9 -10
leaf_value=-1.2635660653876277 0.72923056892494653 -2.4843492067377042 0.024566647611133793 0.63643337359615404 1.2799357596224388 -3.0234623556195692 2.6743912715497227 1.53243844452742 -1.9573852029062957
leaf_weight=194 134 111 193 102 113 123 115 148 102
leaf_count=194 134 111 193 102 113 123 115 148 102
internal_value=0 -0.000822815 -0.891518 0.322679 -0.480287 -1.36431 0.866572 0.325168 -0.431934
internal_weight=0 1141 304 837 338 225 499 384 236
internal_count=1335 1141 304 837 338 225 499 384 236
is_linear=0
shrinkage=0.05


Tree=739
num_leaves=9
num_cat=0
split_feature=15 13 3 8 7 14 10 13
split_gain=119694 75302.3 141135 135644 173845 101883 200154 341722
threshold=8.1716629996332983 7020.3951063988106 0.7297051653214679 0.8223668700195812 0.6256666447669027 606.31137500000034 3559.0332500000004 5267.8024561011907
decision_type=2 10 2 2 2 10 2 10
left_child=1 2 3 4 -1 6 -5 -8
right_child=-2 -3 -4 5 -6 -7 7 -9
leaf_value=-1.8272657679576501 -1.5767365931967896 1.278820437698041 -1.3089101921384401 -0.71306444163461347 0.42681298036243498 -0.29011689933498253 3.2556085081495478 -0.40916796057832006
leaf_weight=153 120 118 185 103 194 178 169 102
leaf_count=153 120 118 185 103 194 178 169 102
internal_value=0 0.0793334 -0.0512381 0.207571 -0.56706 0.694522 1.16315 1.87625
internal_weight=0 1202 1084 899 347 552 374 271
internal_count=1322 1202 1084 899 347 552 374 271
is_linear=0
shrinkage=0.05


Tree=740
num_leaves=10
num_cat=0
split_feature=13 3 13 7 4 7 8 10 11
split_gain=254019 137960 208558 107000 242828 232080 99094.2 172742 72973.7
threshold=8136.630796130954 0.70826411557726321 6903.0710788690494 0.51635440253459819 9.5000000000000018 0.57769237006832685 0.84607505236957092 5115.1527500000002 4978.982500000001
decision_type=8 2 10 2 2 2 2 2 10
left_child=1 2 3 4 -1 -5 -3 -8 -7
right_child=-2 6 -4 5 -6 8 7 -9 -10
leaf_value=0.63843780384344218 2.2415425390700325 -0.53575670534372333 -2.287641836106777 2.4958694727048965 -2.079843312052061 -1.1875381932304852 0.31361713499733895 2.9390896790098435 0.54716579651269392
leaf_weight=170 142 100 120 109 159 116 165 101 127
leaf_count=170 142 100 120 109 159 116 165 101 127
internal_value=0 0.00182256 -0.365658 -0.0269828 -0.67526 0.578936 0.806063 1.31051 -0.280923
internal_weight=0 1167 801 681 329 352 366 266 243
internal_count=1309 1167 801 681 329 352 366 266 243
is_linear=0
shrinkage=0.05


Tree=741
num_leaves=10
num_cat=0
split_feature=7 8 8 12 11 11 15 15 11
split_gain=107290 193542 152124 140451 138341 250752 186687 465779 136107
threshold=0.049682476320794478 0.97773030211340539 0.9705417548182742 4089.0537500000005 8047.7615000000005 6130.451250000001 3.9184501783511689 5.1871228789545638 5039.3122500000009
decision_type=2 2 2 8 10 10 2 2 10
left_child=1 -1 3 8 5 6 -5 -8 -2
right_child=2 -3 -4 4 -6 -7 7 -9 -10
leaf_value=-0.61735319842412639 -1.7663098443476928 2.2604470210605196 -1.7278176420706293 -1.4550757091129776 -1.1593744721550208 2.9830034881830216 3.6948962742149245 -0.47411784257122025 0.26810670780098955
leaf_weight=103 168 135 135 113 104 108 101 199 161
leaf_count=103 168 135 135 113 104 108 101 199 161
internal_value=0 1.01501 -0.156868 0.0654361 0.505602 0.837958 0.277025 0.92945 -0.770744
internal_weight=0 238 1089 954 625 521 413 300 329
internal_count=1327 238 1089 954 625 521 413 300 329
is_linear=0
shrinkage=0.05


Tree=742
num_leaves=11
num_cat=0
split_feature=16 12 11 12 10 10 10 15 7 5
split_gain=101011 77460.1 211665 155562 122558 273976 107590 320152 109727 104220
threshold=0.11551988532186554 6699.5410000000002 8208.2975000000024 4726.2925000000005 5477.6962500000009 7038.9791250000007 4180.3218750000005 6.308822548921559 0.34702950031194335 1.5000000000000002
decision_type=2 8 10 10 2 2 2 2 2 2
left_child=-1 2 3 4 -2 -6 8 -8 -3 -5
right_child=1 6 -4 9 5 -7 7 -9 -10 -11
leaf_value=1.584048196898789 0.53212878408075193 -0.56715748639816932 2.4883453076904263 2.2418591994683719 -2.8901234826087951 0.60195355144438945 -3.2554148020205043 0.34438033453623457 1.5918975629935983 0.097693040825071797
leaf_weight=119 147 141 103 103 125 102 105 150 101 126
leaf_count=119 147 141 103 103 125 102 105 150 101 126
internal_value=0 0.0569643 0.393594 0.0357837 -0.592629 -1.321 -0.421225 -1.13789 0.333936 1.0621
internal_weight=0 1203 706 603 374 227 497 255 242 229
internal_count=1322 1203 706 603 374 227 497 255 242 229
is_linear=0
shrinkage=0.05


Tree=743
num_leaves=10
num_cat=0
split_feature=5 14 15 15 3 14 3 11 3
split_gain=85093.2 113686 191518 376058 118746 201827 163947 202326 141977
threshold=1.0000000180025095e-35 215.29899999999955 6.8843592692602593 5.6466688335500228 0.58722150930678607 335.57862500000061 0.53157444943378251 6302.5025000000014 0.7148812248969999
decision_type=2 8 2 2 2 10 2 8 2
left_child=-1 2 3 -2 6 -6 7 -3 -7
right_child=1 4 -4 -5 5 8 -8 -9 -10
leaf_value=-0.69037179360415213 -0.82420975137595553 2.4293543222877716 -2.0081526203287972 2.8976155752985222 3.3503637765008629 1.6785372383763335 -1.5278389489533855 -0.65297482166971488 -0.55419597108502028
leaf_weight=187 199 108 108 103 101 173 102 105 121
leaf_count=187 199 108 108 103 101 173 102 105 121
internal_value=0 0.461822 -0.201082 0.445155 0.844626 1.42207 0.120534 0.909896 0.759623
internal_weight=0 1120 410 302 710 395 315 213 294
internal_count=1307 1120 410 302 710 395 315 213 294
is_linear=0
shrinkage=0.05


Tree=744
num_leaves=11
num_cat=0
split_feature=12 0 0 3 0 10 8 8 10 3
split_gain=135617 156319 280876 120700 142230 238145 131620 118192 106773 145760
threshold=6645.0793750000012 6.1532653265326545 5.0931551488482194 0.49558441604496334 6.2377862786278637 6842.4301250000008 0.83489641490829625 0.94296523222232753 4025.8915000000006 0.70910279416223798
decision_type=8 2 2 2 2 2 2 2 2 2
left_child=3 2 8 -1 5 6 -5 -8 9 -2
right_child=1 -3 -4 4 -6 -7 7 -9 -10 -11
leaf_value=-1.1721938582224267 1.3915075678861779 1.140577017355199 -3.2130883515418116 1.811573896244282 -0.55677023588633934 3.2274210170203568 -1.1682523103792277 0.95203456712323564 -1.5939737638192517 -1.1155865794190996
leaf_weight=107 131 102 111 131 183 102 134 129 112 104
leaf_count=107 131 102 111 131 183 102 134 129 112 104
internal_value=0 -0.629594 -1.02382 0.388634 0.634596 1.07415 0.516708 -0.128264 -0.323512 0.281985
internal_weight=0 560 458 786 679 496 394 263 347 235
internal_count=1346 560 458 786 679 496 394 263 347 235
is_linear=0
shrinkage=0.05


Tree=745
num_leaves=9
num_cat=0
split_feature=10 11 13 4 12 3 13 10
split_gain=119408 221283 169625 174295 147455 167960 118724 220464
threshold=2278.2195000000006 10445.150000000001 6037.4356845238099 4.5000000000000009 6553.411000000001 0.687724846375529 7319.4136011904775 7308.1447500000013
decision_type=2 8 10 2 10 2 10 2
left_child=-1 2 3 -2 5 -5 7 -4
right_child=1 -3 6 4 -6 -7 -8 -9
leaf_value=1.3591951790310088 0.96124371061851466 -2.2394755776912447 0.26206323150978533 -1.5779090938954381 -2.4737970765008304 0.5432064445813497 -0.64993540406227113 3.1782338156723062
leaf_weight=126 154 126 172 179 122 195 100 104
leaf_count=126 154 126 172 179 122 195 100 104
internal_value=0 -0.262021 -0.019176 -0.508142 -0.964362 -0.47198 0.826111 1.36091
internal_weight=0 1152 1026 650 496 374 376 276
internal_count=1278 1152 1026 650 496 374 376 276
is_linear=0
shrinkage=0.05


Tree=746
num_leaves=10
num_cat=0
split_feature=12 5 10 1 10 14 12 13 7
split_gain=139726 144450 137394 114407 136312 205884 159222 169736 98652.6
threshold=8242.3378750000029 1.0000000180025095e-35 7943.6287500000008 37.747530436702327 3246.8245000000002 1171.5847500000002 3334.4725000000003 5785.1372313988113 0.049682476320794478
decision_type=10 2 2 2 2 8 10 10 2
left_child=1 -1 3 4 8 6 -6 -8 -3
right_child=-2 2 -4 -5 5 -7 7 -9 -10
leaf_value=-0.95658801979916075 -1.608974200487137 0.81808900730867018 2.1862519388613495 -0.96847105317836191 -0.70055081048411527 2.7615899443285157 2.5027710137267909 -0.22047480273954939 -1.2056994235839973
leaf_weight=186 101 102 115 139 167 131 132 101 147
leaf_count=186 101 102 115 139 167 131 132 101 147
internal_value=0 0.326195 0.556947 0.353062 0.588566 1.04119 0.477765 1.32231 -0.376678
internal_weight=0 1220 1034 919 780 531 400 233 249
internal_count=1321 1220 1034 919 780 531 400 233 249
is_linear=0
shrinkage=0.05


Tree=747
num_leaves=11
num_cat=0
split_feature=7 11 11 5 12 15 11 12 7 13
split_gain=171006 144209 151526 119742 231574 178192 144977 158107 102400 96010.8
threshold=0.049682476320794478 10445.150000000001 7022.1361250000009 1.0000000180025095e-35 6736.8210000000008 6.9493324332433248 2972.1767500000005 3465.9887500000009 0.55573735200576946 4858.4337797619055
decision_type=2 8 10 2 10 2 10 10 2 10
left_child=9 2 3 -2 5 6 -5 -8 -4 -1
right_child=1 -3 8 4 -6 -7 7 -9 -10 -11
leaf_value=2.4772435838542881 -1.7286407564163211 -1.678527495452574 0.1603770056932137 1.5611875614233777 2.095613279657544 -2.130941819902358 -1.982378154422926 0.43879178652734113 2.3265586376190188 0.35888087179349815
leaf_weight=100 125 143 116 113 106 123 115 163 103 115
leaf_count=100 125 143 116 113 106 123 115 163 103 115
internal_value=0 -0.196818 0.0229794 -0.316896 -0.0322695 -0.471094 0.0510582 -0.562771 1.17917 1.34417
internal_weight=0 1107 964 745 620 514 391 278 219 215
internal_count=1322 1107 964 745 620 514 391 278 219 215
is_linear=0
shrinkage=0.05


Tree=748
num_leaves=9
num_cat=0
split_feature=8 13 11 13 14 5 0 12
split_gain=119882 166321 198413 148681 128525 118275 151270 97359.5
threshold=0.78590770188538361 7054.0726733630954 7393.6912500000008 5114.5384449404764 125.20200000000001 3.5000000000000004 4.9763934726806029 4745.1537500000013
decision_type=2 8 8 8 10 2 2 8
left_child=3 2 4 -1 7 6 -6 -2
right_child=1 -3 -4 -5 5 -7 -8 -9
leaf_value=0.2001010683449832 -1.7837915756305058 1.3480529883550001 -1.8645402052679902 -1.996518296905466 1.2561543308695158 1.8712661357029625 -1.2988436873470035 0.144573055083553
leaf_weight=132 120 194 159 185 120 138 112 144
leaf_count=132 120 194 159 185 120 138 112 144
internal_value=0 0.035792 -0.28524 -1.08184 0.11083 0.71217 0.022707 -0.731956
internal_weight=0 987 793 317 634 370 232 264
internal_count=1304 987 793 317 634 370 232 264
is_linear=0
shrinkage=0.05


Tree=749
num_leaves=10
num_cat=1
split_feature=9 12 13 12 13 12 11 3 4
split_gain=142011 309342 176854 134956 144578 152918 193460 140060 120061
threshold=0 7615.7300000000005 3744.8374322916675 2512.9453750000007 5104.3257462797619 3465.9887500000009 7419.4412500000008 0.55547728212251346 9.5000000000000018
decision_type=9 8 10 10 10 10 10 2 2
left_child=1 -1 -2 -4 7 -6 8 -5 -7
right_child=2 -3 3 4 5 6 -8 -9 -10
leaf_value=-0.79363279743120074 -1.9197383986697312 2.739988699555397 1.1256507813398329 -0.92965601480007176 -2.654434404945345 1.5407254275821505 -2.2793129225389674 1.4735067907865946 -0.59114267263519638
leaf_weight=128 168 120 168 100 103 105 109 154 178
leaf_count=128 168 120 168 100 103 105 109 154 178
internal_value=0 0.880673 -0.42443 -0.155109 -0.442383 -0.939998 -0.489521 0.52738 0.199833
internal_weight=0 248 1085 917 749 495 392 254 283
internal_count=1333 248 1085 917 749 495 392 254 283
cat_boundaries=0 1
cat_threshold=130
is_linear=0
shrinkage=0.05


Tree=750
num_leaves=9
num_cat=0
split_feature=4 11 0 0 11 14 13 3
split_gain=78845.6 144710 138360 211228 452839 293783 159038 147675
threshold=2.5000000000000004 7711.1350000000011 5.8946352968630205 4.8388922225555904 5779.5482500000007 -1002.2279999999995 5560.4712291666674 0.63078690125703829
decision_type=2 10 2 2 8 10 10 2
left_child=-1 2 3 5 -5 -2 -4 -7
right_child=1 -3 6 4 -6 7 -8 -9
leaf_value=-1.1280381012755105 2.3196610834449531 1.3030401980770487 2.0905618204116823 0.010837596422666081 -4.2845419888402905 -1.6317168109909783 -0.31347872018814088 0.38816292012324105
leaf_weight=158 112 196 125 154 102 179 153 183
leaf_count=158 112 196 125 154 102 179 153 183
internal_value=0 0.059932 -0.181783 -0.543282 -1.7006 0.0817691 0.767475 -0.610617
internal_weight=0 1204 1008 730 256 474 278 362
internal_count=1362 1204 1008 730 256 474 278 362
is_linear=0
shrinkage=0.05


Tree=751
num_leaves=9
num_cat=1
split_feature=0 3 9 13 14 13 13 11
split_gain=121897 194465 130463 194770 172362 119107 120685 147020
threshold=5.8818715204853822 0.68617063110629728 0 4931.5767633928581 -1200.9513749999996 6215.3105863095252 4666.4050074404777 5467.5017500000013
decision_type=2 2 9 10 10 10 10 10
left_child=2 -2 4 -4 -1 6 -6 -8
right_child=1 -3 3 -5 5 -7 7 -9
leaf_value=-2.5887932884667455 1.8046403564975759 -0.47345272674033395 1.8059570666621714 -0.95166937482258518 0.14296052707295839 0.56372743598235553 -2.7868115282419961 -0.25938000404367262
leaf_weight=116 177 199 136 121 147 186 132 102
leaf_count=116 177 199 136 121 147 186 132 102
internal_value=0 0.598947 -0.466265 0.488607 -0.820703 -0.473452 -0.979792 -1.68511
internal_weight=0 376 940 257 683 567 381 234
internal_count=1316 376 940 257 683 567 381 234
cat_boundaries=0 1
cat_threshold=37
is_linear=0
shrinkage=0.05


Tree=752
num_leaves=10
num_cat=0
split_feature=12 12 10 8 4 7 11 11 11
split_gain=97688.5 117696 124224 148322 134368 305215 156453 119612 58462.5
threshold=2213.5533750000004 3169.8525000000004 7333.2271250000003 0.80037577719682529 14.500000000000002 0.12912832841759031 8787.0573750000021 5711.8702500000009 4053.4950000000003
decision_type=8 8 2 2 2 2 8 10 10
left_child=-1 -2 4 -4 6 -6 7 8 -3
right_child=1 2 3 -5 5 -7 -8 -9 -10
leaf_value=-1.4369678257760548 1.4641657909949621 0.32246904610305704 -2.5130246139764787 0.099264033101186033 -0.71825499410982496 2.4420546476813882 -1.7613494255347177 1.7252161549586877 -1.0627311723176824
leaf_weight=105 150 186 100 119 135 176 128 102 129
leaf_count=105 150 186 100 119 135 176 128 102 129
internal_value=0 0.152146 -0.0309271 -1.09356 0.240939 1.07022 -0.232282 0.237072 -0.244803
internal_weight=0 1225 1075 219 856 311 545 417 315
internal_count=1330 1225 1075 219 856 311 545 417 315
is_linear=0
shrinkage=0.05


Tree=753
num_leaves=10
num_cat=0
split_feature=11 12 8 8 15 15 10 13 8
split_gain=106605 135337 125284 123886 94032.8 97100.3 112072 88140.8 69076.4
threshold=1901.4648750000003 1901.4648750000003 0.81826136178216324 0.7434746737393888 7.5533261659499287 5.5626020935426883 3662.8778750000006 5729.8759375000018 0.87076137214023741
decision_type=10 10 2 2 2 2 2 10 2
left_child=8 -2 3 -3 5 6 -4 -7 -1
right_child=1 2 4 -5 -6 7 -8 -9 -10
leaf_value=-0.24440974556239303 1.4056425255007312 -0.30088643808113902 0.4155015265425811 1.6023706705946674 -1.7262814560397104 1.5690029853527701 -1.6954662363859094 -0.46578141129933875 -2.0392042466676705
leaf_weight=113 173 171 104 171 132 109 159 104 102
leaf_count=113 173 171 104 171 132 109 159 104 102
internal_value=0 0.119389 -0.114844 0.650742 -0.545487 -0.21804 -0.860711 0.575493 -1.09589
internal_weight=0 1123 950 342 608 476 263 213 215
internal_count=1338 1123 950 342 608 476 263 213 215
is_linear=0
shrinkage=0.05


Tree=754
num_leaves=10
num_cat=0
split_feature=7 10 10 12 11 12 11 10 0
split_gain=160962 172161 278985 115579 134255 291154 411852 171347 89532.4
threshold=0.33685756060131122 3743.7526250000005 2620.7030000000004 3396.2362500000004 9043.1762500000023 8715.9210000000003 6414.5025000000014 7530.4365000000007 5.7498041470813748
decision_type=2 2 2 8 8 8 10 2 2
left_child=1 2 -1 8 5 6 7 -5 -2
right_child=3 -3 -4 4 -6 -7 -8 -9 -10
leaf_value=1.9485321077638038 -2.2303122434699745 2.0191641943663665 -1.5786478701091948 0.99304898803557584 -1.2857477640940083 -1.7543909474315809 3.823961696754365 -1.5439317283630372 -0.19646181574145569
leaf_weight=101 114 194 126 199 144 117 102 100 103
leaf_count=101 114 194 126 199 144 117 102 100 103
internal_value=0 0.925439 -0.00928585 -0.263521 0.0647375 0.440162 1.08047 0.14456 -1.26494
internal_weight=0 421 227 879 662 518 401 299 217
internal_count=1300 421 227 879 662 518 401 299 217
is_linear=0
shrinkage=0.05


Tree=755
num_leaves=10
num_cat=1
split_feature=14 13 13 7 13 9 11 5 10
split_gain=218645 137954 187620 176361 168337 126287 139576 100635 96466.3
threshold=-744.34987500000034 6052.3133430059534 5670.4112946428577 0.55573735200576946 5076.30549107143 0 6629.5200000000013 2.5000000000000004 4816.6130000000003
decision_type=8 10 10 2 10 9 8 2 2
left_child=-1 2 4 7 5 -2 8 -3 -7
right_child=1 3 -4 -5 -6 6 -8 -9 -10
leaf_value=2.2062098328091881 0.75243687401426607 -1.2576540617148082 -2.3245878628322059 1.8627681948507533 1.301750655047941 -1.3256586070282985 -2.1307706707201546 0.89000223809480661 0.62148158691715505
leaf_weight=110 131 120 119 170 151 118 168 100 138
leaf_count=110 131 120 119 170 151 118 168 100 138
internal_value=0 -0.121686 -0.488001 0.653211 -0.178435 -0.581152 -0.987633 -0.281447 -0.276028
internal_weight=0 1215 825 390 706 555 424 220 256
internal_count=1325 1215 825 390 706 555 424 220 256
cat_boundaries=0 1
cat_threshold=130
is_linear=0
shrinkage=0.05


Tree=756
num_leaves=11
num_cat=0
split_feature=7 16 16 8 8 11 11 5 13 8
split_gain=90205 188556 175424 161607 107588 212948 207725 176016 181469 32009
threshold=0.57515541720116825 0.43495599559956039 0.78260742740940736 0.74254372571742899 0.83741510066076874 3192.9375000000005 5243.4551250000013 1.5000000000000002 6654.3863891369047 0.96305368031345839
decision_type=2 2 2 2 2 8 8 2 8 2
left_child=4 3 -3 -2 -1 -6 -7 -8 9 -9
right_child=1 2 -4 -5 5 6 7 8 -10 -11
leaf_value=-1.4317527783627542 0.98021087805430107 3.1950672273739027 0.26206495952606201 -1.8283397254943847 -1.5903890605643394 2.0051267388463021 -1.8100043142480509 -1.0545062146061102 2.0331800263126691 0.19255198622649572
leaf_weight=151 105 104 100 100 160 160 112 100 120 106
leaf_count=151 105 104 100 100 160 160 112 100 120 106
internal_value=0 0.681129 1.75732 -0.389814 -0.212998 0.0297876 0.46328 -0.099952 0.487551 -0.412816
internal_weight=0 409 204 205 909 758 598 438 326 206
internal_count=1318 409 204 205 909 758 598 438 326 206
is_linear=0
shrinkage=0.05


Tree=757
num_leaves=10
num_cat=0
split_feature=0 13 15 8 0 10 11 3 11
split_gain=81676.1 122220 247664 166516 160673 204778 204953 154340 280500
threshold=6.7154215421542167 7020.3951063988106 7.1248666533320009 0.99455168639459457 5.7986923692369237 4612.8626250000007 6534.6750000000011 0.70910279416223798 5952.9287500000009
decision_type=2 10 2 2 2 2 8 2 8
left_child=1 2 3 4 5 7 -7 8 -1
right_child=-2 -3 -4 -5 -6 6 -8 -9 -10
leaf_value=-0.51640778427956091 0.95764634480733357 1.3107172844756363 -2.5622946480400546 1.6682792245296012 1.4030476782772991 -0.58552934023183445 -3.3121542296202287 -1.0337877355555478 2.9068738656044006
leaf_weight=149 167 117 117 114 111 172 115 190 100
leaf_count=149 167 117 117 114 111 172 115 190 100
internal_value=0 -0.223458 -0.391528 -0.124462 -0.368635 -0.639512 -1.67808 0.03946 0.858404
internal_weight=0 1185 1068 951 837 726 287 439 249
internal_count=1352 1185 1068 951 837 726 287 439 249
is_linear=0
shrinkage=0.05


Tree=758
num_leaves=10
num_cat=0
split_feature=3 8 0 16 8 12 10 11 16
split_gain=109247 139612 157329 219062 146713 128221 116943 89622.8 81988.6
threshold=0.52730545986494237 0.81826136178216324 4.8388922225555904 1.1096693002633606 0.7434746737393888 7489.3096250000008 5326.8267500000011 5397.5905000000012 0.3764209754308761
decision_type=2 2 2 2 2 8 2 8 2
left_child=6 4 5 7 -2 -3 8 -4 -1
right_child=1 2 3 -5 -6 -7 -8 -9 -10
leaf_value=0.65964444905319919 -0.29551680499269056 -0.37776084474541927 -0.84515883547375381 0.3507963186624099 1.970683333426714 1.9279437318846988 -2.1745288590210996 -2.7351119678089586 -1.2757430543409329
leaf_weight=112 129 132 115 196 160 111 131 138 107
leaf_count=112 129 132 115 196 160 111 131 138 107
internal_value=0 0.0361288 -0.349343 -0.90397 0.959127 0.675462 -0.992822 -1.87604 -0.285956
internal_weight=0 981 692 449 289 243 350 253 219
internal_count=1331 981 692 449 289 243 350 253 219
is_linear=0
shrinkage=0.05


Tree=759
num_leaves=10
num_cat=0
split_feature=11 11 10 13 13 10 5 3 10
split_gain=96417.1 213787 272570 97943.5 112028 112121 106101 145714 74591
threshold=7022.1361250000009 8546.1325000000015 4849.3181250000007 4137.0024069940482 4724.1026607142858 6617.6420000000007 1.5000000000000002 0.69608463293826184 8129.8101250000009
decision_type=8 8 2 10 10 2 2 2 2
left_child=3 -2 -3 -1 -5 6 -6 -8 -7
right_child=1 2 -4 4 5 8 7 -9 -10
leaf_value=0.9497099880441543 2.2101189938246035 1.4266683110841236 -1.8252384449481966 -1.979985733522047 1.3157722691145655 -2.0171461882335797 -1.3557101530856208 0.94380579827323796 -0.14813828702066459
leaf_weight=155 153 133 125 101 156 112 152 126 102
leaf_count=155 153 133 125 101 156 112 152 126 102
internal_value=0 0.729295 -0.148868 -0.194349 -0.431104 -0.189689 0.272148 -0.313483 -1.12631
internal_weight=0 411 258 904 749 648 434 278 214
internal_count=1315 411 258 904 749 648 434 278 214
is_linear=0
shrinkage=0.05


Tree=760
num_leaves=10
num_cat=0
split_feature=4 7 7 15 5 15 12 8 0
split_gain=80109.7 66088.4 123899 103690 217975 290141 276891 79022.7 237268
threshold=21.500000000000004 0.672627948524266 0.60712369235751851 5.7772235556889031 4.5000000000000009 4.915483214988166 3692.3112500000002 0.9616788968755523 6.3186526986031941
decision_type=2 2 2 2 2 2 10 2 2
left_child=1 2 3 4 5 6 -1 8 -5
right_child=-2 -3 -4 7 -6 -7 -8 -9 -10
leaf_value=2.3472309413897103 1.0615592818511161 -1.3506802413532204 1.2616822656272919 1.6845364134144232 -2.7149860795193574 -2.5608052295797012 -0.86769160334269202 -0.97753040303354677 -0.98386654389435302
leaf_weight=121 114 139 129 194 123 102 150 115 146
leaf_count=121 114 139 129 194 123 102 150 115 146
internal_value=0 -0.324473 -0.192396 -0.389637 -0.889686 -0.287777 0.567754 0.155472 0.538693
internal_weight=0 1219 1080 951 496 373 271 455 340
internal_count=1333 1219 1080 951 496 373 271 455 340
is_linear=0
shrinkage=0.05


Tree=761
num_leaves=10
num_cat=0
split_feature=15 0 8 13 8 4 0 11 3
split_gain=114557 119590 64174.8 140134 192549 179416 135237 151245 149247
threshold=8.3010884421775533 6.4289428942894293 0.87560088695585225 6769.4835550595253 0.80388277991483414 8.5000000000000018 5.5706653998733211 5952.9287500000009 0.61721193925806295
decision_type=2 2 2 10 2 2 2 10 2
left_child=1 2 3 4 5 -1 7 8 -4
right_child=-2 -3 6 -5 -6 -7 -8 -9 -10
leaf_value=-1.2723598482458642 -1.6641435130782751 1.4649266576379296 0.66098325219109799 -1.4298167076313273 1.9522388068641103 1.3201626354185618 -2.1770883158133145 1.1614326516507378 -1.6827495780763446
leaf_weight=163 115 123 107 106 164 113 105 142 186
leaf_count=163 115 123 107 106 164 113 105 142 186
internal_value=0 -0.0127053 -0.180061 0.20218 0.595343 -0.210929 -0.56655 -0.177799 -0.826847
internal_weight=0 1209 1086 546 440 276 540 435 293
internal_count=1324 1209 1086 546 440 276 540 435 293
is_linear=0
shrinkage=0.05


Tree=762
num_leaves=11
num_cat=0
split_feature=15 11 16 0 11 8 0 3 15 14
split_gain=119043 109464 184248 134849 125336 269725 220998 97798.2 95994.8 93290.8
threshold=8.3010884421775533 7520.0152500000013 0.6984490115678238 4.8233531686501996 5809.0732500000004 0.90645503721055631 4.7565631563156332 0.59666727089210203 4.1717963463012975 187.91387499999976
decision_type=2 8 2 2 10 2 2 2 2 10
left_child=1 4 3 -3 6 -6 8 -8 9 -1
right_child=-2 2 -4 -5 5 -7 7 -9 -10 -11
leaf_value=0.86550948299743513 -1.5818251592923056 1.2643748999763174 2.3529319392545864 -1.253122708960013 -3.0156498070075135 0.47963312006833264 2.275047587519107 0.43660515727140964 -2.0345253593850847 -1.2430563627504836
leaf_weight=108 113 103 130 110 107 114 115 195 101 102
leaf_count=108 113 103 130 110 107 114 115 195 101 102
internal_value=0 0.116655 0.869587 -0.0357412 -0.190061 -1.21265 0.173856 1.11861 -0.767858 -0.158651
internal_weight=0 1185 343 213 842 221 621 310 311 210
internal_count=1298 1185 343 213 842 221 621 310 311 210
is_linear=0
shrinkage=0.05


Tree=763
num_leaves=10
num_cat=0
split_feature=14 7 13 12 12 14 12 10 12
split_gain=165185 126170 182381 121913 187639 104217 123008 138191 36781.1
threshold=-744.34987500000034 0.049682476320794478 3808.4850163690476 3692.3112500000002 2650.2000000000003 1269.8450000000005 5432.0000000000009 5477.6962500000009 4683.9212500000003
decision_type=8 2 10 10 8 10 10 2 10
left_child=-1 8 -3 4 -4 6 -5 -8 -2
right_child=1 2 3 5 -6 -7 7 -9 -10
leaf_value=1.8382849295934041 1.6487175492048263 -1.9127264240901629 -0.68695524018257859 -1.2555491859136625 1.8886632004870645 -1.9117629325389864 -0.88708923494713943 1.3456265299460468 0.29596143252778762
leaf_weight=111 100 167 128 172 158 110 117 170 101
leaf_count=111 100 167 128 172 158 110 117 170 101
internal_value=0 -0.176177 -0.401397 -0.106202 0.735939 -0.529493 -0.19823 0.435425 0.968974
internal_weight=0 1223 1022 855 286 569 459 287 201
internal_count=1334 1223 1022 855 286 569 459 287 201
is_linear=0
shrinkage=0.05


Tree=764
num_leaves=9
num_cat=0
split_feature=12 7 10 12 4 14 3 7
split_gain=128345 130552 115616 163518 134265 124125 133448 131645
threshold=2548.7687500000006 0.68657226089681633 2237.0975000000003 2625.5810000000006 18.500000000000004 -260.57837499999999 0.54925666096358772 0.27346672151381474
decision_type=8 2 2 10 2 10 2 2
left_child=-1 2 -2 -4 5 -5 -7 -8
right_child=1 -3 3 4 -6 6 7 -9
leaf_value=1.2287148796595062 1.0928184920635362 1.1422660205325634 -2.0525682216951613 1.6309503726959229 -1.503196747553976 -1.3339811740266649 -0.98138662945140498 1.223585898361423
leaf_weight=156 104 139 173 100 190 190 110 176
leaf_count=156 104 139 173 100 190 190 110 176
internal_value=0 -0.297154 -0.488985 -0.664179 -0.350614 0.0295785 -0.306844 0.37552
internal_weight=0 1182 1043 939 766 576 476 286
internal_count=1338 1182 1043 939 766 576 476 286
is_linear=0
shrinkage=0.05


Tree=765
num_leaves=10
num_cat=0
split_feature=5 13 13 14 4 15 0 3 3
split_gain=91795 198529 292874 175143 125350 169482 372634 180265 174206
threshold=1.5000000000000002 5785.1372313988113 4853.0992410714289 -602.19012499999974 19.500000000000004 7.7167966796679668 5.8500433376671008 0.7267565147061763 0.55169279301514285
decision_type=2 10 8 10 2 2 2 2 2
left_child=1 2 -1 -2 5 6 7 8 -5
right_child=3 -3 -4 4 -6 -7 -8 -9 -10
leaf_value=-0.38091738958049709 -1.7437776718473896 -0.82480030436264851 3.2080991516013939 0.21498820002953611 -1.4218099423947226 2.0913525452123625 -2.804944794668871 -1.2946238790424542 2.5967165838241577
leaf_weight=108 181 152 120 199 131 107 102 100 125
leaf_count=108 181 152 120 199 131 107 102 100 125
internal_value=0 0.574903 1.50804 -0.345292 -0.013975 0.277378 -0.0916246 0.561108 1.13386
internal_weight=0 380 228 945 764 633 526 424 324
internal_count=1325 380 228 945 764 633 526 424 324
is_linear=0
shrinkage=0.05


Tree=766
num_leaves=10
num_cat=0
split_feature=13 16 14 13 8 5 13 13 16
split_gain=90445.7 154506 161320 114041 179123 127882 157980 92647.2 61300.1
threshold=4075.4957916666672 0.25430459712637959 1806.7502500000001 6463.2768534226198 0.79823277011595228 4.5000000000000009 5332.7113891369054 5746.8981250000006 0.93641447478081219
decision_type=8 2 8 10 2 2 10 8 2
left_child=-1 7 3 4 -3 6 -6 -2 -5
right_child=1 2 -4 8 5 -7 -8 -9 -10
leaf_value=-1.0987970241764249 0.14812971882198167 2.3763249522188437 1.993448484810739 -1.3632954040877254 -0.23537809459212561 -1.1138919336265987 2.2902830758920083 -1.7864407563331857 0.22879977293103654
leaf_weight=149 115 115 153 139 153 135 104 134 107
leaf_count=149 115 115 153 139 153 135 104 134 107
internal_value=0 0.21014 0.513311 0.212566 0.641181 0.132146 0.786679 -0.892964 -0.670799
internal_weight=0 1155 906 753 507 392 257 249 246
internal_count=1304 1155 906 753 507 392 257 249 246
is_linear=0
shrinkage=0.05


Tree=767
num_leaves=11
num_cat=0
split_feature=11 11 13 11 10 12 12 10 10 4
split_gain=75148.2 179258 154486 172646 151384 208762 119415 106209 134311 99975.3
threshold=7711.1350000000011 6884.7753750000002 4910.2443452380967 3165.6062500000003 3743.7526250000005 4472.4462500000009 3532.5338750000005 4259.2112500000012 7684.2328750000006 11.500000000000002
decision_type=8 10 10 10 2 10 10 2 2 2
left_child=1 2 3 -1 -2 -6 -4 -8 -9 -5
right_child=4 -3 6 9 5 -7 7 8 -10 -11
leaf_value=-0.40527347693765975 -0.86928891176634504 -2.0436196539008504 -1.5952291007671091 0.82535562004361829 2.9419870210935675 0.09996243293796267 -1.0500497263713475 1.5723621009299475 -0.71964362904710599 3.0287624439980725
leaf_weight=133 101 103 144 105 120 140 137 161 106 101
leaf_count=133 101 103 144 105 120 140 137 161 106 101
internal_value=0 -0.0692208 0.16005 0.999015 0.773504 1.41167 -0.358945 0.081711 0.662427 1.90567
internal_weight=0 990 887 339 361 260 548 404 267 206
internal_count=1351 990 887 339 361 260 548 404 267 206
is_linear=0
shrinkage=0.05


Tree=768
num_leaves=10
num_cat=0
split_feature=15 13 13 13 0 4 15 14 11
split_gain=256961 191292 245581 139654 172934 154515 139152 90584.2 88945.1
threshold=5.6292545921258794 6791.7650372023818 5729.8759375000018 4991.3773883928579 4.3291620828749551 4.5000000000000009 3.1692169216921693 194.43887500000031 5262.7250000000013
decision_type=2 8 10 10 2 2 2 10 10
left_child=3 2 7 4 6 -5 -1 -2 -7
right_child=1 -3 -4 5 -6 8 -8 -9 -10
leaf_value=-1.7690192965039035 2.1042388867947364 2.1243978938930912 -1.418127509701572 -1.2914795029266128 -2.797120379553578 -0.051047210056002781 0.6285497078137805 0.26934280630682605 2.0473388395687144
leaf_weight=114 124 190 149 116 123 101 129 147 101
leaf_count=114 124 190 149 116 123 101 129 147 101
internal_value=0 0.807957 0.212424 -0.603534 -1.26948 0.162937 -0.496236 1.10893 0.998146
internal_weight=0 610 420 684 366 318 243 271 202
internal_count=1294 610 420 684 366 318 243 271 202
is_linear=0
shrinkage=0.05


Tree=769
num_leaves=11
num_cat=0
split_feature=14 8 12 8 3 13 16 8 5 12
split_gain=67884 84461.1 81101.9 108803 164296 219086 317933 95026.9 82930.1 77745.5
threshold=2028.5828750000007 0.97773030211340539 8858.6746250000015 0.88833387517487516 0.71240870734108519 6903.0710788690494 0.59480114678134488 0.78009053371436454 2.5000000000000004 6055.8247500000007
decision_type=8 2 8 2 2 10 2 2 2 8
left_child=1 2 3 4 5 6 7 -1 -5 -3
right_child=-2 9 -4 8 -6 -7 -8 -9 -10 -11
leaf_value=1.2569336689722082 1.0312859114108748 -0.047429975398160795 -1.3050728181326712 0.030106386490035476 -1.4364279017133534 -1.2657482551960719 3.2043862714613085 -0.8161270299200285 -1.8492753517529197 1.8873308495283128
leaf_weight=104 173 108 148 114 106 105 139 118 121 100
leaf_count=104 173 108 148 114 106 105 139 118 121 100
internal_value=0 -0.0302729 -0.229129 -0.0318058 0.34032 0.744473 1.32916 0.155037 -0.937575 0.882743
internal_weight=0 1163 955 807 572 466 361 222 235 208
internal_count=1336 1163 955 807 572 466 361 222 235 208
is_linear=0
shrinkage=0.05


Tree=770
num_leaves=10
num_cat=0
split_feature=11 10 16 0 12 11 13 14 13
split_gain=138445 130813 125926 159213 263310 256303 197951 151466 111467
threshold=7520.0152500000013 6655.4568750000008 0.30056755675567609 4.8631446477981148 5878.9408750000011 5663.0625000000009 5079.3613028273821 242.34887499999994 5124.4507886904767
decision_type=10 2 2 2 8 8 8 8 10
left_child=2 -2 7 4 -4 8 -6 -1 -5
right_child=1 -3 3 5 6 -7 -8 -9 -10
leaf_value=0.033775238111867743 2.201006993829695 -0.25523241687529158 -0.90210072480969972 -0.97358119140550936 0.23492046016104082 -2.1793999681811362 3.2425156684245096 -2.4020512722379017 1.1301453333210063
leaf_weight=118 117 101 144 103 102 169 118 139 162
leaf_count=118 117 101 144 103 102 169 118 139 162
internal_value=0 1.06302 -0.321078 -0.0110748 0.7601 -0.657866 1.84809 -1.28366 0.31247
internal_weight=0 218 1055 798 364 434 220 257 265
internal_count=1273 218 1055 798 364 434 220 257 265
is_linear=0
shrinkage=0.05


Tree=771
num_leaves=10
num_cat=0
split_feature=16 0 10 10 13 13 14 14 0
split_gain=135687 147586 234981 115732 255614 339675 222898 99315.9 55956.7
threshold=0.3764209754308761 4.5221397139713977 3289.3837500000004 6016.4576250000009 6678.4709486607153 5332.7113891369054 182.42412500000026 964.03387500000019 4.3914641464146422
decision_type=2 2 2 2 10 8 8 8 2
left_child=7 2 -2 6 5 -5 -3 8 -1
right_child=1 3 -4 4 -6 -7 -8 -9 -10
leaf_value=1.1505409706115723 -0.017911840026272077 2.7874193210046272 -2.8704251260181106 -1.1990350107588466 -2.2424360759735111 2.6318801814150588 -0.14111688563769514 2.1093828013698972 -0.25564743814292862
leaf_weight=125 179 103 121 126 125 107 176 112 163
leaf_count=125 179 103 121 126 125 107 176 112 163
internal_value=0 -0.254036 -1.16843 0.176603 -0.418357 0.560226 0.940027 0.845995 0.354677
internal_weight=0 937 300 637 358 233 279 400 288
internal_count=1337 937 300 637 358 233 279 400 288
is_linear=0
shrinkage=0.05


Tree=772
num_leaves=10
num_cat=0
split_feature=13 4 11 12 15 15 10 10 4
split_gain=126634 169447 135723 130394 154906 167590 94123.8 134362 87469.3
threshold=7044.6583288690481 14.500000000000002 8253.8598750000001 1308.4832500000002 7.7949586625329204 6.5803163649698311 4927.9083750000009 6336.8427500000007 9.5000000000000018
decision_type=8 2 10 10 2 2 2 2 2
left_child=2 -2 3 -1 5 6 8 -8 -5
right_child=1 -3 -4 4 -6 -7 7 -9 -10
leaf_value=-1.6586587798027765 -0.3359860849980067 2.2607026915550232 -2.2921550858304616 0.27954999130023156 1.5712986987570059 -1.9249847211771542 2.1446653861999514 -0.38223768617655779 -1.4281273525610969
leaf_weight=168 169 100 105 152 115 144 100 111 148
leaf_count=168 169 100 105 152 115 144 100 111 148
internal_value=0 0.629326 -0.587404 -0.396574 -0.12121 -0.418368 0.00619747 0.815347 -0.562904
internal_weight=0 269 1043 938 770 655 511 211 300
internal_count=1312 269 1043 938 770 655 511 211 300
is_linear=0
shrinkage=0.05


Tree=773
num_leaves=11
num_cat=0
split_feature=13 12 15 1 13 14 8 11 10 12
split_gain=92423.4 95388.9 157942 216741 193203 188374 207979 390568 130211 87722.4
threshold=7410.9377008928577 8420.6155000000017 4.4545537887122046 24.276489030735704 5912.631443452382 1070.7481250000003 0.85164732870288484 4639.7763750000004 6364.8971250000004 5963.4620000000014
decision_type=10 10 2 2 8 8 2 10 2 8
left_child=1 2 4 -4 9 6 7 -5 -8 -1
right_child=-2 -3 3 5 -6 -7 8 -9 -10 -11
leaf_value=-0.83842097543320571 -1.3515367843210697 -1.2459873076241752 2.3303776668801031 -0.11403320822222481 -2.1809904827011954 -1.4455735961066896 0.94146656388434291 4.1274467809527531 -1.4922722267893564 1.0330214497408057
leaf_weight=106 104 104 170 116 117 122 107 102 113 153
leaf_count=106 104 104 170 116 117 122 107 102 113 153
internal_value=0 0.201741 0.337875 0.766693 -0.494671 0.292003 0.775986 1.87051 -0.30859 0.267103
internal_weight=0 1210 1106 730 376 560 438 218 220 259
internal_count=1314 1210 1106 730 376 560 438 218 220 259
is_linear=0
shrinkage=0.05


Tree=774
num_leaves=11
num_cat=0
split_feature=13 11 12 10 3 0 15 15 15 4
split_gain=212028 122433 132713 256256 97864.8 256230 175740 202251 181196 66672.2
threshold=3744.8374322916675 3978.9895000000006 4985.6865000000007 5829.0020000000013 0.68617063110629728 6.1070940427376081 7.0635188518851884 5.7981298129812986 4.667408407507418 11.500000000000002
decision_type=10 10 10 2 2 2 2 2 2 2
left_child=9 2 3 -2 6 -6 7 8 -3 -1
right_child=1 4 -4 -5 5 -7 -8 -9 -10 -11
leaf_value=-2.4720606312678575 3.1370961869756382 -0.52847219058616679 -0.63032430959219976 -0.22006233709829826 0.080089529425964756 -2.987649434690292 2.0019252642844489 -2.2118055075407028 2.071796420511633 -0.72140155870180867
leaf_weight=114 120 199 101 108 197 104 103 104 101 104
leaf_count=114 120 199 101 108 197 104 103 104 101 104
internal_value=0 0.0653827 0.878486 1.54686 -0.265695 -0.97986 0.158296 -0.311738 0.346952 -1.63688
internal_weight=0 1137 329 228 808 301 507 404 300 218
internal_count=1355 1137 329 228 808 301 507 404 300 218
is_linear=0
shrinkage=0.05


Tree=775
num_leaves=10
num_cat=0
split_feature=8 10 12 10 12 10 12 7 13
split_gain=88627.8 203058 179596 126743 99492.8 228197 111981 161305 368638
threshold=0.80037577719682529 7778.3687500000005 2696.1723750000006 7130.8721250000008 8607.1571250000015 3510.0427500000005 6553.411000000001 0.14247731031291108 5181.2097916666671
decision_type=2 2 10 2 8 2 10 2 10
left_child=1 2 -1 4 6 -6 7 -2 -9
right_child=3 -3 -4 -5 5 -7 -8 8 -10
leaf_value=-1.3899427565493325 1.7111268316165056 -2.5677292965426304 1.0749829491094358 1.4646917824691299 -0.79207129566757772 2.4017290702153899 -1.8571878116187595 -2.6656433112919333 0.7808190877057688
leaf_weight=129 101 101 173 177 108 116 105 128 197
leaf_count=129 101 101 173 177 108 116 105 128 197
internal_value=0 -0.626976 0.0220842 0.260456 -0.021861 0.861861 -0.394655 -0.0341718 -0.576557
internal_weight=0 403 302 932 755 224 531 426 325
internal_count=1335 403 302 932 755 224 531 426 325
is_linear=0
shrinkage=0.05


Tree=776
num_leaves=10
num_cat=0
split_feature=4 3 16 8 11 5 11 8 8
split_gain=87625.6 240437 86200.1 95943.2 128239 210217 113547 153644 127787
threshold=18.500000000000004 0.61283695905605051 1.3745332866619999 0.98841751246531528 7022.1361250000009 3.5000000000000004 2868.1325000000002 0.90192047666263109 0.79570118252359368
decision_type=2 2 2 2 8 2 10 2 2
left_child=2 -2 3 4 6 -6 -1 8 -8
right_child=1 -3 -4 -5 5 -7 7 -9 -10
leaf_value=0.63505752319531728 0.45705022186040883 -2.5714903856115838 1.2630235477927185 1.4713093512782864 2.4824492551031572 -0.67398810364165396 -0.68150862494030517 0.6304390491651638 -2.7270660509971472
leaf_weight=151 160 111 168 102 105 106 185 112 130
leaf_count=151 160 111 168 102 105 106 185 112 130
internal_value=0 -0.783422 0.224156 0.0282752 -0.158277 0.896751 -0.543417 -0.96016 -1.52571
internal_weight=0 271 1059 891 789 211 578 427 315
internal_count=1330 271 1059 891 789 211 578 427 315
is_linear=0
shrinkage=0.05


Tree=777
num_leaves=11
num_cat=0
split_feature=3 8 0 11 16 8 8 14 10 3
split_gain=147680 105960 111208 155459 181848 166946 219250 182386 141802 100215
threshold=0.48224004766551337 0.9948101388058963 4.1358219155248861 8673.5856250000015 1.3745332866619999 0.81744682814459868 0.86282629357928775 115.12124999999993 5758.8316250000016 0.63274991177368201
decision_type=2 2 2 10 2 2 2 10 2 2
left_child=-1 2 9 4 5 7 -7 -4 -8 -2
right_child=1 -3 3 -5 -6 6 8 -9 -10 -11
leaf_value=1.6280182868492705 -2.0145357889857718 -1.6686969464285335 -0.307521251114932 -1.6530331475734714 2.0167404850542141 -2.5294846890529374 -0.76214435179278539 2.4211110696196556 1.6335874725096298 0.012145132368261164
leaf_weight=119 123 114 121 100 148 106 159 124 101 121
leaf_count=119 123 114 121 100 148 106 159 124 101 121
internal_value=0 -0.217487 -0.0674981 0.200079 0.444231 0.0633285 -0.61288 1.0735 0.168505 -1.0095
internal_weight=0 1217 1103 859 759 611 366 245 260 244
internal_count=1336 1217 1103 859 759 611 366 245 260 244
is_linear=0
shrinkage=0.05


Tree=778
num_leaves=11
num_cat=0
split_feature=7 10 4 0 11 0 4 13 11 13
split_gain=102121 187692 238576 231518 150778 245191 280863 122834 117245 58864
threshold=0.55273902951891174 5741.0952500000012 6.5000000000000009 5.9249174917491763 6324.1136250000009 5.8122228889555645 14.500000000000002 4137.0024069940482 4568.880000000001 5047.1090840773822
decision_type=2 2 2 2 8 2 2 10 10 10
left_child=4 2 -2 -3 7 6 -6 -1 9 -9
right_child=1 3 -4 -5 5 -7 -8 8 -10 -11
leaf_value=1.8273506727033451 0.12480970165946269 -2.0192000431043131 3.4650486493913029 1.0211542859973524 -1.7305982275141609 -3.141339166447668 1.6903128473847002 -1.6364818366510527 0.96166921533071081 -0.078028096123175184
leaf_weight=103 110 108 104 149 135 101 108 112 156 132
leaf_count=103 110 108 104 149 135 101 108 112 156 132
internal_value=0 0.654294 1.7481 -0.256504 -0.264109 -1.07079 -0.210193 0.287578 -0.108913 -0.793384
internal_weight=0 471 214 257 847 344 243 503 400 244
internal_count=1318 471 214 257 847 344 243 503 400 244
is_linear=0
shrinkage=0.05


Tree=779
num_leaves=10
num_cat=0
split_feature=8 5 4 12 13 8 15 13 10
split_gain=96899.8 150457 244170 151969 122002 111561 98232.2 198298 145506
threshold=0.86282629357928775 3.5000000000000004 15.500000000000002 5012.1907500000007 4892.0073958333332 0.83617242061095853 7.1003892055872262 5010.5430877976205 6617.6420000000007
decision_type=2 2 2 8 10 2 2 10 2
left_child=5 2 3 -2 -3 6 7 -1 -9
right_child=1 4 -4 -5 -6 -7 -8 8 -10
leaf_value=0.61898911834368242 -0.72630124866962431 2.1777642689003849 -1.8979385263167772 1.9030192362969041 0.19022726123633832 -1.9579398296637969 1.1076104932597706 -0.45080162339740326 -2.9529746577435851
leaf_weight=197 100 151 149 122 158 110 112 135 102
leaf_count=197 100 151 149 122 158 110 112 135 102
internal_value=0 0.346535 -0.332223 0.718641 1.16148 -0.505247 -0.212579 -0.553274 -1.52769
internal_weight=0 680 371 222 309 656 546 434 237
internal_count=1336 680 371 222 309 656 546 434 237
is_linear=0
shrinkage=0.05


Tree=780
num_leaves=10
num_cat=1
split_feature=12 0 9 0 10 15 15 10 10
split_gain=112574 332703 112357 109419 75681.9 210864 150669 122578 37722.3
threshold=9862.2843750000011 4.3291620828749551 0 3.9930243024302432 5326.8267500000011 5.4323390672400587 6.4884196753008636 7130.8721250000008 8178.9776250000004
decision_type=8 2 9 2 2 2 2 2 2
left_child=2 -2 3 -1 -5 -6 -7 -8 -9
right_child=1 -3 -4 4 5 6 7 8 -10
leaf_value=-1.0821426071723301 0.7543344041279384 -2.5832722837477924 -1.022426705112836 1.4243964405487413 -1.6518912357804567 2.3266028587797045 -1.0376342335367592 1.6341996623040402 0.27087828016281129
leaf_weight=120 140 160 182 184 115 113 123 103 100
leaf_count=120 140 160 182 184 115 113 123 103 100
internal_value=0 -1.02572 0.073698 0.314461 0.545812 0.254007 0.753275 0.207918 0.962613
internal_weight=0 300 1040 858 738 554 439 326 203
internal_count=1340 300 1040 858 738 554 439 326 203
cat_boundaries=0 1
cat_threshold=65
is_linear=0
shrinkage=0.05


Tree=781
num_leaves=11
num_cat=0
split_feature=15 16 3 16 12 14 14 10 0 12
split_gain=148103 98047.8 116234 158723 137644 131122 100722 114032 207845 93967.5
threshold=8.1716629996332983 1.4247966463312995 0.59089327169853456 0.60639397273060569 2548.7687500000006 394.08750000000049 -602.19012499999974 7180.7051250000013 4.8631446477981148 5963.4620000000014
decision_type=2 2 2 2 10 10 10 2 2 8
left_child=1 2 6 -4 -5 -6 -1 8 9 -8
right_child=-2 -3 3 4 5 -7 7 -9 -10 -11
leaf_value=1.9607285689599445 -1.6731637771099301 1.6204223577623016 -1.6444408563276132 1.606691861206835 0.62113572949663221 -1.8859367027282716 -1.2553630378511218 -1.1335869000635597 2.4399443320995942 0.70758451736399108
leaf_weight=101 118 108 192 110 109 100 108 117 113 140
leaf_count=101 118 108 192 110 109 100 108 117 113 140
internal_value=0 0.183405 0.0410219 -0.508584 0.175067 -0.57842 0.52608 0.222943 0.662594 -0.147247
internal_weight=0 1198 1090 511 319 209 579 478 361 248
internal_count=1316 1198 1090 511 319 209 579 478 361 248
is_linear=0
shrinkage=0.05


Tree=782
num_leaves=10
num_cat=0
split_feature=7 11 5 8 11 11 3 3 11
split_gain=89261.9 181553 140494 99173.2 114049 224582 120504 161265 81551.6
threshold=0.55273902951891174 6069.0785000000014 3.5000000000000004 0.86282629357928775 3404.8228750000003 5147.9050000000016 0.56296311721651027 0.70789142160441121 8481.3856250000008
decision_type=2 8 2 2 8 8 2 2 8
left_child=3 2 -2 -1 -5 -6 -7 -8 -3
right_child=1 8 -4 4 5 6 7 -9 -10
leaf_value=-1.1132563300352347 0.83827006691476191 2.8768766440967521 -1.4530054913553518 -1.1383103085481203 2.5002908721566204 1.4583972532448231 -1.9246645438477277 0.4216438547023752 0.90042222572697528
leaf_weight=190 164 101 113 130 112 102 123 181 108
leaf_count=190 164 101 113 130 112 102 123 181 108
internal_value=0 0.742998 -0.096438 -0.108742 0.185791 0.518094 -0.0287184 -0.527685 1.85555
internal_weight=0 486 277 838 648 518 406 304 209
internal_count=1324 486 277 838 648 518 406 304 209
is_linear=0
shrinkage=0.05


Tree=783
num_leaves=10
num_cat=0
split_feature=13 7 7 10 10 1 15 15 11
split_gain=119601 248558 177490 224807 216462 171714 135588 276399 162549
threshold=6589.8850959821439 0.54656740767405787 0.35454752074292278 3743.7526250000005 2597.5260000000003 40.722752798957281 5.9274135746908039 4.8953645364536458 5430.5123750000012
decision_type=10 2 2 2 2 2 2 2 8
left_child=2 -2 3 4 -1 6 7 8 -4
right_child=1 -3 5 -5 -6 -7 -8 -9 -10
leaf_value=0.17633186702926953 0.59778827579739768 -2.1900966096396854 0.48165655874070668 0.83185330452499806 -2.8268754922460628 -0.86243393261017465 2.6655794407241049 -1.432987081893895 3.1317628516772085
leaf_weight=108 156 164 126 182 135 117 128 101 107
leaf_count=108 156 164 126 182 135 117 128 101 107
internal_value=0 -0.831003 0.279042 -0.496911 -1.49212 0.84861 1.28193 0.751664 1.69866
internal_weight=0 320 1004 425 243 579 462 334 233
internal_count=1324 320 1004 425 243 579 462 334 233
is_linear=0
shrinkage=0.05


Tree=784
num_leaves=10
num_cat=0
split_feature=14 5 14 4 4 10 4 11 15
split_gain=128153 135694 95242.4 322769 394561 241904 135021 97137 93249
threshold=-851.14649999999926 5.5000000000000009 964.03387500000019 17.500000000000004 13.500000000000002 4290.2633750000014 5.5000000000000009 7711.1350000000011 3.5891672500583396
decision_type=8 2 10 2 2 2 2 10 2
left_child=-1 2 3 4 5 8 -7 -4 -2
right_child=1 -3 7 -5 -6 6 -8 -9 -10
leaf_value=1.7948217650651932 -0.36427901891561659 1.3479745037603701 -0.34942463241581229 -2.3453101134428418 2.2582539581107777 -0.49835597696127715 -2.6920764122923764 1.7250608708880364 1.6338503176311279
leaf_weight=100 130 149 117 186 151 135 146 109 106
leaf_count=100 130 149 117 186 151 135 146 109 106
internal_value=0 -0.066496 -0.26164 -0.503186 0.00974101 -0.646981 -1.63815 0.651102 0.533186
internal_weight=0 1229 1080 854 668 517 281 226 236
internal_count=1329 1229 1080 854 668 517 281 226 236
is_linear=0
shrinkage=0.05


Tree=785
num_leaves=10
num_cat=0
split_feature=0 0 13 8 7 13 7 8 0
split_gain=121131 170927 146653 286377 260240 230026 81920.4 157984 112618
threshold=5.1646831349801658 4.6875145847918134 5296.0675505952386 0.92347977957065586 0.42936480429575269 6410.8930498511918 0.64427239800285052 0.84607505236957092 3.4967580091342474
decision_type=2 2 8 2 2 10 2 2 2
left_child=1 6 3 -2 -4 -6 7 -1 -9
right_child=2 -3 4 -5 5 -7 -8 8 -10
leaf_value=-1.9069546105625392 -2.8975885897035329 1.8583487835508834 -2.0686839642524721 0.53694540430914683 2.7568468385650999 -0.18194499541442474 1.2564450999286689 -0.98180366986327705 1.0441475290488056
leaf_weight=111 142 169 100 106 105 182 107 108 188
leaf_count=111 142 169 100 106 105 182 107 108 188
internal_value=0 0.478907 -0.480401 -1.4296 0.127872 0.893223 0.0253553 -0.298297 0.304949
internal_weight=0 683 635 248 387 287 514 407 296
internal_count=1318 683 635 248 387 287 514 407 296
is_linear=0
shrinkage=0.05


Tree=786
num_leaves=11
num_cat=0
split_feature=11 3 0 10 10 8 3 11 4 7
split_gain=122575 147639 117278 184533 229621 178346 119545 152290 112358 106722
threshold=9419.6427500000009 0.73411673003791544 5.6339258925892599 4999.2396250000011 3416.5141250000001 0.91313469150636306 0.58363707331222281 6069.0785000000014 12.500000000000002 0.56520147139266441
decision_type=8 2 2 2 2 2 2 10 2 2
left_child=1 2 3 4 -1 -6 -4 -8 -2 -5
right_child=8 -3 6 9 5 -7 7 -9 -10 -11
leaf_value=1.6640816339022586 -2.0855918883417663 -1.3255708304899079 1.3702350676616777 3.269401808821403 0.67790430263408186 -2.2790046654715397 0.37835431159897287 -1.8934363781115202 0.22760422409705394 1.0865738578866013
leaf_weight=180 104 112 107 111 103 101 176 127 106 113
leaf_count=180 104 112 107 111 103 101 176 127 106 113
internal_value=0 0.39747 0.587038 1.02774 0.362446 -0.786056 -0.06649 -0.573848 -0.917979 2.16824
internal_weight=0 1130 1018 608 384 204 410 303 210 224
internal_count=1340 1130 1018 608 384 204 410 303 210 224
is_linear=0
shrinkage=0.05


Tree=787
num_leaves=11
num_cat=0
split_feature=15 11 5 11 15 0 8 16 3 10
split_gain=147835 159086 108116 161588 207113 183072 100483 75752.1 98544.7 126077
threshold=7.5246691335800255 7670.1621250000007 5.5000000000000009 6579.5493750000014 6.6260126012601264 5.1092442577591104 0.84855347693258587 0.72426826015934942 0.63507953669153261 4221.4631250000011
decision_type=2 10 2 10 2 2 2 2 2 2
left_child=1 2 3 4 5 7 -2 8 9 -1
right_child=6 -3 -4 -5 -6 -7 -8 -9 -10 -11
leaf_value=-0.96989744770945174 -0.34331175607442854 1.4143801124788382 -1.5922702736170717 -1.8839723547685496 2.3442207064628602 -1.7587544237122392 -2.5792195416913177 -0.56542366387008069 2.0400544211978007 1.4498033847294602
leaf_weight=114 100 170 129 103 100 132 101 154 105 102
leaf_count=114 100 170 129 103 100 132 101 154 105 102
internal_value=0 0.00694427 -0.247863 -0.0337538 0.235797 -0.111554 -1.46683 0.346194 0.783543 0.172739
internal_weight=0 1109 939 810 707 607 201 475 321 216
internal_count=1310 1109 939 810 707 607 201 475 321 216
is_linear=0
shrinkage=0.05


Tree=788
num_leaves=10
num_cat=0
split_feature=3 14 16 11 14 3 10 10 10
split_gain=153912 277443 164589 150259 144323 99500.5 99423.9 93057 194741
threshold=0.6659910053267355 -744.34987500000034 1.3287912124545798 6998.8377500000006 421.48624999999953 0.71192169451302145 3367.3858750000004 7274.9287500000009 4122.1845000000012
decision_type=2 10 2 10 8 2 2 2 2
left_child=1 -1 5 7 -4 -2 -7 8 -3
right_child=2 3 4 -5 -6 6 -8 -9 -10
leaf_value=2.7463181810016217 1.3647543390989305 -1.5049472648989071 -3.0753440661757603 1.3155349105857967 -0.40225468039512635 0.57743950690931944 -1.2578177200266596 -1.7647799410110361 0.98983812592923648
leaf_weight=115 100 132 102 171 100 131 169 101 192
leaf_count=115 100 132 102 171 100 131 169 101 192
internal_value=0 0.497801 -0.588641 0.0639422 -1.75203 -0.00112796 -0.456422 -0.43964 -0.0265559
internal_weight=0 711 602 596 202 400 300 425 324
internal_count=1313 711 602 596 202 400 300 425 324
is_linear=0
shrinkage=0.05


Tree=789
num_leaves=11
num_cat=0
split_feature=11 8 12 3 11 15 3 4 5 5
split_gain=139870 161202 143212 123297 288761 149955 145333 112152 138180 87287.2
threshold=2868.1325000000002 0.9493570948019121 8660.7182500000017 0.687724846375529 6939.0162500000015 5.7201261792845957 0.71930804529679737 13.500000000000002 3.5000000000000004 3.5000000000000004
decision_type=10 2 8 2 10 2 2 2 2 2
left_child=7 2 3 4 5 -2 -5 8 -1 -3
right_child=1 9 -4 6 -6 -7 -8 -9 -10 -11
leaf_value=1.5103336070048607 0.16877306512015014 0.031516210607780044 -2.280815277032763 -2.4743031847065895 2.1243419735951532 -2.2457145765276239 0.10632885540428672 2.2862932435340353 -0.96477364831500589 1.9582107078697946
leaf_weight=118 177 129 107 116 133 101 103 108 108 108
leaf_count=118 177 129 107 116 133 101 103 108 108 108
internal_value=0 -0.224814 -0.589581 -0.30234 0.208256 -0.708433 -1.26058 0.960909 0.327539 0.909504
internal_weight=0 974 737 630 411 278 219 334 226 237
internal_count=1308 974 737 630 411 278 219 334 226 237
is_linear=0
shrinkage=0.05


Tree=790
num_leaves=10
num_cat=1
split_feature=0 13 7 11 9 14 12 11 15
split_gain=126437 113341 206238 119404 105653 211838 198898 78116.9 40517.2
threshold=5.2478206153948737 5102.5891592261914 0.40658978590730216 6654.7398750000011 0 -522.977125 3507.5447500000005 4224.8462500000014 4.3498599859986005
decision_type=2 10 2 10 9 10 10 10 2
left_child=4 -2 -3 -4 5 -1 -7 -6 -8
right_child=1 2 3 -5 7 6 8 -9 -10
leaf_value=-2.4198280851802103 1.6516050860519809 -1.7942318228036165 0.046303272703306274 2.1190956458449364 1.5152141622863375 1.2342146422401552 -0.44573389712501976 -0.30394201457263931 -1.8620661215782164
leaf_weight=138 191 100 183 112 111 155 102 126 100
leaf_count=138 191 100 183 112 111 155 102 126 100
internal_value=0 0.651614 0.168073 0.833262 -0.333897 -0.741197 -0.113076 0.525879 -1.14689
internal_weight=0 586 395 295 732 495 357 237 202
internal_count=1318 586 395 295 732 495 357 237 202
cat_boundaries=0 1
cat_threshold=37
is_linear=0
shrinkage=0.05


Tree=791
num_leaves=10
num_cat=0
split_feature=10 13 3 12 13 3 0 16 13
split_gain=100616 181317 133727 181742 118662 152224 218278 98331.7 89736.4
threshold=6572.4263750000009 6837.7285796130955 0.66795208896578384 4605.6617500000002 5975.2409449404777 0.73173813758311901 3.4553121978864563 0.25430459712637959 4584.3394575892862
decision_type=2 10 2 10 10 2 2 2 10
left_child=1 4 3 -2 5 6 -1 -8 -9
right_child=2 -3 -4 -5 -6 -7 7 8 -10
leaf_value=-1.0104623458133293 1.7895863973255297 2.235672188100736 -1.6715563109265521 -1.052131528425361 -1.2560776172637942 -1.1200381896129021 -0.029050965105543045 2.6418085859206162 0.96980943250524643
leaf_weight=130 103 121 154 124 125 130 101 152 170
leaf_count=130 103 121 154 124 125 130 101 152 170
internal_value=0 0.430603 -0.534269 0.237282 0.160289 0.419507 0.781425 1.33212 1.75908
internal_weight=0 929 381 227 808 683 553 423 322
internal_count=1310 929 381 227 808 683 553 423 322
is_linear=0
shrinkage=0.05


Tree=792
num_leaves=10
num_cat=0
split_feature=10 3 3 13 16 11 12 7 10
split_gain=155564 124557 193172 179969 163468 225923 163227 110156 94739
threshold=7571.1913750000012 0.72053170844946657 0.70276320857896202 5813.5779315476202 0.47918125145847951 7342.3012500000013 6925.1222500000013 0.59902731443063295 4743.4648750000006
decision_type=2 2 2 10 2 8 8 2 2
left_child=1 2 4 -3 5 8 -6 -2 -1
right_child=7 3 -4 -5 6 -7 -8 -9 -10
leaf_value=-0.88268411077383002 -0.19327425966039302 -1.5180287174217364 2.2196768062340246 1.1001478876769544 0.38533147781487281 2.7848783625138775 -2.0924230387931071 -2.3958618421764935 1.0765683261553447
leaf_weight=127 128 191 148 100 149 111 120 102 120
leaf_count=127 128 191 148 100 149 111 120 102 120
internal_value=0 0.263711 0.594896 -0.618312 0.211376 0.911198 -0.719987 -1.17007 0.0691794
internal_weight=0 1066 775 291 627 358 269 230 247
internal_count=1296 1066 775 291 627 358 269 230 247
is_linear=0
shrinkage=0.05


Tree=793
num_leaves=11
num_cat=0
split_feature=13 13 11 10 10 16 15 11 12 10
split_gain=133090 110344 188450 262753 265408 276026 218808 142876 122962 78999
threshold=7410.9377008928577 4760.9137745535727 4639.7763750000004 6295.386625000001 5225.0711250000013 0.41928359502616891 4.7726856018935235 3271.0261250000003 6801.9046250000001 7755.1312500000013
decision_type=10 8 8 2 2 2 2 10 8 2
left_child=1 8 7 4 5 -4 -7 -3 -1 -5
right_child=-2 2 3 9 -6 6 -8 -9 -10 -11
leaf_value=0.30398735683539818 -1.837362166106701 0.49020670387479992 -1.0679594450950622 3.2492317408323288 -2.1022483511198136 3.5072485022317794 0.23923352837562561 -1.7834243381042887 -1.6917787442785324 1.3353386825985378
leaf_weight=145 100 126 125 100 105 105 100 153 165 117
leaf_count=145 100 126 125 100 105 105 100 153 165 117
internal_value=0 0.0587817 0.330841 0.796183 0.0872493 0.783908 1.91309 -0.756623 -0.758275 2.21732
internal_weight=0 1241 931 652 435 330 205 279 310 217
internal_count=1341 1241 931 652 435 330 205 279 310 217
is_linear=0
shrinkage=0.05


Tree=794
num_leaves=10
num_cat=0
split_feature=13 13 12 13 14 13 14 16 12
split_gain=117339 148886 96438.9 102113 203790 121988 92578 214463 84645.6
threshold=7384.4301934523819 7044.6583288690481 1171.4996250000002 5670.4112946428577 473.45962500000002 6081.0332001488105 335.57862500000061 0.60339367270060362 6220.841625
decision_type=10 8 10 10 10 10 10 2 10
left_child=1 2 -1 6 5 -5 7 -4 -8
right_child=-2 -3 3 4 -6 -7 8 -9 -10
leaf_value=-1.2217922626463182 -1.6397123550797261 1.4950724940328204 -0.19818765328625057 -2.8122547756953566 0.71253889188334185 -0.37867469260325803 -0.88870612670635352 2.7191699371814728 0.99665672472207856
leaf_weight=163 103 169 127 102 182 104 145 125 101
leaf_count=163 103 169 127 102 182 104 145 125 101
internal_value=0 0.117809 -0.104076 0.101553 -0.506572 -1.58365 0.575354 1.24891 -0.114634
internal_weight=0 1218 1049 886 388 206 498 252 246
internal_count=1321 1218 1049 886 388 206 498 252 246
is_linear=0
shrinkage=0.05


Tree=795
num_leaves=10
num_cat=0
split_feature=16 8 5 5 8 13 0 14 7
split_gain=183809 119617 87984.1 379168 81309 65904.4 74888.5 100334 96263.9
threshold=1.3745332866619999 0.98279003497518691 4.5000000000000009 5.5000000000000009 0.88903587008561846 3744.8374322916675 5.0346784678467857 260.38362500000022 0.5248462510734262
decision_type=2 2 2 2 2 10 2 10 2
left_child=1 2 5 -4 -2 -1 7 -7 -8
right_child=4 -3 3 -5 -6 6 8 -9 -10
leaf_value=-1.1372620405029443 2.4874777492284776 1.0758248459015574 -3.3707486670296469 0.46792121886038313 0.54959905036425194 0.76005501779062412 -0.3698844361084479 -1.1696646871210556 1.5771792556558337
leaf_weight=118 100 168 111 153 118 112 108 169 154
leaf_count=118 100 168 111 153 118 112 108 169 154
internal_value=0 -0.151536 -0.374451 -1.14606 1.43853 -0.0662723 0.166466 -0.400524 0.774573
internal_weight=0 1093 925 264 218 661 543 281 262
internal_count=1311 1093 925 264 218 661 543 281 262
is_linear=0
shrinkage=0.05


Tree=796
num_leaves=11
num_cat=0
split_feature=4 8 14 14 12 11 4 12 4 3
split_gain=119967 128469 88049.9 181736 102806 116083 189988 106018 75220.1 64812.6
threshold=1.5000000000000002 0.99196591617441532 1425.20625 990.88162500000055 8902.1287500000017 6699.5410000000002 16.500000000000004 3282.6075000000005 11.500000000000002 0.69608463293826184
decision_type=2 2 10 8 8 10 2 10 2 2
left_child=-1 2 3 4 5 6 7 -2 -5 -9
right_child=1 -3 -4 8 -6 -7 -8 9 -10 -11
leaf_value=-1.6699502706665683 -0.53688376844343921 -1.3079953099257196 -1.0823041466149419 0.73829501432180411 -1.1759721328886295 1.8614136013591176 -1.7496237765010605 1.941265216631483 2.6456444709657507 0.35320722057949755
leaf_weight=108 146 149 110 100 139 103 117 129 107 128
leaf_count=108 146 149 110 100 139 103 117 129 107 128
internal_value=0 0.0682222 0.258265 0.410445 0.0535541 0.327879 0.0241206 0.539079 1.72422 1.15033
internal_weight=0 1228 1079 969 762 623 520 403 207 257
internal_count=1336 1228 1079 969 762 623 520 403 207 257
is_linear=0
shrinkage=0.05


Tree=797
num_leaves=8
num_cat=0
split_feature=11 11 11 8 16 15 16
split_gain=142194 171292 107957 119753 72109.1 113406 162871
threshold=11165.730000000001 8113.5491250000005 7048.5988750000006 0.97773030211340539 0.29694636130279634 6.7978589525619224 0.6580658065806585
decision_type=8 10 10 2 2 2 2
left_child=1 2 3 4 -1 6 -6
right_child=-2 -3 -4 -5 5 -7 -8
leaf_value=-0.95975004141707787 -1.3801235120086108 1.7941191504527998 -1.5143170300551825 1.4008359796390302 1.7012416473478851 -0.77737701013298244 -0.48302709312220804
leaf_weight=181 153 154 105 164 193 193 153
leaf_count=181 153 154 105 164 193 193 153
internal_value=0 0.242971 0.0014376 0.181476 -0.0962667 0.193697 0.735366
internal_weight=0 1143 989 884 720 539 346
internal_count=1296 1143 989 884 720 539 346
is_linear=0
shrinkage=0.05


Tree=798
num_leaves=9
num_cat=0
split_feature=3 11 11 10 14 4 10 14
split_gain=86581 108518 130220 128897 197869 230311 127398 81879.7
threshold=0.74102123939213527 1901.4648750000003 2816.6125000000006 5987.3358750000016 59.139999999999652 15.500000000000002 4953.7521250000009 426.55725000000035
decision_type=2 10 10 2 10 2 2 10
left_child=1 -1 -3 6 -5 -6 7 -4
right_child=-2 2 3 4 5 -7 -8 -9
leaf_value=-1.0122979742982401 1.5992005187764908 1.9421993836064204 -0.70642733477998054 -2.370089124666678 1.6473417028448638 -1.1643139331237131 1.717525343350002 0.80450438573553762
leaf_weight=189 103 107 174 111 133 161 175 185
leaf_count=189 103 107 174 111 133 161 175 185
internal_value=0 0.0903117 0.28954 0.101218 -0.571452 0.107626 0.611389 0.0721865
internal_weight=0 1235 1046 939 405 294 534 359
internal_count=1338 1235 1046 939 405 294 534 359
is_linear=0
shrinkage=0.05


Tree=799
num_leaves=10
num_cat=0
split_feature=8 14 3 3 12 12 0 10 10
split_gain=136094 173484 130868 108221 116149 160833 200951 119432 114757
threshold=0.9941286057231139 964.03387500000019 0.60600690598563867 0.48906938420757795 9360.8856250000026 6896.6761250000009 6.367024202420243 6909.1327500000007 4410.6033750000006
decision_type=2 8 2 2 8 10 2 2 2
left_child=1 3 -3 -1 5 6 7 8 -5
right_child=-2 2 -4 4 -6 -7 -8 -9 -10
leaf_value=-1.9052347303605548 -1.7085840065530906 -0.056154565312709029 1.8651384513015334 0.79444316490322153 -1.6276617045506185 1.8463557094608973 -2.1305146531721131 1.7438245939441246 -1.1649061736070887
leaf_weight=102 127 171 184 141 115 109 113 101 159
leaf_count=102 127 171 184 141 115 109 113 101 159
internal_value=0 0.0129668 0.939671 -0.378676 -0.167688 0.101809 -0.268143 0.256665 -0.244012
internal_weight=0 1195 355 840 738 623 514 401 300
internal_count=1322 1195 355 840 738 623 514 401 300
is_linear=0
shrinkage=0.05


end of trees

feature_importances:
gen_roll168=980
gen_lag336=769
gen_lag168=768
ritm_fc=734
err_lag168=641
shear=508
w100=444
gfs_w100=430
wdir_sin=422
dow=395
hour=390
wdir_cos=364
nwp_spread=325
w100_v2=93
wdir_sector=34
is_weekend=26
w100_v3=9

parameters:
[boosting: gbdt]
[objective: regression]
[metric: l2]
[tree_learner: serial]
[device_type: cpu]
[data_sample_strategy: bagging]
[data: ]
[valid: ]
[num_iterations: 800]
[learning_rate: 0.05]
[num_leaves: 63]
[num_threads: 0]
[seed: 42]
[deterministic: 0]
[force_col_wise: 0]
[force_row_wise: 0]
[histogram_pool_size: -1]
[max_depth: -1]
[min_data_in_leaf: 100]
[min_sum_hessian_in_leaf: 0.001]
[bagging_fraction: 0.8]
[pos_bagging_fraction: 1]
[neg_bagging_fraction: 1]
[bagging_freq: 1]
[bagging_seed: 400]
[feature_fraction: 0.8]
[feature_fraction_bynode: 1]
[feature_fraction_seed: 30056]
[extra_trees: 0]
[extra_seed: 12879]
[early_stopping_round: 0]
[early_stopping_min_delta: 0]
[first_metric_only: 0]
[max_delta_step: 0]
[lambda_l1: 0]
[lambda_l2: 0]
[linear_lambda: 0]
[min_gain_to_split: 0]
[drop_rate: 0.1]
[max_drop: 50]
[skip_drop: 0.5]
[xgboost_dart_mode: 0]
[uniform_drop: 0]
[drop_seed: 17869]
[top_rate: 0.2]
[other_rate: 0.1]
[min_data_per_group: 100]
[max_cat_threshold: 32]
[cat_l2: 10]
[cat_smooth: 10]
[max_cat_to_onehot: 4]
[top_k: 20]
[monotone_constraints: ]
[monotone_constraints_method: basic]
[monotone_penalty: 0]
[feature_contri: ]
[forcedsplits_filename: ]
[refit_decay_rate: 0.9]
[cegb_tradeoff: 1]
[cegb_penalty_split: 0]
[cegb_penalty_feature_lazy: ]
[cegb_penalty_feature_coupled: ]
[path_smooth: 0]
[interaction_constraints: ]
[verbosity: -1]
[saved_feature_importance_type: 0]
[use_quantized_grad: 0]
[num_grad_quant_bins: 4]
[quant_train_renew_leaf: 0]
[stochastic_rounding: 1]
[linear_tree: 0]
[max_bin: 255]
[max_bin_by_feature: ]
[min_data_in_bin: 3]
[bin_construct_sample_cnt: 200000]
[data_random_seed: 175]
[is_enable_sparse: 1]
[enable_bundle: 1]
[use_missing: 1]
[zero_as_missing: 0]
[feature_pre_filter: 1]
[pre_partition: 0]
[two_round: 0]
[header: 0]
[label_column: ]
[weight_column: ]
[group_column: ]
[ignore_column: ]
[categorical_feature: 9]
[forcedbins_filename: ]
[precise_float_parser: 0]
[parser_config_file: ]
[objective_seed: 16083]
[num_class: 1]
[is_unbalance: 0]
[scale_pos_weight: 1]
[sigmoid: 1]
[boost_from_average: 1]
[reg_sqrt: 0]
[alpha: 0.9]
[fair_c: 1]
[poisson_max_delta_step: 0.7]
[tweedie_variance_power: 1.5]
[lambdarank_truncation_level: 30]
[lambdarank_norm: 1]
[label_gain: ]
[lambdarank_position_bias_regularization: 0]
[eval_at: ]
[multi_error_top_k: 1]
[auc_mu_weights: ]
[num_machines: 1]
[local_listen_port: 12400]
[time_out: 120]
[machine_list_filename: ]
[machines: ]
[gpu_platform_id: -1]
[gpu_device_id: -1]
[gpu_use_dp: 0]
[num_gpu: 1]

end of parameters

pandas_categorical:[[0, 1, 2, 3, 4, 5, 6, 7]]
